AID,Description_Normalize,Description_PosCtrl,Description_Ctrl
541,"hite Kalypsys 1536-well plates. In the screen, tamoxifen and doxorubicin were used as positive controls. Library compounds were measured for their ability to cause acute toxicity in the cell line, as reflected by a decrease in intracellular ATP levels, in a concentration-dependent manner. Data were normalized to the controls for basal activity (DMSO only) and 100% inhibition (100 uM tamoxifen). AC50 values were determined from concentration-response data modeled with the standard Hill equation.qHTS protocol for CellTiter Glo NIH 3T3 cellular assay[Step] [Parameter] [Value] [Description]1. Reag","ter-Glo luminescent cell viability assay, the amount of cellular ATP was measured in the NIH 3T3 cell line with complete culture medium following compound treatment for 40 hours. The assay was performed in opaque white Kalypsys 1536-well plates. In the screen, tamoxifen and doxorubicin were used as positive controls. Library compounds were measured for their ability to cause acute toxicity in the cell line, as reflected by a decrease in intracellular ATP levels, in a concentration-dependent manner. Data were normalized to the controls for basal activity (DMSO only) and 100% inhibition (100 uM ","ter-Glo luminescent cell viability assay, the amount of cellular ATP was measured in the NIH 3T3 cell line with complete culture medium following compound treatment for 40 hours. The assay was performed in opaque white Kalypsys 1536-well plates. In the screen, tamoxifen and doxorubicin were used as positive controls. Library compounds were measured for their ability to cause acute toxicity in the cell line, as reflected by a decrease in intracellular ATP levels, in a concentration-dependent manner. Data were normalized to the controls for basal activity (DMSO only) and 100% inhibition (100 uM "
655,"te 1536-well plates. In the screen, tamoxifen and doxorubicin were used as positive controls. Library compounds were measured for their ability to cause the activation of caspase 3/7 in the cell line, as reflected by an increase in luminescence signal, in a concentration-dependent manner. Data were normalized to the controls for basal activity (DMSO only) and 100% stimulation (100 uM tamoxifen). AC50 values were determined from concentration-response data modeled with the standard Hill equation.qHTS protocol for caspase 3/7 assay in Jurkat cells[Step] [Parameter] [Value] [Description]1. Reagen","ty present.Using the Caspase-Glo 3/7 assay, the amount of caspase 3/7 activity was measured in the Jurkat cell line with complete culture medium following compound treatment for 16 hours. The assay was performed in opaque white 1536-well plates. In the screen, tamoxifen and doxorubicin were used as positive controls. Library compounds were measured for their ability to cause the activation of caspase 3/7 in the cell line, as reflected by an increase in luminescence signal, in a concentration-dependent manner. Data were normalized to the controls for basal activity (DMSO only) and 100% stimulat","ty present.Using the Caspase-Glo 3/7 assay, the amount of caspase 3/7 activity was measured in the Jurkat cell line with complete culture medium following compound treatment for 16 hours. The assay was performed in opaque white 1536-well plates. In the screen, tamoxifen and doxorubicin were used as positive controls. Library compounds were measured for their ability to cause the activation of caspase 3/7 in the cell line, as reflected by an increase in luminescence signal, in a concentration-dependent manner. Data were normalized to the controls for basal activity (DMSO only) and 100% stimulat"
881,NA,NA," hydroperoxide and ferrous ions. The Fe(III)-XO complex is characterized with red-shifted absorbance at 560 nm. A purified preparation of human 15hLO-2 was supplied by Professor Ted Holman, University of California, Santa Cruz. Assay Protocol:Buffer:  25 mM Hepes pH 7.5, 0.01% Triton X-100.Reagents/Controls:Buffer in columns 3 and 4 as negative control (no enzyme). Substrate solution: 45 uM arachidonic acid (Sigma-Aldrich, St. Louis, MO) final concentration dispensed throughout the plate. Enzyme: 50 nM 15hLO-2 final concentration in columns 1, 2, 5-48. Column 1 is neutral (100% activity). Colu"
884,"d luciferin detection buffer. After another 20 min of incubation the plate was read on the ViewLux (Perkin Elmer) at 60 sec exposure and 2x2 binning. This protocol was carried out with Promega-Glo reagents and further information can be found at http://www.promega.com/tbs/tb325/tb325.pdf. Data were normalized to the to AC100 inhibition (57 uM ketoconazole).Keywords: P450, CYP3A4, Luciferase, MLSMR, MLSCN, NIH Roadmap, qHTS, NCGCCompound Ranking:1. Compounds are first classified as having full titration curves, partial modulation, partial curve (weaker actives), single point activity (at highes",NA,"xic, inactive, or inconclusive.42PotencyConcentration at which compound exhibits half-maximal efficacy, AC50. Extrapolated AC50s also include the highest efficacy observed and the concentration of compound at which it was observed.153EfficacyMaximal efficacy of compound, reported as a percentage of control. These values are estimated based on fits of the Hill equation to the dose-response curves.1154Analysis CommentAnnotation/notes on a particular compound's data or its analysis.45Curve_DescriptionA description of dose-response curve quality. A complete curve has two observed asymptotes; a par"
887,NA,NA," hydroperoxide and ferrous ions. The Fe(III)-XO complex is characterized with red-shifted absorbance at 560 nm. A purified preparation of human 15hLO-1 was supplied by Professor Ted Holman, University of California, Santa Cruz. Assay Protocol:Buffer:  25 mM Hepes pH 7.5, 0.01% Triton X-100.Reagents/Controls:Buffer in columns 3 and 4 as negative control (no enzyme). Substrate solution: 50 uM arachidonic acid (Sigma-Aldrich, St. Louis, MO) final concentration dispensed throughout the plate. Enzyme: 40 nM 15hLO-1 final concentration in columns 1, 2, 5-48. Column 1 is neutral (100% activity). Colu"
893,NA,NA,"ing beta-hydroxybutyryl coenzyme A as an electron donor and NAD+ as an electron acceptor/cofactor. An increase in the fluorescence intensity due to conversion of NAD+ to NADH was used to measure the enzyme activity. Assay Protocol:Buffer:  100 mM Tris-HCl pH 9.0, containing 0.01 % Tween-20.Reagents/Controls:Buffer in columns 3 and 4 as negative control (no enzyme).Substrate/cofactor solution: 1 mM NAD+ and 90 uM beta-hydroxybutyryl coenzyme A (Sigma-Aldrich, St. Louis, MO) final concentrations dispensed throughout the plate.Enzyme: 20 nM HADH2 final concentration in columns 1, 2, 5-48. Column "
894,NA,NA,"in the fluorescence intensity due to conversion of NAD+ to NADH was used to measure the enzyme activity. NIH Chemical Genomics Center [NCGC]Structural Genomics Consortium [SGC]Buffer:  50 mM Tris-HCl, 0.01% Tween 20, pH 8.Enzyme Buffer:  50 mM Tris-HCl, 0.5 mM NAD+ and 0.01% Tween 20, pH 8.Reagents/Controls:Buffer in columns 3 and 4 as negative control (no enzyme).Substrate/cofactor solution: 1 mM NAD+ and 30 uM prostaglandin (Sigma, prostaglandin E2, # P5640) final concentrations dispensed throughout the plate.Enzyme: 20 nM HPGD final concentration in columns 1, 2, 5-48. Column 1 and 2 is neu"
938,NA,NA,"containing 10 % FBS (Hyclone), 100 units/ml Penicillin, 100 ug/ml Streptomycin (Invitrogen), and 250 ug/ml Geneticin (Invitrogen) and 1 ug/ml Puromycin (Invitrogen) at 37C in 5% CO2.  This assay was used as a counterscreen to ""qHTS Assay for Agonists of the Thyroid Stimulating Hormone Receptor"", to control for compounds signaling through endogenous receptors and other targets of HEK 293 cells.NCGC Assay Protocol Summary:High Throughput Screening. Freshly passaged cells were dispensed into 1536-well assay plates at 4 ul/well in DMEM containing phenol red (Invitrogen), 10% FCS (Hyclone), and 100"
965,"white Kalypsys 1536-well plates. In the screen, tetraoctylammonium bromide was used as positive control. Library compounds were measured for their ability to cause acute toxicity in the cell line, as reflected by a decrease in intracellular ATP levels, in a concentration-dependent manner. Data were normalized to the controls for basal activity (DMSO only) and 100% inhibition (92 uM tetraoctylammonium bromide). AC50 values were determined from concentration-response data modeled with the standard Hill equation.qHTS protocol for CellTiter Glo lymphoblastoid cellular assay[Step] [Parameter] [Valu"," luminescent cell viability assay, the amount of cellular ATP was measured in the lymphoblastoid cell line with complete culture medium following compound treatment for 24 hours. The assay was performed in opaque white Kalypsys 1536-well plates. In the screen, tetraoctylammonium bromide was used as positive control. Library compounds were measured for their ability to cause acute toxicity in the cell line, as reflected by a decrease in intracellular ATP levels, in a concentration-dependent manner. Data were normalized to the controls for basal activity (DMSO only) and 100% inhibition (92 uM te"," luminescent cell viability assay, the amount of cellular ATP was measured in the lymphoblastoid cell line with complete culture medium following compound treatment for 24 hours. The assay was performed in opaque white Kalypsys 1536-well plates. In the screen, tetraoctylammonium bromide was used as positive control. Library compounds were measured for their ability to cause acute toxicity in the cell line, as reflected by a decrease in intracellular ATP levels, in a concentration-dependent manner. Data were normalized to the controls for basal activity (DMSO only) and 100% inhibition (92 uM te"
968,"white Kalypsys 1536-well plates. In the screen, tetraoctylammonium bromide was used as positive control. Library compounds were measured for their ability to cause acute toxicity in the cell line, as reflected by a decrease in intracellular ATP levels, in a concentration-dependent manner. Data were normalized to the controls for basal activity (DMSO only) and 100% inhibition (92 uM tetraoctylammonium bromide). AC50 values were determined from concentration-response data modeled with the standard Hill equation.qHTS protocol for CellTiter Glo lymphoblastoid cellular assay[Step] [Parameter] [Valu"," luminescent cell viability assay, the amount of cellular ATP was measured in the lymphoblastoid cell line with complete culture medium following compound treatment for 24 hours. The assay was performed in opaque white Kalypsys 1536-well plates. In the screen, tetraoctylammonium bromide was used as positive control. Library compounds were measured for their ability to cause acute toxicity in the cell line, as reflected by a decrease in intracellular ATP levels, in a concentration-dependent manner. Data were normalized to the controls for basal activity (DMSO only) and 100% inhibition (92 uM te"," luminescent cell viability assay, the amount of cellular ATP was measured in the lymphoblastoid cell line with complete culture medium following compound treatment for 24 hours. The assay was performed in opaque white Kalypsys 1536-well plates. In the screen, tetraoctylammonium bromide was used as positive control. Library compounds were measured for their ability to cause acute toxicity in the cell line, as reflected by a decrease in intracellular ATP levels, in a concentration-dependent manner. Data were normalized to the controls for basal activity (DMSO only) and 100% inhibition (92 uM te"
971,"white Kalypsys 1536-well plates. In the screen, tetraoctylammonium bromide was used as positive control. Library compounds were measured for their ability to cause acute toxicity in the cell line, as reflected by a decrease in intracellular ATP levels, in a concentration-dependent manner. Data were normalized to the controls for basal activity (DMSO only) and 100% inhibition (92 uM tetraoctylammonium bromide). AC50 values were determined from concentration-response data modeled with the standard Hill equation.qHTS protocol for CellTiter Glo lymphoblastoid cellular assay[Step] [Parameter] [Valu"," luminescent cell viability assay, the amount of cellular ATP was measured in the lymphoblastoid cell line with complete culture medium following compound treatment for 24 hours. The assay was performed in opaque white Kalypsys 1536-well plates. In the screen, tetraoctylammonium bromide was used as positive control. Library compounds were measured for their ability to cause acute toxicity in the cell line, as reflected by a decrease in intracellular ATP levels, in a concentration-dependent manner. Data were normalized to the controls for basal activity (DMSO only) and 100% inhibition (92 uM te"," luminescent cell viability assay, the amount of cellular ATP was measured in the lymphoblastoid cell line with complete culture medium following compound treatment for 24 hours. The assay was performed in opaque white Kalypsys 1536-well plates. In the screen, tetraoctylammonium bromide was used as positive control. Library compounds were measured for their ability to cause acute toxicity in the cell line, as reflected by a decrease in intracellular ATP levels, in a concentration-dependent manner. Data were normalized to the controls for basal activity (DMSO only) and 100% inhibition (92 uM te"
972,"white Kalypsys 1536-well plates. In the screen, tetraoctylammonium bromide was used as positive control. Library compounds were measured for their ability to cause acute toxicity in the cell line, as reflected by a decrease in intracellular ATP levels, in a concentration-dependent manner. Data were normalized to the controls for basal activity (DMSO only) and 100% inhibition (92 uM tetraoctylammonium bromide). AC50 values were determined from concentration-response data modeled with the standard Hill equation.qHTS protocol for CellTiter Glo lymphoblastoid cellular assay[Step] [Parameter] [Valu"," luminescent cell viability assay, the amount of cellular ATP was measured in the lymphoblastoid cell line with complete culture medium following compound treatment for 24 hours. The assay was performed in opaque white Kalypsys 1536-well plates. In the screen, tetraoctylammonium bromide was used as positive control. Library compounds were measured for their ability to cause acute toxicity in the cell line, as reflected by a decrease in intracellular ATP levels, in a concentration-dependent manner. Data were normalized to the controls for basal activity (DMSO only) and 100% inhibition (92 uM te"," luminescent cell viability assay, the amount of cellular ATP was measured in the lymphoblastoid cell line with complete culture medium following compound treatment for 24 hours. The assay was performed in opaque white Kalypsys 1536-well plates. In the screen, tetraoctylammonium bromide was used as positive control. Library compounds were measured for their ability to cause acute toxicity in the cell line, as reflected by a decrease in intracellular ATP levels, in a concentration-dependent manner. Data were normalized to the controls for basal activity (DMSO only) and 100% inhibition (92 uM te"
973,"white Kalypsys 1536-well plates. In the screen, tetraoctylammonium bromide was used as positive control. Library compounds were measured for their ability to cause acute toxicity in the cell line, as reflected by a decrease in intracellular ATP levels, in a concentration-dependent manner. Data were normalized to the controls for basal activity (DMSO only) and 100% inhibition (92 uM tetraoctylammonium bromide). AC50 values were determined from concentration-response data modeled with the standard Hill equation.qHTS protocol for CellTiter Glo lymphoblastoid cellular assay[Step] [Parameter] [Valu"," luminescent cell viability assay, the amount of cellular ATP was measured in the lymphoblastoid cell line with complete culture medium following compound treatment for 24 hours. The assay was performed in opaque white Kalypsys 1536-well plates. In the screen, tetraoctylammonium bromide was used as positive control. Library compounds were measured for their ability to cause acute toxicity in the cell line, as reflected by a decrease in intracellular ATP levels, in a concentration-dependent manner. Data were normalized to the controls for basal activity (DMSO only) and 100% inhibition (92 uM te"," luminescent cell viability assay, the amount of cellular ATP was measured in the lymphoblastoid cell line with complete culture medium following compound treatment for 24 hours. The assay was performed in opaque white Kalypsys 1536-well plates. In the screen, tetraoctylammonium bromide was used as positive control. Library compounds were measured for their ability to cause acute toxicity in the cell line, as reflected by a decrease in intracellular ATP levels, in a concentration-dependent manner. Data were normalized to the controls for basal activity (DMSO only) and 100% inhibition (92 uM te"
974,"white Kalypsys 1536-well plates. In the screen, tetraoctylammonium bromide was used as positive control. Library compounds were measured for their ability to cause acute toxicity in the cell line, as reflected by a decrease in intracellular ATP levels, in a concentration-dependent manner. Data were normalized to the controls for basal activity (DMSO only) and 100% inhibition (92 uM tetraoctylammonium bromide). AC50 values were determined from concentration-response data modeled with the standard Hill equation.qHTS protocol for CellTiter Glo lymphoblastoid cellular assay[Step] [Parameter] [Valu"," luminescent cell viability assay, the amount of cellular ATP was measured in the lymphoblastoid cell line with complete culture medium following compound treatment for 24 hours. The assay was performed in opaque white Kalypsys 1536-well plates. In the screen, tetraoctylammonium bromide was used as positive control. Library compounds were measured for their ability to cause acute toxicity in the cell line, as reflected by a decrease in intracellular ATP levels, in a concentration-dependent manner. Data were normalized to the controls for basal activity (DMSO only) and 100% inhibition (92 uM te"," luminescent cell viability assay, the amount of cellular ATP was measured in the lymphoblastoid cell line with complete culture medium following compound treatment for 24 hours. The assay was performed in opaque white Kalypsys 1536-well plates. In the screen, tetraoctylammonium bromide was used as positive control. Library compounds were measured for their ability to cause acute toxicity in the cell line, as reflected by a decrease in intracellular ATP levels, in a concentration-dependent manner. Data were normalized to the controls for basal activity (DMSO only) and 100% inhibition (92 uM te"
979,"white Kalypsys 1536-well plates. In the screen, tetraoctylammonium bromide was used as positive control. Library compounds were measured for their ability to cause acute toxicity in the cell line, as reflected by a decrease in intracellular ATP levels, in a concentration-dependent manner. Data were normalized to the controls for basal activity (DMSO only) and 100% inhibition (92 uM tetraoctylammonium bromide). AC50 values were determined from concentration-response data modeled with the standard Hill equation.qHTS protocol for CellTiter Glo lymphoblastoid cellular assay[Step] [Parameter] [Valu"," luminescent cell viability assay, the amount of cellular ATP was measured in the lymphoblastoid cell line with complete culture medium following compound treatment for 24 hours. The assay was performed in opaque white Kalypsys 1536-well plates. In the screen, tetraoctylammonium bromide was used as positive control. Library compounds were measured for their ability to cause acute toxicity in the cell line, as reflected by a decrease in intracellular ATP levels, in a concentration-dependent manner. Data were normalized to the controls for basal activity (DMSO only) and 100% inhibition (92 uM te"," luminescent cell viability assay, the amount of cellular ATP was measured in the lymphoblastoid cell line with complete culture medium following compound treatment for 24 hours. The assay was performed in opaque white Kalypsys 1536-well plates. In the screen, tetraoctylammonium bromide was used as positive control. Library compounds were measured for their ability to cause acute toxicity in the cell line, as reflected by a decrease in intracellular ATP levels, in a concentration-dependent manner. Data were normalized to the controls for basal activity (DMSO only) and 100% inhibition (92 uM te"
981,"white Kalypsys 1536-well plates. In the screen, tetraoctylammonium bromide was used as positive control. Library compounds were measured for their ability to cause acute toxicity in the cell line, as reflected by a decrease in intracellular ATP levels, in a concentration-dependent manner. Data were normalized to the controls for basal activity (DMSO only) and 100% inhibition (92 uM tetraoctylammonium bromide). AC50 values were determined from concentration-response data modeled with the standard Hill equation.qHTS protocol for CellTiter Glo lymphoblastoid cellular assay[Step] [Parameter] [Valu"," luminescent cell viability assay, the amount of cellular ATP was measured in the lymphoblastoid cell line with complete culture medium following compound treatment for 24 hours. The assay was performed in opaque white Kalypsys 1536-well plates. In the screen, tetraoctylammonium bromide was used as positive control. Library compounds were measured for their ability to cause acute toxicity in the cell line, as reflected by a decrease in intracellular ATP levels, in a concentration-dependent manner. Data were normalized to the controls for basal activity (DMSO only) and 100% inhibition (92 uM te"," luminescent cell viability assay, the amount of cellular ATP was measured in the lymphoblastoid cell line with complete culture medium following compound treatment for 24 hours. The assay was performed in opaque white Kalypsys 1536-well plates. In the screen, tetraoctylammonium bromide was used as positive control. Library compounds were measured for their ability to cause acute toxicity in the cell line, as reflected by a decrease in intracellular ATP levels, in a concentration-dependent manner. Data were normalized to the controls for basal activity (DMSO only) and 100% inhibition (92 uM te"
987,"white Kalypsys 1536-well plates. In the screen, tetraoctylammonium bromide was used as positive control. Library compounds were measured for their ability to cause acute toxicity in the cell line, as reflected by a decrease in intracellular ATP levels, in a concentration-dependent manner. Data were normalized to the controls for basal activity (DMSO only) and 100% inhibition (92 uM tetraoctylammonium bromide). AC50 values were determined from concentration-response data modeled with the standard Hill equation.qHTS protocol for CellTiter Glo lymphoblastoid cellular assay[Step] [Parameter] [Valu"," luminescent cell viability assay, the amount of cellular ATP was measured in the lymphoblastoid cell line with complete culture medium following compound treatment for 24 hours. The assay was performed in opaque white Kalypsys 1536-well plates. In the screen, tetraoctylammonium bromide was used as positive control. Library compounds were measured for their ability to cause acute toxicity in the cell line, as reflected by a decrease in intracellular ATP levels, in a concentration-dependent manner. Data were normalized to the controls for basal activity (DMSO only) and 100% inhibition (92 uM te"," luminescent cell viability assay, the amount of cellular ATP was measured in the lymphoblastoid cell line with complete culture medium following compound treatment for 24 hours. The assay was performed in opaque white Kalypsys 1536-well plates. In the screen, tetraoctylammonium bromide was used as positive control. Library compounds were measured for their ability to cause acute toxicity in the cell line, as reflected by a decrease in intracellular ATP levels, in a concentration-dependent manner. Data were normalized to the controls for basal activity (DMSO only) and 100% inhibition (92 uM te"
988,"white Kalypsys 1536-well plates. In the screen, tetraoctylammonium bromide was used as positive control. Library compounds were measured for their ability to cause acute toxicity in the cell line, as reflected by a decrease in intracellular ATP levels, in a concentration-dependent manner. Data were normalized to the controls for basal activity (DMSO only) and 100% inhibition (92 uM tetraoctylammonium bromide). AC50 values were determined from concentration-response data modeled with the standard Hill equation.qHTS protocol for CellTiter Glo lymphoblastoid cellular assay[Step] [Parameter] [Valu"," luminescent cell viability assay, the amount of cellular ATP was measured in the lymphoblastoid cell line with complete culture medium following compound treatment for 24 hours. The assay was performed in opaque white Kalypsys 1536-well plates. In the screen, tetraoctylammonium bromide was used as positive control. Library compounds were measured for their ability to cause acute toxicity in the cell line, as reflected by a decrease in intracellular ATP levels, in a concentration-dependent manner. Data were normalized to the controls for basal activity (DMSO only) and 100% inhibition (92 uM te"," luminescent cell viability assay, the amount of cellular ATP was measured in the lymphoblastoid cell line with complete culture medium following compound treatment for 24 hours. The assay was performed in opaque white Kalypsys 1536-well plates. In the screen, tetraoctylammonium bromide was used as positive control. Library compounds were measured for their ability to cause acute toxicity in the cell line, as reflected by a decrease in intracellular ATP levels, in a concentration-dependent manner. Data were normalized to the controls for basal activity (DMSO only) and 100% inhibition (92 uM te"
1030,NA,NA,"-throughput screening: a titration-based approach that efficiently identifies biological activities in large chemical libraries. Proc Natl Acad Sci. 2006 Aug 1;103(31):11473-8.NIH Chemical Genomics Center [NCGC]Structural Genomics Consortium [SGC]Buffer: 100 mM Hepes pH 7.5, 0.01% Tween 20.Reagents/Controls:[1] Buffer in columns 3 and 4 as negative control (no enzyme).[2] Substrate/cofactor solution: 1 mM NAD+ and 80 uM propionaldehyde (Sigma-Aldrich, St. Louis, MO) final concentrations dispensed throughout the plate.[3] Enzyme: 50 nM ALDH1A1 final concentration in columns 1, 2, 5-48. Column 1"
1460,"orescence (450/8 nm excitation and 510/23 nm emission).Keywords: NIH Roadmap, MLPCN, MLI, MLSMR, NCGC, qHTS, tau, tauopathies, Alzheimer's disease, fibril, neurodegeneration, aggregationIn this assay we provide the ThT fluorescence data, which include % activity (the fluorescence intensity has been normalized to positive and negative controls) data for each concentration as well as potencies for the active compounds.Compound Ranking:1. Compounds are first classified as having full titration curves, partial modulation, partial curve (weaker actives), single point activity (at highest concentrat",NA," by enhancing local beta-structure."" J Biol Chem 276(51): 48165-74.NCGC Assay Protocol Summary:Two K18 mutants were produced: P301L, which fibrillizes faster than the wild-type form (von Bergen et al. 2001) and K311D, which does not fibrillize (Li and Lee 2006) and was thus used as non-fibrillizing control in the assay. For screening, 2 uL/well human K18 P301L (15 uM unlabeled and 0.24 uM Alexa 594-labeled tau, final concentrations) in reagent buffer (100 mM sodium acetate pH 7) was dispensed into black solid 1536-well plates (Grenier) using a solenoid-based dispenser. Following transfer of 23"
1471,NA,NA,"ne repeats have the tendency to form aggregates which are observable in later stages of the disease. The exact nature of the aggregates, whether toxic, protective, or insignificant, is unclear. A stable PC12 cell line containing a gene fusion of Exon 1 of the Huntingtin gene linked to GFP under the control of the inducible ecdysone promoter were used as the cell-based model of Huntington Disease for high throughput screening. Exon 1 of the Huntingtin gene contained an expansion of 103 polyglutamines (Q103) which, when expressed, caused cell death and distinct, bright GFP aggregates. The amount"
1476,NA,NA,"ott BT, et al. J Med Chem. 2010 Jan 14;53(1):52-60.Assay Provider: Shoichet, Brian; University of California, San FanciscoScreening Center PI: Austin, C.P.Screening Center: NIH Chemical Genomics Center [NCGC]Buffer: 100 mM Sodium Acetate, pH 5.5, 5 mM DTT, Triton X-100 concentration: 0.01%.Reagents/Controls:Buffer in columns 3 and 4 as negative control (no enzyme).Substrate solution: 2 uM final concentration of Z-FR-AMC (catalog number I-1160, Bachem) dispensed throughout the plate.Enzyme: 1.5 nM Cruzain final concentration in columns 1, 2, 5-48. Column 1 is neutral (100% activity). Column 2 c"
1478,NA,NA,"ott BT, et al. J Med Chem. 2010 Jan 14;53(1):52-60.Assay Provider: Shoichet, Brian; University of California, San FanciscoScreening Center PI: Austin, C.P.Screening Center: NIH Chemical Genomics Center [NCGC]Buffer: 100 mM Sodium Acetate, pH 5.5, 5 mM DTT, Triton X-100 concentration: 0.01%.Reagents/Controls:Buffer in columns 3 and 4 as negative control (no enzyme).Substrate solution: 2 uM final concentration of Z-FR-AMC (catalog number I-1160, Bachem) dispensed throughout the plate.Enzyme: 1.5 nM Cruzain final concentration in columns 1, 2, 5-48. Column 1 is neutral (100% activity). Column 2 c"
1490,NA,NA,"ing the fluorescence intensity change over a 30-minute reaction period at a 525 nm excitation and 598 nm emission. Reagents were supplied by Michael Burkart and Timothy Foley, University of California at San Diego.This BioAssay deposition is for validation of the developed Sfp-PPtase assay.Reagents/Controls:Assay Buffer: 50 mM Hepes-Na pH 7.6, 10 mM MgCl2, 0.01% Nonidet P-40, and 0.01% BSA.Controls: 3 uL of buffer and 1 uL of substrate mixture (final concentration for rhodamine-CoA and BHQ-2-YbbR 5 uM and 12.5 uM, respectively) dispensed into columns 3 and 4 to generate negative control (fully"
2147,NA,NA,"kurai, M., Rose, N., Schultz, L., Quinn, A., Jadhav, A., Ng, S., Oppermann, U., Schofield, C.J. and Simeonov, A. Mol BioSystems 2009, in press.S. Michael, D. Auld, C. Klumpp, A. Jadhav, W. Zheng, N. Thorne, C. Austin, J. Inglese and A. Simeonov, Assay Drug Dev Technol, 2008, 6, 637-657.Reagents and Controls:Ferrous ammonium sulfate, (+)-sodium L-ascorbate, beta-nicotinamide adenine dinucleotide hydrate (NAD+), Tween-20, formaldehyde dehydrogenase from P. putida (FDH), and disodium 2-oxoglutarate were from Sigma (St. Louis, MO). Black solid-bottom 384-well or 1,536-well assay plates were from G"
2326,NA,"onounced slow growth phenotype in yeast due to its intrinsic molecular activities. Small molecules that suppress the slow growth phenotype can be identified by a straightforward growth recovery assay using optical density (OD) as the measurement. The same yeast strain not expressing NS1 was used as positive control in the yeast growth recovery assay.The yeast S. cerevisiae  control and NS1 expressing cells were kindly supplied by laboratory of Dr. Daniel Engel, University of Virginia. Yeast starter cultures were stored in single use aliquots at -80C. Assay Reagents:1. Yeast culture medium per ","onounced slow growth phenotype in yeast due to its intrinsic molecular activities. Small molecules that suppress the slow growth phenotype can be identified by a straightforward growth recovery assay using optical density (OD) as the measurement. The same yeast strain not expressing NS1 was used as positive control in the yeast growth recovery assay.The yeast S. cerevisiae  control and NS1 expressing cells were kindly supplied by laboratory of Dr. Daniel Engel, University of Virginia. Yeast starter cultures were stored in single use aliquots at -80C. Assay Reagents:1. Yeast culture medium per "
2549,NA,NA,"reaction buffer (25 mM Tris-HCl (pH 8.0), 5 mM NaCl, 2 mM MgCl2, 1mM DTT, 0.01% Tween- 20, and 2.5 ug/ml poly(dI-dC), including enzyme (50 nM RECQ1T1), were dispensed into a 1536-well Greiner black assay plate via solenoid-valve based nanoliter dispensers. Compounds (23 nl each in columns 5-48) and control (23 nl each in column 2 as dose-response) were transferred via a Kalypsys pintool equipped with a 1536-pin array. The plates were incubated for 15 min at room temperature, and then 1 ul of substrates (200 nM DNA and 2 mM ATP, final concentrations) was added to start the reaction. The plate w"
75945,NA,NA,"759458ChEMBLCHEMBL683703Compound was evaluated for its activity in vitro with use of isolated guinea pig tracheal spiral strips in the presence (control )Title: Chemically stable homocinnamyl analogues of the leukotrienes: synthesis and preliminary biological evaluation.Abstract: The synthesis and biological characterization of a series of stable leukotriene analogues (2) are reported. They are derivatives of (5S,6R,7Z)-6-peptidyl-5-hydroxy-"
160545,NA,NA,"1605455ChEMBLCHEMBL766783Functional activity in RAT-1cells, transiently-transfected with human Prostaglandin E receptor EP1 (% of control ligand, 17-phi-PGE2=80%)Title: Synthesis and in vitro evaluation of human FP-receptor selective prostaglandin analogues.Abstract: The in vitro evaluation of a series of saturated prostaglandins revealed that compounds with omega chain aromatic rings retain nanomolar potency for the human pro"
160552,NA,NA,"1605525ChEMBLCHEMBL768759Functional activity in RAT-1cells, transiently-transfected with human Prostaglandin E receptor EP3 (% of control ligand, sulprostone=50%)Title: Synthesis and in vitro evaluation of human FP-receptor selective prostaglandin analogues.Abstract: The in vitro evaluation of a series of saturated prostaglandins revealed that compounds with omega chain aromatic rings retain nanomolar potency for the human pro"
160696,NA,NA,"1606965ChEMBLCHEMBL766817Functional activity in RAT-1cells, transiently-transfected with human FP-receptor (% of control ligand, fluprostenol=75%)Title: Synthesis and in vitro evaluation of human FP-receptor selective prostaglandin analogues.Abstract: The in vitro evaluation of a series of saturated prostaglandins revealed that compounds with omega chain aromatic rings retain nanomolar potency for the human pr"
212941,NA,NA,"2129415ChEMBLCHEMBL883488Functional activity in RAT-1cells, transiently-transfected with human TP-receptor (% of control ligand, [3H]-U-46,619=95%)Title: Synthesis and in vitro evaluation of human FP-receptor selective prostaglandin analogues.Abstract: The in vitro evaluation of a series of saturated prostaglandins revealed that compounds with omega chain aromatic rings retain nanomolar potency for the human p"
295059,NA,NA,"pharmacological evaluation of the four stereoisomers of (2S)-2-(2'-phosphono-3'-phenylcyclopropyl)glycine, the first class of 3'-substituted trans C1'-2'-2-(2'-phosphonocyclopropyl)glycines.Abstract: Four stereoisomers of (2S)-2-(2'-phosphono-3'-phenylcyclopropyl)glycine were synthesized by a stereocontrolled synthetic procedure and evaluated as mGluRs ligands. The (2S,1'R,2'S,3'R)-isomer (PPCG-2) showed to be a group III mGluRs selective ligand endowed with a moderate potency as mGluR4/mGluR6 agonist.Compounds with activity <= 10uM or explicitly reported as active by ChEMBL are flagged as act"
295060,NA,NA,"pharmacological evaluation of the four stereoisomers of (2S)-2-(2'-phosphono-3'-phenylcyclopropyl)glycine, the first class of 3'-substituted trans C1'-2'-2-(2'-phosphonocyclopropyl)glycines.Abstract: Four stereoisomers of (2S)-2-(2'-phosphono-3'-phenylcyclopropyl)glycine were synthesized by a stereocontrolled synthetic procedure and evaluated as mGluRs ligands. The (2S,1'R,2'S,3'R)-isomer (PPCG-2) showed to be a group III mGluRs selective ligand endowed with a moderate potency as mGluR4/mGluR6 agonist.Compounds with activity <= 10uM or explicitly reported as active by ChEMBL are flagged as act"
295062,NA,NA,"pharmacological evaluation of the four stereoisomers of (2S)-2-(2'-phosphono-3'-phenylcyclopropyl)glycine, the first class of 3'-substituted trans C1'-2'-2-(2'-phosphonocyclopropyl)glycines.Abstract: Four stereoisomers of (2S)-2-(2'-phosphono-3'-phenylcyclopropyl)glycine were synthesized by a stereocontrolled synthetic procedure and evaluated as mGluRs ligands. The (2S,1'R,2'S,3'R)-isomer (PPCG-2) showed to be a group III mGluRs selective ligand endowed with a moderate potency as mGluR4/mGluR6 agonist.Compounds with activity <= 10uM or explicitly reported as active by ChEMBL are flagged as act"
295063,NA,NA,"pharmacological evaluation of the four stereoisomers of (2S)-2-(2'-phosphono-3'-phenylcyclopropyl)glycine, the first class of 3'-substituted trans C1'-2'-2-(2'-phosphonocyclopropyl)glycines.Abstract: Four stereoisomers of (2S)-2-(2'-phosphono-3'-phenylcyclopropyl)glycine were synthesized by a stereocontrolled synthetic procedure and evaluated as mGluRs ligands. The (2S,1'R,2'S,3'R)-isomer (PPCG-2) showed to be a group III mGluRs selective ligand endowed with a moderate potency as mGluR4/mGluR6 agonist.Compounds with activity <= 10uM or explicitly reported as active by ChEMBL are flagged as act"
485290,NA,NA,"ead is bound at the 3' end of the DNA oligonucleotidic substrate. In the presence of Tdp1, the enzyme cleaves the tyrosine-FITC group, leaving a 3' end phosphate on the DNA substrate. This cleavage reaction results in a loss of signal in AS.Buffer:  1X PBS, pH 7.4, 80 mM KCl, 0.05% Tween-20Reagents/Controls: [1] 3 ul of buffer is dispensed in columns 3 & 4 as negative control (no enzyme and maximum signal),[2]  3 ul of enzyme (1 nM final) is dispensed in columns 1,2, 5-48,[3]  1 ul of substrate (15 nM final) is dispensed throughout the plate,[4]  1 ul of AS donor/acceptor bead mix (10 ug/ml fi"
485364,"transferred to the entire column 5-48 compound area, were inserted uniformly at the beginning and the end of each library in order to monitor for and record any shifts in the background, which can be affected by reagent dispensers or loss in enzyme activity overtime.  Screening data were corrected, normalized, and concentration-effect relationships will be derived by using publicly-available curve fitting algorithms developed in-house (http://ncgc.nih.gov/pub/openhts).  A four parameter Hill equation was fitted to the concentration-response data by minimizing the residual error between the mod","ration-response curves of furoxan were almost identical upon separate testing, with IC50s falling within the 4.0-7.9 uM range.  This assay format can be used to screen the current MLSMR collection (with >300K compounds available) to find novel TGR inhibitors.  Furoxan is a good choice to serve as a positive control in the primary HTS assay. Three microliters of reagents (100 uM NADPH and 20 nM TGR or 100 uM NADPH as no-enzyme control) were dispensed into 1,536-well black clear-bottomed plates.  Compounds (23 nL) were transferred via Kalypsys pin tool equipped with 1536-pin array (10 nL slotted","ration-response curves of furoxan were almost identical upon separate testing, with IC50s falling within the 4.0-7.9 uM range.  This assay format can be used to screen the current MLSMR collection (with >300K compounds available) to find novel TGR inhibitors.  Furoxan is a good choice to serve as a positive control in the primary HTS assay. Three microliters of reagents (100 uM NADPH and 20 nM TGR or 100 uM NADPH as no-enzyme control) were dispensed into 1,536-well black clear-bottomed plates.  Compounds (23 nL) were transferred via Kalypsys pin tool equipped with 1536-pin array (10 nL slotted"
504327,NA,NA,"ical Genomics Center [NCGC]Structural Genomics Consortium (SGC)NIH Grant: 5U54 MH084681-02To each well of a 1,536w plate, 3ul of GCN5L2 (final concentration 20nM, in 50mM HEPES, 0.1mM EDTA (pH 7.5), 0.01% Tween-20 buffer) are added using a Kalypsys dispenser. Only buffer is added to some wells as a control. A Kalypsys pin-tool transferred 23nl of library compound solution in DMSO to each well, as well as the control inhibit garcinol. . Following a 15 min incubation of enzyme with compounds at room temperature, 1ul mixture of ThioGlo1 (50uM final), H3(1-25) peptide (75uM final), and Acetyl-CoA "
504332,NA,NA,"ion Network [MLPCN]NIH Chemical Genomics Center [NCGC]Structural Genomics Consortium (SGC)NIH Grant: 5U54 MH084681-02To each well of a 1,536w plate, 2ul of HMT enzyme (final 20nM) were added, using a nanoliter dispenser. The G9a- and GLP-inhibitor BIX-01294 (CID: 25150857) are used as an intraplate control, with a 16-point titration in duplicate. A Kalypsys pin-tool transferred 23nl of library compound solution in DMSO to each well. Following a 15 min incubation of enzyme with compounds at room temperature, 1ul mixture of b-H3K9 peptide substrate (final 500nM) and SAM cofactor (final 20uM) wer"
504339,NA,NA,", inactive, or inconclusive.42542PotencyConcentration at which compound exhibits half-maximal efficacy, AC50. Extrapolated AC50s also include the highest efficacy observed and the concentration of compound at which it was observed.153EfficacyMaximal efficacy of compound, reported as a percentage of control. These values are estimated based on fits of the Hill equation to the dose-response curves.1154Analysis CommentAnnotation/notes on a particular compound's data or its analysis.42545Curve_DescriptionA description of dose-response curve quality. A complete curve has two observed asymptotes; a "
504749,"ch well. The plates were mixed for 25 sec with gentle shaking and incubated overnight at room temperature in the dark. The following morning, fluorescence intensity at 485(14) nm excitation and 535(25) nm emission wavelengths was measured on an EnVision (Perkin Elmer) plate reader. Plate reads were normalized relative to the control inhibitor (0.29 uM artemisinin) and vehicle (DMSO) wells present on each plate and then corrected by an algorithm using vehicle-only control plates at the beginning and end of the compound plate stack.This is a profiling assay where compounds were screened against ",NA,"xed for 25 sec with gentle shaking and incubated overnight at room temperature in the dark. The following morning, fluorescence intensity at 485(14) nm excitation and 535(25) nm emission wavelengths was measured on an EnVision (Perkin Elmer) plate reader. Plate reads were normalized relative to the control inhibitor (0.29 uM artemisinin) and vehicle (DMSO) wells present on each plate and then corrected by an algorithm using vehicle-only control plates at the beginning and end of the compound plate stack.This is a profiling assay where compounds were screened against a panel of 61 malarial para"
504845,NA,NA,"Network [MLPCN]MLPCN Grant: DA030555-01Assay Submitter (PI): David Siderovski, University of North Carolina Chapel Hill (School of Medicine)Two microliters of 500nM (2x working concentration) is dispensed into black medium-binding solid-bottom Kalypsys plates. Then with the Kalypsys pintool 23nl of control and compounds are transferred; the control compound is 100mM CCG-4986 (working concentration). After a 10 minute incubation at room temperature 2ul of antibody is added with the Kalypsys dispenser; (-)RGS4/Transcreener GDP solution in columns 3 and 4 which consisted of 10nM (2x working conce"
504847,NA,NA,"7 (all final concentrations) in columns 1, 2, and 5 to 48 or 15nM SRC2-3 Alexa 647 in columns 3 and 4 are dispensed into black medium-binding solid bottom Greiner plates. Both solutions are kept at 4 deg C and protected from light and dispensed using a Kalypsys dispenser. Then 23nl of compounds and controls are added with Kalypsys pintool. The control is 26.5mM CBT358 (final concentration of 151uM) and the compounds' final range in concentration is 457nM - 114uM. Plate is centrifuged at 1000 RPM for 15 seconds to remove any residual bubbles. The plate is then incubate at ambient room temperatu"
504865,NA,NA," relevance to the biology of pediatric acute lymphoblastic leukemia. Haematologica 90, 890-8984. Kovalenko, A., et al. (2003) The tumour suppressor CYLD negatively regulates NF-kappaB signalling by deubiquitination. Nature 424, 801-8053 microliters of reagents (buffer in columns 3 and 4 as negative control and 1nM USP1/UAF1 complex in columns 1, 2, and 5-48) are dispensed into Greiner black solid bottom 1536-well assay plates. Compounds are then transferred via Kalypsys pin tool equipped with 1536-pin array (10nl slotted pins, V&P Scientific, San Diego, CA). Following an incubation step of 15 "
588579,NA,NA,"ository (MLSMR) to discover inhibitors of Pol Kappa.NIH Chemical Genomics Center [NCGC]NIH Molecular Libraries Probe Centers Network [MLPCN]MLPCN Grant: MH094179Assay Submitter (PI): Stephen Lloyd, Oregon Health & Science UniversityThree microliters of reagents (buffer in column 3 and 4 as negative control and 10 nM Pol kappa in columns 1, 2, and 5-48) were dispensed into a 1536-well black solid-bottom plate. Compounds (23 nL) were transferred via Kalypsys pin tool equipped with 1536-pin array. The plates were then incubated for 15 min at room temperature, and 1 uL substrate (50 nM final conce"
588590,NA,NA,"le Repository (MLSMR). This screen is used to identify inhibitors of pol iota. NIH Chemical Genomics Center [NCGC]NIH Molecular Libraries Probe Centers Network [MLPCN]MLPCN Grant: MH090825Assay Submitter (PI): Roger Woodgate, NICHD)Three microliters of reagents (buffer in column 3 and 4 as negative control and 10 nM Pol iota in columns 1, 2, and 5-48) will be dispensed into 1,536-well black solid-bottomed plate.  Compounds (23 nL) will be transferred via Kalypsys pin tool equipped with 1536-pin array.  The plates will then be incubated for 15 min at room temperature, and 1 muL substrate (50 nM"
588591,NA,NA,"ule Repository (MLSMR). This screen is used to identify inhibitors of pol eta. NIH Chemical Genomics Center [NCGC]NIH Molecular Libraries Probe Centers Network [MLPCN]MLPCN Grant: MH090825Assay Submitter (PI): Roger Woodgate, NICHD)Three microliters of reagents (buffer in column 3 and 4 as negative control and 10 nM Pol eta in columns 1, 2, and 5-48) were dispensed into a 1,536-well black solid-bottomed plate.  Compounds (23 nL) were transferred via Kalypsys pin tool equipped with 1536-pin array.  The plates were then incubated for 15 min at room temperature, and 1 muL substrate (50 nM final c"
588812,"present 27 trios (two parents and one child) obtained from Corriell Institute for Medical Research (Camden, NJ) to determine in vitro cytotoxicity of a set of small molecules. The cell line IDs in this study correspond to Coriell Cell Repository (http://ccr.coriell.org/) catalog IDs. Responses were normalized relative to tetra octyl ammonium bromide (23 uM, 100%) and DMSO only wells (basal, 0%). Concentration-response titration points for each compound were fitted to the Hill equation yielding concentrations of half-maximal inhibition (IC50) and maximal response (efficacy) values.NCGC Assay Pr","tional to the number of cells present.- Chemicals were dissolved with dimethyl sulfoxide (DMSO) into 12 different concentrations ranging from 0.26 nM to 46.0 uM and were aliquoted to 1536-well plate format via pin tool (Kalypsys, San Diego, CA). Negative control was established using vehicle, while positive control was established using staurosporine.- Cells were grown to a concentration of at least 106 cells/ml, volume of at least 100 ml, and viability of 85% before treatment. For treatment, cells were  filtered, diluted with fresh media to 3-4E5cells/ml,  and plated to a tissue-culture treat","tional to the number of cells present.- Chemicals were dissolved with dimethyl sulfoxide (DMSO) into 12 different concentrations ranging from 0.26 nM to 46.0 uM and were aliquoted to 1536-well plate format via pin tool (Kalypsys, San Diego, CA). Negative control was established using vehicle, while positive control was established using staurosporine.- Cells were grown to a concentration of at least 106 cells/ml, volume of at least 100 ml, and viability of 85% before treatment. For treatment, cells were  filtered, diluted with fresh media to 3-4E5cells/ml,  and plated to a tissue-culture treat"
588813,"27 trios (two parents and one child) obtained from Corriell Institute for Medical Research (Camden, NJ) to determine in vitro caspase 3/7 activity of a set of small molecules. The cell line IDs in this study correspond to Coriell Cell Repository (http://ccr.coriell.org/) catalog IDs. Responses were normalized relative to staurosporine (46 uM, 100%) and DMSO only wells (basal, 0%). Concentration-response titration points for each compound were fitted to the Hill equation yielding concentrations of half-maximal activation (EC50) and maximal response (efficacy) values.NCGC Assay Protocol Summary:","r purified enzyme or cells in culture.- Chemicals were dissolved with dimethyl sulfoxide (DMSO) into 12 different concentrations ranging from 0.26 nM to 46.0 uM and were aliquoted to 1536-well plate format via pin tool (Kalypsys, San Diego, CA). Negative control was established using vehicle, while positive control was established using staurosporine.- Cells were grown to a concentration of at least 106 cells/ml, volume of at least 100 ml, and viability of 85% before treatment. For treatment, cells were  filtered, diluted with fresh media to 3-4*105cells/ml,  and plated to a tissue-culture tre","r purified enzyme or cells in culture.- Chemicals were dissolved with dimethyl sulfoxide (DMSO) into 12 different concentrations ranging from 0.26 nM to 46.0 uM and were aliquoted to 1536-well plate format via pin tool (Kalypsys, San Diego, CA). Negative control was established using vehicle, while positive control was established using staurosporine.- Cells were grown to a concentration of at least 106 cells/ml, volume of at least 100 ml, and viability of 85% before treatment. For treatment, cells were  filtered, diluted with fresh media to 3-4*105cells/ml,  and plated to a tissue-culture tre"
624170,NA,NA,", inactive, or inconclusive.42542PotencyConcentration at which compound exhibits half-maximal efficacy, AC50. Extrapolated AC50s also include the highest efficacy observed and the concentration of compound at which it was observed.153EfficacyMaximal efficacy of compound, reported as a percentage of control. These values are estimated based on fits of the Hill equation to the dose-response curves.1154Analysis CommentAnnotation/notes on a particular compound's data or its analysis.42545Activity_ScoreActivity score.22546Curve_DescriptionA description of dose-response curve quality. A complete cur"
624296,NA,NA,", inactive, or inconclusive.42542PotencyConcentration at which compound exhibits half-maximal efficacy, AC50. Extrapolated AC50s also include the highest efficacy observed and the concentration of compound at which it was observed.153EfficacyMaximal efficacy of compound, reported as a percentage of control. These values are estimated based on fits of the Hill equation to the dose-response curves.1154Analysis CommentAnnotation/notes on a particular compound's data or its analysis.42545Activity_ScoreActivity score.22546Curve_DescriptionA description of dose-response curve quality. A complete cur"
651633,NA,"ent in the same wells.Tox21 Assay Protocol Summary:The p53RE-bla cells were dispensed at 4,000 cells/5 ul/well in 1536-well black wall/clear bottom plates using a Multidrop dispenser. After the assay plates were incubated at a 37 C/5% CO2 incubator for 5 hours, 23 nL of compounds dissolved in DMSO, positive controls or DMSO only was transferred to the assay plate by a pin tool. The plates were incubated at 37 C for 16 hours. After 1 uL of LiveBLAzerTM B/G FRET substrate was added using a Flying Reagent Dispenser, the plates were incubated at room temperature for 2 hours, and fluorescence inten","ent in the same wells.Tox21 Assay Protocol Summary:The p53RE-bla cells were dispensed at 4,000 cells/5 ul/well in 1536-well black wall/clear bottom plates using a Multidrop dispenser. After the assay plates were incubated at a 37 C/5% CO2 incubator for 5 hours, 23 nL of compounds dissolved in DMSO, positive controls or DMSO only was transferred to the assay plate by a pin tool. The plates were incubated at 37 C for 16 hours. After 1 uL of LiveBLAzerTM B/G FRET substrate was added using a Flying Reagent Dispenser, the plates were incubated at room temperature for 2 hours, and fluorescence inten"
651768,NA,"R.NIH Chemical Genomics Center [NCGC]NIH Molecular Libraries Probe Centers Network [MLPCN]MLPCN Grant: MH096530Assay Submitter (PI): Robert Brosh, National Institute of AgingThree muL of reagents (buffer in columns 3 and 4 as negative controls; WRN at 20 nM final concentration in columns 1 and 2 as positive controls; columns 5-48 as test reactions) will be dispensed into a 1536-well Greiner black plate via solenoid-valve based nanoliter dispensers.  Compounds (23 nL each in columns 5-48) and control (23 nL each in column 2 as dose-response) will be transferred via a Kalypsys pintool equipped w","R.NIH Chemical Genomics Center [NCGC]NIH Molecular Libraries Probe Centers Network [MLPCN]MLPCN Grant: MH096530Assay Submitter (PI): Robert Brosh, National Institute of AgingThree muL of reagents (buffer in columns 3 and 4 as negative controls; WRN at 20 nM final concentration in columns 1 and 2 as positive controls; columns 5-48 as test reactions) will be dispensed into a 1536-well Greiner black plate via solenoid-valve based nanoliter dispensers.  Compounds (23 nL each in columns 5-48) and control (23 nL each in column 2 as dose-response) will be transferred via a Kalypsys pintool equipped w"
651778,NA,NA,", inactive, or inconclusive.42542PotencyConcentration at which compound exhibits half-maximal efficacy, AC50. Extrapolated AC50s also include the highest efficacy observed and the concentration of compound at which it was observed.153EfficacyMaximal efficacy of compound, reported as a percentage of control. These values are estimated based on fits of the Hill equation to the dose-response curves.1154Analysis CommentAnnotation/notes on a particular compound's data or its analysis.42545Activity_ScoreActivity score.22546Curve_DescriptionA description of dose-response curve quality. A complete cur"
651838,NA,NA,"xic, inactive, or inconclusive.42PotencyConcentration at which compound exhibits half-maximal efficacy, AC50. Extrapolated AC50s also include the highest efficacy observed and the concentration of compound at which it was observed.153EfficacyMaximal efficacy of compound, reported as a percentage of control. These values are estimated based on fits of the Hill equation to the dose-response curves.1154Analysis CommentAnnotation/notes on a particular compound's data or its analysis.45Activity_ScoreActivity score.26Curve_DescriptionA description of dose-response curve quality. A complete curve has"
686978,NA,NA,"oL of DMSO in 1 L of cell culture medium) were dispensed at 400 cells/5microL/well in tissue culture treated 1536-well white wall/solid bottom assay plates (Greiner Bio-One North America, NC, U.S.A.) using a Multidrop Combi 8 channel dispenser (Thermo Fisher, Waltham, MA, USA).  23 nL compounds and controls were transferred using the pin tool (Kalypsys, San Diego, CA, USA) to the assay plates.  The assay plates were then incubated at 37  masculineC for a minimum 48 hr.  Three microL of Cell Titer Glo solution was added to the plates and incubated at RT in dark for 30 min.  Luminescence was rea"
686979,NA,NA," CPT stock in 1 L of cell culture medium) were dispensed at 400 cells/5microL/well in tissue culture treated 1536-well white wall/solid bottom assay plates (Greiner Bio-One North America, NC, U.S.A.) using a Multidrop Combi 8 channel dispenser (Thermo Fisher, Waltham, MA, USA).  23 nL compounds and controls were transferred using the pin tool (Kalypsys, San Diego, CA, USA) to the assay plates.  The assay plates were then incubated at 37  masculineC for a minimum 48 hr.  Three microL of Cell Titer Glo solution was added to the plates and incubated at RT in dark for 30 min.  Luminescence was rea"
720496,NA,NA,"ay against the human Pol eta. Inhibition is the desired outcome for this assay. NIH Chemical Genomics Center [NCGC]NIH Molecular Libraries Probe Centers Network [MLPCN]MLPCN Grant: MH090825Assay Submitter (PI): Roger Woodgate, NICHDThree microliters of reagents (buffer in column 3 and 4 as negative control while 10 nM Pol iota in columns 1, 2, and 5-48) were dispensed into a 1536-well black solid-bottom plate. Compounds (23 nL) were transferred via Kalypsys pin tool equipped with 1536-pin array. The plates were then incubated for 15 min at room temperature, and 1 uL of substrate  was added to "
720501,NA,NA,". Inhibition is the desired outcome for this assay. NIH Chemical Genomics Center [NCGC]NIH Molecular Libraries Probe Centers Network [MLPCN]MLPCN Grant: MH094179Assay Submitter (PI): Stephen Lloyd, Oregon Health & Science UniversityThree microliters of reagents (buffer in column 3 and 4 as negative control and 10 nM Pol-kappa in columns 1, 2, and 5-48) were dispensed into a 1536-well black solid-bottom plate. Compounds (23 nL) were transferred via Kalypsys pin tool equipped with 1536-pin array. The plates were then incubated for 15 min at room temperature, and 1 uL of substrate  was added to s"
720502,NA,NA,"ay against the human Pol eta. Inhibition is the desired outcome for this assay. NIH Chemical Genomics Center [NCGC]NIH Molecular Libraries Probe Centers Network [MLPCN]MLPCN Grant: MH090825Assay Submitter (PI): Roger Woodgate, NICHDThree microliters of reagents (buffer in column 3 and 4 as negative control while 10 nM Pol eta in columns 1, 2, and 5-48) were dispensed into a 1536-well black solid-bottom plate. Compounds (23 nL) were transferred via Kalypsys pin tool equipped with 1536-pin array. The plates were then incubated for 15 min at room temperature, and 1 uL of substrate was added to st"
720504,NA,"-p-9-mer + 60 nM Plk1 PBD in buffer solution (final concentrations 25 nM and 60 nM respectively) or 4 uL of 25 nM FITC-p-9-mer (final concentration 25 nM) in buffer will be dispensed into a 1,536 Greiner medium-binding black solid plate. Small molecules at final concentrations of 18 nM to 57 uM and positive control phospho-9-mer (sequence: Ac-PPLHSpTAI-NH2) at final concentrations 26 nM to 57 uM and phospho-13-mer (sequence: Ac-CETFDPPLHSpTAI-NH2) at final concentrations of 1 nM to 2.3 uM will be pin-transferred (23 nL) to the plate via a Kalypsys pin-tool robotics equipped with a 1,536-pin ar","-p-9-mer + 60 nM Plk1 PBD in buffer solution (final concentrations 25 nM and 60 nM respectively) or 4 uL of 25 nM FITC-p-9-mer (final concentration 25 nM) in buffer will be dispensed into a 1,536 Greiner medium-binding black solid plate. Small molecules at final concentrations of 18 nM to 57 uM and positive control phospho-9-mer (sequence: Ac-PPLHSpTAI-NH2) at final concentrations 26 nM to 57 uM and phospho-13-mer (sequence: Ac-CETFDPPLHSpTAI-NH2) at final concentrations of 1 nM to 2.3 uM will be pin-transferred (23 nL) to the plate via a Kalypsys pin-tool robotics equipped with a 1,536-pin ar"
720533,NA,NA,", inactive, or inconclusive.42542PotencyConcentration at which compound exhibits half-maximal efficacy, AC50. Extrapolated AC50s also include the highest efficacy observed and the concentration of compound at which it was observed.153EfficacyMaximal efficacy of compound, reported as a percentage of control. These values are estimated based on fits of the Hill equation to the dose-response curves.1154Analysis CommentAnnotation/notes on a particular compound's data or its analysis.42545Activity_ScoreActivity score.22546Curve_DescriptionA description of dose-response curve quality. A complete cur"
743012,NA,"col Summary:300 DT40 wild type cells in 5 uL/well were dispensed into white, solid-bottom 1536-well plates using a Multidrop Combi (ThermoFisher Scientific, Waltham, MA) dispenser. After the assay plates were incubated at 37 C/5% CO2 for approximately 0.5 hour, 23 nL of compounds dissolved in DMSO, positive controls or DMSO only was transferred into the assay plate by a pintool work station (Kalypsys, San Diego, CA).  The assay plates were incubated at 37 C/5% CO2 for 40 hours. After 5 uL per well of CellTiter-Glo reagent was added into each well of the assay plates, the plates were incubated ","col Summary:300 DT40 wild type cells in 5 uL/well were dispensed into white, solid-bottom 1536-well plates using a Multidrop Combi (ThermoFisher Scientific, Waltham, MA) dispenser. After the assay plates were incubated at 37 C/5% CO2 for approximately 0.5 hour, 23 nL of compounds dissolved in DMSO, positive controls or DMSO only was transferred into the assay plate by a pintool work station (Kalypsys, San Diego, CA).  The assay plates were incubated at 37 C/5% CO2 for 40 hours. After 5 uL per well of CellTiter-Glo reagent was added into each well of the assay plates, the plates were incubated "
743014,NA,"otocol Summary:300 DT40 mutant cells in 5 uL/well were dispensed into white, solid-bottom 1536-well plates using a Multidrop Combi (ThermoFisher Scientific, Waltham, MA) dispenser. After the assay plates were incubated at 37 C/5% CO2 for approximately 0.5 hour, 23 nL of compounds dissolved in DMSO, positive controls or DMSO only was transferred into the assay plate by a pintool work station (Kalypsys, San Diego, CA).  The assay plates were incubated at 37 C/5% CO2 for 40 hours. After 5 uL per well of CellTiter-Glo reagent was added into each well of the assay plates, the plates were incubated ","otocol Summary:300 DT40 mutant cells in 5 uL/well were dispensed into white, solid-bottom 1536-well plates using a Multidrop Combi (ThermoFisher Scientific, Waltham, MA) dispenser. After the assay plates were incubated at 37 C/5% CO2 for approximately 0.5 hour, 23 nL of compounds dissolved in DMSO, positive controls or DMSO only was transferred into the assay plate by a pintool work station (Kalypsys, San Diego, CA).  The assay plates were incubated at 37 C/5% CO2 for 40 hours. After 5 uL per well of CellTiter-Glo reagent was added into each well of the assay plates, the plates were incubated "
743015,NA,"otocol Summary:300 DT40 mutant cells in 5 uL/well were dispensed into white, solid-bottom 1536-well plates using a Multidrop Combi (ThermoFisher Scientific, Waltham, MA) dispenser. After the assay plates were incubated at 37 C/5% CO2 for approximately 0.5 hour, 23 nL of compounds dissolved in DMSO, positive controls or DMSO only was transferred into the assay plate by a pintool work station (Kalypsys, San Diego, CA).  The assay plates were incubated at 37 C/5% CO2 for 40 hours. After 5 uL per well of CellTiter-Glo reagent was added into each well of the assay plates, the plates were incubated ","otocol Summary:300 DT40 mutant cells in 5 uL/well were dispensed into white, solid-bottom 1536-well plates using a Multidrop Combi (ThermoFisher Scientific, Waltham, MA) dispenser. After the assay plates were incubated at 37 C/5% CO2 for approximately 0.5 hour, 23 nL of compounds dissolved in DMSO, positive controls or DMSO only was transferred into the assay plate by a pintool work station (Kalypsys, San Diego, CA).  The assay plates were incubated at 37 C/5% CO2 for 40 hours. After 5 uL per well of CellTiter-Glo reagent was added into each well of the assay plates, the plates were incubated "
743033,NA,":AR-bla cells were dispensed at 2,000 cells/5 uL of assay medium per well into black wall/clear-bottom 1536-well plates using a Multidrop Combi (ThermoFisher Scientific, Waltham, MA) dispenser. After the assay plates were incubated at a 37C and 5% CO2 for 4 hr, 23 nL of compounds dissolved in DMSO, positive controls or DMSO only was transferred to the assay plate by a Pintool station (Kalypsys, San Diego, CA), followed by addition of 1 uL of agonist (R1881) in culture medium using a Bioraptr Flying Reagent Dispenser (FRD) workstation (Beckman Coulter, Indianapolis, IN, USA). The plates were in",":AR-bla cells were dispensed at 2,000 cells/5 uL of assay medium per well into black wall/clear-bottom 1536-well plates using a Multidrop Combi (ThermoFisher Scientific, Waltham, MA) dispenser. After the assay plates were incubated at a 37C and 5% CO2 for 4 hr, 23 nL of compounds dissolved in DMSO, positive controls or DMSO only was transferred to the assay plate by a Pintool station (Kalypsys, San Diego, CA), followed by addition of 1 uL of agonist (R1881) in culture medium using a Bioraptr Flying Reagent Dispenser (FRD) workstation (Beckman Coulter, Indianapolis, IN, USA). The plates were in"
743065,NA,NA,"Tox21 Assay Protocol Summary:GH3.TRE-Luc cells were dispensed at 1500 cells/4 uL/well into 1536-well white solid bottom plates using a Multidrop Combi dispenser (Thermo Fisher Scientific Inc., Waltham, MA). After the assay plates were incubated at 37 C for 4 hours, 23 nL of library compound or DMSO controls was transferred to the assay plates by a pintool station (Kalypsys, San Diego, CA), followed by addition of 1 ul of T3 (1 nM, final concentration in the wells) to stimulate TR transactivation. The assay plates were incubated at 37 C for 23.5 h, and then 1 uL of CellTiter-Fluor reagent (Prom"
743079,NA,"ed. The cells were dispensed at 4,000 cells/5 uL of assay medium per well into white wall/solid-bottom 1536-well plates using a Multidrop Combi (ThermoFisher Scientific, Waltham, MA) dispenser. After the assay plates were incubated at a 37C and 5% CO2 for 24 h, 23 nL of compounds dissolved in DMSO, positive controls or DMSO only was transferred to the assay plate by a Pintool station (Kalypsys, San Diego, CA). The plates were incubated at 37C and 5% CO2 for 22 h, followed by addition of 5 uL of ONE-Glo reagent (Promega, Madison, WI) to each well using Flying Reagent Dispenser (Aurora Discovery","ed. The cells were dispensed at 4,000 cells/5 uL of assay medium per well into white wall/solid-bottom 1536-well plates using a Multidrop Combi (ThermoFisher Scientific, Waltham, MA) dispenser. After the assay plates were incubated at a 37C and 5% CO2 for 24 h, 23 nL of compounds dissolved in DMSO, positive controls or DMSO only was transferred to the assay plate by a Pintool station (Kalypsys, San Diego, CA). The plates were incubated at 37C and 5% CO2 for 22 h, followed by addition of 5 uL of ONE-Glo reagent (Promega, Madison, WI) to each well using Flying Reagent Dispenser (Aurora Discovery"
743083,NA,"o days prior to the assay. The cells were dispensed at 1,500 cells/4 uL/well into white wall/solid-bottom 1536-well plates using a Multidrop Combi (ThermoFisher Scientific, Waltham, MA) dispenser. After the assay plates were incubated at 37C and 5% CO2 for 5 h, 23 nL of compounds dissolved in DMSO, positive controls or DMSO only was transferred to the assay plate by a Pintool station (Kalypsys, San Diego, CA), followed by addition of 1 uL of Testosterone (0.5 nM, final concentration in the wells) using a Bioraptr Flying Reagent Dispenser (FRD) workstation (Beckman Coulter, Indianapolis, IN). T","o days prior to the assay. The cells were dispensed at 1,500 cells/4 uL/well into white wall/solid-bottom 1536-well plates using a Multidrop Combi (ThermoFisher Scientific, Waltham, MA) dispenser. After the assay plates were incubated at 37C and 5% CO2 for 5 h, 23 nL of compounds dissolved in DMSO, positive controls or DMSO only was transferred to the assay plate by a Pintool station (Kalypsys, San Diego, CA), followed by addition of 1 uL of Testosterone (0.5 nM, final concentration in the wells) using a Bioraptr Flying Reagent Dispenser (FRD) workstation (Beckman Coulter, Indianapolis, IN). T"
743167,NA,NA,"xic, inactive, or inconclusive.42PotencyConcentration at which compound exhibits half-maximal efficacy, AC50. Extrapolated AC50s also include the highest efficacy observed and the concentration of compound at which it was observed.153EfficacyMaximal efficacy of compound, reported as a percentage of control. These values are estimated based on fits of the Hill equation to the dose-response curves.1154Analysis CommentAnnotation/notes on a particular compound's data or its analysis.45Activity_ScoreActivity score.22546Curve_DescriptionA description of dose-response curve quality. A complete curve "
743209,NA,"ls (Invitrogen, Carlsbad, CA, USA) were dispensed at 1500 cells/6uL/well into 1536-well black wall/clear bottom plates using a Multidrop combi (Thermo Fisher Scientific, Waltham, MA) dispenser. After the assay plates were incubated at 37 C and 5% CO2 overnight, 23 nL of compounds dissolved in DMSO, positive controls or DMSO only was transferred to the assay plate by a Pintool station (Kalypsys, San Diego, CA). The plates were incubated at 37 C for 5 h. After 1 uL of LiveBLAzerTM B/G FRET substrate was added using a Flying Reagent Dispenser (FRD, Beckman Coulter, Indianapolis, IN, USA), the pla","ls (Invitrogen, Carlsbad, CA, USA) were dispensed at 1500 cells/6uL/well into 1536-well black wall/clear bottom plates using a Multidrop combi (Thermo Fisher Scientific, Waltham, MA) dispenser. After the assay plates were incubated at 37 C and 5% CO2 overnight, 23 nL of compounds dissolved in DMSO, positive controls or DMSO only was transferred to the assay plate by a Pintool station (Kalypsys, San Diego, CA). The plates were incubated at 37 C for 5 h. After 1 uL of LiveBLAzerTM B/G FRET substrate was added using a Flying Reagent Dispenser (FRD, Beckman Coulter, Indianapolis, IN, USA), the pla"
743213,NA,"Assay Protocol Summary:PPARd-bla cells were dispensed at 3000 cells/5uL/well in 1536-well black wall/clear bottom plates using a Multidrop Combi (Thermo Fisher Scientific, Waltham, MA) dispenser. After the assay plates were incubated at 37 C and 5% CO2 for 5 h, 23 nL of compounds dissolved in DMSO, positive controls or DMSO only was transferred to the assay plate by a Pintool station (Kalypsys, San Diego, CA), followed by addition of 1ul L165041 (300 nM, final concentration in the wells). The assay plates were incubated at 37 C for 17 h, and then 1 uL of LiveBLAzerTM B/G FRET substrate was add","Assay Protocol Summary:PPARd-bla cells were dispensed at 3000 cells/5uL/well in 1536-well black wall/clear bottom plates using a Multidrop Combi (Thermo Fisher Scientific, Waltham, MA) dispenser. After the assay plates were incubated at 37 C and 5% CO2 for 5 h, 23 nL of compounds dissolved in DMSO, positive controls or DMSO only was transferred to the assay plate by a Pintool station (Kalypsys, San Diego, CA), followed by addition of 1ul L165041 (300 nM, final concentration in the wells). The assay plates were incubated at 37 C for 17 h, and then 1 uL of LiveBLAzerTM B/G FRET substrate was add"
743224,NA,"ay Protocol Summary:VDR-bla cells were dispensed at 2,000 cells/6 uL/well into black wall/clear-bottom 1536-well plates using a Multidrop Combi (Thermo Fisher Scientific, Waltham, MA) dispenser. After the assay plates were incubated at a 37C and 5% CO2 for 4 h, 23 nL of compounds dissolved in DMSO, positive controls or DMSO only was transferred to the assay plate by a Pintool station (Kalypsys, San Diego, CA). The plates were incubated at 37C and 5% CO2 for 16 h. After 1 uL of LiveBLAzerTM B/G FRET substrate was added using a Bioraptr Flying Reagent Dispenser (FRD) workstation (Beckman Coulter","ay Protocol Summary:VDR-bla cells were dispensed at 2,000 cells/6 uL/well into black wall/clear-bottom 1536-well plates using a Multidrop Combi (Thermo Fisher Scientific, Waltham, MA) dispenser. After the assay plates were incubated at a 37C and 5% CO2 for 4 h, 23 nL of compounds dissolved in DMSO, positive controls or DMSO only was transferred to the assay plate by a Pintool station (Kalypsys, San Diego, CA). The plates were incubated at 37C and 5% CO2 for 16 h. After 1 uL of LiveBLAzerTM B/G FRET substrate was added using a Bioraptr Flying Reagent Dispenser (FRD) workstation (Beckman Coulter"
751652,NA,NA,"CSC)-enriched populations using a library of 300,718 compounds from the National Institutes of Health (NIH) Molecular Libraries Small Molecule Repository (MLSMR). A cinnamide analog displayed greater than 20-fold selective inhibition of the breast CSC-like cell line (HMLE_sh_Ecad) over the isogenic control cell line (HMLE_sh_eGFP). Herein, we report structure-activity relationships of this class of cinnamides for selective lethality towards CSC-enriched populations.Compounds with activity <= 10uM or explicitly reported as active by ChEMBL are flagged as active in this PubChem assay presentatio"
751668,NA,NA,"CSC)-enriched populations using a library of 300,718 compounds from the National Institutes of Health (NIH) Molecular Libraries Small Molecule Repository (MLSMR). A cinnamide analog displayed greater than 20-fold selective inhibition of the breast CSC-like cell line (HMLE_sh_Ecad) over the isogenic control cell line (HMLE_sh_eGFP). Herein, we report structure-activity relationships of this class of cinnamides for selective lethality towards CSC-enriched populations.Compounds with activity <= 10uM or explicitly reported as active by ChEMBL are flagged as active in this PubChem assay presentatio"
751675,NA,NA,"CSC)-enriched populations using a library of 300,718 compounds from the National Institutes of Health (NIH) Molecular Libraries Small Molecule Repository (MLSMR). A cinnamide analog displayed greater than 20-fold selective inhibition of the breast CSC-like cell line (HMLE_sh_Ecad) over the isogenic control cell line (HMLE_sh_eGFP). Herein, we report structure-activity relationships of this class of cinnamides for selective lethality towards CSC-enriched populations.Compounds with activity <= 10uM or explicitly reported as active by ChEMBL are flagged as active in this PubChem assay presentatio"
751676,NA,NA,"CSC)-enriched populations using a library of 300,718 compounds from the National Institutes of Health (NIH) Molecular Libraries Small Molecule Repository (MLSMR). A cinnamide analog displayed greater than 20-fold selective inhibition of the breast CSC-like cell line (HMLE_sh_Ecad) over the isogenic control cell line (HMLE_sh_eGFP). Herein, we report structure-activity relationships of this class of cinnamides for selective lethality towards CSC-enriched populations.Compounds with activity <= 10uM or explicitly reported as active by ChEMBL are flagged as active in this PubChem assay presentatio"
1091198,NA,"urans, and Phomopsis viticola) in in vitro dose-response studies. Phomopis species were the most sensitive fungi to these compounds. At 120 h of treatment, the IC50 values for compounds 1, 2, and 3 for P. obscurans were 1.0, 4.5, and 23 microM, respectively, as compared to 1.1 microM for the captan positive control.Compounds with activity <= 10uM or explicitly reported as active by ChEMBL are flagged as active in this PubChem assay presentation.Journal: J Agric Food ChemYear: 2008Volume: 56Issue: 13First Page: 5062Last Page: 5068DOI: 10.1021/jf8008662Target ChEMBL ID: CHEMBL2367277ChEMBL Targe","urans, and Phomopsis viticola) in in vitro dose-response studies. Phomopis species were the most sensitive fungi to these compounds. At 120 h of treatment, the IC50 values for compounds 1, 2, and 3 for P. obscurans were 1.0, 4.5, and 23 microM, respectively, as compared to 1.1 microM for the captan positive control.Compounds with activity <= 10uM or explicitly reported as active by ChEMBL are flagged as active in this PubChem assay presentation.Journal: J Agric Food ChemYear: 2008Volume: 56Issue: 13First Page: 5062Last Page: 5068DOI: 10.1021/jf8008662Target ChEMBL ID: CHEMBL2367277ChEMBL Targe"
1159529,NA,"000 cells/6 uL of assay medium containing 2% charcoal-stripped FBS using a Multidrop Combi (ThermoFisher Scientific, Waltham, MA) dispenser. The assay was performed in black wall/clear-bottom 1536-well plates (Greiner Bio-One North America Inc. Monroe, NC). Tetraoctyl ammonium bromide was used as a positive control in the cytotoxicity screen. After the assay plates were incubated at 37 C and 5% CO2 for 5 hr, 23 nL of compounds dissolved in DMSO, positive control or DMSO only were transferred to the assay plate by a Pintool station (Kalypsys, San Diego, CA). The assay plates were incubated at 3","000 cells/6 uL of assay medium containing 2% charcoal-stripped FBS using a Multidrop Combi (ThermoFisher Scientific, Waltham, MA) dispenser. The assay was performed in black wall/clear-bottom 1536-well plates (Greiner Bio-One North America Inc. Monroe, NC). Tetraoctyl ammonium bromide was used as a positive control in the cytotoxicity screen. After the assay plates were incubated at 37 C and 5% CO2 for 5 hr, 23 nL of compounds dissolved in DMSO, positive control or DMSO only were transferred to the assay plate by a Pintool station (Kalypsys, San Diego, CA). The assay plates were incubated at 3"
1207609,"tal settings, measured ICÃ¢?šâ€¦Ã¢â€šâ‚¬ values and calculated physico-chemical properties for 72 various chemicals, was collected. The models were tested in a modified 10-fold cross-validation procedure. The generalization ability of the best model was as follows: root mean squared error (RMSE)Ã¢?¬â€?Ã¢?¬â€?.10, normalized root mean squared error (NRMSE)Ã¢?¬â€?Ã¢?¬â€?6.09%. Out of the 10 most important variables, 5 described conditions of the in vitro experiments thus their description and experiment's conditions standardization might be the key to the models better performance. The simulations performed with the",NA,NA
1207610,"tal settings, measured ICÃ¢?šâ€¦Ã¢â€šâ‚¬ values and calculated physico-chemical properties for 72 various chemicals, was collected. The models were tested in a modified 10-fold cross-validation procedure. The generalization ability of the best model was as follows: root mean squared error (RMSE)Ã¢?¬â€?Ã¢?¬â€?.10, normalized root mean squared error (NRMSE)Ã¢?¬â€?Ã¢?¬â€?6.09%. Out of the 10 most important variables, 5 described conditions of the in vitro experiments thus their description and experiment's conditions standardization might be the key to the models better performance. The simulations performed with the",NA,NA
1222907,NA,NA,"ered (hENT1 > hCNT1 > hCNT3 > hENT2 > hCNT2), and tecadenoson was transported largely by hENT1. Pretreatment of mice with a phosphorylated prodrug of nitrobenzylmercaptopurine riboside, an inhibitor of mENT1, significantly decreased brain exposure to tecadenoson compared with that of the untreated (control) group, suggesting involvement of mENT1 in transport of tecadenoson across the blood-brain barrier (BBB). In summary, ENT1 was shown to mediate the transport of tecadenoson in vitro with recombinant and native human protein and in vivo with mice. The micromolar apparent Km value of tecadenos"
1222909,NA,NA,"ered (hENT1 > hCNT1 > hCNT3 > hENT2 > hCNT2), and tecadenoson was transported largely by hENT1. Pretreatment of mice with a phosphorylated prodrug of nitrobenzylmercaptopurine riboside, an inhibitor of mENT1, significantly decreased brain exposure to tecadenoson compared with that of the untreated (control) group, suggesting involvement of mENT1 in transport of tecadenoson across the blood-brain barrier (BBB). In summary, ENT1 was shown to mediate the transport of tecadenoson in vitro with recombinant and native human protein and in vivo with mice. The micromolar apparent Km value of tecadenos"
1224835,NA,NA,"lusive.42Potency-Replicate_1Concentration at which compound exhibits half-maximal efficacy, AC50. Extrapolated AC50s also include the highest efficacy observed and the concentration of compound at which it was observed.153Efficacy-Replicate_1Maximal efficacy of compound, reported as a percentage of control. These values are estimated based on fits of the Hill equation to the dose-response curves.1154Analysis Comment-Replicate_1Annotation/notes on a particular compound's data or its analysis.45Activity_Score-Replicate_1Activity score.22546Curve_Description-Replicate_1A description of dose-respo"
1224841,NA,NA,"vironmental Protection Agency [EPA]National Institutes of Environmental Health Sciences [NIEHS]National Toxicology Program [NTP]U.S. Food and Drug Administration [FDA]Tox21 Assay Overview:Estrogen related receptors (ERRs), the first orphan nuclear receptors discovered, play an important role in the control of cellular energy metabolism.  ERRs are required for high-energy production in response to the environmental challenges.  The pleiotropic PPARgamma coactivator (PGC) is a major partner of ERR and a key regulator in energy homeostasis.  Together they have been implicated in the etiology of m"
1224842,NA,NA,"TS]NIH Chemical Genomics Center [NCGC]U.S. Environmental Protection Agency [EPA]National Institutes of Environmental Health Sciences [NIEHS]National Toxicology Program [NTP]Assay overview:Estrogen related receptors (ERRs), the first orphan nuclear receptors discovered, play an important role in the control of cellular energy metabolism.  ERRs are required for high-energy production in response to the environmental challenges.  The pleiotropic PPARgamma coactivator (PGC) is a major partner of ERR and a key regulator in energy homeostasis.  Together they have been implicated in the etiology of m"
1224849,NA,NA,"TS]NIH Chemical Genomics Center [NCGC]U.S. Environmental Protection Agency [EPA]National Institutes of Environmental Health Sciences [NIEHS]National Toxicology Program [NTP]Assay overview:Estrogen related receptors (ERRs), the first orphan nuclear receptors discovered, play an important role in the control of cellular energy metabolism.  ERRs are required for high-energy production in response to the environmental challenges.  ERR-alpha was also identified as an adverse marker for breast cancer progression; ERR-alpha-positive tumors have a poor prognosis.  To screen and to identify environment"
1224881,NA,NA,"k293 cell suspension and reagents were dispensed at 600cells/6 ul/well in 1536-well tissue culture treated black solid bottom plates using a Multidrop dispenser. After the assay plates were incubated at a 37 C/5% CO2 incubator for 5 hours, 23 nL of compounds dissolved in DMSO, positive and negative controls was transferred to the assay plate by a pintool work station. The plates were incubated at 37 C for 40 hours. The fluorescence intensity were measured at 0h, 8h, 16h, 24h, 32h and 40h time points using ViewLux plate reader during compound treatment.Disclaimer:Although all reasonable efforts"
1259253,NA,"spenser and a small sterile cassette.  One column was media alone to be used as a :""no cells"" control.  The plates were then covered with sterilized stainless steel gasketed lids from Kalypsys.  After allowing cells to attach for 4 hours, 23 nL of test compound or control (negative control DMSO and positive control 9.2 uM Bortezomib-final) were added from a 1536-well polypropylene compound source plate to each well using a 1536 head pin tool from Kalypsys.  Cells were then incubated for 48 hours at 37C, 95% relative humidity and 5% CO2.  After 48 hours, plates were removed from the incubator a","spenser and a small sterile cassette.  One column was media alone to be used as a :""no cells"" control.  The plates were then covered with sterilized stainless steel gasketed lids from Kalypsys.  After allowing cells to attach for 4 hours, 23 nL of test compound or control (negative control DMSO and positive control 9.2 uM Bortezomib-final) were added from a 1536-well polypropylene compound source plate to each well using a 1536 head pin tool from Kalypsys.  Cells were then incubated for 48 hours at 37C, 95% relative humidity and 5% CO2.  After 48 hours, plates were removed from the incubator a"
1259255,NA,"spenser and a small sterile cassette.  One column was media alone to be used as a :""no cells"" control.  The plates were then covered with sterilized stainless steel gasketed lids from Kalypsys.  After allowing cells to attach for 4 hours, 23 nL of test compound or control (negative control DMSO and positive control 9.2 uM Bortezomib-final) were added from a 1536-well polypropylene compound source plate to each well using a 1536 head pin tool from Kalypsys.  Cells were then incubated for 48 hours at 37C, 95% relative humidity and 5% CO2.  After 48 hours, plates were removed from the incubator a","spenser and a small sterile cassette.  One column was media alone to be used as a :""no cells"" control.  The plates were then covered with sterilized stainless steel gasketed lids from Kalypsys.  After allowing cells to attach for 4 hours, 23 nL of test compound or control (negative control DMSO and positive control 9.2 uM Bortezomib-final) were added from a 1536-well polypropylene compound source plate to each well using a 1536 head pin tool from Kalypsys.  Cells were then incubated for 48 hours at 37C, 95% relative humidity and 5% CO2.  After 48 hours, plates were removed from the incubator a"
1259366,NA,"ispensed at 2,000 per well in 5uL of culture medium into white solid bottom 1536-well plates (Greiner Bio-One, Monroe, NC) using a Multidrop Combi (Thermo Scientific, Waltham, MA) dispenser. The assay plates were incubated at 37 C and 5% CO2 for 4hr, and then 23nL of compounds dissolved in DMSO and positive control were transferred using a Pintool station (Wako, San Diego, CA). The assay plates were incubated at 37C and 5% CO2 for 24hr. For viability read, after 23hr of compound treatment, 1uL of CellTiter-Fluor reagent (Promega Corporation, Madison, WI) was added to each well of the assay pla","ispensed at 2,000 per well in 5uL of culture medium into white solid bottom 1536-well plates (Greiner Bio-One, Monroe, NC) using a Multidrop Combi (Thermo Scientific, Waltham, MA) dispenser. The assay plates were incubated at 37 C and 5% CO2 for 4hr, and then 23nL of compounds dissolved in DMSO and positive control were transferred using a Pintool station (Wako, San Diego, CA). The assay plates were incubated at 37C and 5% CO2 for 24hr. For viability read, after 23hr of compound treatment, 1uL of CellTiter-Fluor reagent (Promega Corporation, Madison, WI) was added to each well of the assay pla"
1259367,NA,"ispensed at 2,000 per well in 5uL of culture medium into white solid bottom 1536-well plates (Greiner Bio-One, Monroe, NC) using a Multidrop Combi (Thermo Scientific, Waltham, MA) dispenser. The assay plates were incubated at 37 C and 5% CO2 for 4hr, and then 23nL of compounds dissolved in DMSO and positive control were transferred using a Pintool station (Wako, San Diego, CA). The compound transfer was followed by the addition of 1ul conditioned medium or assay buffer using two separate tips of Flying Reagent Dispenser (FRD, Aurora Discovery, San Diego, CA). The assay plates were incubated at","ispensed at 2,000 per well in 5uL of culture medium into white solid bottom 1536-well plates (Greiner Bio-One, Monroe, NC) using a Multidrop Combi (Thermo Scientific, Waltham, MA) dispenser. The assay plates were incubated at 37 C and 5% CO2 for 4hr, and then 23nL of compounds dissolved in DMSO and positive control were transferred using a Pintool station (Wako, San Diego, CA). The compound transfer was followed by the addition of 1ul conditioned medium or assay buffer using two separate tips of Flying Reagent Dispenser (FRD, Aurora Discovery, San Diego, CA). The assay plates were incubated at"
1259368,NA,"ispensed at 2,000 per well in 5uL of culture medium into white solid bottom 1536-well plates (Greiner Bio-One, Monroe, NC) using a Multidrop Combi (Thermo Scientific, Waltham, MA) dispenser. The assay plates were incubated at 37 C and 5% CO2 for 4hr, and then 23nL of compounds dissolved in DMSO and positive control were transferred using a Pintool station (Wako, San Diego, CA). The assay plates were incubated at 37C and 5% CO2 for 24hr. For luciferase read, 4uL of Amplite Luciferase reporter gene assay reagent (AAT Bioquest, Inc. Sunnyvale, CA) was added to each well of the assay plates using ","ispensed at 2,000 per well in 5uL of culture medium into white solid bottom 1536-well plates (Greiner Bio-One, Monroe, NC) using a Multidrop Combi (Thermo Scientific, Waltham, MA) dispenser. The assay plates were incubated at 37 C and 5% CO2 for 4hr, and then 23nL of compounds dissolved in DMSO and positive control were transferred using a Pintool station (Wako, San Diego, CA). The assay plates were incubated at 37C and 5% CO2 for 24hr. For luciferase read, 4uL of Amplite Luciferase reporter gene assay reagent (AAT Bioquest, Inc. Sunnyvale, CA) was added to each well of the assay plates using "
1259369,NA,"ispensed at 2,000 per well in 5uL of culture medium into white solid bottom 1536-well plates (Greiner Bio-One, Monroe, NC) using a Multidrop Combi (Thermo Scientific, Waltham, MA) dispenser. The assay plates were incubated at 37 C and 5% CO2 for 4hr, and then 23nL of compounds dissolved in DMSO and positive control were transferred using a Pintool station (Wako, San Diego, CA). The compound transfer was followed by the addition of 1ul conditioned medium or assay buffer using two separate tips of Flying Reagent Dispenser (FRD, Aurora Discovery, San Diego, CA). The assay plates were incubated at","ispensed at 2,000 per well in 5uL of culture medium into white solid bottom 1536-well plates (Greiner Bio-One, Monroe, NC) using a Multidrop Combi (Thermo Scientific, Waltham, MA) dispenser. The assay plates were incubated at 37 C and 5% CO2 for 4hr, and then 23nL of compounds dissolved in DMSO and positive control were transferred using a Pintool station (Wako, San Diego, CA). The compound transfer was followed by the addition of 1ul conditioned medium or assay buffer using two separate tips of Flying Reagent Dispenser (FRD, Aurora Discovery, San Diego, CA). The assay plates were incubated at"
1259380,NA,"0 cells/5 uL of assay medium containing 2% charcoal stripped FBS per well into black wall/clear-bottom 1536-well plates using a Multidrop Combi (ThermoFisher Scientific, Waltham, MA) dispenser. After the assay plates were incubated at a 37C and 5% CO2 for 6 hr, 23 nL of compounds dissolved in DMSO, positive controls or DMSO only was transferred to the assay plate by a Pintool station (Kalypsys, San Diego, CA). The plates were incubated at 37C and 5% CO2 for 16 hr. Then 1 uL of LiveBLAzerTM B/G FRET substrate was added using a BioRAPTR FRD (Flying Reagent Dispenser, Aurora Discovery, San Diego,","0 cells/5 uL of assay medium containing 2% charcoal stripped FBS per well into black wall/clear-bottom 1536-well plates using a Multidrop Combi (ThermoFisher Scientific, Waltham, MA) dispenser. After the assay plates were incubated at a 37C and 5% CO2 for 6 hr, 23 nL of compounds dissolved in DMSO, positive controls or DMSO only was transferred to the assay plate by a Pintool station (Kalypsys, San Diego, CA). The plates were incubated at 37C and 5% CO2 for 16 hr. Then 1 uL of LiveBLAzerTM B/G FRET substrate was added using a BioRAPTR FRD (Flying Reagent Dispenser, Aurora Discovery, San Diego,"
1259383,NA,". After the assay plates were incubated at 37C and 5% CO2 for 24hr, 1uL of 10.0nM (final concentration) ICI-182,780 or assay buffer was added using two separate tips of Flying Reagent Dispenser (FRD, Aurora Discovery, San Diego, CA). Then 23nL of compounds dissolved in DMSO at 15 concentrations and positive controls or DMSO only was transferred to the assay plates by a Pintool station (Wako, San Diego, CA). The assay plates were incubated at 37C and 5% CO2 for 22hr. For luciferase read, 4uL/well ONE-Glo reagent (Promega Corporation, Madison, WI) was added to each well using FRD and after 30min",". After the assay plates were incubated at 37C and 5% CO2 for 24hr, 1uL of 10.0nM (final concentration) ICI-182,780 or assay buffer was added using two separate tips of Flying Reagent Dispenser (FRD, Aurora Discovery, San Diego, CA). Then 23nL of compounds dissolved in DMSO at 15 concentrations and positive controls or DMSO only was transferred to the assay plates by a Pintool station (Wako, San Diego, CA). The assay plates were incubated at 37C and 5% CO2 for 22hr. For luciferase read, 4uL/well ONE-Glo reagent (Promega Corporation, Madison, WI) was added to each well using FRD and after 30min"
1296008,NA,NA,"xic, inactive, or inconclusive.42PotencyConcentration at which compound exhibits half-maximal efficacy, AC50. Extrapolated AC50s also include the highest efficacy observed and the concentration of compound at which it was observed.153EfficacyMaximal efficacy of compound, reported as a percentage of control. These values are estimated based on fits of the Hill equation to the dose-response curves.1154Analysis CommentAnnotation/notes on a particular compound's data or its analysis.45Activity_ScoreActivity score.26Curve_DescriptionA description of dose-response curve quality. A complete curve has"
1296009,"egree celsius, 2.5 uL of CellTiter-Glo (Promega) was dispensed into each well using a BiorapTR. Plates were incubated at room temperature for 10 min, transferred to a ViewLux (PerkinElmer) and the luminescence was recorded using an exposure time of 2 seconds. Relative luminescence units (RLUs) were normalized to in-plate controls (no cells as a positive (cytotoxicity) control, DMSO as negative control) and the normalized data was processed using NCATS in-house software.Compound Ranking:1. Compounds are first classified as having full titration curves, partial modulation, partial curve (weaker ",NA," drive oncogenesis. The remaining MCCs are virus-negative (VN-MCC) and are caused by UV mutagenesis. To identify novel treatments for VP-MCC and/or VN-MCC we screened three VP-MCC cell lines (WAGA, MKL-1, MKL-2), three VN-MCC cell lines (MCC-13, MCC-26, UISO), and four immortalized, non-transformed control cell lines (HaCaT, HEK293T, CRL7250, NIH-3T3) against ~2,400 compounds in the NCGC Pharmaceutical Collection (NPC) and ~1,900 compounds in the Mechanism Interrogation PlatE (MiPE). Using cell viability as a readout (CellTiter-Glo assay) we found both overlapping and distinct drugs that can b"
1345199,NA,NA,"e neurospheres were incubated with drugs for 48 hours in 1536-well format, then assayed with an ATP content cell viability assay. From the primary screen results, 120 compounds showed a cell killing effect in one or more of the GBM lines with a greater than 10-fold selectivity for cancer cells over control astrocytes. These hits were cherry picked to confirm activity in the four original GBM lines screened plus three other slower growing GMB lines (unable to yield enough cells for a full primary screen). Variable activities of the confirmed primary hits in the different GBM patient lines were "
1346799,NA,"0 cells/5 uL of assay medium containing 2% charcoal stripped FBS per well into black wall/clear-bottom 1536-well plates using a Multidrop Combi (ThermoFisher Scientific, Waltham, MA) dispenser. After the assay plates were incubated at a 37C and 5% CO2 for 6 hr, 23 nL of compounds dissolved in DMSO, positive controls or DMSO only was transferred to the assay plate by a Pintool station (Kalypsys, San Diego, CA). The plates were incubated at 37C and 5% CO2 for 16 hr. Then 1 uL of LiveBLAzer B/G FRET substrate was added using a Flying Reagent Dispenser (FRD, Aurora Discovery, San Diego, CA), the p","0 cells/5 uL of assay medium containing 2% charcoal stripped FBS per well into black wall/clear-bottom 1536-well plates using a Multidrop Combi (ThermoFisher Scientific, Waltham, MA) dispenser. After the assay plates were incubated at a 37C and 5% CO2 for 6 hr, 23 nL of compounds dissolved in DMSO, positive controls or DMSO only was transferred to the assay plate by a Pintool station (Kalypsys, San Diego, CA). The plates were incubated at 37C and 5% CO2 for 16 hr. Then 1 uL of LiveBLAzer B/G FRET substrate was added using a Flying Reagent Dispenser (FRD, Aurora Discovery, San Diego, CA), the p"
1346977,NA,"y medium containing 5% charcoal-stripped FBS into white solid bottom 1536-well plates (Corning Life Sciences, Corning, NY) using a Multidrop Combi (Thermo Scientific, Waltham, MA) dispenser. The assay plates were incubated at 37 C and 5% CO2 for 5hr, and then 23nL of compounds dissolved in DMSO and positive control were transferred using a Pintool station (Wako, San Diego, CA). The assay plates were incubated at 37C and 5% CO2 for 24hr. For cytotoxicity read, after 23hr incubation at 37C, 1uL CellTiter-Fluor reagent (Promega Corporation, Madison, WI) was added to each well of the assay plates ","y medium containing 5% charcoal-stripped FBS into white solid bottom 1536-well plates (Corning Life Sciences, Corning, NY) using a Multidrop Combi (Thermo Scientific, Waltham, MA) dispenser. The assay plates were incubated at 37 C and 5% CO2 for 5hr, and then 23nL of compounds dissolved in DMSO and positive control were transferred using a Pintool station (Wako, San Diego, CA). The assay plates were incubated at 37C and 5% CO2 for 24hr. For cytotoxicity read, after 23hr incubation at 37C, 1uL CellTiter-Fluor reagent (Promega Corporation, Madison, WI) was added to each well of the assay plates "
1346979,NA,"d at 1,500 per well in 5uL of culture medium into white solid bottom 1536-well plates (Corning Life Sciences, Corning, NY) using a Multidrop Combi (Thermo Scientific, Waltham, MA) dispenser. The assay plates were incubated at 37 C and 5% CO2 for 5hr, and then 23nL of compounds dissolved in DMSO and positive control were transferred using a Pintool station (Wako, San Diego, CA). The assay plates were incubated at 37C and 5% CO2 for 17hr. For cytotoxicity read, after 16hr incubation at 37C, 1uL CellTiter-Fluor reagent (Promega Corporation, Madison, WI) was added to each well of the assay plates ","d at 1,500 per well in 5uL of culture medium into white solid bottom 1536-well plates (Corning Life Sciences, Corning, NY) using a Multidrop Combi (Thermo Scientific, Waltham, MA) dispenser. The assay plates were incubated at 37 C and 5% CO2 for 5hr, and then 23nL of compounds dissolved in DMSO and positive control were transferred using a Pintool station (Wako, San Diego, CA). The assay plates were incubated at 37C and 5% CO2 for 17hr. For cytotoxicity read, after 16hr incubation at 37C, 1uL CellTiter-Fluor reagent (Promega Corporation, Madison, WI) was added to each well of the assay plates "
1346982,NA,"y medium containing 5% charcoal-stripped FBS into white solid bottom 1536-well plates (Corning Life Sciences, Corning, NY) using a Multidrop Combi (Thermo Scientific, Waltham, MA) dispenser. The assay plates were incubated at 37 C and 5% CO2 for 5hr, and then 23nL of compounds dissolved in DMSO and positive control were transferred using a Pintool station (Wako, San Diego, CA). The assay plates were incubated at 37C and 5% CO2 for 24hr. For luciferase read, 4uL of ONE-Glo reagent (Promega Corporation, Madison, WI) was added to each well of the assay plates using Flying Reagent Dispenser (FRD, ","y medium containing 5% charcoal-stripped FBS into white solid bottom 1536-well plates (Corning Life Sciences, Corning, NY) using a Multidrop Combi (Thermo Scientific, Waltham, MA) dispenser. The assay plates were incubated at 37 C and 5% CO2 for 5hr, and then 23nL of compounds dissolved in DMSO and positive control were transferred using a Pintool station (Wako, San Diego, CA). The assay plates were incubated at 37C and 5% CO2 for 24hr. For luciferase read, 4uL of ONE-Glo reagent (Promega Corporation, Madison, WI) was added to each well of the assay plates using Flying Reagent Dispenser (FRD, "
1347089,NA,"Five microliters of cells were dispensed into 1,536-well, white, solid-bottom, TC-treated plates (Greiner Bio One) using a multidrop dispenser and incubated at 37 degrees C, 5% CO2, under a humidified atmosphere for 5 hours. Twenty-three nanoliters of compounds and controls (neutral control DMSO or positive control bortezomib at final concentration of 2.3 uM) were subsequently transferred by Kalypsys pintool. For primary screens, the MIPE collection was tested at 11-point dilutions (final concentrations range from 0.78 nM to 46 muM) and the NPC collection at 8-point dilutions (final concentrat","Five microliters of cells were dispensed into 1,536-well, white, solid-bottom, TC-treated plates (Greiner Bio One) using a multidrop dispenser and incubated at 37 degrees C, 5% CO2, under a humidified atmosphere for 5 hours. Twenty-three nanoliters of compounds and controls (neutral control DMSO or positive control bortezomib at final concentration of 2.3 uM) were subsequently transferred by Kalypsys pintool. For primary screens, the MIPE collection was tested at 11-point dilutions (final concentrations range from 0.78 nM to 46 muM) and the NPC collection at 8-point dilutions (final concentrat"
1347092,NA,"Five microliters of cells were dispensed into 1,536-well, white, solid-bottom, TC-treated plates (Greiner Bio One) using a multidrop dispenser and incubated at 37 degrees C, 5% CO2, under a humidified atmosphere for 5 hours. Twenty-three nanoliters of compounds and controls (neutral control DMSO or positive control bortezomib at final concentration of 2.3 uM) were subsequently transferred by Kalypsys pintool. For primary screens, the MIPE collection was tested at 11-point dilutions (final concentrations range from 0.78 nM to 46 muM) and the NPC collection at 8-point dilutions (final concentrat","Five microliters of cells were dispensed into 1,536-well, white, solid-bottom, TC-treated plates (Greiner Bio One) using a multidrop dispenser and incubated at 37 degrees C, 5% CO2, under a humidified atmosphere for 5 hours. Twenty-three nanoliters of compounds and controls (neutral control DMSO or positive control bortezomib at final concentration of 2.3 uM) were subsequently transferred by Kalypsys pintool. For primary screens, the MIPE collection was tested at 11-point dilutions (final concentrations range from 0.78 nM to 46 muM) and the NPC collection at 8-point dilutions (final concentrat"
1347093,NA,"Five microliters of cells were dispensed into 1,536-well, white, solid-bottom, TC-treated plates (Greiner Bio One) using a multidrop dispenser and incubated at 37 degrees C, 5% CO2, under a humidified atmosphere for 5 hours. Twenty-three nanoliters of compounds and controls (neutral control DMSO or positive control bortezomib at final concentration of 2.3 muM) were subsequently transferred by Kalypsys pintool. For primary screens, the MIPE collection was tested at 11-point dilutions (final concentrations range from 0.78 nM to 46 muM) and the NPC collection at 8-point dilutions (final concentra","Five microliters of cells were dispensed into 1,536-well, white, solid-bottom, TC-treated plates (Greiner Bio One) using a multidrop dispenser and incubated at 37 degrees C, 5% CO2, under a humidified atmosphere for 5 hours. Twenty-three nanoliters of compounds and controls (neutral control DMSO or positive control bortezomib at final concentration of 2.3 muM) were subsequently transferred by Kalypsys pintool. For primary screens, the MIPE collection was tested at 11-point dilutions (final concentrations range from 0.78 nM to 46 muM) and the NPC collection at 8-point dilutions (final concentra"
1347094,NA,"Five microliters of cells were dispensed into 1,536-well, white, solid-bottom, TC-treated plates (Greiner Bio One) using a multidrop dispenser and incubated at 37 degrees C, 5% CO2, under a humidified atmosphere for 5 hours. Twenty-three nanoliters of compounds and controls (neutral control DMSO or positive control bortezomib at final concentration of 2.3 muM) were subsequently transferred by Kalypsys pintool. For primary screens, the MIPE collection was tested at 11-point dilutions (final concentrations range from 0.78 nM to 46 muM) and the NPC collection at 8-point dilutions (final concentra","Five microliters of cells were dispensed into 1,536-well, white, solid-bottom, TC-treated plates (Greiner Bio One) using a multidrop dispenser and incubated at 37 degrees C, 5% CO2, under a humidified atmosphere for 5 hours. Twenty-three nanoliters of compounds and controls (neutral control DMSO or positive control bortezomib at final concentration of 2.3 muM) were subsequently transferred by Kalypsys pintool. For primary screens, the MIPE collection was tested at 11-point dilutions (final concentrations range from 0.78 nM to 46 muM) and the NPC collection at 8-point dilutions (final concentra"
1347095,NA,"Five microliters of cells were dispensed into 1,536-well, white, solid-bottom, TC-treated plates (Greiner Bio One) using a multidrop dispenser and incubated at 37 degrees C, 5% CO2, under a humidified atmosphere for 5 hours. Twenty-three nanoliters of compounds and controls (neutral control DMSO or positive control bortezomib at final concentration of 2.3 muM) were subsequently transferred by Kalypsys pintool. For primary screens, the MIPE collection was tested at 11-point dilutions (final concentrations range from 0.78 nM to 46 muM) and the NPC collection at 8-point dilutions (final concentra","Five microliters of cells were dispensed into 1,536-well, white, solid-bottom, TC-treated plates (Greiner Bio One) using a multidrop dispenser and incubated at 37 degrees C, 5% CO2, under a humidified atmosphere for 5 hours. Twenty-three nanoliters of compounds and controls (neutral control DMSO or positive control bortezomib at final concentration of 2.3 muM) were subsequently transferred by Kalypsys pintool. For primary screens, the MIPE collection was tested at 11-point dilutions (final concentrations range from 0.78 nM to 46 muM) and the NPC collection at 8-point dilutions (final concentra"
1347100,NA,"Five microliters of cells were dispensed into 1,536-well, white, solid-bottom, TC-treated plates (Greiner Bio One) using a multidrop dispenser and incubated at 37 degrees C, 5% CO2, under a humidified atmosphere for 5 hours. Twenty-three nanoliters of compounds and controls (neutral control DMSO or positive control bortezomib at final concentration of 2.3 muM) were subsequently transferred by Kalypsys pintool. For primary screens, the MIPE collection was tested at 11-point dilutions (final concentrations range from 0.78 nM to 46 muM) and the NPC collection at 8-point dilutions (final concentra","Five microliters of cells were dispensed into 1,536-well, white, solid-bottom, TC-treated plates (Greiner Bio One) using a multidrop dispenser and incubated at 37 degrees C, 5% CO2, under a humidified atmosphere for 5 hours. Twenty-three nanoliters of compounds and controls (neutral control DMSO or positive control bortezomib at final concentration of 2.3 muM) were subsequently transferred by Kalypsys pintool. For primary screens, the MIPE collection was tested at 11-point dilutions (final concentrations range from 0.78 nM to 46 muM) and the NPC collection at 8-point dilutions (final concentra"
1347103,NA,"Five microliters of cells were dispensed into 1,536-well, white, solid-bottom, TC-treated plates (Greiner Bio One) using a multidrop dispenser and incubated at 37 degrees C, 5% CO2, under a humidified atmosphere for 5 hours. Twenty-three nanoliters of compounds and controls (neutral control DMSO or positive control bortezomib at final concentration of 2.3 muM) were subsequently transferred by Kalypsys pintool. For primary screens, the MIPE collection was tested at 11-point dilutions (final concentrations range from 0.78 nM to 46 muM) and the NPC collection at 8-point dilutions (final concentra","Five microliters of cells were dispensed into 1,536-well, white, solid-bottom, TC-treated plates (Greiner Bio One) using a multidrop dispenser and incubated at 37 degrees C, 5% CO2, under a humidified atmosphere for 5 hours. Twenty-three nanoliters of compounds and controls (neutral control DMSO or positive control bortezomib at final concentration of 2.3 muM) were subsequently transferred by Kalypsys pintool. For primary screens, the MIPE collection was tested at 11-point dilutions (final concentrations range from 0.78 nM to 46 muM) and the NPC collection at 8-point dilutions (final concentra"
1347110,NA,"Five microliters of cells were dispensed into 1,536-well, white, solid-bottom, TC-treated plates (Greiner Bio One) using a multidrop dispenser and incubated at 37 degrees C, 5% CO2, under a humidified atmosphere for 5 hours. Twenty-three nanoliters of compounds and controls (neutral control DMSO or positive control bortezomib at final concentration of 2.3 uM) were subsequently transferred by Kalypsys pintool. For primary screens, the MIPE collection was tested at 11-point dilutions (final concentrations range from 0.78 nM to 46 muM) and the NPC collection at 8-point dilutions (final concentrat","Five microliters of cells were dispensed into 1,536-well, white, solid-bottom, TC-treated plates (Greiner Bio One) using a multidrop dispenser and incubated at 37 degrees C, 5% CO2, under a humidified atmosphere for 5 hours. Twenty-three nanoliters of compounds and controls (neutral control DMSO or positive control bortezomib at final concentration of 2.3 uM) were subsequently transferred by Kalypsys pintool. For primary screens, the MIPE collection was tested at 11-point dilutions (final concentrations range from 0.78 nM to 46 muM) and the NPC collection at 8-point dilutions (final concentrat"
1347111,NA,"Five microliters of cells were dispensed into 1,536-well, white, solid-bottom, TC-treated plates (Greiner Bio One) using a multidrop dispenser and incubated at 37 degrees C, 5% CO2, under a humidified atmosphere for 5 hours. Twenty-three nanoliters of compounds and controls (neutral control DMSO or positive control bortezomib at final concentration of 2.3 muM) were subsequently transferred by Kalypsys pintool. For primary screens, the MIPE collection was tested at 11-point dilutions (final concentrations range from 0.78 nM to 46 muM) and the NPC collection at 8-point dilutions (final concentra","Five microliters of cells were dispensed into 1,536-well, white, solid-bottom, TC-treated plates (Greiner Bio One) using a multidrop dispenser and incubated at 37 degrees C, 5% CO2, under a humidified atmosphere for 5 hours. Twenty-three nanoliters of compounds and controls (neutral control DMSO or positive control bortezomib at final concentration of 2.3 muM) were subsequently transferred by Kalypsys pintool. For primary screens, the MIPE collection was tested at 11-point dilutions (final concentrations range from 0.78 nM to 46 muM) and the NPC collection at 8-point dilutions (final concentra"
1347115,NA,"Five microliters of cells were dispensed into 1,536-well, white, solid-bottom, TC-treated plates (Greiner Bio One) using a multidrop dispenser and incubated at 37 degrees C, 5% CO2, under a humidified atmosphere for 5 hours. Twenty-three nanoliters of compounds and controls (neutral control DMSO or positive control bortezomib at final concentration of 2.3 muM) were subsequently transferred by Kalypsys pintool. For primary screens, the MIPE collection was tested at 11-point dilutions (final concentrations range from 0.78 nM to 46 muM) and the NPC collection at 8-point dilutions (final concentra","Five microliters of cells were dispensed into 1,536-well, white, solid-bottom, TC-treated plates (Greiner Bio One) using a multidrop dispenser and incubated at 37 degrees C, 5% CO2, under a humidified atmosphere for 5 hours. Twenty-three nanoliters of compounds and controls (neutral control DMSO or positive control bortezomib at final concentration of 2.3 muM) were subsequently transferred by Kalypsys pintool. For primary screens, the MIPE collection was tested at 11-point dilutions (final concentrations range from 0.78 nM to 46 muM) and the NPC collection at 8-point dilutions (final concentra"
1347117,NA,"Five microliters of cells were dispensed into 1,536-well, white, solid-bottom, TC-treated plates (Greiner Bio One) using a multidrop dispenser and incubated at 37 degrees C, 5% CO2, under a humidified atmosphere for 5 hours. Twenty-three nanoliters of compounds and controls (neutral control DMSO or positive control bortezomib at final concentration of 2.3 muM) were subsequently transferred by Kalypsys pintool. For primary screens, the MIPE collection was tested at 11-point dilutions (final concentrations range from 0.78 nM to 46 muM) and the NPC collection at 8-point dilutions (final concentra","Five microliters of cells were dispensed into 1,536-well, white, solid-bottom, TC-treated plates (Greiner Bio One) using a multidrop dispenser and incubated at 37 degrees C, 5% CO2, under a humidified atmosphere for 5 hours. Twenty-three nanoliters of compounds and controls (neutral control DMSO or positive control bortezomib at final concentration of 2.3 muM) were subsequently transferred by Kalypsys pintool. For primary screens, the MIPE collection was tested at 11-point dilutions (final concentrations range from 0.78 nM to 46 muM) and the NPC collection at 8-point dilutions (final concentra"
1347118,NA,"Five microliters of cells were dispensed into 1,536-well, white, solid-bottom, TC-treated plates (Greiner Bio One) using a multidrop dispenser and incubated at 37 degrees C, 5% CO2, under a humidified atmosphere for 5 hours. Twenty-three nanoliters of compounds and controls (neutral control DMSO or positive control bortezomib at final concentration of 2.3 uM) were subsequently transferred by Kalypsys pintool. For primary screens, the MIPE collection was tested at 11-point dilutions (final concentrations range from 0.78 nM to 46 muM) and the NPC collection at 8-point dilutions (final concentrat","Five microliters of cells were dispensed into 1,536-well, white, solid-bottom, TC-treated plates (Greiner Bio One) using a multidrop dispenser and incubated at 37 degrees C, 5% CO2, under a humidified atmosphere for 5 hours. Twenty-three nanoliters of compounds and controls (neutral control DMSO or positive control bortezomib at final concentration of 2.3 uM) were subsequently transferred by Kalypsys pintool. For primary screens, the MIPE collection was tested at 11-point dilutions (final concentrations range from 0.78 nM to 46 muM) and the NPC collection at 8-point dilutions (final concentrat"
1645876,NA,NA,"xic, inactive, or inconclusive.42PotencyConcentration at which compound exhibits half-maximal efficacy, AC50. Extrapolated AC50s also include the highest efficacy observed and the concentration of compound at which it was observed.153EfficacyMaximal efficacy of compound, reported as a percentage of control. These values are estimated based on fits of the Hill equation to the dose-response curves.1154Analysis CommentAnnotation/notes on a particular compound's data or its analysis.45Activity_ScoreActivity score.22546Curve_DescriptionA description of dose-response curve quality. A complete curve "
1645877,NA,NA,"xic, inactive, or inconclusive.42PotencyConcentration at which compound exhibits half-maximal efficacy, AC50. Extrapolated AC50s also include the highest efficacy observed and the concentration of compound at which it was observed.153EfficacyMaximal efficacy of compound, reported as a percentage of control. These values are estimated based on fits of the Hill equation to the dose-response curves.1154Analysis CommentAnnotation/notes on a particular compound's data or its analysis.45Activity_ScoreActivity score.22546Curve_DescriptionA description of dose-response curve quality. A complete curve "
1645880,"quipped with a 1536-pin array. The plates were centrifuged at 1,000 rpm for 15 seconds followed by 5 minute incubation at room temperature. The assay plates were read at 5 minute intervals for 30 minutes in the ViewLux plate reader using 480nm excitation and 540nm emission filters. The results were normalized to the agonist positive control ATA and DMSO.Disclaimer:Although all reasonable efforts have been made to ensure the accuracy and reliability of the data, caution should be exercised when interpreting the results as artifacts are possible from nonspecific effects such as assay signal inte","ray. The plates were centrifuged at 1,000 rpm for 15 seconds followed by 5 minute incubation at room temperature. The assay plates were read at 5 minute intervals for 30 minutes in the ViewLux plate reader using 480nm excitation and 540nm emission filters. The results were normalized to the agonist positive control ATA and DMSO.Disclaimer:Although all reasonable efforts have been made to ensure the accuracy and reliability of the data, caution should be exercised when interpreting the results as artifacts are possible from nonspecific effects such as assay signal interference. The curve fittin","ray. The plates were centrifuged at 1,000 rpm for 15 seconds followed by 5 minute incubation at room temperature. The assay plates were read at 5 minute intervals for 30 minutes in the ViewLux plate reader using 480nm excitation and 540nm emission filters. The results were normalized to the agonist positive control ATA and DMSO.Disclaimer:Although all reasonable efforts have been made to ensure the accuracy and reliability of the data, caution should be exercised when interpreting the results as artifacts are possible from nonspecific effects such as assay signal interference. The curve fittin"
1645882,"quipped with a 1536-pin array. The plates were centrifuged at 1,000 rpm for 15 seconds followed by 5 minute incubation at room temperature. The assay plates were read at 5 minute intervals for 30 minutes in the ViewLux plate reader using 480nm excitation and 540nm emission filters. The results were normalized to the agonist positive control ATA and DMSO.Disclaimer:Although all reasonable efforts have been made to ensure the accuracy and reliability of the data, caution should be exercised when interpreting the results as artifacts are possible from nonspecific effects such as assay signal inte","ray. The plates were centrifuged at 1,000 rpm for 15 seconds followed by 5 minute incubation at room temperature. The assay plates were read at 5 minute intervals for 30 minutes in the ViewLux plate reader using 480nm excitation and 540nm emission filters. The results were normalized to the agonist positive control ATA and DMSO.Disclaimer:Although all reasonable efforts have been made to ensure the accuracy and reliability of the data, caution should be exercised when interpreting the results as artifacts are possible from nonspecific effects such as assay signal interference. The curve fittin","ray. The plates were centrifuged at 1,000 rpm for 15 seconds followed by 5 minute incubation at room temperature. The assay plates were read at 5 minute intervals for 30 minutes in the ViewLux plate reader using 480nm excitation and 540nm emission filters. The results were normalized to the agonist positive control ATA and DMSO.Disclaimer:Although all reasonable efforts have been made to ensure the accuracy and reliability of the data, caution should be exercised when interpreting the results as artifacts are possible from nonspecific effects such as assay signal interference. The curve fittin"
1645885,"quipped with a 1536-pin array. The plates were centrifuged at 1,000 rpm for 15 seconds followed by 5 minute incubation at room temperature. The assay plates were read at 5 minute intervals for 30 minutes in the ViewLux plate reader using 480nm excitation and 540nm emission filters. The results were normalized to the agonist positive control ATA and DMSO.Disclaimer:Although all reasonable efforts have been made to ensure the accuracy and reliability of the data, caution should be exercised when interpreting the results as artifacts are possible from nonspecific effects such as assay signal inte","ray. The plates were centrifuged at 1,000 rpm for 15 seconds followed by 5 minute incubation at room temperature. The assay plates were read at 5 minute intervals for 30 minutes in the ViewLux plate reader using 480nm excitation and 540nm emission filters. The results were normalized to the agonist positive control ATA and DMSO.Disclaimer:Although all reasonable efforts have been made to ensure the accuracy and reliability of the data, caution should be exercised when interpreting the results as artifacts are possible from nonspecific effects such as assay signal interference. The curve fittin","ray. The plates were centrifuged at 1,000 rpm for 15 seconds followed by 5 minute incubation at room temperature. The assay plates were read at 5 minute intervals for 30 minutes in the ViewLux plate reader using 480nm excitation and 540nm emission filters. The results were normalized to the agonist positive control ATA and DMSO.Disclaimer:Although all reasonable efforts have been made to ensure the accuracy and reliability of the data, caution should be exercised when interpreting the results as artifacts are possible from nonspecific effects such as assay signal interference. The curve fittin"
1645886,"quipped with a 1536-pin array. The plates were centrifuged at 1,000 rpm for 15 seconds followed by 5 minute incubation at room temperature. The assay plates were read at 5 minute intervals for 30 minutes in the ViewLux plate reader using 480nm excitation and 540nm emission filters. The results were normalized to the agonist positive control of 6.5 mM cAMP.Disclaimer:Although all reasonable efforts have been made to ensure the accuracy and reliability of the data, caution should be exercised when interpreting the results as artifacts are possible from nonspecific effects such as assay signal in","ray. The plates were centrifuged at 1,000 rpm for 15 seconds followed by 5 minute incubation at room temperature. The assay plates were read at 5 minute intervals for 30 minutes in the ViewLux plate reader using 480nm excitation and 540nm emission filters. The results were normalized to the agonist positive control of 6.5 mM cAMP.Disclaimer:Although all reasonable efforts have been made to ensure the accuracy and reliability of the data, caution should be exercised when interpreting the results as artifacts are possible from nonspecific effects such as assay signal interference. The curve fitt","ray. The plates were centrifuged at 1,000 rpm for 15 seconds followed by 5 minute incubation at room temperature. The assay plates were read at 5 minute intervals for 30 minutes in the ViewLux plate reader using 480nm excitation and 540nm emission filters. The results were normalized to the agonist positive control of 6.5 mM cAMP.Disclaimer:Although all reasonable efforts have been made to ensure the accuracy and reliability of the data, caution should be exercised when interpreting the results as artifacts are possible from nonspecific effects such as assay signal interference. The curve fitt"
1671190,NA,NA,"ry, University of California, Santa Cruz.PROTOCOL TABLESEQUENCE No. (e.g., 1, 2, 3, etc.); PARAMETER (e.g., Cells, Incubation, Reagent, etc.); VALUE; DESCRIPTION1; Enzyme; 3 uL; 150 nM 12hLO enzyme solution dispensed in 1536-well Greiner black, clear bottom plates. 2; Compound; 23 nL; compounds and controls were added.3; Incubate; 15 min; room temperature.4; Substrate; 1 uL; 40 uM arachidonic acid (final concentration).5; Incubate; 30 min; room temperature.6; Reagent; 4 uL; Fe-XO solution was added to each well.7; Incubation; 30 min; room temperature8; Detector; absorbance; Read 1 at 405 nm ab"
1671196,NA,"oducts by CYP isozymes. The luciferin products formed are detected with a luciferin detection reagent, and the amount of light produced is proportional to CYP activity. P450-Glo (TM) CYP2D6 screening system (Catalog. No. V9890) was used to detect the compounds that interfere in CYP2D6 activity. The positive control compound used for CYP2D6 assay is quinidine (Sigma-Aldrich, St. Louis, MO).Tox21 Assay Protocol Summary:Two ul of enzyme-substrate mix was dispensed into medium binding white/solid 1536-well plates (Greiner Bio-One North America Inc., Monroe, NC) using a BioRaptr Flying Reagent Disp","oducts by CYP isozymes. The luciferin products formed are detected with a luciferin detection reagent, and the amount of light produced is proportional to CYP activity. P450-Glo (TM) CYP2D6 screening system (Catalog. No. V9890) was used to detect the compounds that interfere in CYP2D6 activity. The positive control compound used for CYP2D6 assay is quinidine (Sigma-Aldrich, St. Louis, MO).Tox21 Assay Protocol Summary:Two ul of enzyme-substrate mix was dispensed into medium binding white/solid 1536-well plates (Greiner Bio-One North America Inc., Monroe, NC) using a BioRaptr Flying Reagent Disp"
1671197,NA,"ucts by CYP isozymes. The luciferin products formed are detected with a luciferin detection reagent, and the amount of light produced is proportional to CYP activity. P450-Glo (TM) CYP2C19 screening system (Catalog. No. V9880) was used to detect the compounds that interfere in CYP2C19 activity. The positive control compound used for CYP2C19 assay is ketoconazole (Sigma-Aldrich, St. Louis, MO).Tox21 Assay Protocol Summary:Two ul of enzyme-substrate mix was dispensed into medium binding white/solid 1536-well plates (Greiner Bio-One North America Inc., Monroe, NC) using a BioRaptr Flying Reagent ","ucts by CYP isozymes. The luciferin products formed are detected with a luciferin detection reagent, and the amount of light produced is proportional to CYP activity. P450-Glo (TM) CYP2C19 screening system (Catalog. No. V9880) was used to detect the compounds that interfere in CYP2C19 activity. The positive control compound used for CYP2C19 assay is ketoconazole (Sigma-Aldrich, St. Louis, MO).Tox21 Assay Protocol Summary:Two ul of enzyme-substrate mix was dispensed into medium binding white/solid 1536-well plates (Greiner Bio-One North America Inc., Monroe, NC) using a BioRaptr Flying Reagent "
1671198,NA,"oducts by CYP isozymes. The luciferin products formed are detected with a luciferin detection reagent, and the amount of light produced is proportional to CYP activity. P450-Glo (TM) CYP2C9 screening system (Catalog. No. V9790) was used to detect the compounds that interfere in CYP2C9 activity. The positive control compound used for CYP2C9 assay is sulfaphenazole (Sigma-Aldrich, St. Louis, MO).Tox21 Assay Protocol Summary:Two ul of enzyme-substrate mix was dispensed into medium binding white/solid 1536-well plates (Greiner Bio-One North America Inc., Monroe, NC) using a BioRaptr Flying Reagent","oducts by CYP isozymes. The luciferin products formed are detected with a luciferin detection reagent, and the amount of light produced is proportional to CYP activity. P450-Glo (TM) CYP2C9 screening system (Catalog. No. V9790) was used to detect the compounds that interfere in CYP2C9 activity. The positive control compound used for CYP2C9 assay is sulfaphenazole (Sigma-Aldrich, St. Louis, MO).Tox21 Assay Protocol Summary:Two ul of enzyme-substrate mix was dispensed into medium binding white/solid 1536-well plates (Greiner Bio-One North America Inc., Monroe, NC) using a BioRaptr Flying Reagent"
1671199,NA,"oducts by CYP isozymes. The luciferin products formed are detected with a luciferin detection reagent, and the amount of light produced is proportional to CYP activity. P450-Glo (TM) CYP1A2 screening system (Catalog. No. V9770) was used to detect the compounds that interfere in CYP1A2 activity. The positive control compound used for CYP1A2 assay is furafylline (Sigma-Aldrich, St. Louis, MO).Tox21 Assay Protocol Summary:Two ul of enzyme-substrate mix was dispensed into medium binding white/solid 1536-well plates (Greiner Bio-One North America Inc., Monroe, NC) using a BioRaptr Flying Reagent Di","oducts by CYP isozymes. The luciferin products formed are detected with a luciferin detection reagent, and the amount of light produced is proportional to CYP activity. P450-Glo (TM) CYP1A2 screening system (Catalog. No. V9770) was used to detect the compounds that interfere in CYP1A2 activity. The positive control compound used for CYP1A2 assay is furafylline (Sigma-Aldrich, St. Louis, MO).Tox21 Assay Protocol Summary:Two ul of enzyme-substrate mix was dispensed into medium binding white/solid 1536-well plates (Greiner Bio-One North America Inc., Monroe, NC) using a BioRaptr Flying Reagent Di"
1671201,NA,"oducts by CYP isozymes. The luciferin products formed are detected with a luciferin detection reagent, and the amount of light produced is proportional to CYP activity. P450-Glo (TM) CYP3A4 screening system (Catalog. No. V9910) was used to detect the compounds that interfere in CYP3A4 activity. The positive control compound used for CYP3A4 assay is ketoconazole (Sigma-Aldrich, St. Louis, MO).Tox21 Assay Protocol Summary:Two ul of enzyme-substrate mix was dispensed into medium binding white/solid 1536-well plates (Greiner Bio-One North America Inc., Monroe, NC) using a BioRaptr Flying Reagent D","oducts by CYP isozymes. The luciferin products formed are detected with a luciferin detection reagent, and the amount of light produced is proportional to CYP activity. P450-Glo (TM) CYP3A4 screening system (Catalog. No. V9910) was used to detect the compounds that interfere in CYP3A4 activity. The positive control compound used for CYP3A4 assay is ketoconazole (Sigma-Aldrich, St. Louis, MO).Tox21 Assay Protocol Summary:Two ul of enzyme-substrate mix was dispensed into medium binding white/solid 1536-well plates (Greiner Bio-One North America Inc., Monroe, NC) using a BioRaptr Flying Reagent D"
1845192,NA,NA,"cific inhibitors and can here present a validated pipeline for future discovery research for selenoprotein-targeting agents.PROTOCOL TABLESEQUENCE No. (e.g., 1, 2, 3, etc.); PARAMETER (e.g., Cells, Incubation, Reagent, etc.); VALUE; DESCRIPTION.1; Reagent 1; 3 uL; 333.33 nM GPx4 enzyme or no enzyme control in 1536-well, black, solid Greiner assay plate. 2; Compound; 25 nL; Kalypsis pin tool (Wako USA) equipped with a 1536-well pin head.3; Incubation; 30 min; room temperature. 4; Reagent 2; 1 uL; 500 nM GR, 5 mM GSH, 2.5 mM NADPH solution5; Reagent 3; 1 uL; 2.5 mM CHP in 50% EtOH.6; Detection; "
1885201,NA,NA,"r related 1 (Nurr1) is a transcription factor with neuroprotective and antineuroinflammatory properties. Observations from genetic studies and human patients support potential of Nurr1 as a therapeutic target in neurodegeneration, but due to a lack of high-quality chemical tools for pharmacological control of Nurr1, its target validation is pending. Nevertheless, considerable progress has recently been made in elucidating structural and functional characteristics of Nurr1, and several ligand scaffolds have been discovered. Here, we analyze Nurr1's structure and mechanisms compared to other nuc"
1885202,NA,NA,"r related 1 (Nurr1) is a transcription factor with neuroprotective and antineuroinflammatory properties. Observations from genetic studies and human patients support potential of Nurr1 as a therapeutic target in neurodegeneration, but due to a lack of high-quality chemical tools for pharmacological control of Nurr1, its target validation is pending. Nevertheless, considerable progress has recently been made in elucidating structural and functional characteristics of Nurr1, and several ligand scaffolds have been discovered. Here, we analyze Nurr1's structure and mechanisms compared to other nuc"
1885203,NA,NA,"r related 1 (Nurr1) is a transcription factor with neuroprotective and antineuroinflammatory properties. Observations from genetic studies and human patients support potential of Nurr1 as a therapeutic target in neurodegeneration, but due to a lack of high-quality chemical tools for pharmacological control of Nurr1, its target validation is pending. Nevertheless, considerable progress has recently been made in elucidating structural and functional characteristics of Nurr1, and several ligand scaffolds have been discovered. Here, we analyze Nurr1's structure and mechanisms compared to other nuc"
1885204,NA,NA,"r related 1 (Nurr1) is a transcription factor with neuroprotective and antineuroinflammatory properties. Observations from genetic studies and human patients support potential of Nurr1 as a therapeutic target in neurodegeneration, but due to a lack of high-quality chemical tools for pharmacological control of Nurr1, its target validation is pending. Nevertheless, considerable progress has recently been made in elucidating structural and functional characteristics of Nurr1, and several ligand scaffolds have been discovered. Here, we analyze Nurr1's structure and mechanisms compared to other nuc"
1885205,NA,NA,"r related 1 (Nurr1) is a transcription factor with neuroprotective and antineuroinflammatory properties. Observations from genetic studies and human patients support potential of Nurr1 as a therapeutic target in neurodegeneration, but due to a lack of high-quality chemical tools for pharmacological control of Nurr1, its target validation is pending. Nevertheless, considerable progress has recently been made in elucidating structural and functional characteristics of Nurr1, and several ligand scaffolds have been discovered. Here, we analyze Nurr1's structure and mechanisms compared to other nuc"
1885206,NA,NA,"r related 1 (Nurr1) is a transcription factor with neuroprotective and antineuroinflammatory properties. Observations from genetic studies and human patients support potential of Nurr1 as a therapeutic target in neurodegeneration, but due to a lack of high-quality chemical tools for pharmacological control of Nurr1, its target validation is pending. Nevertheless, considerable progress has recently been made in elucidating structural and functional characteristics of Nurr1, and several ligand scaffolds have been discovered. Here, we analyze Nurr1's structure and mechanisms compared to other nuc"
1918961,NA,NA," per well for inhibition of cell viability (assessed by measuring ATP levels with CellTiterGlo). 2. NCATS MIPE 4.0 library of approved and investigational drugs were added using the Kalypsis pin tool. Wells treated with DMSO only for 100% viability and media only wells for 0% viability were used as controls.3. The assay plates were covered and incubated for 48 hours in a 37C, 5% CO2 incubator with controlled humidity.4. After 48 hours, CellTilter-GloTM luminescent substrate mix (Promega) reagent was added to the assay plate and plates we incubated for 5 min at room temperature. 5. Signal was m"
1918974,NA,NA," per well for inhibition of cell viability (assessed by measuring ATP levels with CellTiterGlo). 2. NCATS MIPE 4.0 library of approved and investigational drugs were added using the Kalypsis pin tool. Wells treated with DMSO only for 100% viability and media only wells for 0% viability were used as controls.3. The assay plates were covered and incubated for 48 hours in a 37C, 5% CO2 incubator with controlled humidity.4. After 48 hours, CellTilter-GloTM luminescent substrate mix (Promega) reagent was added to the assay plate and plates we incubated for 5 min at room temperature. 5. Signal was m"
1918981,NA,NA,", 5-uL per well for inhibition of cell viability (assessed by measuring ATP levels with CellTiterGlo). 2. NCATS MIPE 4.0 library of approved and investigational drugs were added using the Kalypsis pin tool. Wells treated with DMSO only for 100% viability and media only for 0% viability were used as controls.3. The assay plates were covered and incubated for 48 hours in a 37C, 5% CO2 incubator with controlled humidity.4. After 48 hours, CellTilter-GloTM luminescent substrate mix (Promega) reagent was added to the assay plate and plates we incubated for 5 min at room temperature. 5. Signal was m"
1919868,NA,NA,", 5-uL per well for inhibition of cell viability (assessed by measuring ATP levels with CellTiterGlo). 2. NCATS MIPE 4.0 library of approved and investigational drugs were added using the Kalypsis pin tool. Wells treated with DMSO only for 100% viability and media only for 0% viability were used as controls.3. The assay plates were covered and incubated for 48 hours in a 37C, 5% CO2 incubator with controlled humidity.4. After 48 hours, CellTilter-GloTM luminescent substrate mix (Promega) reagent was added to the assay plate and plates we incubated for 5 min at room temperature. 5. Signal was m"
1919969,NA,"mmary:HaCaT derived cell line KeratinoSens were dispensed at 1,500 cells/5uL/well in 1536-well white wall/solid bottom plates using a Multidrop Combi (ThermoFisher Scientific, Waltham, MA) dispenser. After the assay plates were incubated at 37 C/5% CO2 for 5 h, 23 nL of compounds dissolved in DMSO, positive controls or DMSO only was transferred to the assay plate by a pintool workstation (Kalypsys, San Diego, CA). The plates were incubated at 37 C/5% CO2 for 23 h, followed by addition of 1uL/well of CellTiter-Fluor reagent into the assay plates using a Flying Reagent Dispenser (Aurora Discover","mmary:HaCaT derived cell line KeratinoSens were dispensed at 1,500 cells/5uL/well in 1536-well white wall/solid bottom plates using a Multidrop Combi (ThermoFisher Scientific, Waltham, MA) dispenser. After the assay plates were incubated at 37 C/5% CO2 for 5 h, 23 nL of compounds dissolved in DMSO, positive controls or DMSO only was transferred to the assay plate by a pintool workstation (Kalypsys, San Diego, CA). The plates were incubated at 37 C/5% CO2 for 23 h, followed by addition of 1uL/well of CellTiter-Fluor reagent into the assay plates using a Flying Reagent Dispenser (Aurora Discover"
1919973,NA,NA,"L TABLE (as described by Inglese J, Shamu CE and Guy RK. 2007)SEQUENCE No. (e.g., 1, 2, 3, etc.); PARAMETER (e.g., Cells, Incubation, Reagent, etc.); VALUE; DESCRIPTION.1; Reagent; 2 uL; cytochrome P450 enzyme and luciferin substrate or buffer only, white solid-bottom Greiner plate.2; Compounds and control; 16 nL; Kalypsis pintool (Wako USA) equipped with a 1536-well pin head to transfer to the assay plates.3; Incubation; 15 min; room temperature. 4; Reagent; 2 uL; nicotinamide adenine dinucleotide phosphate (NADPH).5; Incubation; 30 - 45 min; room temperature in the dark.6; Reagent; 4 uL; P45"
1919974,NA,NA,"L TABLE (as described by Inglese J, Shamu CE and Guy RK. 2007)SEQUENCE No. (e.g., 1, 2, 3, etc.); PARAMETER (e.g., Cells, Incubation, Reagent, etc.); VALUE; DESCRIPTION.1; Reagent; 2 uL; cytochrome P450 enzyme and luciferin substrate or buffer only, white solid-bottom Greiner plate.2; Compounds and control; 16 nL; Kalypsis pintool (Wako USA) equipped with a 1536-well pin head to transfer to the assay plates.3; Incubation; 15 min; room temperature. 4; Reagent; 2 uL; nicotinamide adenine dinucleotide phosphate (NADPH).5; Incubation; 30 - 45 min; room temperature in the dark.6; Reagent; 4 uL; P45"
1963579,NA,"easuring the intra cellular ATP content in the same wells.Tox21 Assay Protocol Summary:The p53RE-bla cells were dispensed at 4,000cells/3ul/well in 1536-well black-clear bottom plates. After the assay plates were incubated at 37 C, 5% CO2 incubator for 5 hours, 23 nL of compounds dissolved in DMSO, positive controls or DMSO only was transferred to the assay plate. Following compound addition, 3 uL of human liver microsomes (XenoTech, Kansas City, KS) at final concentration of 0.5 mg/mL and 1uL of B-Nicotinamide adenine dinucleotide 2'-phosphate (NADPH) at final concentration of 0.5 mg/mL were ","easuring the intra cellular ATP content in the same wells.Tox21 Assay Protocol Summary:The p53RE-bla cells were dispensed at 4,000cells/3ul/well in 1536-well black-clear bottom plates. After the assay plates were incubated at 37 C, 5% CO2 incubator for 5 hours, 23 nL of compounds dissolved in DMSO, positive controls or DMSO only was transferred to the assay plate. Following compound addition, 3 uL of human liver microsomes (XenoTech, Kansas City, KS) at final concentration of 0.5 mg/mL and 1uL of B-Nicotinamide adenine dinucleotide 2'-phosphate (NADPH) at final concentration of 0.5 mg/mL were "
1963580,NA,"easuring the intra cellular ATP content in the same wells.Tox21 Assay Protocol Summary:The p53RE-bla cells were dispensed at 4,000cells/3ul/well in 1536-well black-clear bottom plates. After the assay plates were incubated at 37 C, 5% CO2 incubator for 5 hours, 23 nL of compounds dissolved in DMSO, positive controls or DMSO only was transferred to the assay plate. Following compound addition, 3 uL of rat liver microsomes (Molecular Toxicology, Boone, NC) at final concentration of 0.5 mg/mL and 1uL of B-Nicotinamide adenine dinucleotide 2'-phosphate (NADPH) at final concentration of 0.5 mg/mL w","easuring the intra cellular ATP content in the same wells.Tox21 Assay Protocol Summary:The p53RE-bla cells were dispensed at 4,000cells/3ul/well in 1536-well black-clear bottom plates. After the assay plates were incubated at 37 C, 5% CO2 incubator for 5 hours, 23 nL of compounds dissolved in DMSO, positive controls or DMSO only was transferred to the assay plate. Following compound addition, 3 uL of rat liver microsomes (Molecular Toxicology, Boone, NC) at final concentration of 0.5 mg/mL and 1uL of B-Nicotinamide adenine dinucleotide 2'-phosphate (NADPH) at final concentration of 0.5 mg/mL w"
1963581,NA,"ent in the same wells.Tox21 Assay Protocol Summary:The p53RE-bla cells were dispensed at 4,000 cells/5 ul/well in 1536-well black wall/clear bottom plates using a Multidrop dispenser. After the assay plates were incubated at a 37 C/5% CO2 incubator for 5 hours, 23 nL of compounds dissolved in DMSO, positive controls or DMSO only was transferred to the assay plate by a pin tool. The plates were incubated at 37 C for 16 hours. After 1 uL of LiveBLAzerTM B/G FRET substrate was added using a Flying Reagent Dispenser, the plates were incubated at room temperature for 2 hours, and fluorescence inten","ent in the same wells.Tox21 Assay Protocol Summary:The p53RE-bla cells were dispensed at 4,000 cells/5 ul/well in 1536-well black wall/clear bottom plates using a Multidrop dispenser. After the assay plates were incubated at a 37 C/5% CO2 incubator for 5 hours, 23 nL of compounds dissolved in DMSO, positive controls or DMSO only was transferred to the assay plate by a pin tool. The plates were incubated at 37 C for 16 hours. After 1 uL of LiveBLAzerTM B/G FRET substrate was added using a Flying Reagent Dispenser, the plates were incubated at room temperature for 2 hours, and fluorescence inten"
1963588,NA,"g a Multidrop Dispenser. After the assay plates were incubated at a 37 C/5% CO2 incubator for 18 h, 3 uL of Dye Loading Buffer was transferred to the assay plate by a Flying Reagent Dispenser. The assay plates were incubated at 37 C for 1h. For antagonist mode, 23 nL of compounds dissolved in DMSO, positive controls or DMSO only was transferred to the assay plate by a pin tool.  After 5 min incubation at room temperature, 1.5 uL of acetylcholine at 50nM was added to each well.  The fluorescence intensity in the plates was measured using FDSS 7000EX kinetic plate reader for 3 min at 1 sec inter","g a Multidrop Dispenser. After the assay plates were incubated at a 37 C/5% CO2 incubator for 18 h, 3 uL of Dye Loading Buffer was transferred to the assay plate by a Flying Reagent Dispenser. The assay plates were incubated at 37 C for 1h. For antagonist mode, 23 nL of compounds dissolved in DMSO, positive controls or DMSO only was transferred to the assay plate by a pin tool.  After 5 min incubation at room temperature, 1.5 uL of acetylcholine at 50nM was added to each well.  The fluorescence intensity in the plates was measured using FDSS 7000EX kinetic plate reader for 3 min at 1 sec inter"
1963876,"roliter CellTilter-GloTM luminescent substrate mix (Promega) reagent was added to the assay plate and incubated at room temperature for 5 min. 6. The luminescence signal was measured using a ViewLux (PerkinElmer) multiplate reader with a 2 second exposure time per plate. Data for each compound were normalized as percent viability such that measurements for DMSO and the empty well controls in each plate were defined as 100% and 0%, respectively.Disclaimer:Although all reasonable efforts have been made to ensure the accuracy and reliability of the data, caution should be exercised when interpret",NA,"0 cells/well and the P12-Ichikawa line at 1000 cells/well. 2. After seeding the cells, 23 nL of MIPE 4.1 library compounds (in DMSO) were added to each plate using a Kalypsys 1536 Pintool dispenser. Bortezomib at final concentration of 2 mM and DMSO were added to each plate as positive and negative controls respectively. For each screen, MIPE 4.1 compounds were added over an eleven-point concentration range from 47 mM to 0.79 nM in 3-fold dilutions.3. Each plate was covered with a stainless steel gasketed lid to prevent evaporation and incubated for 48 hour at 37C, 95% relative humidity, and 5"
1963878,"roliter CellTilter-GloTM luminescent substrate mix (Promega) reagent was added to the assay plate and incubated at room temperature for 5 min. 6. The luminescence signal was measured using a ViewLux (PerkinElmer) multiplate reader with a 2 second exposure time per plate. Data for each compound were normalized as percent viability such that measurements for DMSO and the empty well controls in each plate were defined as 100% and 0%, respectively.Disclaimer:Although all reasonable efforts have been made to ensure the accuracy and reliability of the data, caution should be exercised when interpret",NA,"0 cells/well and the P12-Ichikawa line at 1000 cells/well. 2. After seeding the cells, 23 nL of MIPE 4.1 library compounds (in DMSO) were added to each plate using a Kalypsys 1536 Pintool dispenser. Bortezomib at final concentration of 2 mM and DMSO were added to each plate as positive and negative controls respectively. For each screen, MIPE 4.1 compounds were added over an eleven-point concentration range from 47 mM to 0.79 nM in 3-fold dilutions.3. Each plate was covered with a stainless steel gasketed lid to prevent evaporation and incubated for 48 hour at 37C, 95% relative humidity, and 5"
1964101,NA,"ncubation; 15 min; room temperature.4; Reagent; 4 uL; 2.5 uM Peptide 2 substrate.5; Incubation; 1 hr; room temperature.6; Detection; Fluorescence; WiewLux microplate reader (PerkinElmer), 525 nm excitation, 598/25 nm emission. NOTES (numbers refer to sequence numbers above). 1. Briefly, 20 nL DMSO, positive control ZnAc (20nM final concentration), and test compounds were transferred into a 1,536-well solid bottom black plate (789176-F, Greiner One) via Echo 655 acoustic dispenser (Beckman Coulter). For primary screens, compounds were tested at 7 concentrations, 1:3 dilution points ranging from","ncubation; 15 min; room temperature.4; Reagent; 4 uL; 2.5 uM Peptide 2 substrate.5; Incubation; 1 hr; room temperature.6; Detection; Fluorescence; WiewLux microplate reader (PerkinElmer), 525 nm excitation, 598/25 nm emission. NOTES (numbers refer to sequence numbers above). 1. Briefly, 20 nL DMSO, positive control ZnAc (20nM final concentration), and test compounds were transferred into a 1,536-well solid bottom black plate (789176-F, Greiner One) via Echo 655 acoustic dispenser (Beckman Coulter). For primary screens, compounds were tested at 7 concentrations, 1:3 dilution points ranging from"
1964104,NA,NA,"xic, inactive, or inconclusive.42PotencyConcentration at which compound exhibits half-maximal efficacy, AC50. Extrapolated AC50s also include the highest efficacy observed and the concentration of compound at which it was observed.153EfficacyMaximal efficacy of compound, reported as a percentage of control. These values are estimated based on fits of the Hill equation to the dose-response curves.1154Analysis CommentAnnotation/notes on a particular compound's data or its analysis.45Activity_ScoreActivity score.26Curve_DescriptionA description of dose-response curve quality. A complete curve has"
1964105,NA,"Incubation; 15 min; room temperature.4; Reagent; 4 uL; 2.5 uM Peptide 2 substrate.5; Incubation; 1 hr; room temperature.6; Detection; Fluorescence; WiewLux microplate reader (PerkinElmer), 525 nm excitation, 598/25 nm emission. NOTES (numbers refer to sequence numbers above). 1.Briefly, 20 nL DMSO, positive control ZnAc (20nM final concentration), and test compounds were transferred into a 1,536-well solid bottom black plate (789176-F, Greiner One) via Echo 655 acoustic dispenser (Beckman Coulter). For primary screens, compounds were tested at 7 concentrations, 1:3 dilution points ranging from","Incubation; 15 min; room temperature.4; Reagent; 4 uL; 2.5 uM Peptide 2 substrate.5; Incubation; 1 hr; room temperature.6; Detection; Fluorescence; WiewLux microplate reader (PerkinElmer), 525 nm excitation, 598/25 nm emission. NOTES (numbers refer to sequence numbers above). 1.Briefly, 20 nL DMSO, positive control ZnAc (20nM final concentration), and test compounds were transferred into a 1,536-well solid bottom black plate (789176-F, Greiner One) via Echo 655 acoustic dispenser (Beckman Coulter). For primary screens, compounds were tested at 7 concentrations, 1:3 dilution points ranging from"
1996570,NA,NA,"rporating a chiral, rigid and polar sulfoxide into ?Â²-position to the carboxylic acid.Abstract: GPR40 is primarily expressed in pancreatic islet ?Â²-cells, and its activation by endogenous ligands of medium to long-chain free fatty acids or synthetic agonists is clinically proved to improve glycemic control by stimulating glucose-dependent insulin secretion. However, most of the reported agonists are highly lipophilic, which might cause lipotoxicity and the off-target effects in CNS. Particularly, the withdrawal of TAK-875 from clinical trials phase III due to liver toxicity concern threw doubt"
2020902,NA,NA,"i>h</i>CMKLR1-transfected CHO cells. Furthermore, in the imiquimod-induced psoriasis-like mouse model, oral administration of <i>S</i>-<b>26d</b> for 1 week significantly alleviated modified psoriasis area and severity index scores (severity of erythema, scaliness, skin thickness) compared with the control group.Compounds with activity <= 10uM or explicitly reported as active by ChEMBL are flagged as active in this PubChem assay presentation.Journal: J Med ChemYear: 2023Volume: 66Issue: 21First Page: 14564Last Page: 14582DOI: 10.1021/acs.jmedchem.3c01011Target ChEMBL ID: CHEMBL3540ChEMBL Targe"
2060914,NA," mM sodium pyruvate and 25 mM HEPES) and dispensed at 2,000 cells/5 uL /well into 1536-well black wall/clear bottom plates using a Multidrop Combi (ThermoFisher Scientific, Waltham, MA) dispenser. After the assay plates were incubated at 37 C/5% CO2 for 18 hrs, 23 nL of compounds dissolved in DMSO, positive controls or DMSO only was transferred to the assay plate by a pintool workstation (Kalypsys, San Diego, CA). After the plates were incubated at 37 C/5% CO2 for 3 hrs, 1 uL of LiveBLAzer B/G FRET substrate (Invitrogen, Carlsbad, CA) was added to each well using Bioraptr Flying Reagent Dispen"," mM sodium pyruvate and 25 mM HEPES) and dispensed at 2,000 cells/5 uL /well into 1536-well black wall/clear bottom plates using a Multidrop Combi (ThermoFisher Scientific, Waltham, MA) dispenser. After the assay plates were incubated at 37 C/5% CO2 for 18 hrs, 23 nL of compounds dissolved in DMSO, positive controls or DMSO only was transferred to the assay plate by a pintool workstation (Kalypsys, San Diego, CA). After the plates were incubated at 37 C/5% CO2 for 3 hrs, 1 uL of LiveBLAzer B/G FRET substrate (Invitrogen, Carlsbad, CA) was added to each well using Bioraptr Flying Reagent Dispen"
2097860,NA,NA,"ure-based design and pharmacological evaluation of densely functionalized, conformationally restricted glutamate analogue (1<i>S</i>,2<i>S</i>,3<i>S</i>)-2-((<i>S</i>)-amino(carboxy)methyl)-3-(carboxymethyl)cyclopropane-1-carboxylic acid (<b>LBG30300</b>). <b>LBG30300</b> was synthesized in a stereocontrolled fashion in nine steps from a commercially available optically active epoxide. Functional characterization of all eight mGlu receptor subtypes showed that <b>LBG30300</b> is a picomolar agonist at mGlu<sub>2</sub> with excellent selectivity over mGlu<sub>3</sub> and the other six mGlu rece"
2097861,NA,NA,"ure-based design and pharmacological evaluation of densely functionalized, conformationally restricted glutamate analogue (1<i>S</i>,2<i>S</i>,3<i>S</i>)-2-((<i>S</i>)-amino(carboxy)methyl)-3-(carboxymethyl)cyclopropane-1-carboxylic acid (<b>LBG30300</b>). <b>LBG30300</b> was synthesized in a stereocontrolled fashion in nine steps from a commercially available optically active epoxide. Functional characterization of all eight mGlu receptor subtypes showed that <b>LBG30300</b> is a picomolar agonist at mGlu<sub>2</sub> with excellent selectivity over mGlu<sub>3</sub> and the other six mGlu rece"
2202232,"ay (Promega). In detail, 3 uL of Cell Titer Glo were added to each well and plates were incubated at room temperature for 15 min with a stainless-steel lid in place. Luminescence readings were taken using a Viewlux (PerkinElmer) with a 2 s exposure time per plate. Compound dose-response curves were normalized to DMSO and empty well controls on each plate. Quantitative drug activity data from dose-response curves was determined utilizing area Under the Curve (AUC) and Z-transformed AUC (Z-AUC, a mean-centering transformation applied to each individual cell-line screened).Compound Ranking:1. Com",NA,"ell Titer Glo were added to each well and plates were incubated at room temperature for 15 min with a stainless-steel lid in place. Luminescence readings were taken using a Viewlux (PerkinElmer) with a 2 s exposure time per plate. Compound dose-response curves were normalized to DMSO and empty well controls on each plate. Quantitative drug activity data from dose-response curves was determined utilizing area Under the Curve (AUC) and Z-transformed AUC (Z-AUC, a mean-centering transformation applied to each individual cell-line screened).Compound Ranking:1. Compounds are first classified as hav"
2202233,"ay (Promega). In detail, 3 uL of Cell Titer Glo were added to each well and plates were incubated at room temperature for 15 min with a stainless-steel lid in place. Luminescence readings were taken using a Viewlux (PerkinElmer) with a 2 s exposure time per plate. Compound dose-response curves were normalized to DMSO and empty well controls on each plate. Quantitative drug activity data from dose-response curves was determined utilizing area Under the Curve (AUC) and Z-transformed AUC (Z-AUC, a mean-centering transformation applied to each individual cell-line screened).Compound Ranking:1. Com",NA,"ell Titer Glo were added to each well and plates were incubated at room temperature for 15 min with a stainless-steel lid in place. Luminescence readings were taken using a Viewlux (PerkinElmer) with a 2 s exposure time per plate. Compound dose-response curves were normalized to DMSO and empty well controls on each plate. Quantitative drug activity data from dose-response curves was determined utilizing area Under the Curve (AUC) and Z-transformed AUC (Z-AUC, a mean-centering transformation applied to each individual cell-line screened).Compound Ranking:1. Compounds are first classified as hav"
2202234,"ay (Promega). In detail, 3 uL of Cell Titer Glo were added to each well and plates were incubated at room temperature for 15 min with a stainless-steel lid in place. Luminescence readings were taken using a Viewlux (PerkinElmer) with a 2 s exposure time per plate. Compound dose-response curves were normalized to DMSO and empty well controls on each plate. Quantitative drug activity data from dose-response curves was determined utilizing area Under the Curve (AUC) and Z-transformed AUC (Z-AUC, a mean-centering transformation applied to each individual cell-line screened).Compound Ranking:1. Com",NA,"ell Titer Glo were added to each well and plates were incubated at room temperature for 15 min with a stainless-steel lid in place. Luminescence readings were taken using a Viewlux (PerkinElmer) with a 2 s exposure time per plate. Compound dose-response curves were normalized to DMSO and empty well controls on each plate. Quantitative drug activity data from dose-response curves was determined utilizing area Under the Curve (AUC) and Z-transformed AUC (Z-AUC, a mean-centering transformation applied to each individual cell-line screened).Compound Ranking:1. Compounds are first classified as hav"
2202235,"ay (Promega). In detail, 3 uL of Cell Titer Glo were added to each well and plates were incubated at room temperature for 15 min with a stainless-steel lid in place. Luminescence readings were taken using a Viewlux (PerkinElmer) with a 2 s exposure time per plate. Compound dose-response curves were normalized to DMSO and empty well controls on each plate. Quantitative drug activity data from dose-response curves was determined utilizing area Under the Curve (AUC) and Z-transformed AUC (Z-AUC, a mean-centering transformation applied to each individual cell-line screened).Compound Ranking:1. Com",NA,"ell Titer Glo were added to each well and plates were incubated at room temperature for 15 min with a stainless-steel lid in place. Luminescence readings were taken using a Viewlux (PerkinElmer) with a 2 s exposure time per plate. Compound dose-response curves were normalized to DMSO and empty well controls on each plate. Quantitative drug activity data from dose-response curves was determined utilizing area Under the Curve (AUC) and Z-transformed AUC (Z-AUC, a mean-centering transformation applied to each individual cell-line screened).Compound Ranking:1. Compounds are first classified as hav"
