AID,Rep,DMD_ID,PUBCHEM_RESULT_TAG,PUBCHEM_SID,PUBCHEM_CID,PUBCHEM_EXT_DATASOURCE_SMILES,PUBCHEM_ACTIVITY_OUTCOME,PUBCHEM_ACTIVITY_SCORE,PUBCHEM_ACTIVITY_URL,PUBCHEM_ASSAYDATA_COMMENT,Fit_LogAC50,Fit_HillSlope,Fit_R2,Fit_InfiniteActivity,Fit_ZeroActivity,Fit_CurveClass,Efficacy,Cell Type
1224841,1,DMD302261,2736,144209748,10465,CCCCCCCCCCCCCCCCC(=O)O,Active,40,http://assay.nih.gov/htsws/rest/display/tox21-pgc-err-p1/NCGC00260099-01/212188321,NA,-4.5352,2.5884,0.8615,-82.0346,9,-2.1,91.0346,
1224841,1,DMD302062,9366,251919690,1032,CCC(=O)O,Active,83,http://assay.nih.gov/htsws/rest/display/tox21-pgc-err-p1/NCGC00357239-01/212188045,NA,-5.0637,2.4064,0.8657,-123.3,2.2711,-1.1,125.571,
1224841,2,DMD302261,2736,144209748,10465,CCCCCCCCCCCCCCCCC(=O)O,Active,40,http://assay.nih.gov/htsws/rest/display/tox21-pgc-err-p1/NCGC00260099-01/212188321,NA,-4.8852,1.1,0.5733,21,1.4196,4,,
1224841,2,DMD302062,9366,251919690,1032,CCC(=O)O,Active,83,http://assay.nih.gov/htsws/rest/display/tox21-pgc-err-p1/NCGC00357239-01/212188045,NA,-4.8137,0.5,0.7406,-93.2387,-15.0035,-2.3,78.2352,
1224841,3,DMD302062,9366,251919690,1032,CCC(=O)O,Active,83,http://assay.nih.gov/htsws/rest/display/tox21-pgc-err-p1/NCGC00357239-01/212188045,NA,-4.5637,4.9549,0.5979,-29.682,-2,4,,
1671196,1,DMD302605,1104,144208116,51,C(CC(=O)O)C(=O)C(=O)O,Active,41,http://assay.nih.gov/htsws/rest/display/tox21-p450-2d6-p1/NCGC00258472-01/247416005,NA,-4.1489,2.4729,0.9244,-84.7294,-1.7815,-2.1,82.948,
1671196,1,DMD302269,1913,144208925,5280934,CC/C=C\C/C=C\C/C=C\CCCCCCCC(=O)O,Active,81,http://assay.nih.gov/htsws/rest/display/tox21-p450-2d6-p1/NCGC00259276-01/247408266,NA,-4.7028,1.21,0.9945,-92.4497,3.1682,-1.1,95.6179,
1671196,1,DMD302686,1955,144208967,444972,C(=C/C(=O)O)\C(=O)O,Active,40,http://assay.nih.gov/htsws/rest/display/tox21-p450-2d6-p1/NCGC00259318-01/247409065,NA,-4.4253,1.2475,0.9824,-70.6993,1.6794,-2.1,72.3787,
1671196,1,DMD302654,2357,144209369,5280450,CCCCC/C=C\C/C=C\CCCCCCCC(=O)O,Active,80,http://assay.nih.gov/htsws/rest/display/tox21-p450-2d6-p1/NCGC00259720-01/247408340,NA,-4.506,1.8851,0.9447,-65.749,-5.147,-1.1,60.602,
1671196,1,DMD302594,6969,144213981,700,C(CO)N,Active,84,http://assay.nih.gov/htsws/rest/display/tox21-p450-2d6-p1/NCGC00090789-02/247410237,NA,-5.2989,1,0.9961,-102.012,0.5055,-1.1,102.518,
1671196,2,DMD302269,1913,144208925,5280934,CC/C=C\C/C=C\C/C=C\CCCCCCCC(=O)O,Active,81,http://assay.nih.gov/htsws/rest/display/tox21-p450-2d6-p1/NCGC00259276-01/247408266,NA,-4.5028,1.5386,0.9898,-83.6422,0.7521,-2.1,84.3942,
1671196,2,DMD302686,1955,144208967,444972,C(=C/C(=O)O)\C(=O)O,Active,40,http://assay.nih.gov/htsws/rest/display/tox21-p450-2d6-p1/NCGC00259318-01/247409065,NA,-4.6253,1,0.9463,-67.6209,3.3585,-2.2,70.9795,
1671196,2,DMD302654,2357,144209369,5280450,CCCCC/C=C\C/C=C\CCCCCCCC(=O)O,Active,80,http://assay.nih.gov/htsws/rest/display/tox21-p450-2d6-p1/NCGC00259720-01/247408340,NA,-4.406,2.5334,0.8835,-42.8284,-1.931,-2.2,40.8974,
1671196,2,DMD302594,6969,144213981,700,C(CO)N,Active,84,http://assay.nih.gov/htsws/rest/display/tox21-p450-2d6-p1/NCGC00090789-02/247410237,NA,-4.2489,1.8851,0.9046,-43.8443,2.3734,-2.2,46.2177,
1671196,3,DMD302605,1104,144208116,51,C(CC(=O)O)C(=O)C(=O)O,Active,41,http://assay.nih.gov/htsws/rest/display/tox21-p450-2d6-p1/NCGC00258472-01/247416005,NA,-4.0989,4.4495,0.781,-15.4981,-0.5,4,,
1671196,3,DMD302269,1913,144208925,5280934,CC/C=C\C/C=C\C/C=C\CCCCCCCC(=O)O,Active,81,http://assay.nih.gov/htsws/rest/display/tox21-p450-2d6-p1/NCGC00259276-01/247408266,NA,-4.2528,2.7202,0.9855,-81.5242,2.6833,-2.1,84.2075,
1671196,3,DMD302686,1955,144208967,444972,C(=C/C(=O)O)\C(=O)O,Active,40,http://assay.nih.gov/htsws/rest/display/tox21-p450-2d6-p1/NCGC00259318-01/247409065,NA,-4.4253,1.6924,0.959,-71.9068,-0.8926,-2.1,71.0142,
1671196,3,DMD302654,2357,144209369,5280450,CCCCC/C=C\C/C=C\CCCCCCCC(=O)O,Active,80,http://assay.nih.gov/htsws/rest/display/tox21-p450-2d6-p1/NCGC00259720-01/247408340,NA,-4.406,1.5579,0.9315,-59.3784,-1.0416,-2.2,58.3368,
1671196,3,DMD302594,6969,144213981,700,C(CO)N,Active,84,http://assay.nih.gov/htsws/rest/display/tox21-p450-2d6-p1/NCGC00090789-02/247410237,NA,-4.3989,2.3332,0.9376,-66.0841,-4.3198,-2.1,61.7642,
1671196,4,DMD302594,6969,144213981,700,C(CO)N,Active,84,http://assay.nih.gov/htsws/rest/display/tox21-p450-2d6-p1/NCGC00090789-02/247410237,NA,-4.1489,2.8473,0.9687,-73.6689,0.5743,-2.2,74.2433,
1671196,5,DMD302594,6969,144213981,700,C(CO)N,Active,84,http://assay.nih.gov/htsws/rest/display/tox21-p450-2d6-p1/NCGC00090789-02/247410237,NA,-4.0989,2.9523,0.8665,-55.3807,-0.6178,-2.2,54.7629,
1671196,6,DMD302594,6969,144213981,700,C(CO)N,Active,84,http://assay.nih.gov/htsws/rest/display/tox21-p450-2d6-p1/NCGC00090789-02/247410237,NA,-4.1489,1.4641,0.882,-69.9175,-3.504,-2.2,66.4135,
1671196,7,DMD302594,6969,144213981,700,C(CO)N,Active,84,http://assay.nih.gov/htsws/rest/display/tox21-p450-2d6-p1/NCGC00090789-02/247410237,NA,-4.0989,4.9549,0.9501,-39.388,0.5,-3,39.888,
1671196,8,DMD302594,6969,144213981,700,C(CO)N,Active,84,http://assay.nih.gov/htsws/rest/display/tox21-p450-2d6-p1/NCGC00090789-02/247410237,NA,-5.5989,4.9549,0.5412,-8.7558,0,4,,
1671196,9,DMD302594,6969,144213981,700,C(CO)N,Active,84,http://assay.nih.gov/htsws/rest/display/tox21-p450-2d6-p1/NCGC00090789-02/247410237,NA,-4.4489,0.4,0.8196,-29.2805,1,-2.4,30.2805,
1671196,10,DMD302594,6969,144213981,700,C(CO)N,Active,84,http://assay.nih.gov/htsws/rest/display/tox21-p450-2d6-p1/NCGC00090789-02/247410237,NA,-4.4989,4.9549,0.5981,-17.9209,1.5,4,,
1671196,11,DMD302594,6969,144213981,700,C(CO)N,Active,84,http://assay.nih.gov/htsws/rest/display/tox21-p450-2d6-p1/NCGC00090789-02/247410237,NA,-4.6489,3.0654,0.9365,-21.4133,1.5,4,,
1671196,12,DMD302594,6969,144213981,700,C(CO)N,Active,84,http://assay.nih.gov/htsws/rest/display/tox21-p450-2d6-p1/NCGC00090789-02/247410237,NA,-5.7489,4.9549,0.7022,-4.9607,0.5,4,,
1671196,13,DMD302594,6969,144213981,700,C(CO)N,Active,84,http://assay.nih.gov/htsws/rest/display/tox21-p450-2d6-p1/NCGC00090789-02/247410237,NA,-4.2989,2.3332,0.9025,-21.1133,0.5,4,,
1671196,14,DMD302594,6969,144213981,700,C(CO)N,Active,84,http://assay.nih.gov/htsws/rest/display/tox21-p450-2d6-p1/NCGC00090789-02/247410237,NA,-4.1489,4.4495,0.8582,-11.615,2,4,,
1671196,15,DMD302594,6969,144213981,700,C(CO)N,Active,84,http://assay.nih.gov/htsws/rest/display/tox21-p450-2d6-p1/NCGC00090789-02/247410237,NA,-4.1989,3.9295,0.9062,-15.0607,0.5,4,,
1671196,16,DMD302594,6969,144213981,700,C(CO)N,Active,84,http://assay.nih.gov/htsws/rest/display/tox21-p450-2d6-p1/NCGC00090789-02/247410237,NA,-4.1989,2.7202,0.7202,-20.573,-0.5,4,,
1671196,17,DMD302594,6969,144213981,700,C(CO)N,Active,84,http://assay.nih.gov/htsws/rest/display/tox21-p450-2d6-p1/NCGC00090789-02/247410237,NA,-4.0989,4.045,0.932,-19.6419,0.5,4,,
1671196,18,DMD302594,6969,144213981,700,C(CO)N,Active,84,http://assay.nih.gov/htsws/rest/display/tox21-p450-2d6-p1/NCGC00090789-02/247410237,NA,-4.0489,4.9549,0.5191,-36.7467,-0.5,4,,
1671196,19,DMD302594,6969,144213981,700,C(CO)N,Active,84,http://assay.nih.gov/htsws/rest/display/tox21-p450-2d6-p1/NCGC00090789-02/247410237,NA,-4.1989,2.4729,0.9253,-13.0208,1,4,,
1671196,20,DMD302594,6969,144213981,700,C(CO)N,Active,84,http://assay.nih.gov/htsws/rest/display/tox21-p450-2d6-p1/NCGC00090789-02/247410237,NA,-4.0489,4.9549,0.567,-18.4084,0.5,4,,
1671196,21,DMD302594,6969,144213981,700,C(CO)N,Active,84,http://assay.nih.gov/htsws/rest/display/tox21-p450-2d6-p1/NCGC00090789-02/247410237,NA,-4.0489,4.9549,0.878,-26.7876,1,4,,
1671196,22,DMD302594,6969,144213981,700,C(CO)N,Active,84,http://assay.nih.gov/htsws/rest/display/tox21-p450-2d6-p1/NCGC00090789-02/247410237,NA,-4.0989,4.9549,0.9292,-19.1479,0.5,4,,
1671196,23,DMD302594,6969,144213981,700,C(CO)N,Active,84,http://assay.nih.gov/htsws/rest/display/tox21-p450-2d6-p1/NCGC00090789-02/247410237,NA,-4.0489,4.9549,0.5145,-18.7892,1,4,,
1671196,24,DMD302594,6969,144213981,700,C(CO)N,Active,84,http://assay.nih.gov/htsws/rest/display/tox21-p450-2d6-p1/NCGC00090789-02/247410237,NA,-4.0489,4.9549,0.8388,-26.6044,1,4,,
1671196,27,DMD302594,6969,144213981,700,C(CO)N,Active,84,http://assay.nih.gov/htsws/rest/display/tox21-p450-2d6-p1/NCGC00090789-02/247410237,NA,-4.0489,4.9549,0.7496,-17.9958,-0.5,4,,
1671196,30,DMD302594,6969,144213981,700,C(CO)N,Active,84,http://assay.nih.gov/htsws/rest/display/tox21-p450-2d6-p1/NCGC00090789-02/247410237,NA,-3.9989,4.9549,0.8563,-29.1717,-1,4,,
1671197,1,DMD302250,723,144207735,12530,CCCCCCCCCCCCC(=O)O,Active,42,http://assay.nih.gov/htsws/rest/display/tox21-p450-2c19-p1/NCGC00258091-01/247315596,NA,-4.1471,3.2475,0.7776,-92.3528,7.5228,-2.1,99.8757,
1671197,1,DMD302642,1465,144208477,379,CCCCCCCC(=O)O,Active,40,http://assay.nih.gov/htsws/rest/display/tox21-p450-2c19-p1/NCGC00258831-01/247308627,NA,-4.4143,2.7202,0.9449,-111.168,0,-2.1,111.168,
1671197,1,DMD302561,1722,144208734,525,C(C(C(=O)O)O)C(=O)O,Active,41,http://assay.nih.gov/htsws/rest/display/tox21-p450-2c19-p1/NCGC00259086-01/247308358,NA,-4.3866,4.095,0.9128,-93.8695,0.5856,-2.1,94.455,
1671197,1,DMD302649,1857,144208869,985,CCCCCCCCCCCCCCCC(=O)O,Active,42,http://assay.nih.gov/htsws/rest/display/tox21-p450-2c19-p1/NCGC00259220-01/247309290,NA,-4.0943,2.9523,0.8816,-113.853,2.5911,-2.1,116.445,
1671197,1,DMD302269,1913,144208925,5280934,CC/C=C\C/C=C\C/C=C\CCCCCCCC(=O)O,Active,80,http://assay.nih.gov/htsws/rest/display/tox21-p450-2c19-p1/NCGC00259276-01/247308626,NA,-4.5028,3.132,0.9439,-109.382,3.7606,-1.1,113.142,
1671197,1,DMD302653,2153,144209165,445639,CCCCCCCC/C=C\CCCCCCCC(=O)O,Active,41,http://assay.nih.gov/htsws/rest/display/tox21-p450-2c19-p1/NCGC00259516-01/247308668,NA,-4.1464,4.4495,0.8259,-81.8851,4.7368,-2.1,86.6219,
1671197,1,DMD302249,2335,144209347,3893,CCCCCCCCCCCC(=O)O,Active,43,http://assay.nih.gov/htsws/rest/display/tox21-p450-2c19-p1/NCGC00259698-01/247308270,NA,-4.0974,4.4495,0.8886,-143.654,-2.1405,-2.1,141.513,
1671197,1,DMD302654,2357,144209369,5280450,CCCCC/C=C\C/C=C\CCCCCCCC(=O)O,Active,81,http://assay.nih.gov/htsws/rest/display/tox21-p450-2c19-p1/NCGC00259720-01/247308700,NA,-4.656,1.9673,0.9682,-115.157,4.0259,-1.1,119.183,
1671197,1,DMD302257,4255,144211267,445638,CCCCCC/C=C\CCCCCCCC(=O)O,Active,41,http://assay.nih.gov/htsws/rest/display/tox21-p450-2c19-p1/NCGC00254852-01/247307998,NA,-4.2989,2.7202,0.922,-142.929,4.5152,-2.1,147.444,
1671197,1,DMD302594,6969,144213981,700,C(CO)N,Active,83,http://assay.nih.gov/htsws/rest/display/tox21-p450-2c19-p1/NCGC00090789-02/247308504,NA,-4.9489,2.6384,0.9608,-123.45,0,-1.1,123.45,
1671197,2,DMD302642,1465,144208477,379,CCCCCCCC(=O)O,Active,40,http://assay.nih.gov/htsws/rest/display/tox21-p450-2c19-p1/NCGC00258831-01/247308627,NA,-4.0643,4.9549,0.9071,-92.1858,2.4195,-3,94.6053,
1671197,2,DMD302561,1722,144208734,525,C(C(C(=O)O)O)C(=O)O,Active,41,http://assay.nih.gov/htsws/rest/display/tox21-p450-2c19-p1/NCGC00259086-01/247308358,NA,-4.0366,4.9549,0.9186,-126.034,5.8708,-3,131.905,
1671197,2,DMD302269,1913,144208925,5280934,CC/C=C\C/C=C\C/C=C\CCCCCCCC(=O)O,Active,80,http://assay.nih.gov/htsws/rest/display/tox21-p450-2c19-p1/NCGC00259276-01/247308626,NA,-4.6028,2.1876,0.9735,-126.926,1.4209,-1.1,128.347,
1671197,2,DMD302653,2153,144209165,445639,CCCCCCCC/C=C\CCCCCCCC(=O)O,Active,41,http://assay.nih.gov/htsws/rest/display/tox21-p450-2c19-p1/NCGC00259516-01/247308668,NA,-5.1464,4.9549,0.8174,23.3259,-4.9872,4,,
1671197,2,DMD302249,2335,144209347,3893,CCCCCCCCCCCC(=O)O,Active,43,http://assay.nih.gov/htsws/rest/display/tox21-p450-2c19-p1/NCGC00259698-01/247308270,NA,-4.3974,4.9549,0.9501,-119.485,3.5783,-2.1,123.063,
1671197,2,DMD302654,2357,144209369,5280450,CCCCC/C=C\C/C=C\CCCCCCCC(=O)O,Active,81,http://assay.nih.gov/htsws/rest/display/tox21-p450-2c19-p1/NCGC00259720-01/247308700,NA,-4.406,4.9549,0.9265,-75.203,9.5074,-1.1,84.7105,
1671197,2,DMD302257,4255,144211267,445638,CCCCCC/C=C\CCCCCCCC(=O)O,Active,41,http://assay.nih.gov/htsws/rest/display/tox21-p450-2c19-p1/NCGC00254852-01/247307998,NA,-4.3989,4.9549,0.9221,-107.066,2.6528,-1.1,109.719,
1671197,2,DMD302594,6969,144213981,700,C(CO)N,Active,83,http://assay.nih.gov/htsws/rest/display/tox21-p450-2c19-p1/NCGC00090789-02/247308504,NA,-4.4989,4.9549,0.946,-62.4209,3.3385,-1.1,65.7593,
1671197,3,DMD302250,723,144207735,12530,CCCCCCCCCCCCC(=O)O,Active,42,http://assay.nih.gov/htsws/rest/display/tox21-p450-2c19-p1/NCGC00258091-01/247315596,NA,-4.0971,4.9549,0.8378,-66.6082,2.1005,-3,68.7088,
1671197,3,DMD302642,1465,144208477,379,CCCCCCCC(=O)O,Active,40,http://assay.nih.gov/htsws/rest/display/tox21-p450-2c19-p1/NCGC00258831-01/247308627,NA,-4.4643,4.095,0.9092,-105.216,2.5948,-1.1,107.811,
1671197,3,DMD302561,1722,144208734,525,C(C(C(=O)O)O)C(=O)O,Active,41,http://assay.nih.gov/htsws/rest/display/tox21-p450-2c19-p1/NCGC00259086-01/247308358,NA,-4.6366,3.132,0.9281,-80.0707,0.5068,-1.1,80.5774,
1671197,3,DMD302649,1857,144208869,985,CCCCCCCCCCCCCCCC(=O)O,Active,42,http://assay.nih.gov/htsws/rest/display/tox21-p450-2c19-p1/NCGC00259220-01/247309290,NA,-4.3943,4.095,0.9128,-88.5661,10.2986,-2.1,98.8646,
1671197,3,DMD302269,1913,144208925,5280934,CC/C=C\C/C=C\C/C=C\CCCCCCCC(=O)O,Active,80,http://assay.nih.gov/htsws/rest/display/tox21-p450-2c19-p1/NCGC00259276-01/247308626,NA,-4.4528,4.5045,0.9411,-85.556,5.3387,-1.1,90.8947,
1671197,3,DMD302653,2153,144209165,445639,CCCCCCCC/C=C\CCCCCCCC(=O)O,Active,41,http://assay.nih.gov/htsws/rest/display/tox21-p450-2c19-p1/NCGC00259516-01/247308668,NA,-4.6964,2.3332,0.9599,-138.101,4.8352,-1.1,142.936,
1671197,3,DMD302249,2335,144209347,3893,CCCCCCCCCCCC(=O)O,Active,43,http://assay.nih.gov/htsws/rest/display/tox21-p450-2c19-p1/NCGC00259698-01/247308270,NA,-4.4974,1.7529,0.9022,-96.0113,3.0955,-2.1,99.1068,
1671197,3,DMD302654,2357,144209369,5280450,CCCCC/C=C\C/C=C\CCCCCCCC(=O)O,Active,81,http://assay.nih.gov/htsws/rest/display/tox21-p450-2c19-p1/NCGC00259720-01/247308700,NA,-4.456,1.8079,0.9541,-114.918,1.2392,-2.1,116.157,
1671197,3,DMD302257,4255,144211267,445638,CCCCCC/C=C\CCCCCCCC(=O)O,Active,41,http://assay.nih.gov/htsws/rest/display/tox21-p450-2c19-p1/NCGC00254852-01/247307998,NA,-4.4989,4.9549,0.8953,-88.2949,4.2335,-2.1,92.5285,
1671197,3,DMD302594,6969,144213981,700,C(CO)N,Active,83,http://assay.nih.gov/htsws/rest/display/tox21-p450-2c19-p1/NCGC00090789-02/247308504,NA,-8.5989,4.095,0.7548,41.9331,-5.0267,1.4,46.9598,
1671197,4,DMD302594,6969,144213981,700,C(CO)N,Active,83,http://assay.nih.gov/htsws/rest/display/tox21-p450-2c19-p1/NCGC00090789-02/247308504,NA,-4.4489,4.095,0.9325,-94.9015,4.0491,-1.1,98.9506,
1671197,5,DMD302594,6969,144213981,700,C(CO)N,Active,83,http://assay.nih.gov/htsws/rest/display/tox21-p450-2c19-p1/NCGC00090789-02/247308504,NA,-4.3989,4.5045,0.9247,-64.6897,2.7149,-2.1,67.4047,
1671197,6,DMD302594,6969,144213981,700,C(CO)N,Active,83,http://assay.nih.gov/htsws/rest/display/tox21-p450-2c19-p1/NCGC00090789-02/247308504,NA,-4.6489,2.4064,0.8807,-77.3196,3.5079,-2.1,80.8275,
1671197,7,DMD302594,6969,144213981,700,C(CO)N,Active,83,http://assay.nih.gov/htsws/rest/display/tox21-p450-2c19-p1/NCGC00090789-02/247308504,NA,-4.0489,4.9549,0.8513,-101.395,-2.5231,-3,98.872,
1671197,8,DMD302594,6969,144213981,700,C(CO)N,Active,83,http://assay.nih.gov/htsws/rest/display/tox21-p450-2c19-p1/NCGC00090789-02/247308504,NA,-4.8989,2.3332,0.7319,-42.7278,-0.4879,-3,42.2399,
1671197,9,DMD302594,6969,144213981,700,C(CO)N,Active,83,http://assay.nih.gov/htsws/rest/display/tox21-p450-2c19-p1/NCGC00090789-02/247308504,NA,-4.1489,3.99,0.8597,-98.0922,0,-2.1,98.0922,
1671197,10,DMD302594,6969,144213981,700,C(CO)N,Active,83,http://assay.nih.gov/htsws/rest/display/tox21-p450-2c19-p1/NCGC00090789-02/247308504,NA,-4.0489,4.9549,0.6755,-89.6158,3.9117,-3,93.5276,
1671197,11,DMD302594,6969,144213981,700,C(CO)N,Active,83,http://assay.nih.gov/htsws/rest/display/tox21-p450-2c19-p1/NCGC00090789-02/247308504,NA,-4.0489,4.5045,0.8697,-131.548,2.4703,-3,134.018,
1671197,12,DMD302594,6969,144213981,700,C(CO)N,Active,83,http://assay.nih.gov/htsws/rest/display/tox21-p450-2c19-p1/NCGC00090789-02/247308504,NA,-4.1989,3.9295,0.7781,-47.7819,6.5,-2.2,54.2819,
1671197,13,DMD302594,6969,144213981,700,C(CO)N,Active,83,http://assay.nih.gov/htsws/rest/display/tox21-p450-2c19-p1/NCGC00090789-02/247308504,NA,-7.5989,4.9549,0.4325,0.6649,19.1645,4,,
1671197,14,DMD302594,6969,144213981,700,C(CO)N,Active,83,http://assay.nih.gov/htsws/rest/display/tox21-p450-2c19-p1/NCGC00090789-02/247308504,NA,-4.0489,4.9549,0.9054,-122.709,1.1829,-3,123.891,
1671197,15,DMD302594,6969,144213981,700,C(CO)N,Active,83,http://assay.nih.gov/htsws/rest/display/tox21-p450-2c19-p1/NCGC00090789-02/247308504,NA,-7.9489,0.5,0.4759,11.5,-16.1375,4,,
1671197,16,DMD302594,6969,144213981,700,C(CO)N,Active,83,http://assay.nih.gov/htsws/rest/display/tox21-p450-2c19-p1/NCGC00090789-02/247308504,NA,-7.5489,4.9549,0.395,7.5,-3.838,4,,
1671197,17,DMD302594,6969,144213981,700,C(CO)N,Active,83,http://assay.nih.gov/htsws/rest/display/tox21-p450-2c19-p1/NCGC00090789-02/247308504,NA,-4.0489,4.5045,0.7971,-50.2263,-2.1452,-3,48.081,
1671197,18,DMD302594,6969,144213981,700,C(CO)N,Active,83,http://assay.nih.gov/htsws/rest/display/tox21-p450-2c19-p1/NCGC00090789-02/247308504,NA,-6.4989,4.9549,0.3988,12.5,1.628,4,,
1671197,19,DMD302594,6969,144213981,700,C(CO)N,Active,83,http://assay.nih.gov/htsws/rest/display/tox21-p450-2c19-p1/NCGC00090789-02/247308504,NA,-7.2489,4.9549,0.4324,0.8605,9.5,4,,
1671197,20,DMD302594,6969,144213981,700,C(CO)N,Active,83,http://assay.nih.gov/htsws/rest/display/tox21-p450-2c19-p1/NCGC00090789-02/247308504,NA,-5.9489,3.5117,0.518,-29.8658,-4.1298,4,,
1671197,21,DMD302594,6969,144213981,700,C(CO)N,Active,83,http://assay.nih.gov/htsws/rest/display/tox21-p450-2c19-p1/NCGC00090789-02/247308504,NA,-5.7989,3.99,0.3915,12,-0.352,4,,
1671197,22,DMD302594,6969,144213981,700,C(CO)N,Active,83,http://assay.nih.gov/htsws/rest/display/tox21-p450-2c19-p1/NCGC00090789-02/247308504,NA,-4.4489,4.9549,0.3933,26,-0.8749,4,,
1671197,23,DMD302594,6969,144213981,700,C(CO)N,Active,83,http://assay.nih.gov/htsws/rest/display/tox21-p450-2c19-p1/NCGC00090789-02/247308504,NA,-7.5989,4.9549,0.4683,9,-5.598,4,,
1671197,24,DMD302594,6969,144213981,700,C(CO)N,Active,83,http://assay.nih.gov/htsws/rest/display/tox21-p450-2c19-p1/NCGC00090789-02/247308504,NA,-5.1989,4.9549,0.5441,13.5,-0.1175,4,,
1671197,26,DMD302594,6969,144213981,700,C(CO)N,Active,83,http://assay.nih.gov/htsws/rest/display/tox21-p450-2c19-p1/NCGC00090789-02/247308504,NA,-5.7489,4.9549,0.3807,-3.6313,6.5,4,,
1671197,27,DMD302594,6969,144213981,700,C(CO)N,Active,83,http://assay.nih.gov/htsws/rest/display/tox21-p450-2c19-p1/NCGC00090789-02/247308504,NA,-4.1489,4.095,0.6855,-24.4849,20.5854,4,,
1671197,29,DMD302594,6969,144213981,700,C(CO)N,Active,83,http://assay.nih.gov/htsws/rest/display/tox21-p450-2c19-p1/NCGC00090789-02/247308504,NA,-4.6489,3.132,0.6789,-18.6164,5.5,4,,
1671197,30,DMD302594,6969,144213981,700,C(CO)N,Active,83,http://assay.nih.gov/htsws/rest/display/tox21-p450-2c19-p1/NCGC00090789-02/247308504,NA,-4.0489,4.9549,0.3606,-21.6473,2.5,4,,
1671197,32,DMD302594,6969,144213981,700,C(CO)N,Active,83,http://assay.nih.gov/htsws/rest/display/tox21-p450-2c19-p1/NCGC00090789-02/247308504,NA,-4.4989,4.5045,0.7033,24,0.9999,4,,
1671197,35,DMD302594,6969,144213981,700,C(CO)N,Active,83,http://assay.nih.gov/htsws/rest/display/tox21-p450-2c19-p1/NCGC00090789-02/247308504,NA,-4.3489,0.8,0.6514,24,-2.7437,4,,
1671198,1,DMD302269,1913,144208925,5280934,CC/C=C\C/C=C\C/C=C\CCCCCCCC(=O)O,Active,40,http://assay.nih.gov/htsws/rest/display/tox21-p450-2c9-p1/NCGC00259276-01/245035142,NA,-4.4528,1.2475,0.9681,-74.4691,-0.5484,-2.1,73.9207,
1671198,1,DMD302654,2357,144209369,5280450,CCCCC/C=C\C/C=C\CCCCCCCC(=O)O,Active,40,http://assay.nih.gov/htsws/rest/display/tox21-p450-2c9-p1/NCGC00259720-01/245035216,NA,-4.456,1.6259,0.9868,-99.0836,2.566,-2.1,101.65,
1671198,1,DMD302643,3672,144210684,2969,CCCCCCCCCC(=O)O,Active,41,http://assay.nih.gov/htsws/rest/display/tox21-p450-2c9-p1/NCGC00254437-01/245030887,NA,-4.126,2.2526,0.9582,-71.4412,-2.6282,-2.2,68.813,
1671198,1,DMD302257,4255,144211267,445638,CCCCCC/C=C\CCCCCCCC(=O)O,Active,42,http://assay.nih.gov/htsws/rest/display/tox21-p450-2c9-p1/NCGC00254852-01/245031698,NA,-4.1489,2.5884,0.9721,-88.3942,0.1474,-2.1,88.5416,
1671198,1,DMD302654,6385,144213397,5280450,CCCCC/C=C\C/C=C\CCCCCCCC(=O)O,Active,40,http://assay.nih.gov/htsws/rest/display/tox21-p450-2c9-p1/NCGC00257024-01/245037886,NA,-4.4989,1.9887,0.984,-87.2098,-1.7209,-2.1,85.4889,
1671198,1,DMD302269,6627,144213639,5280934,CC/C=C\C/C=C\C/C=C\CCCCCCCC(=O)O,Active,40,http://assay.nih.gov/htsws/rest/display/tox21-p450-2c9-p1/NCGC00257192-01/245037607,NA,-4.3989,3.2475,0.9904,-80.6369,2.9921,-2.1,83.629,
1671198,1,DMD302594,6969,144213981,700,C(CO)N,Active,40,http://assay.nih.gov/htsws/rest/display/tox21-p450-2c9-p1/NCGC00090789-02/245036720,NA,-4.4989,1.4163,0.9871,-87.2358,3.2474,-2.1,90.4832,
1671198,2,DMD302269,1913,144208925,5280934,CC/C=C\C/C=C\C/C=C\CCCCCCCC(=O)O,Active,40,http://assay.nih.gov/htsws/rest/display/tox21-p450-2c9-p1/NCGC00259276-01/245035142,NA,-4.2028,1.5579,0.9584,-88.4534,0.7289,-2.1,89.1823,
1671198,2,DMD302654,2357,144209369,5280450,CCCCC/C=C\C/C=C\CCCCCCCC(=O)O,Active,40,http://assay.nih.gov/htsws/rest/display/tox21-p450-2c9-p1/NCGC00259720-01/245035216,NA,-4.206,2.4064,0.9767,-84.5248,3.6638,-2.1,88.1885,
1671198,2,DMD302643,3672,144210684,2969,CCCCCCCCCC(=O)O,Active,41,http://assay.nih.gov/htsws/rest/display/tox21-p450-2c9-p1/NCGC00254437-01/245030887,NA,-4.126,1.8265,0.8644,-78.472,-5.1651,-2.2,73.3069,
1671198,2,DMD302257,4255,144211267,445638,CCCCCC/C=C\CCCCCCCC(=O)O,Active,42,http://assay.nih.gov/htsws/rest/display/tox21-p450-2c9-p1/NCGC00254852-01/245031698,NA,-4.3989,2.2481,0.9212,-38.8972,-1.6494,-2.2,37.2478,
1671198,2,DMD302654,6385,144213397,5280450,CCCCC/C=C\C/C=C\CCCCCCCC(=O)O,Active,40,http://assay.nih.gov/htsws/rest/display/tox21-p450-2c9-p1/NCGC00257024-01/245037886,NA,-4.5989,1.6259,0.9898,-99.5454,-0.3549,-1.1,99.1905,
1671198,2,DMD302269,6627,144213639,5280934,CC/C=C\C/C=C\C/C=C\CCCCCCCC(=O)O,Active,40,http://assay.nih.gov/htsws/rest/display/tox21-p450-2c9-p1/NCGC00257192-01/245037607,NA,-4.4989,2.0937,0.9752,-98.0143,0.2922,-2.1,98.3065,
1671198,2,DMD302594,6969,144213981,700,C(CO)N,Active,40,http://assay.nih.gov/htsws/rest/display/tox21-p450-2c9-p1/NCGC00090789-02/245036720,NA,-4.2489,2.3332,0.9687,-43.7242,1,-2.2,44.7242,
1671198,3,DMD302269,1913,144208925,5280934,CC/C=C\C/C=C\C/C=C\CCCCCCCC(=O)O,Active,40,http://assay.nih.gov/htsws/rest/display/tox21-p450-2c9-p1/NCGC00259276-01/245035142,NA,-4.2028,1.6924,0.9699,-77.8327,1.8534,-2.2,79.6861,
1671198,3,DMD302654,2357,144209369,5280450,CCCCC/C=C\C/C=C\CCCCCCCC(=O)O,Active,40,http://assay.nih.gov/htsws/rest/display/tox21-p450-2c9-p1/NCGC00259720-01/245035216,NA,-4.506,1.4781,0.996,-99.0018,-1.2342,-2.1,97.7677,
1671198,3,DMD302643,3672,144210684,2969,CCCCCCCCCC(=O)O,Active,41,http://assay.nih.gov/htsws/rest/display/tox21-p450-2c9-p1/NCGC00254437-01/245030887,NA,-4.226,2.7202,0.9803,-56.3009,1.144,-2.2,57.4449,
1671198,3,DMD302257,4255,144211267,445638,CCCCCC/C=C\CCCCCCCC(=O)O,Active,42,http://assay.nih.gov/htsws/rest/display/tox21-p450-2c9-p1/NCGC00254852-01/245031698,NA,-5.0489,1.1,0.8576,-21.7805,-3.5678,4,,
1671198,3,DMD302654,6385,144213397,5280450,CCCCC/C=C\C/C=C\CCCCCCCC(=O)O,Active,40,http://assay.nih.gov/htsws/rest/display/tox21-p450-2c9-p1/NCGC00257024-01/245037886,NA,-4.4989,1.7529,0.9951,-102.156,-0.8748,-2.1,101.282,
1671198,3,DMD302269,6627,144213639,5280934,CC/C=C\C/C=C\C/C=C\CCCCCCCC(=O)O,Active,40,http://assay.nih.gov/htsws/rest/display/tox21-p450-2c9-p1/NCGC00257192-01/245037607,NA,-4.4489,1.2475,0.9629,-100.303,3.6154,-2.1,103.919,
1671198,3,DMD302594,6969,144213981,700,C(CO)N,Active,40,http://assay.nih.gov/htsws/rest/display/tox21-p450-2c9-p1/NCGC00090789-02/245036720,NA,-4.0989,2.7202,0.8981,-40.4506,-2.5,-2.2,37.9506,
1671198,4,DMD302594,6969,144213981,700,C(CO)N,Active,40,http://assay.nih.gov/htsws/rest/display/tox21-p450-2c9-p1/NCGC00090789-02/245036720,NA,-4.0989,3.99,0.9463,-35.7023,-0.5,-2.4,35.2023,
1671198,5,DMD302594,6969,144213981,700,C(CO)N,Active,40,http://assay.nih.gov/htsws/rest/display/tox21-p450-2c9-p1/NCGC00090789-02/245036720,NA,-4.0489,4.9549,0.9598,-30.1998,0,-2.4,30.1998,
1671198,6,DMD302594,6969,144213981,700,C(CO)N,Active,40,http://assay.nih.gov/htsws/rest/display/tox21-p450-2c9-p1/NCGC00090789-02/245036720,NA,-4.4489,0.9,0.8224,-29.0568,0.5,-2.4,29.5568,
1671198,7,DMD302594,6969,144213981,700,C(CO)N,Active,40,http://assay.nih.gov/htsws/rest/display/tox21-p450-2c9-p1/NCGC00090789-02/245036720,NA,-4.0989,2.9523,0.8829,-33.8964,0,-2.4,33.8964,
1671198,8,DMD302594,6969,144213981,700,C(CO)N,Active,40,http://assay.nih.gov/htsws/rest/display/tox21-p450-2c9-p1/NCGC00090789-02/245036720,NA,-3.9989,0.9,0.6816,-29.9149,-3,-2.4,26.9149,
1671198,9,DMD302594,6969,144213981,700,C(CO)N,Active,40,http://assay.nih.gov/htsws/rest/display/tox21-p450-2c9-p1/NCGC00090789-02/245036720,NA,-4.1989,1.4781,0.7062,-38.3448,3.3138,-2.4,41.6586,
1671198,10,DMD302594,6969,144213981,700,C(CO)N,Active,40,http://assay.nih.gov/htsws/rest/display/tox21-p450-2c9-p1/NCGC00090789-02/245036720,NA,-8.6989,4.9549,0.6242,5,-4.9994,4,,
1671198,11,DMD302594,6969,144213981,700,C(CO)N,Active,40,http://assay.nih.gov/htsws/rest/display/tox21-p450-2c9-p1/NCGC00090789-02/245036720,NA,-4.0489,4.9549,0.5218,-13.6711,0,4,,
1671198,12,DMD302594,6969,144213981,700,C(CO)N,Active,40,http://assay.nih.gov/htsws/rest/display/tox21-p450-2c9-p1/NCGC00090789-02/245036720,NA,-6.0489,0.7,0.7739,-12.9689,-2,4,,
1671198,13,DMD302594,6969,144213981,700,C(CO)N,Active,40,http://assay.nih.gov/htsws/rest/display/tox21-p450-2c9-p1/NCGC00090789-02/245036720,NA,-8.5989,0.9,0.4205,2.5,-8.7657,4,,
1671198,14,DMD302594,6969,144213981,700,C(CO)N,Active,40,http://assay.nih.gov/htsws/rest/display/tox21-p450-2c9-p1/NCGC00090789-02/245036720,NA,-3.9989,4.9549,0.6937,-26.7672,1.5,4,,
1671198,15,DMD302594,6969,144213981,700,C(CO)N,Active,40,http://assay.nih.gov/htsws/rest/display/tox21-p450-2c9-p1/NCGC00090789-02/245036720,NA,-5.9489,1.1,0.5274,1.1284,8,4,,
1671198,16,DMD302594,6969,144213981,700,C(CO)N,Active,40,http://assay.nih.gov/htsws/rest/display/tox21-p450-2c9-p1/NCGC00090789-02/245036720,NA,-4.9489,2.4064,0.4028,-6.5034,-1,4,,
1671198,18,DMD302594,6969,144213981,700,C(CO)N,Active,40,http://assay.nih.gov/htsws/rest/display/tox21-p450-2c9-p1/NCGC00090789-02/245036720,NA,-5.1989,4.5045,0.4026,-5.6171,0,4,,
1671198,19,DMD302594,6969,144213981,700,C(CO)N,Active,40,http://assay.nih.gov/htsws/rest/display/tox21-p450-2c9-p1/NCGC00090789-02/245036720,NA,-4.4489,1.8579,0.8677,-17.2367,0,4,,
1671198,21,DMD302594,6969,144213981,700,C(CO)N,Active,40,http://assay.nih.gov/htsws/rest/display/tox21-p450-2c9-p1/NCGC00090789-02/245036720,NA,-4.3489,2.1211,0.8803,-21.6848,1,4,,
1671198,22,DMD302594,6969,144213981,700,C(CO)N,Active,40,http://assay.nih.gov/htsws/rest/display/tox21-p450-2c9-p1/NCGC00090789-02/245036720,NA,-4.4489,1.3987,0.8314,-11.5409,1.5,4,,
1671198,24,DMD302594,6969,144213981,700,C(CO)N,Active,40,http://assay.nih.gov/htsws/rest/display/tox21-p450-2c9-p1/NCGC00090789-02/245036720,NA,-4.1489,3.132,0.4333,-9.2686,0.5,4,,
1671198,25,DMD302594,6969,144213981,700,C(CO)N,Active,40,http://assay.nih.gov/htsws/rest/display/tox21-p450-2c9-p1/NCGC00090789-02/245036720,NA,-4.1989,3.99,0.5655,-7.4818,1.5,4,,
1671198,28,DMD302594,6969,144213981,700,C(CO)N,Active,40,http://assay.nih.gov/htsws/rest/display/tox21-p450-2c9-p1/NCGC00090789-02/245036720,NA,-4.1489,4.9549,0.3244,-3.7712,4,4,,
1671198,31,DMD302594,6969,144213981,700,C(CO)N,Active,40,http://assay.nih.gov/htsws/rest/display/tox21-p450-2c9-p1/NCGC00090789-02/245036720,NA,-4.0989,1.6924,0.5038,-14.2505,4,4,,
1671199,1,DMD302253,1383,144208395,13849,CCCCCCCCCCCCCCC(=O)O,Active,40,http://assay.nih.gov/htsws/rest/display/tox21-p450-1a2-p1/NCGC00258749-01/244627895,NA,-4.4474,1.8617,0.9762,-51.1283,1.2888,-2.2,52.4171,
1671199,1,DMD302561,3678,144210690,525,C(C(C(=O)O)O)C(=O)O,Active,40,http://assay.nih.gov/htsws/rest/display/tox21-p450-1a2-p1/NCGC00254259-01/244617178,NA,-4.4489,2.0437,0.9723,-59.0356,-1.8821,-2.2,57.1535,
1671199,1,DMD302667,4758,144211770,176,CC(=O)O,Active,40,http://assay.nih.gov/htsws/rest/display/tox21-p450-1a2-p1/NCGC00255303-01/244626059,NA,-4.4489,1.4781,0.9807,-63.2237,0.0191,-2.2,63.2428,
1671199,1,DMD302251,6086,144213098,11005,CCCCCCCCCCCCCC(=O)O,Active,41,http://assay.nih.gov/htsws/rest/display/tox21-p450-1a2-p1/NCGC00256547-01/244624797,NA,-4.1489,2.1876,0.9646,-69.1448,-0.4772,-2.2,68.6676,
1671199,1,DMD302649,6271,144213283,985,CCCCCCCCCCCCCCCC(=O)O,Active,40,http://assay.nih.gov/htsws/rest/display/tox21-p450-1a2-p1/NCGC00256424-01/244625222,NA,-4.3989,2.5334,0.9839,-49.2864,-0.7991,-2.2,48.4873,
1671199,1,DMD302594,6969,144213981,700,C(CO)N,Active,41,http://assay.nih.gov/htsws/rest/display/tox21-p450-1a2-p1/NCGC00090789-02/244624338,NA,-4.1489,2.3332,0.9529,-83.0291,-2.9538,-2.1,80.0753,
1671199,2,DMD302253,1383,144208395,13849,CCCCCCCCCCCCCCC(=O)O,Active,40,http://assay.nih.gov/htsws/rest/display/tox21-p450-1a2-p1/NCGC00258749-01/244627895,NA,-4.3974,1.8617,0.9676,-78.3572,-2.3532,-2.1,76.004,
1671199,2,DMD302561,3678,144210690,525,C(C(C(=O)O)O)C(=O)O,Active,40,http://assay.nih.gov/htsws/rest/display/tox21-p450-1a2-p1/NCGC00254259-01/244617178,NA,-4.2989,2.3332,0.9804,-14.7362,0.5,4,,
1671199,2,DMD302667,4758,144211770,176,CC(=O)O,Active,40,http://assay.nih.gov/htsws/rest/display/tox21-p450-1a2-p1/NCGC00255303-01/244626059,NA,-4.3989,1.7885,0.9539,-44.7191,-2.178,-2.2,42.541,
1671199,2,DMD302251,6086,144213098,11005,CCCCCCCCCCCCCC(=O)O,Active,41,http://assay.nih.gov/htsws/rest/display/tox21-p450-1a2-p1/NCGC00256547-01/244624797,NA,-4.1489,2.3031,0.9754,-57.5847,-0.1131,-2.2,57.4716,
1671199,2,DMD302649,6271,144213283,985,CCCCCCCCCCCCCCCC(=O)O,Active,40,http://assay.nih.gov/htsws/rest/display/tox21-p450-1a2-p1/NCGC00256424-01/244625222,NA,-4.3989,2.1211,0.9851,-78.7316,-1.7253,-2.1,77.0063,
1671199,2,DMD302594,6969,144213981,700,C(CO)N,Active,41,http://assay.nih.gov/htsws/rest/display/tox21-p450-1a2-p1/NCGC00090789-02/244624338,NA,-4.4989,1.5386,0.9903,-54.6341,0.6116,-2.2,55.2458,
1671199,3,DMD302253,1383,144208395,13849,CCCCCCCCCCCCCCC(=O)O,Active,40,http://assay.nih.gov/htsws/rest/display/tox21-p450-1a2-p1/NCGC00258749-01/244627895,NA,-4.1974,1.8851,0.9946,-60.7501,-1.1191,-2.2,59.631,
1671199,3,DMD302561,3678,144210690,525,C(C(C(=O)O)O)C(=O)O,Active,40,http://assay.nih.gov/htsws/rest/display/tox21-p450-1a2-p1/NCGC00254259-01/244617178,NA,-4.7489,3.132,0.9035,-16.2122,1,4,,
1671199,3,DMD302667,4758,144211770,176,CC(=O)O,Active,40,http://assay.nih.gov/htsws/rest/display/tox21-p450-1a2-p1/NCGC00255303-01/244626059,NA,-4.1989,1.6604,0.9821,-59.8524,-5.0591,-2.2,54.7933,
1671199,3,DMD302251,6086,144213098,11005,CCCCCCCCCCCCCC(=O)O,Active,41,http://assay.nih.gov/htsws/rest/display/tox21-p450-1a2-p1/NCGC00256547-01/244624797,NA,-4.0989,2.6384,0.989,-39.8502,0,-2.4,39.8502,
1671199,3,DMD302649,6271,144213283,985,CCCCCCCCCCCCCCCC(=O)O,Active,40,http://assay.nih.gov/htsws/rest/display/tox21-p450-1a2-p1/NCGC00256424-01/244625222,NA,-4.0989,2.7868,0.8982,-63.5527,-4.2465,-2.2,59.3062,
1671199,3,DMD302594,6969,144213981,700,C(CO)N,Active,41,http://assay.nih.gov/htsws/rest/display/tox21-p450-1a2-p1/NCGC00090789-02/244624338,NA,-4.1489,1.9673,0.9372,-32.9679,-1,-2.4,31.9679,
1671199,4,DMD302594,6969,144213981,700,C(CO)N,Active,41,http://assay.nih.gov/htsws/rest/display/tox21-p450-1a2-p1/NCGC00090789-02/244624338,NA,-4.4489,2.6384,0.9689,-43.6345,0.5933,-2.2,44.2278,
1671199,5,DMD302594,6969,144213981,700,C(CO)N,Active,41,http://assay.nih.gov/htsws/rest/display/tox21-p450-1a2-p1/NCGC00090789-02/244624338,NA,-4.4489,1.6259,0.979,-31.1279,1,-2.4,32.1279,
1671199,6,DMD302594,6969,144213981,700,C(CO)N,Active,41,http://assay.nih.gov/htsws/rest/display/tox21-p450-1a2-p1/NCGC00090789-02/244624338,NA,-8.4989,2.3332,0.3362,-1,-12.3938,4,,
1671199,7,DMD302594,6969,144213981,700,C(CO)N,Active,41,http://assay.nih.gov/htsws/rest/display/tox21-p450-1a2-p1/NCGC00090789-02/244624338,NA,-4.4489,2.3531,0.9455,-41.9327,0.7745,-2.2,42.7072,
1671199,8,DMD302594,6969,144213981,700,C(CO)N,Active,41,http://assay.nih.gov/htsws/rest/display/tox21-p450-1a2-p1/NCGC00090789-02/244624338,NA,-4.1989,2.4064,0.7377,-34.5591,-0.5,-2.4,34.0591,
1671199,9,DMD302594,6969,144213981,700,C(CO)N,Active,41,http://assay.nih.gov/htsws/rest/display/tox21-p450-1a2-p1/NCGC00090789-02/244624338,NA,-4.9489,1.6924,0.8246,-20.8455,-1,4,,
1671199,10,DMD302594,6969,144213981,700,C(CO)N,Active,41,http://assay.nih.gov/htsws/rest/display/tox21-p450-1a2-p1/NCGC00090789-02/244624338,NA,-4.1489,1.9887,0.9664,-43.471,1,-2.2,44.471,
1671199,11,DMD302594,6969,144213981,700,C(CO)N,Active,41,http://assay.nih.gov/htsws/rest/display/tox21-p450-1a2-p1/NCGC00090789-02/244624338,NA,-4.4489,1,0.866,-29.7039,-0.5,4,,
1671199,12,DMD302594,6969,144213981,700,C(CO)N,Active,41,http://assay.nih.gov/htsws/rest/display/tox21-p450-1a2-p1/NCGC00090789-02/244624338,NA,-4.7989,1.8265,0.9683,-21.0508,-0.5,4,,
1671199,13,DMD302594,6969,144213981,700,C(CO)N,Active,41,http://assay.nih.gov/htsws/rest/display/tox21-p450-1a2-p1/NCGC00090789-02/244624338,NA,-4.1489,2.0937,0.8117,-33.0258,1,-2.4,34.0258,
1671199,14,DMD302594,6969,144213981,700,C(CO)N,Active,41,http://assay.nih.gov/htsws/rest/display/tox21-p450-1a2-p1/NCGC00090789-02/244624338,NA,-4.4489,1.111,0.9271,-16.7569,1,4,,
1671199,15,DMD302594,6969,144213981,700,C(CO)N,Active,41,http://assay.nih.gov/htsws/rest/display/tox21-p450-1a2-p1/NCGC00090789-02/244624338,NA,-4.3989,3.2975,0.9657,-20.7097,1.5,4,,
1671199,16,DMD302594,6969,144213981,700,C(CO)N,Active,41,http://assay.nih.gov/htsws/rest/display/tox21-p450-1a2-p1/NCGC00090789-02/244624338,NA,-5.8989,3.5117,0.8652,-29.9306,2,-3,31.9306,
1671199,17,DMD302594,6969,144213981,700,C(CO)N,Active,41,http://assay.nih.gov/htsws/rest/display/tox21-p450-1a2-p1/NCGC00090789-02/244624338,NA,-4.4489,4.9549,0.9708,-26.2588,-2.2851,4,,
1671199,18,DMD302594,6969,144213981,700,C(CO)N,Active,41,http://assay.nih.gov/htsws/rest/display/tox21-p450-1a2-p1/NCGC00090789-02/244624338,NA,-4.2489,2.2526,0.934,-12.9238,2,4,,
1671199,19,DMD302594,6969,144213981,700,C(CO)N,Active,41,http://assay.nih.gov/htsws/rest/display/tox21-p450-1a2-p1/NCGC00090789-02/244624338,NA,-4.4294,1.9673,0.8852,14,0.0455,4,,
1671199,20,DMD302594,6969,144213981,700,C(CO)N,Active,41,http://assay.nih.gov/htsws/rest/display/tox21-p450-1a2-p1/NCGC00090789-02/244624338,NA,-4.3489,2.3332,0.9023,-23.3518,-2,4,,
1671199,21,DMD302594,6969,144213981,700,C(CO)N,Active,41,http://assay.nih.gov/htsws/rest/display/tox21-p450-1a2-p1/NCGC00090789-02/244624338,NA,-4.1989,2.4064,0.9293,-24.3992,6,4,,
1671199,22,DMD302594,6969,144213981,700,C(CO)N,Active,41,http://assay.nih.gov/htsws/rest/display/tox21-p450-1a2-p1/NCGC00090789-02/244624338,NA,-4.0989,2.2526,0.8726,-29.7763,-2,4,,
1671199,23,DMD302594,6969,144213981,700,C(CO)N,Active,41,http://assay.nih.gov/htsws/rest/display/tox21-p450-1a2-p1/NCGC00090789-02/244624338,NA,-4.1989,3.0654,0.9714,-22.3896,0.5,4,,
1671199,24,DMD302594,6969,144213981,700,C(CO)N,Active,41,http://assay.nih.gov/htsws/rest/display/tox21-p450-1a2-p1/NCGC00090789-02/244624338,NA,-4.1989,2.0437,0.9576,-15.1872,5.5,4,,
1671199,25,DMD302594,6969,144213981,700,C(CO)N,Active,41,http://assay.nih.gov/htsws/rest/display/tox21-p450-1a2-p1/NCGC00090789-02/244624338,NA,-4.0989,2.8473,0.7392,-28.03,-1,4,,
1671199,26,DMD302594,6969,144213981,700,C(CO)N,Active,41,http://assay.nih.gov/htsws/rest/display/tox21-p450-1a2-p1/NCGC00090789-02/244624338,NA,-4.1989,3.132,0.6772,-15.5201,1,4,,
1671199,27,DMD302594,6969,144213981,700,C(CO)N,Active,41,http://assay.nih.gov/htsws/rest/display/tox21-p450-1a2-p1/NCGC00090789-02/244624338,NA,-4.1489,1.8265,0.9612,-27.7068,-5.2245,4,,
1671199,28,DMD302594,6969,144213981,700,C(CO)N,Active,41,http://assay.nih.gov/htsws/rest/display/tox21-p450-1a2-p1/NCGC00090789-02/244624338,NA,-4.0989,3.132,0.7985,-26.9068,-2.5,4,,
1671199,29,DMD302594,6969,144213981,700,C(CO)N,Active,41,http://assay.nih.gov/htsws/rest/display/tox21-p450-1a2-p1/NCGC00090789-02/244624338,NA,-4.1489,2.1211,0.7605,-29.1887,-0.5,4,,
1671199,30,DMD302594,6969,144213981,700,C(CO)N,Active,41,http://assay.nih.gov/htsws/rest/display/tox21-p450-1a2-p1/NCGC00090789-02/244624338,NA,-4.1489,1.8265,0.7204,-25.1019,-1,4,,
1671199,31,DMD302594,6969,144213981,700,C(CO)N,Active,41,http://assay.nih.gov/htsws/rest/display/tox21-p450-1a2-p1/NCGC00090789-02/244624338,NA,-4.0794,4.9549,0.6289,15,-0.5775,4,,
1671199,32,DMD302594,6969,144213981,700,C(CO)N,Active,41,http://assay.nih.gov/htsws/rest/display/tox21-p450-1a2-p1/NCGC00090789-02/244624338,NA,-4.1489,1.4641,0.7279,-21.0185,-0.5,4,,
1671199,33,DMD302594,6969,144213981,700,C(CO)N,Active,41,http://assay.nih.gov/htsws/rest/display/tox21-p450-1a2-p1/NCGC00090789-02/244624338,NA,-4.1489,2.3031,0.9439,-16.1111,2.5,4,,
1671199,34,DMD302594,6969,144213981,700,C(CO)N,Active,41,http://assay.nih.gov/htsws/rest/display/tox21-p450-1a2-p1/NCGC00090789-02/244624338,NA,-4.0489,4.9549,0.9087,-21.0297,-1,4,,
1671199,35,DMD302594,6969,144213981,700,C(CO)N,Active,41,http://assay.nih.gov/htsws/rest/display/tox21-p450-1a2-p1/NCGC00090789-02/244624338,NA,-4.0989,1.4641,0.7922,-19.3256,-1,4,,
1671199,36,DMD302594,6969,144213981,700,C(CO)N,Active,41,http://assay.nih.gov/htsws/rest/display/tox21-p450-1a2-p1/NCGC00090789-02/244624338,NA,-4.0489,4.9549,0.7,-20.58,-1.5,4,,
1671199,37,DMD302594,6969,144213981,700,C(CO)N,Active,41,http://assay.nih.gov/htsws/rest/display/tox21-p450-1a2-p1/NCGC00090789-02/244624338,NA,-4.0489,4.9549,0.9103,-17.7562,1.5,4,,
1671199,38,DMD302594,6969,144213981,700,C(CO)N,Active,41,http://assay.nih.gov/htsws/rest/display/tox21-p450-1a2-p1/NCGC00090789-02/244624338,NA,-4.0989,3.6772,0.7238,-16.8703,1,4,,
1671199,39,DMD302594,6969,144213981,700,C(CO)N,Active,41,http://assay.nih.gov/htsws/rest/display/tox21-p450-1a2-p1/NCGC00090789-02/244624338,NA,-3.9989,0.8,0.4322,-20.4208,-3.9628,4,,
504845,NA,DMD301978,44595,26754777,5283202,CCCCC/C=C\C/C=C\C/C=C\CC1C(O1)CCCC(=O)O,Active,52,http://assay.nih.gov/htsws/rest/display/rgs4-v2/NCGC00161265-02/77560202,NA,-4.4238,4.9549,0.9905,-3237.36,-14.8738,-2.1,3222.49,
504845,NA,DMD301961,44641,26754884,6246154,CCCCC/C=C\CC1C(O1)CCCCCCCC(=O)O,Active,66,http://assay.nih.gov/htsws/rest/display/rgs4-v2/NCGC00161323-02/77559411,NA,-4.4238,4.9549,0.9814,-6711.6,-30.9881,-2.1,6680.61,
504845,NA,DMD302660,44671,26754944,5497182,CC/C=C\C/C=C\C/C=C\C/C=C\C/C=C\CCCCCC(=O)O,Active,60,http://assay.nih.gov/htsws/rest/display/rgs4-v2/NCGC00161353-02/77559041,NA,-4.6738,2.3332,0.9941,-2305.8,-32.4286,-2.1,2273.37,
504845,NA,DMD301912,45050,26756769,5280878,CCCCC/C=C\C/C=C\C=C\C=C\[C@H]([C@H](CCCC(=O)O)O)SC[C@@H](C(=O)NCC(=O)O)N,Active,49,http://assay.nih.gov/htsws/rest/display/rgs4-v2/NCGC00163399-01/77559568,NA,-4.5738,1.8079,0.9661,-2470.38,33.3636,-2.1,2503.74,
1476,NA,DMD301915,271,26754795,5280877,C(CCC(=O)O)C/C=C\C[C@H](/C=C/C=C/C=C\[C@H](CCCC(=O)O)O)O,Active,82,NA,NA,-5.4,0.8,0.9977,-41.0585,-99.169,-1.1,58.1105,
1478,NA,DMD301915,609,26754795,5280877,C(CCC(=O)O)C/C=C\C[C@H](/C=C/C=C/C=C\[C@H](CCCC(=O)O)O)O,Active,41,NA,Likely problematic,-4.9,0.4,0.9989,-31.244,-102.108,-2.1,70.864,
1345199,NA,DMD301921,2742,144204033,5280723,CCCCC[C@@H](/C=C/[C@H]1[C@@H](CC(=O)[C@@H]1CCCCCCC(=O)O)O)O,Active,0,http://assay.nih.gov/htsws/rest/display/glioblastoma-206-p1-npc/NCGC00016535-01/133004718,NA,-4.95,1.6924,0.9982,-90.2116,-25.7825,-2.2,64.4291,
1645876,NA,DMD301921,559,384568061,5280723,CCCCC[C@@H](/C=C/[C@H]1[C@@H](CC(=O)[C@@H]1CCCCCCC(=O)O)O)O,Active,89,http://assay.nih.gov/htsws/rest/display/NSD2-synergy-p1-mipe-npc-9B/NCGC00025234-17/238440686,NA,-7.1795,0.5,0.9512,-70.3962,12.7254,-1.1,83.1216,
1645877,NA,DMD301921,2835,384568061,5280723,CCCCC[C@@H](/C=C/[C@H]1[C@@H](CC(=O)[C@@H]1CCCCCCC(=O)O)O)O,Active,41,http://assay.nih.gov/htsws/rest/display/NSD2-synergy-p1-mipe-npc-2C/NCGC00025234-17/238435390,NA,-4.6795,0.6,0.8031,-89.9685,-1.0778,-2.2,88.8906,
1645886,NA,DMD301921,43,144204033,5280723,CCCCC[C@@H](/C=C/[C@H]1[C@@H](CC(=O)[C@@H]1CCCCCCC(=O)O)O)O,Active,81,http://assay.nih.gov/htsws/rest/display/epac2-inhibitor-v2/NCGC00016535-01/152439910,NA,-4.85,3.2975,0.9955,-67.8057,24.4042,-1.1,92.2099,
2202232,NA,DMD301921,594,384568061,5280723,CCCCC[C@@H](/C=C/[C@H]1[C@@H](CC(=O)[C@@H]1CCCCCCC(=O)O)O)O,Active,42,http://assay.nih.gov/htsws/rest/display/s-AML_EVI1-OCI_AML3-MIPE5.0-CTG48h-1/NCGC00025234-17/256036604,NA,-5.0295,0.3,0.8035,63.095,142.937,-2.2,79.8423,
2202234,NA,DMD301921,588,384568061,5280723,CCCCC[C@@H](/C=C/[C@H]1[C@@H](CC(=O)[C@@H]1CCCCCCC(=O)O)O)O,Active,41,http://assay.nih.gov/htsws/rest/display/s-AML_EVI1-HNT_34-MIPE5.0-CTG48h-1/NCGC00025234-17/256066536,NA,-4.7795,2.4064,0.9146,73.0842,111.266,-2.2,38.1815,
2202235,NA,DMD301921,586,384568061,5280723,CCCCC[C@@H](/C=C/[C@H]1[C@@H](CC(=O)[C@@H]1CCCCCCC(=O)O)O)O,Active,41,http://assay.nih.gov/htsws/rest/display/s-AML_EVI1-UCSD_AML1-MIPE5.0-CTG48h-1/NCGC00025234-17/256031648,NA,-4.9295,0.5,0.8389,65.1589,110.813,-2.2,45.6545,
938,NA,DMD302643,64647,17389668,2969,CCCCCCCCCC(=O)O,Active,40,NA,NA,-4.5,2.7202,0.8797,83.037,2.2133,2.2,80.8237,
938,NA,DMD301922,71466,26753268,5280360,CCCCC[C@@H](/C=C/[C@H]1[C@@H](CC(=O)[C@@H]1C/C=C\CCCC(=O)O)O)O,Active,99,NA,NA,-8,2.3031,0.9395,109.882,10.2845,1.1,99.597,
743167,NA,DMD301922,3,144204747,5280360,CCCCC[C@@H](/C=C/[C@H]1[C@@H](CC(=O)[C@@H]1C/C=C\CCCC(=O)O)O)O,Active,100,http://assay.nih.gov/htsws/rest/display/hpgd-pge2-A549-f4/NCGC00092361-05/183369374,NA,-6.8292,1,0.9898,11222.3,227.271,1.1,10995.1,
1224842,1,DMD301922,7416,170465000,5280360,CCCCC[C@@H](/C=C/[C@H]1[C@@H](CC(=O)[C@@H]1C/C=C\CCCC(=O)O)O)O,Active,44,http://assay.nih.gov/htsws/rest/display/tox21-pgc-err-p1/NCGC00092361-06/212177972,NA,-7.8251,0.5,0.8834,21.5,-4,1.2,25.5,
1224842,2,DMD301922,7416,170465000,5280360,CCCCC[C@@H](/C=C/[C@H]1[C@@H](CC(=O)[C@@H]1C/C=C\CCCC(=O)O)O)O,Active,44,http://assay.nih.gov/htsws/rest/display/tox21-pgc-err-p1/NCGC00092361-06/212177972,NA,-7.3251,0.7,0.9442,22,-1.866,1.2,23.866,
1224842,3,DMD301922,7416,170465000,5280360,CCCCC[C@@H](/C=C/[C@H]1[C@@H](CC(=O)[C@@H]1C/C=C\CCCC(=O)O)O)O,Active,44,http://assay.nih.gov/htsws/rest/display/tox21-pgc-err-p1/NCGC00092361-06/212177972,NA,-7.6251,0.7,0.9004,23.5,-2.8258,1.2,26.3258,
1259368,1,DMD301922,7416,170465000,5280360,CCCCC[C@@H](/C=C/[C@H]1[C@@H](CC(=O)[C@@H]1C/C=C\CCCC(=O)O)O)O,Active,41,http://assay.nih.gov/htsws/rest/display/tox21-shh-3t3-gli3-agonist-p1/NCGC00092361-06/216209200,NA,-4.9751,1.331,0.8565,51.2318,1.6797,2.1,49.5521,
1259368,2,DMD301922,7416,170465000,5280360,CCCCC[C@@H](/C=C/[C@H]1[C@@H](CC(=O)[C@@H]1C/C=C\CCCC(=O)O)O)O,Active,41,http://assay.nih.gov/htsws/rest/display/tox21-shh-3t3-gli3-agonist-p1/NCGC00092361-06/216209200,NA,-5.4251,0.6,0.9556,70.4783,0.1319,2.1,70.3465,
1259368,3,DMD301922,7416,170465000,5280360,CCCCC[C@@H](/C=C/[C@H]1[C@@H](CC(=O)[C@@H]1C/C=C\CCCC(=O)O)O)O,Active,41,http://assay.nih.gov/htsws/rest/display/tox21-shh-3t3-gli3-agonist-p1/NCGC00092361-06/216209200,NA,-5.9251,0.4,0.9606,34,-2.0522,2.2,36.0522,
1259369,1,DMD302250,723,144207735,12530,CCCCCCCCCCCCC(=O)O,Active,84,http://assay.nih.gov/htsws/rest/display/tox21-shh-3t3-gli3-antagonist-p1/NCGC00258091-01/216787633,NA,-5.5624,0.8,0.9534,-77.0461,2.451,-1.1,79.4971,
1259369,1,DMD302528,2344,144209356,1176,C(=O)(N)N,Active,83,http://assay.nih.gov/htsws/rest/display/tox21-shh-3t3-gli3-antagonist-p1/NCGC00259707-01/216789143,NA,-5.1379,4.9549,0.931,-78.5847,-2.0085,-1.1,76.5762,
1259369,1,DMD302269,6627,144213639,5280934,CC/C=C\C/C=C\C/C=C\CCCCCCCC(=O)O,Active,41,http://assay.nih.gov/htsws/rest/display/tox21-shh-3t3-gli3-antagonist-p1/NCGC00257192-01/216791575,NA,-4.3637,2.3332,0.7712,-98.5704,-6.6108,-2.1,91.9596,
1259369,1,DMD302594,6969,144213981,700,C(CO)N,Active,82,http://assay.nih.gov/htsws/rest/display/tox21-shh-3t3-gli3-antagonist-p1/NCGC00090789-02/216791608,NA,-4.8137,3.99,0.9658,-129.154,12.5103,-1.1,141.664,
1259369,1,DMD301922,7416,170465000,5280360,CCCCC[C@@H](/C=C/[C@H]1[C@@H](CC(=O)[C@@H]1C/C=C\CCCC(=O)O)O)O,Active,93,http://assay.nih.gov/htsws/rest/display/tox21-shh-3t3-gli3-antagonist-p1/NCGC00092361-06/216784661,NA,-8.2251,0.9,0.936,-71.3886,12.5702,-1.1,83.9588,
1259369,2,DMD302250,723,144207735,12530,CCCCCCCCCCCCC(=O)O,Active,84,http://assay.nih.gov/htsws/rest/display/tox21-shh-3t3-gli3-antagonist-p1/NCGC00258091-01/216787633,NA,-4.8124,1.9673,0.9105,-62.8067,5.1408,-1.1,67.9475,
1259369,2,DMD302528,2344,144209356,1176,C(=O)(N)N,Active,83,http://assay.nih.gov/htsws/rest/display/tox21-shh-3t3-gli3-antagonist-p1/NCGC00259707-01/216789143,NA,-4.4879,4.9549,0.6164,18,-1.8677,4,,
1259369,2,DMD302269,6627,144213639,5280934,CC/C=C\C/C=C\C/C=C\CCCCCCCC(=O)O,Active,41,http://assay.nih.gov/htsws/rest/display/tox21-shh-3t3-gli3-antagonist-p1/NCGC00257192-01/216791575,NA,-4.1637,4.9549,0.9258,-157.196,9.6508,-3,166.846,
1259369,2,DMD302594,6969,144213981,700,C(CO)N,Active,82,http://assay.nih.gov/htsws/rest/display/tox21-shh-3t3-gli3-antagonist-p1/NCGC00090789-02/216791608,NA,-4.3137,3.132,0.9239,-119.569,2.3392,-2.1,121.908,
1259369,2,DMD301922,7416,170465000,5280360,CCCCC[C@@H](/C=C/[C@H]1[C@@H](CC(=O)[C@@H]1C/C=C\CCCC(=O)O)O)O,Active,93,http://assay.nih.gov/htsws/rest/display/tox21-shh-3t3-gli3-antagonist-p1/NCGC00092361-06/216784661,NA,-8.7251,1,0.8953,-62.8858,-2.2583,-1.1,60.6275,
1259369,3,DMD302250,723,144207735,12530,CCCCCCCCCCCCC(=O)O,Active,84,http://assay.nih.gov/htsws/rest/display/tox21-shh-3t3-gli3-antagonist-p1/NCGC00258091-01/216787633,NA,-4.8124,0.5,0.4782,-24.618,2,4,,
1259369,3,DMD302528,2344,144209356,1176,C(=O)(N)N,Active,83,http://assay.nih.gov/htsws/rest/display/tox21-shh-3t3-gli3-antagonist-p1/NCGC00259707-01/216789143,NA,-6.2379,4.9549,0.4733,12,-3.1577,4,,
1259369,3,DMD302269,6627,144213639,5280934,CC/C=C\C/C=C\C/C=C\CCCCCCCC(=O)O,Active,41,http://assay.nih.gov/htsws/rest/display/tox21-shh-3t3-gli3-antagonist-p1/NCGC00257192-01/216791575,NA,-4.8137,3.5117,0.9352,-96.4287,-9.7416,-1.1,86.6872,
1259369,3,DMD302594,6969,144213981,700,C(CO)N,Active,82,http://assay.nih.gov/htsws/rest/display/tox21-shh-3t3-gli3-antagonist-p1/NCGC00090789-02/216791608,NA,-4.5637,4.9549,0.8572,-72.0643,-0.9143,-1.1,71.15,
1259369,3,DMD301922,7416,170465000,5280360,CCCCC[C@@H](/C=C/[C@H]1[C@@H](CC(=O)[C@@H]1C/C=C\CCCC(=O)O)O)O,Active,93,http://assay.nih.gov/htsws/rest/display/tox21-shh-3t3-gli3-antagonist-p1/NCGC00092361-06/216784661,NA,-8.0251,1.2221,0.9242,-63.5261,-23.3746,-1.2,40.1515,
1259369,4,DMD302594,6969,144213981,700,C(CO)N,Active,82,http://assay.nih.gov/htsws/rest/display/tox21-shh-3t3-gli3-antagonist-p1/NCGC00090789-02/216791608,NA,-4.1637,3.5722,0.896,81.8821,1.6751,2.1,80.207,
1259369,5,DMD302594,6969,144213981,700,C(CO)N,Active,82,http://assay.nih.gov/htsws/rest/display/tox21-shh-3t3-gli3-antagonist-p1/NCGC00090789-02/216791608,NA,-4.2137,4.9549,0.8944,-104.412,10.277,-2.1,114.689,
1259369,6,DMD302594,6969,144213981,700,C(CO)N,Active,82,http://assay.nih.gov/htsws/rest/display/tox21-shh-3t3-gli3-antagonist-p1/NCGC00090789-02/216791608,NA,-6.1637,4.9549,0.5403,18.6015,-4.8682,4,,
1259369,7,DMD302594,6969,144213981,700,C(CO)N,Active,82,http://assay.nih.gov/htsws/rest/display/tox21-shh-3t3-gli3-antagonist-p1/NCGC00090789-02/216791608,NA,-6.2137,4.9549,0.7948,-63.1352,7,-3,70.1352,
1259369,8,DMD302594,6969,144213981,700,C(CO)N,Active,82,http://assay.nih.gov/htsws/rest/display/tox21-shh-3t3-gli3-antagonist-p1/NCGC00090789-02/216791608,NA,-4.2137,3.6772,0.7319,31.5,-3.2752,2.4,34.7752,
1259369,9,DMD302594,6969,144213981,700,C(CO)N,Active,82,http://assay.nih.gov/htsws/rest/display/tox21-shh-3t3-gli3-antagonist-p1/NCGC00090789-02/216791608,NA,-8.4137,1.4487,0.3552,8.5,-17.1818,4,,
1259369,10,DMD302594,6969,144213981,700,C(CO)N,Active,82,http://assay.nih.gov/htsws/rest/display/tox21-shh-3t3-gli3-antagonist-p1/NCGC00090789-02/216791608,NA,-4.1637,4.9549,0.7638,49.9489,2.8655,3,47.0835,
1259369,11,DMD302594,6969,144213981,700,C(CO)N,Active,82,http://assay.nih.gov/htsws/rest/display/tox21-shh-3t3-gli3-antagonist-p1/NCGC00090789-02/216791608,NA,-4.5637,2.0937,0.4959,30.4949,-3.3806,2.4,33.8755,
1259369,12,DMD302594,6969,144213981,700,C(CO)N,Active,82,http://assay.nih.gov/htsws/rest/display/tox21-shh-3t3-gli3-antagonist-p1/NCGC00090789-02/216791608,NA,-8.1137,4.9549,0.5709,8.1131,-19.9738,4,,
1259369,13,DMD302594,6969,144213981,700,C(CO)N,Active,82,http://assay.nih.gov/htsws/rest/display/tox21-shh-3t3-gli3-antagonist-p1/NCGC00090789-02/216791608,NA,-4.1637,0.6,0.5788,41.7597,-5.2098,3,46.9695,
1259369,14,DMD302594,6969,144213981,700,C(CO)N,Active,82,http://assay.nih.gov/htsws/rest/display/tox21-shh-3t3-gli3-antagonist-p1/NCGC00090789-02/216791608,NA,-4.1637,4.9549,0.9126,-73.3455,12.0797,-3,85.4252,
1259369,15,DMD302594,6969,144213981,700,C(CO)N,Active,82,http://assay.nih.gov/htsws/rest/display/tox21-shh-3t3-gli3-antagonist-p1/NCGC00090789-02/216791608,NA,-5.9637,0.4,0.5045,16,-8.2851,4,,
1259369,16,DMD302594,6969,144213981,700,C(CO)N,Active,82,http://assay.nih.gov/htsws/rest/display/tox21-shh-3t3-gli3-antagonist-p1/NCGC00090789-02/216791608,NA,-8.2637,4.9549,0.3562,0.136,-17.7333,4,,
1259369,17,DMD302594,6969,144213981,700,C(CO)N,Active,82,http://assay.nih.gov/htsws/rest/display/tox21-shh-3t3-gli3-antagonist-p1/NCGC00090789-02/216791608,NA,-6.3137,0.2,0.7028,16,-13.8651,4,,
1259369,18,DMD302594,6969,144213981,700,C(CO)N,Active,82,http://assay.nih.gov/htsws/rest/display/tox21-shh-3t3-gli3-antagonist-p1/NCGC00090789-02/216791608,NA,-5.4637,0.2,0.3781,32.4356,-16.2697,4,,
1259369,19,DMD302594,6969,144213981,700,C(CO)N,Active,82,http://assay.nih.gov/htsws/rest/display/tox21-shh-3t3-gli3-antagonist-p1/NCGC00090789-02/216791608,NA,-6.3637,0.2,0.4452,16.0965,-29.2693,4,,
1259369,20,DMD302594,6969,144213981,700,C(CO)N,Active,82,http://assay.nih.gov/htsws/rest/display/tox21-shh-3t3-gli3-antagonist-p1/NCGC00090789-02/216791608,NA,-6.1137,3.5117,0.8301,20,1.7985,4,,
1259369,21,DMD302594,6969,144213981,700,C(CO)N,Active,82,http://assay.nih.gov/htsws/rest/display/tox21-shh-3t3-gli3-antagonist-p1/NCGC00090789-02/216791608,NA,-5.1637,0.4,0.4809,16,-13.4872,4,,
1259369,22,DMD302594,6969,144213981,700,C(CO)N,Active,82,http://assay.nih.gov/htsws/rest/display/tox21-shh-3t3-gli3-antagonist-p1/NCGC00090789-02/216791608,NA,-6.1137,4.9549,0.3304,8,0.3683,4,,
1259369,23,DMD302594,6969,144213981,700,C(CO)N,Active,82,http://assay.nih.gov/htsws/rest/display/tox21-shh-3t3-gli3-antagonist-p1/NCGC00090789-02/216791608,NA,-5.8137,1,0.5933,15,0.1143,4,,
1259369,24,DMD302594,6969,144213981,700,C(CO)N,Active,82,http://assay.nih.gov/htsws/rest/display/tox21-shh-3t3-gli3-antagonist-p1/NCGC00090789-02/216791608,NA,-4.9137,1.5095,0.6578,27.1375,-8.1442,4,,
1259369,25,DMD302594,6969,144213981,700,C(CO)N,Active,82,http://assay.nih.gov/htsws/rest/display/tox21-shh-3t3-gli3-antagonist-p1/NCGC00090789-02/216791608,NA,-4.1637,4.9549,0.6327,29,-0.0414,4,,
1259369,26,DMD302594,6969,144213981,700,C(CO)N,Active,82,http://assay.nih.gov/htsws/rest/display/tox21-shh-3t3-gli3-antagonist-p1/NCGC00090789-02/216791608,NA,-4.9137,0.5,0.7106,22,-1.9688,4,,
1259369,27,DMD302594,6969,144213981,700,C(CO)N,Active,82,http://assay.nih.gov/htsws/rest/display/tox21-shh-3t3-gli3-antagonist-p1/NCGC00090789-02/216791608,NA,-4.9137,1.331,0.4093,18,0.0312,4,,
1259369,28,DMD302594,6969,144213981,700,C(CO)N,Active,82,http://assay.nih.gov/htsws/rest/display/tox21-shh-3t3-gli3-antagonist-p1/NCGC00090789-02/216791608,NA,-4.1637,1.21,0.6977,28,1.8843,4,,
1259369,29,DMD302594,6969,144213981,700,C(CO)N,Active,82,http://assay.nih.gov/htsws/rest/display/tox21-shh-3t3-gli3-antagonist-p1/NCGC00090789-02/216791608,NA,-4.5637,4.5045,0.5709,21.5,-2.2415,4,,
1259369,30,DMD302594,6969,144213981,700,C(CO)N,Active,82,http://assay.nih.gov/htsws/rest/display/tox21-shh-3t3-gli3-antagonist-p1/NCGC00090789-02/216791608,NA,-4.1637,4.9549,0.5102,34.6961,-0.2027,4,,
1259369,32,DMD302594,6969,144213981,700,C(CO)N,Active,82,http://assay.nih.gov/htsws/rest/display/tox21-shh-3t3-gli3-antagonist-p1/NCGC00090789-02/216791608,NA,-4.5637,0.6,0.4191,18,-9.8412,4,,
1259369,35,DMD302594,6969,144213981,700,C(CO)N,Active,82,http://assay.nih.gov/htsws/rest/display/tox21-shh-3t3-gli3-antagonist-p1/NCGC00090789-02/216791608,NA,-4.2137,3.132,0.554,36,2.0711,4,,
743079,1,DMD301924,1777,144205330,5280363,CCCCC[C@@H](/C=C/[C@H]1[C@@H](C[C@@H]([C@@H]1C/C=C\CCCC(=O)O)O)O)O,Active,45,http://assay.nih.gov/htsws/rest/display/tox21-er-luc-bg1-4e2-agonist-p2/NCGC00160385-01/138002153,NA,-4.5251,4.9549,0.9298,22,-0.8606,2.4,22.8606,
743079,1,DMD302649,2105,144205658,985,CCCCCCCCCCCCCCCC(=O)O,Active,61,http://assay.nih.gov/htsws/rest/display/tox21-er-luc-bg1-4e2-agonist-p2/NCGC00164358-01/138002028,NA,-6.1751,1.21,0.9768,85.4135,-0.0858,1.1,85.4993,
743079,1,DMD302686,5414,144208967,444972,C(=C/C(=O)O)\C(=O)O,Active,45,http://assay.nih.gov/htsws/rest/display/tox21-er-luc-bg1-4e2-agonist-p2/NCGC00259318-01/138011434,NA,-4.4404,1.331,0.8678,49.5979,3.0289,2.2,46.569,
743079,1,DMD302652,7326,144210879,5281,CCCCCCCCCCCCCCCCCC(=O)O,Active,66,http://assay.nih.gov/htsws/rest/display/tox21-er-luc-bg1-4e2-agonist-p2/NCGC00254456-01/138009158,NA,-6.2137,1.5095,0.9768,95.633,-0.1314,1.1,95.7644,
743079,1,DMD302693,7607,144211160,61503,C[C@H](C(=O)O)O,Active,43,http://assay.nih.gov/htsws/rest/display/tox21-er-luc-bg1-4e2-agonist-p2/NCGC00254746-01/138008717,NA,-4.3192,1.7137,0.8914,37.2149,1.2767,2.2,35.9382,
743079,2,DMD301924,1777,144205330,5280363,CCCCC[C@@H](/C=C/[C@H]1[C@@H](C[C@@H]([C@@H]1C/C=C\CCCC(=O)O)O)O)O,Active,45,http://assay.nih.gov/htsws/rest/display/tox21-er-luc-bg1-4e2-agonist-p2/NCGC00160385-01/138002153,NA,-4.5251,4.9549,0.9333,39.4646,-1.4644,3,40.929,
743079,2,DMD302649,2105,144205658,985,CCCCCCCCCCCCCCCC(=O)O,Active,61,http://assay.nih.gov/htsws/rest/display/tox21-er-luc-bg1-4e2-agonist-p2/NCGC00164358-01/138002028,NA,-6.2251,1.4641,0.9803,77.6227,0.1352,1.1,77.4875,
743079,2,DMD302686,5414,144208967,444972,C(=C/C(=O)O)\C(=O)O,Active,45,http://assay.nih.gov/htsws/rest/display/tox21-er-luc-bg1-4e2-agonist-p2/NCGC00259318-01/138011434,NA,-4.5404,1.6924,0.8898,39.1921,-1.4344,2.2,40.6265,
743079,2,DMD302652,7326,144210879,5281,CCCCCCCCCCCCCCCCCC(=O)O,Active,66,http://assay.nih.gov/htsws/rest/display/tox21-er-luc-bg1-4e2-agonist-p2/NCGC00254456-01/138009158,NA,-6.4137,1,0.9686,97.3415,-0.3988,1.1,97.7403,
743079,2,DMD302693,7607,144211160,61503,C[C@H](C(=O)O)O,Active,43,http://assay.nih.gov/htsws/rest/display/tox21-er-luc-bg1-4e2-agonist-p2/NCGC00254746-01/138008717,NA,-4.2692,1.1,0.7801,38,0.5348,2.2,37.4652,
743079,3,DMD301924,1777,144205330,5280363,CCCCC[C@@H](/C=C/[C@H]1[C@@H](C[C@@H]([C@@H]1C/C=C\CCCC(=O)O)O)O)O,Active,45,http://assay.nih.gov/htsws/rest/display/tox21-er-luc-bg1-4e2-agonist-p2/NCGC00160385-01/138002153,NA,-4.5751,4.5045,0.8926,32,-3.2874,2.4,35.2874,
743079,3,DMD302649,2105,144205658,985,CCCCCCCCCCCCCCCC(=O)O,Active,61,http://assay.nih.gov/htsws/rest/display/tox21-er-luc-bg1-4e2-agonist-p2/NCGC00164358-01/138002028,NA,-6.2751,1.1,0.9941,87.6227,0.7829,1.1,86.8397,
743079,3,DMD302686,5414,144208967,444972,C(=C/C(=O)O)\C(=O)O,Active,45,http://assay.nih.gov/htsws/rest/display/tox21-er-luc-bg1-4e2-agonist-p2/NCGC00259318-01/138011434,NA,-4.2404,1.4641,0.9425,45.6024,0.0201,2.2,45.5823,
743079,3,DMD302652,7326,144210879,5281,CCCCCCCCCCCCCCCCCC(=O)O,Active,66,http://assay.nih.gov/htsws/rest/display/tox21-er-luc-bg1-4e2-agonist-p2/NCGC00254456-01/138009158,NA,-6.5137,1.5095,0.9937,94.2848,-1.1907,1.1,95.4756,
743079,3,DMD302693,7607,144211160,61503,C[C@H](C(=O)O)O,Active,43,http://assay.nih.gov/htsws/rest/display/tox21-er-luc-bg1-4e2-agonist-p2/NCGC00254746-01/138008717,NA,-4.0192,1.1,0.8312,34,2.3791,2.4,31.6209,
1471,NA,DMD301925,223007,26754825,5280884,CCCCC[C@@H](/C=C/[C@@H]1[C@H](C=CC1=O)C/C=C\CCCC(=O)O)O,Active,63,NA,NA,-5.25,4.095,0.9984,68.4804,-1.6381,1.2,70.1185,
504847,NA,DMD302277,263776,26747902,444899,CCCCC/C=C\C/C=C\C/C=C\C/C=C\CCCC(=O)O,Active,84,http://assay.nih.gov/htsws/rest/display/vdr-p1/NCGC00094608-01/83774360,NA,-5.25,2.3332,0.9885,-95.9195,-1.3451,-1.1,94.5744,
504847,NA,DMD302277,265700,26753719,444899,CCCCC/C=C\C/C=C\C/C=C\C/C=C\CCCC(=O)O,Active,83,http://assay.nih.gov/htsws/rest/display/vdr-p1/NCGC00094608-02/83775643,NA,-5.1,1.7885,0.9984,-98.3135,-4.2936,-1.1,94.0199,
504847,NA,DMD301925,266130,26754825,5280884,CCCCC[C@@H](/C=C/[C@@H]1[C@H](C=CC1=O)C/C=C\CCCC(=O)O)O,Active,80,http://assay.nih.gov/htsws/rest/display/vdr-p1/NCGC00161294-01/83773440,NA,-4.45,3.0654,0.9673,-106.05,-10.7467,-1.1,95.3036,
504847,NA,DMD301925,266131,26754826,5280884,CCCCC[C@@H](/C=C/[C@@H]1[C@H](C=CC1=O)C/C=C\CCCC(=O)O)O,Active,80,http://assay.nih.gov/htsws/rest/display/vdr-p1/NCGC00161294-02/83776725,NA,-4.5,3.1925,0.9974,-92.2373,0.9184,-1.1,93.1557,
504847,NA,DMD301926,266147,26754842,5311211,CCCCC/C=C/C=C/1\[C@H](C=CC1=O)C/C=C\CCCC(=O)O,Active,80,http://assay.nih.gov/htsws/rest/display/vdr-p1/NCGC00161304-01/83773052,NA,-4.55,2.3332,0.9931,-113.043,9.6384,-1.1,122.681,
504847,NA,DMD301926,266148,26754843,5311211,CCCCC/C=C/C=C/1\[C@H](C=CC1=O)C/C=C\CCCC(=O)O,Active,82,http://assay.nih.gov/htsws/rest/display/vdr-p1/NCGC00161304-02/83777936,NA,-4.9,2.3031,0.9988,-77.845,12.5,-1.1,90.345,
504847,NA,DMD301926,266149,26754844,5311211,CCCCC/C=C/C=C/1\[C@H](C=CC1=O)C/C=C\CCCC(=O)O,Active,86,http://assay.nih.gov/htsws/rest/display/vdr-p1/NCGC00161304-03/83776924,NA,-5.85,2.3332,0.9373,-90.4063,-9.2302,-1.1,81.1761,
504847,NA,DMD301926,266150,26754845,5311211,CCCCC/C=C/C=C/1\[C@H](C=CC1=O)C/C=C\CCCC(=O)O,Active,81,http://assay.nih.gov/htsws/rest/display/vdr-p1/NCGC00161304-04/83776780,NA,-4.7,1.4787,0.9691,-117.388,2.1559,-1.1,119.543,
504847,NA,DMD302287,266232,26754927,445580,CC/C=C\C/C=C\C/C=C\C/C=C\C/C=C\C/C=C\CCC(=O)O,Active,80,http://assay.nih.gov/htsws/rest/display/vdr-p1/NCGC00161345-02/83776544,NA,-4.55,3.9295,0.9945,-95.0483,1.5243,-1.1,96.5726,
504847,NA,DMD302269,267827,29215108,5280934,CC/C=C\C/C=C\C/C=C\CCCCCCCC(=O)O,Active,81,http://assay.nih.gov/htsws/rest/display/vdr-p1/NCGC00091058-04/83779072,NA,-4.6,1.6604,0.9692,-117.689,-7.6192,-1.1,110.07,
504847,NA,DMD302655,268742,29216151,5280933,CCCCC/C=C\C/C=C\C/C=C\CCCCC(=O)O,Active,41,http://assay.nih.gov/htsws/rest/display/vdr-p1/NCGC00160469-01/83779725,NA,-4.4,1.7529,0.989,-107.842,8.3891,-2.1,116.231,
504847,NA,DMD302269,345984,50105513,5280934,CC/C=C\C/C=C\C/C=C\CCCCCCCC(=O)O,Active,41,http://assay.nih.gov/htsws/rest/display/vdr-p1/NCGC00091058-02/83775111,NA,-4.65,1.3443,0.9932,-97.792,6.7626,-2.1,104.555,
504847,NA,DMD302278,346802,50110832,446284,CC/C=C\C/C=C\C/C=C\C/C=C\C/C=C\CCCC(=O)O,Active,80,http://assay.nih.gov/htsws/rest/display/vdr-p1/NCGC00161344-03/83781632,NA,-4.4,4.095,0.9868,-91.8399,0.6045,-1.1,92.4444,
504847,NA,DMD302287,346803,50110834,445580,CC/C=C\C/C=C\C/C=C\C/C=C\C/C=C\C/C=C\CCC(=O)O,Active,80,http://assay.nih.gov/htsws/rest/display/vdr-p1/NCGC00161345-04/83781285,NA,-4.5,3.0654,0.9828,-92.4366,-2.987,-1.1,89.4496,
1460,NA,DMD302269,220313,50105513,5280934,CC/C=C\C/C=C\C/C=C\CCCCCCCC(=O)O,Active,40,NA,NA,-4.55,1.7529,0.9934,-98.8559,-1.9066,-2.2,96.9493,
1460,NA,DMD302277,222238,26747902,444899,CCCCC/C=C\C/C=C\C/C=C\C/C=C\CCCC(=O)O,Active,42,NA,NA,-4.9,1.6924,0.9993,-105.538,-2.4192,-2.1,103.118,
1460,NA,DMD302277,222239,26753719,444899,CCCCC/C=C\C/C=C\C/C=C\C/C=C\CCCC(=O)O,Active,40,NA,NA,-4.55,1.6924,0.9839,-98.2932,-2.0066,-2.2,96.2866,
1460,NA,DMD301926,269741,26754844,5311211,CCCCC/C=C/C=C/1\[C@H](C=CC1=O)C/C=C\CCCC(=O)O,Active,41,NA,NA,-4.8,1.6259,0.992,-77.8429,-0.8033,-2.2,77.0396,
1460,NA,DMD302287,269824,26754927,445580,CC/C=C\C/C=C\C/C=C\C/C=C\C/C=C\C/C=C\CCC(=O)O,Active,41,NA,NA,-4.8,1.9673,0.9874,-86.0932,-3.7382,-2.1,82.3551,
1490,NA,DMD302277,1787,26747902,444899,CCCCC/C=C\C/C=C\C/C=C\C/C=C\CCCC(=O)O,Active,81,NA,NA,-4.65,1.8265,0.975,-109.333,3.86,-1.1,113.193,
1490,NA,DMD302277,3964,26753719,444899,CCCCC/C=C\C/C=C\C/C=C\C/C=C\CCCC(=O)O,Active,42,NA,NA,-4.2,1.8265,0.9778,-103.914,-29.6469,-2.1,74.2673,
1490,NA,DMD302287,4047,26754927,445580,CC/C=C\C/C=C\C/C=C\C/C=C\C/C=C\C/C=C\CCC(=O)O,Active,42,NA,NA,-4.1,3.6272,0.9699,-89.9396,2.4526,-2.2,92.3923,
1490,NA,DMD302269,4067,50105513,5280934,CC/C=C\C/C=C\C/C=C\CCCCCCCC(=O)O,Active,42,NA,NA,-4.1,2.4064,0.9919,-111.234,-4.5764,-2.1,106.657,
1490,NA,DMD302287,4218,50110834,445580,CC/C=C\C/C=C\C/C=C\C/C=C\C/C=C\C/C=C\CCC(=O)O,Active,42,NA,NA,-4.1,2.4064,0.9841,-106.96,0.0464,-2.1,107.007,
1490,NA,DMD301926,5270,26754844,5311211,CCCCC/C=C/C=C/1\[C@H](C=CC1=O)C/C=C\CCCC(=O)O,Active,41,NA,NA,-4.25,2.3332,0.9418,-68.1648,1.1224,-2.2,69.2872,
1490,NA,DMD302690,5599,26751652,33032,C(CC(=O)O)[C@@H](C(=O)O)N,Active,41,NA,NA,-4.3,1.8851,0.9483,-65.4869,13.1976,-2.2,78.6845,
1490,NA,DMD302690,5601,26751651,23327,C(CC(=O)O)[C@H](C(=O)O)N,Active,41,NA,NA,-4.25,2.4064,0.9455,-78.418,2.6269,-2.1,81.0449,
1490,NA,DMD302269,7365,29215108,5280934,CC/C=C\C/C=C\C/C=C\CCCCCCCC(=O)O,Active,41,NA,NA,-4.25,2.4064,0.9566,-59.4129,-8.7556,-2.2,50.6572,
1490,NA,DMD302690,9597,26751650,23327,C(CC(=O)O)[C@H](C(=O)O)N,Active,40,NA,NA,-4.35,1.3723,0.9693,-63.3543,15.8155,-2.2,79.1699,
2549,NA,DMD302269,154,29215108,5280934,CC/C=C\C/C=C\C/C=C\CCCCCCCC(=O)O,Active,64,NA,NA,-5.75,2.4064,0.9989,-64.7243,0.5501,-1.2,65.2743,
2549,NA,DMD302277,318,26747902,444899,CCCCC/C=C\C/C=C\C/C=C\C/C=C\CCCC(=O)O,Active,44,NA,NA,-5.65,1.331,0.935,-69.3613,-4.7801,-2.2,64.5812,
2549,NA,DMD301926,1277,26754843,5311211,CCCCC/C=C/C=C/1\[C@H](C=CC1=O)C/C=C\CCCC(=O)O,Active,40,NA,NA,-4.55,1.6259,0.9887,-71.5967,-6.8871,-2.2,64.7097,
2549,NA,DMD301926,1278,26754844,5311211,CCCCC/C=C/C=C/1\[C@H](C=CC1=O)C/C=C\CCCC(=O)O,Active,40,NA,NA,-4.45,3.5722,0.9859,-62.675,-5.5788,-2.2,57.0961,
485290,NA,DMD301926,265177,26754843,5311211,CCCCC/C=C/C=C/1\[C@H](C=CC1=O)C/C=C\CCCC(=O)O,Active,41,NA,NA,-4.75,1.331,0.9801,-50.315,1.289,-2.2,51.604,
485290,NA,DMD302269,267492,29215108,5280934,CC/C=C\C/C=C\C/C=C\CCCCCCCC(=O)O,Active,84,NA,NA,-5.3,1,0.9813,-88.5274,2.9651,-1.1,91.4926,
504332,NA,DMD302690,14243,90340902,33032,C(CC(=O)O)[C@@H](C(=O)O)N,Active,43,NA,NA,-4.9738,1.5386,0.9732,-123.044,1.3046,-2.1,124.349,
504332,NA,DMD302277,16635,57261284,444899,CCCCC/C=C\C/C=C\C/C=C\C/C=C\CCCC(=O)O,Active,42,NA,NA,-4.8,1.7885,0.9875,-117.109,8.5703,-2.1,125.68,
504332,NA,DMD301926,18862,26754843,5311211,CCCCC/C=C/C=C/1\[C@H](C=CC1=O)C/C=C\CCCC(=O)O,Active,41,NA,NA,-4.7,2.4729,0.9993,-135.719,27.7573,-2.1,163.477,
504332,NA,DMD301926,18864,26754844,5311211,CCCCC/C=C/C=C/1\[C@H](C=CC1=O)C/C=C\CCCC(=O)O,Active,41,NA,NA,-4.65,1.6436,0.9794,-138.188,43.4273,-2.1,181.615,
504332,NA,DMD302287,18898,26754928,445580,CC/C=C\C/C=C\C/C=C\C/C=C\C/C=C\C/C=C\CCC(=O)O,Active,41,NA,NA,-5.15,0.8,0.9801,-37.5256,73.6147,-2.1,111.14,
504332,NA,DMD302269,23903,29215108,5280934,CC/C=C\C/C=C\C/C=C\CCCCCCCC(=O)O,Active,41,NA,NA,-4.75,2.4064,0.9994,-86.4613,32.9833,-2.1,119.445,
504332,NA,DMD302287,29096,26754927,445580,CC/C=C\C/C=C\C/C=C\C/C=C\C/C=C\C/C=C\CCC(=O)O,Active,40,NA,NA,-4.6,1.8579,0.9902,-98.8877,47.4092,-2.1,146.297,
588579,NA,DMD302655,232926,29216151,5280933,CCCCC/C=C\C/C=C\C/C=C\CCCCC(=O)O,Active,41,http://assay.nih.gov/htsws/rest/display/pol-kappa-p1/NCGC00160469-01/73909291,NA,-4.6238,3.132,0.9953,-101.696,-3.6018,-2.1,98.0944,
588579,NA,DMD302277,279914,26747902,444899,CCCCC/C=C\C/C=C\C/C=C\C/C=C\CCCC(=O)O,Active,42,http://assay.nih.gov/htsws/rest/display/pol-kappa-p1/NCGC00094608-01/73907919,NA,-4.8,2.1211,0.9963,-101.226,-8.6069,-2.1,92.6187,
588579,NA,DMD302655,301533,57260207,5280933,CCCCC/C=C\C/C=C\C/C=C\CCCCC(=O)O,Active,41,http://assay.nih.gov/htsws/rest/display/pol-kappa-p2/MLS001333661-01/110805192,NA,-4.3,2.7202,0.9834,-91.8172,-8.032,-2.1,83.7852,
588579,NA,DMD302269,301543,57260459,5280934,CC/C=C\C/C=C\C/C=C\CCCCCCCC(=O)O,Active,80,http://assay.nih.gov/htsws/rest/display/pol-kappa-p2/MLS001336029-01/110805643,NA,-4.55,1.9673,0.9915,-93.792,-10.5721,-1.1,83.2199,
588579,NA,DMD302277,362866,26753719,444899,CCCCC/C=C\C/C=C\C/C=C\C/C=C\CCCC(=O)O,Active,42,http://assay.nih.gov/htsws/rest/display/pol-kappa-p1/NCGC00094608-02/73906682,NA,-4.9,1.7529,0.9862,-106.972,-4.9403,-2.1,102.032,
588579,NA,DMD302269,362996,29215108,5280934,CC/C=C\C/C=C\C/C=C\CCCCCCCC(=O)O,Active,85,http://assay.nih.gov/htsws/rest/display/pol-kappa-p1/NCGC00091058-04/73911378,NA,-5.5,4.5045,0.9995,-98.8299,-11.766,-1.1,87.0638,
588579,NA,DMD301926,364467,26754843,5311211,CCCCC/C=C/C=C/1\[C@H](C=CC1=O)C/C=C\CCCC(=O)O,Active,85,http://assay.nih.gov/htsws/rest/display/pol-kappa-p1/NCGC00161304-02/73912161,NA,-5.5,4.5045,0.9973,-96.4592,-11.9647,-1.1,84.4945,
720533,NA,DMD301926,14361,26754844,5311211,CCCCC/C=C/C=C/1\[C@H](C=CC1=O)C/C=C\CCCC(=O)O,Active,61,http://assay.nih.gov/htsws/rest/display/vsv-offlinelibs-lassa-v1/NCGC00161304-03/122109977,NA,-4.8,4.095,0.9882,-67.6112,-3.7064,-1.2,63.9048,
743014,1,DMD302269,10086,144213639,5280934,CC/C=C\C/C=C\C/C=C\CCCCCCCC(=O)O,Active,41,http://assay.nih.gov/htsws/rest/display/tox21-dt40-p1/NCGC00257192-01/153142992,NA,-4.3137,3.132,0.9513,-67.5377,0.9433,-2.2,68.4811,
743014,1,DMD302594,10418,144213981,700,C(CO)N,Active,42,http://assay.nih.gov/htsws/rest/display/tox21-dt40-p1/NCGC00090789-02/153146072,NA,-4.1637,4.045,0.9084,-132.188,-3.9506,-2.1,128.237,
743014,2,DMD302269,10086,144213639,5280934,CC/C=C\C/C=C\C/C=C\CCCCCCCC(=O)O,Active,41,http://assay.nih.gov/htsws/rest/display/tox21-dt40-p1/NCGC00257192-01/153142992,NA,-4.1637,4.9549,0.9077,-101.83,0.1724,-3,102.002,
743014,2,DMD302594,10418,144213981,700,C(CO)N,Active,42,http://assay.nih.gov/htsws/rest/display/tox21-dt40-p1/NCGC00090789-02/153146072,NA,-4.1637,4.9549,0.8388,-129.575,-0.67,-3,128.905,
743014,3,DMD302269,10086,144213639,5280934,CC/C=C\C/C=C\C/C=C\CCCCCCCC(=O)O,Active,41,http://assay.nih.gov/htsws/rest/display/tox21-dt40-p1/NCGC00257192-01/153142992,NA,-4.5137,4.9549,0.9322,-105.876,10.2265,-1.1,116.103,
743014,3,DMD302594,10418,144213981,700,C(CO)N,Active,42,http://assay.nih.gov/htsws/rest/display/tox21-dt40-p1/NCGC00090789-02/153146072,NA,-4.2137,3.5117,0.8407,-62.0328,-3.4836,-2.2,58.5492,
743014,4,DMD302594,10418,144213981,700,C(CO)N,Active,42,http://assay.nih.gov/htsws/rest/display/tox21-dt40-p1/NCGC00090789-02/153146072,NA,-4.8137,1.8265,0.7337,-24.6772,2,-2.4,26.6772,
743014,5,DMD302594,10418,144213981,700,C(CO)N,Active,42,http://assay.nih.gov/htsws/rest/display/tox21-dt40-p1/NCGC00090789-02/153146072,NA,-4.1637,4.9549,0.9043,-124.583,-1.657,-3,122.926,
743014,6,DMD302594,10418,144213981,700,C(CO)N,Active,42,http://assay.nih.gov/htsws/rest/display/tox21-dt40-p1/NCGC00090789-02/153146072,NA,-4.4137,2.7202,0.8125,-26.8348,-3.5399,-2.4,23.2949,
743014,7,DMD302594,10418,144213981,700,C(CO)N,Active,42,http://assay.nih.gov/htsws/rest/display/tox21-dt40-p1/NCGC00090789-02/153146072,NA,-4.7637,4.9549,0.7713,-29.2511,-1.5,-2.4,27.7511,
743014,8,DMD302594,10418,144213981,700,C(CO)N,Active,42,http://assay.nih.gov/htsws/rest/display/tox21-dt40-p1/NCGC00090789-02/153146072,NA,-4.1637,4.9549,0.9818,-112.475,-0.339,-3,112.136,
743015,1,DMD302269,5372,144208925,5280934,CC/C=C\C/C=C\C/C=C\CCCCCCCC(=O)O,Active,41,http://assay.nih.gov/htsws/rest/display/tox21-dt40-p1/NCGC00259276-01/153125454,NA,-4.2177,4.9549,0.9498,-96.4578,1.0736,-2.1,97.5314,
743015,1,DMD302249,5794,144209347,3893,CCCCCCCCCCCC(=O)O,Active,40,http://assay.nih.gov/htsws/rest/display/tox21-dt40-p1/NCGC00259698-01/153126005,NA,-4.5629,1.6924,0.9854,-81.0159,1.9481,-2.1,82.9639,
743015,1,DMD302643,5854,144209407,2969,CCCCCCCCCC(=O)O,Active,41,http://assay.nih.gov/htsws/rest/display/tox21-dt40-p1/NCGC00259758-01/153125704,NA,-4.2133,4.045,0.9083,-68.734,-0.6999,-2.2,68.0342,
743015,1,DMD302654,9844,144213397,5280450,CCCCC/C=C\C/C=C\CCCCCCCC(=O)O,Active,41,http://assay.nih.gov/htsws/rest/display/tox21-dt40-p1/NCGC00257024-01/153119918,NA,-4.2637,3.5722,0.9621,-84.9706,0.3874,-2.1,85.358,
743015,2,DMD302269,5372,144208925,5280934,CC/C=C\C/C=C\C/C=C\CCCCCCCC(=O)O,Active,41,http://assay.nih.gov/htsws/rest/display/tox21-dt40-p1/NCGC00259276-01/153125454,NA,-4.2177,4.9549,0.8091,-49.6232,3.3267,-3,52.9499,
743015,2,DMD302249,5794,144209347,3893,CCCCCCCCCCCC(=O)O,Active,40,http://assay.nih.gov/htsws/rest/display/tox21-dt40-p1/NCGC00259698-01/153126005,NA,-4.3129,1.8617,0.96,-110.713,1.1413,-2.1,111.855,
743015,2,DMD302643,5854,144209407,2969,CCCCCCCCCC(=O)O,Active,41,http://assay.nih.gov/htsws/rest/display/tox21-dt40-p1/NCGC00259758-01/153125704,NA,-4.1633,4.9549,0.8375,-38.7649,2.4531,-3,41.218,
743015,2,DMD302654,9844,144213397,5280450,CCCCC/C=C\C/C=C\CCCCCCCC(=O)O,Active,41,http://assay.nih.gov/htsws/rest/display/tox21-dt40-p1/NCGC00257024-01/153119918,NA,-4.1637,4.9549,0.9509,-79.8982,1.7839,-3,81.6821,
743015,3,DMD302269,5372,144208925,5280934,CC/C=C\C/C=C\C/C=C\CCCCCCCC(=O)O,Active,41,http://assay.nih.gov/htsws/rest/display/tox21-dt40-p1/NCGC00259276-01/153125454,NA,-4.5677,4.9549,0.8762,-41.6933,6,-3,47.6933,
743015,3,DMD302249,5794,144209347,3893,CCCCCCCCCCCC(=O)O,Active,40,http://assay.nih.gov/htsws/rest/display/tox21-dt40-p1/NCGC00259698-01/153126005,NA,-4.2629,3.132,0.9699,-80.3817,2.2927,-2.1,82.6743,
1259367,1,DMD302528,2344,144209356,1176,C(=O)(N)N,Active,82,http://assay.nih.gov/htsws/rest/display/tox21-shh-3t3-gli3-antagonist-p1/NCGC00259707-01/216800261,NA,-4.7879,2.4064,0.9871,-104.433,0.5285,-1.1,104.962,
1259367,1,DMD302594,6969,144213981,700,C(CO)N,Active,41,http://assay.nih.gov/htsws/rest/display/tox21-shh-3t3-gli3-antagonist-p1/NCGC00090789-02/216802726,NA,-4.3637,2.3332,0.9839,-106.364,-3.1483,-2.1,103.215,
1259367,2,DMD302528,2344,144209356,1176,C(=O)(N)N,Active,82,http://assay.nih.gov/htsws/rest/display/tox21-shh-3t3-gli3-antagonist-p1/NCGC00259707-01/216800261,NA,-4.3379,0.9,0.6693,13,1.4675,4,,
1259367,2,DMD302594,6969,144213981,700,C(CO)N,Active,41,http://assay.nih.gov/htsws/rest/display/tox21-shh-3t3-gli3-antagonist-p1/NCGC00090789-02/216802726,NA,-4.1637,4.9549,0.983,-105.289,1.1486,-3,106.437,
1259367,3,DMD302594,6969,144213981,700,C(CO)N,Active,41,http://assay.nih.gov/htsws/rest/display/tox21-shh-3t3-gli3-antagonist-p1/NCGC00090789-02/216802726,NA,-4.2137,4.5045,0.9942,-76.2921,1.0542,-3,77.3463,
1259367,4,DMD302594,6969,144213981,700,C(CO)N,Active,41,http://assay.nih.gov/htsws/rest/display/tox21-shh-3t3-gli3-antagonist-p1/NCGC00090789-02/216802726,NA,-7.1637,4.9549,0.5088,3,-1.9135,4,,
1259367,5,DMD302594,6969,144213981,700,C(CO)N,Active,41,http://assay.nih.gov/htsws/rest/display/tox21-shh-3t3-gli3-antagonist-p1/NCGC00090789-02/216802726,NA,-4.1637,4.9549,0.9632,-74.5756,3.1414,-3,77.717,
1259367,6,DMD302594,6969,144213981,700,C(CO)N,Active,41,http://assay.nih.gov/htsws/rest/display/tox21-shh-3t3-gli3-antagonist-p1/NCGC00090789-02/216802726,NA,-7.2137,0.2,0.4883,2,-11.1235,4,,
1259367,7,DMD302594,6969,144213981,700,C(CO)N,Active,41,http://assay.nih.gov/htsws/rest/display/tox21-shh-3t3-gli3-antagonist-p1/NCGC00090789-02/216802726,NA,-5.8637,4.9549,0.362,-0.5,-4.1894,4,,
1259367,8,DMD302594,6969,144213981,700,C(CO)N,Active,41,http://assay.nih.gov/htsws/rest/display/tox21-shh-3t3-gli3-antagonist-p1/NCGC00090789-02/216802726,NA,-5.3637,4.9549,0.6587,3.5,-2.8501,4,,
1259367,9,DMD302594,6969,144213981,700,C(CO)N,Active,41,http://assay.nih.gov/htsws/rest/display/tox21-shh-3t3-gli3-antagonist-p1/NCGC00090789-02/216802726,NA,-4.9137,1.9673,0.6211,8.5,-1.2427,4,,
1259367,11,DMD302594,6969,144213981,700,C(CO)N,Active,41,http://assay.nih.gov/htsws/rest/display/tox21-shh-3t3-gli3-antagonist-p1/NCGC00090789-02/216802726,NA,-4.5137,3.0654,0.7353,15,2,4,,
1259367,12,DMD302594,6969,144213981,700,C(CO)N,Active,41,http://assay.nih.gov/htsws/rest/display/tox21-shh-3t3-gli3-antagonist-p1/NCGC00090789-02/216802726,NA,-4.6137,3.0654,0.7202,8.5,-1.898,4,,
1259367,14,DMD302594,6969,144213981,700,C(CO)N,Active,41,http://assay.nih.gov/htsws/rest/display/tox21-shh-3t3-gli3-antagonist-p1/NCGC00090789-02/216802726,NA,-4.1637,0.9,0.5936,19,1.9761,4,,
1346977,1,DMD302528,2344,144209356,1176,C(=O)(N)N,Active,61,http://assay.nih.gov/htsws/rest/display/tox21-pxr-p1/NCGC00259707-01/228960132,NA,-4.85,4.9549,0.9902,-57.6681,-1.1337,-1.2,56.5344,
1346979,1,DMD302528,2344,144209356,1176,C(=O)(N)N,Active,83,http://assay.nih.gov/htsws/rest/display/tox21-casp3-cho-p1/NCGC00259707-01/228116404,NA,-5.2879,3.5117,0.9954,-65.0881,-1.1922,-1.1,63.8959,
1346979,1,DMD302654,2357,144209369,5280450,CCCCC/C=C\C/C=C\CCCCCCCC(=O)O,Active,41,http://assay.nih.gov/htsws/rest/display/tox21-casp3-cho-p1/NCGC00259720-01/228116300,NA,-4.2209,2.9523,0.9824,-89.8075,0.5845,-2.1,90.392,
1346979,1,DMD302269,6627,144213639,5280934,CC/C=C\C/C=C\C/C=C\CCCCCCCC(=O)O,Active,41,http://assay.nih.gov/htsws/rest/display/tox21-casp3-cho-p1/NCGC00257192-01/228118836,NA,-4.2137,3.5117,0.9524,-38.0271,-3.0798,-2.1,34.9474,
1346979,2,DMD302654,2357,144209369,5280450,CCCCC/C=C\C/C=C\CCCCCCCC(=O)O,Active,41,http://assay.nih.gov/htsws/rest/display/tox21-casp3-cho-p1/NCGC00259720-01/228116300,NA,-4.1709,4.9549,0.9158,-48.3126,-0.1347,-3,48.1778,
1346979,2,DMD302269,6627,144213639,5280934,CC/C=C\C/C=C\C/C=C\CCCCCCCC(=O)O,Active,41,http://assay.nih.gov/htsws/rest/display/tox21-casp3-cho-p1/NCGC00257192-01/228118836,NA,-5.0637,3.9295,0.506,-5.5356,0.5,4,,
1346979,3,DMD302654,2357,144209369,5280450,CCCCC/C=C\C/C=C\CCCCCCCC(=O)O,Active,41,http://assay.nih.gov/htsws/rest/display/tox21-casp3-cho-p1/NCGC00259720-01/228116300,NA,-4.1709,4.9549,0.9223,-44.6428,0.8745,-3,45.5173,
1346979,3,DMD302269,6627,144213639,5280934,CC/C=C\C/C=C\C/C=C\CCCCCCCC(=O)O,Active,41,http://assay.nih.gov/htsws/rest/display/tox21-casp3-cho-p1/NCGC00257192-01/228118836,NA,-4.1637,4.9549,0.9508,-68.6922,-2.2554,-2.1,66.4368,
1346982,1,DMD302528,2344,144209356,1176,C(=O)(N)N,Active,41,http://assay.nih.gov/htsws/rest/display/tox21-pxr-p1/NCGC00259707-01/228949014,NA,-5.0379,2.7202,0.9431,49.4995,-0.618,2.2,50.1175,
1346982,1,DMD302654,2357,144209369,5280450,CCCCC/C=C\C/C=C\CCCCCCCC(=O)O,Active,42,http://assay.nih.gov/htsws/rest/display/tox21-pxr-p1/NCGC00259720-01/228948910,NA,-4.2209,3.2975,0.9964,117.102,-0.9161,2.1,118.018,
1346982,1,DMD302269,6627,144213639,5280934,CC/C=C\C/C=C\C/C=C\CCCCCCCC(=O)O,Active,41,http://assay.nih.gov/htsws/rest/display/tox21-pxr-p1/NCGC00257192-01/228951446,NA,-4.2137,4.9549,0.9763,85.4885,-0.234,2.1,85.7225,
1346982,1,DMD302594,6969,144213981,700,C(CO)N,Active,40,http://assay.nih.gov/htsws/rest/display/tox21-pxr-p1/NCGC00090789-02/228955031,NA,-4.5637,1.6924,0.8379,53.3558,-4.9841,2.2,58.34,
1346982,2,DMD302528,2344,144209356,1176,C(=O)(N)N,Active,41,http://assay.nih.gov/htsws/rest/display/tox21-pxr-p1/NCGC00259707-01/228949014,NA,-4.5379,1.8851,0.4697,16,0.707,4,,
1346982,2,DMD302654,2357,144209369,5280450,CCCCC/C=C\C/C=C\CCCCCCCC(=O)O,Active,42,http://assay.nih.gov/htsws/rest/display/tox21-pxr-p1/NCGC00259720-01/228948910,NA,-4.1709,4.9549,0.9824,100.734,4.6928,3,96.0411,
1346982,2,DMD302269,6627,144213639,5280934,CC/C=C\C/C=C\C/C=C\CCCCCCCC(=O)O,Active,41,http://assay.nih.gov/htsws/rest/display/tox21-pxr-p1/NCGC00257192-01/228951446,NA,-4.2137,1.1,0.8247,38,1.9608,2.4,36.0392,
1346982,2,DMD302594,6969,144213981,700,C(CO)N,Active,40,http://assay.nih.gov/htsws/rest/display/tox21-pxr-p1/NCGC00090789-02/228955031,NA,-4.2637,4.9549,0.8866,25,-5.19,2.4,30.19,
1346982,3,DMD302654,2357,144209369,5280450,CCCCC/C=C\C/C=C\CCCCCCCC(=O)O,Active,42,http://assay.nih.gov/htsws/rest/display/tox21-pxr-p1/NCGC00259720-01/228948910,NA,-4.2709,4.9549,0.6844,10,-2.6953,4,,
1346982,3,DMD302594,6969,144213981,700,C(CO)N,Active,40,http://assay.nih.gov/htsws/rest/display/tox21-pxr-p1/NCGC00090789-02/228955031,NA,-6.3137,4.9549,0.3749,4,-1.3059,4,,
1346982,4,DMD302594,6969,144213981,700,C(CO)N,Active,40,http://assay.nih.gov/htsws/rest/display/tox21-pxr-p1/NCGC00090789-02/228955031,NA,-5.7137,4.9549,0.496,21.0628,3.4263,4,,
1346982,5,DMD302594,6969,144213981,700,C(CO)N,Active,40,http://assay.nih.gov/htsws/rest/display/tox21-pxr-p1/NCGC00090789-02/228955031,NA,-4.8637,0.3,0.7321,15,-0.8349,4,,
1346982,6,DMD302594,6969,144213981,700,C(CO)N,Active,40,http://assay.nih.gov/htsws/rest/display/tox21-pxr-p1/NCGC00090789-02/228955031,NA,-4.6137,4.9549,0.7986,13.5,-0.8245,4,,
1346982,7,DMD302594,6969,144213981,700,C(CO)N,Active,40,http://assay.nih.gov/htsws/rest/display/tox21-pxr-p1/NCGC00090789-02/228955031,NA,-8.6137,0.5,0.344,-0.4258,16,4,,
1346982,8,DMD302594,6969,144213981,700,C(CO)N,Active,40,http://assay.nih.gov/htsws/rest/display/tox21-pxr-p1/NCGC00090789-02/228955031,NA,-4.5137,4.9549,0.5423,20,0.9138,4,,
1346982,9,DMD302594,6969,144213981,700,C(CO)N,Active,40,http://assay.nih.gov/htsws/rest/display/tox21-pxr-p1/NCGC00090789-02/228955031,NA,-4.3137,3.132,0.3384,-8.9046,0.5,4,,
1346982,10,DMD302594,6969,144213981,700,C(CO)N,Active,40,http://assay.nih.gov/htsws/rest/display/tox21-pxr-p1/NCGC00090789-02/228955031,NA,-8.0137,0.5,0.6281,-14.381,12,4,,
1346982,11,DMD302594,6969,144213981,700,C(CO)N,Active,40,http://assay.nih.gov/htsws/rest/display/tox21-pxr-p1/NCGC00090789-02/228955031,NA,-4.4137,0.6,0.4754,10,-2.6785,4,,
1346982,12,DMD302594,6969,144213981,700,C(CO)N,Active,40,http://assay.nih.gov/htsws/rest/display/tox21-pxr-p1/NCGC00090789-02/228955031,NA,-4.2137,3.6772,0.9068,22.5,-0.5436,4,,
1346982,13,DMD302594,6969,144213981,700,C(CO)N,Active,40,http://assay.nih.gov/htsws/rest/display/tox21-pxr-p1/NCGC00090789-02/228955031,NA,-6.3137,4.9549,0.4733,6,-0.0921,4,,
1346982,14,DMD302594,6969,144213981,700,C(CO)N,Active,40,http://assay.nih.gov/htsws/rest/display/tox21-pxr-p1/NCGC00090789-02/228955031,NA,-4.3637,0.7,0.5303,7,-3.177,4,,
1346982,15,DMD302594,6969,144213981,700,C(CO)N,Active,40,http://assay.nih.gov/htsws/rest/display/tox21-pxr-p1/NCGC00090789-02/228955031,NA,-4.1637,3.9295,0.9171,27.5,2,4,,
1346982,16,DMD302594,6969,144213981,700,C(CO)N,Active,40,http://assay.nih.gov/htsws/rest/display/tox21-pxr-p1/NCGC00090789-02/228955031,NA,-4.5137,0.8,0.5906,26,2.522,4,,
1346982,17,DMD302594,6969,144213981,700,C(CO)N,Active,40,http://assay.nih.gov/htsws/rest/display/tox21-pxr-p1/NCGC00090789-02/228955031,NA,-4.3137,0.9,0.6672,28,2.3748,4,,
1346982,18,DMD302594,6969,144213981,700,C(CO)N,Active,40,http://assay.nih.gov/htsws/rest/display/tox21-pxr-p1/NCGC00090789-02/228955031,NA,-4.1137,4.9549,0.5988,12,-1.0551,4,,
1346982,19,DMD302594,6969,144213981,700,C(CO)N,Active,40,http://assay.nih.gov/htsws/rest/display/tox21-pxr-p1/NCGC00090789-02/228955031,NA,-4.5137,1.4781,0.6331,-14.0505,0.5,4,,
1346982,20,DMD302594,6969,144213981,700,C(CO)N,Active,40,http://assay.nih.gov/htsws/rest/display/tox21-pxr-p1/NCGC00090789-02/228955031,NA,-4.2637,2.9523,0.767,23.5,-8.9522,4,,
1346982,22,DMD302594,6969,144213981,700,C(CO)N,Active,40,http://assay.nih.gov/htsws/rest/display/tox21-pxr-p1/NCGC00090789-02/228955031,NA,-4.4637,0.4,0.4879,-11.4437,4.5,4,,
1346982,23,DMD302594,6969,144213981,700,C(CO)N,Active,40,http://assay.nih.gov/htsws/rest/display/tox21-pxr-p1/NCGC00090789-02/228955031,NA,-4.1637,4.9549,0.892,26,-0.4267,4,,
1346982,25,DMD302594,6969,144213981,700,C(CO)N,Active,40,http://assay.nih.gov/htsws/rest/display/tox21-pxr-p1/NCGC00090789-02/228955031,NA,-4.2637,3.5117,0.4188,18,1.0006,4,,
1346982,26,DMD302594,6969,144213981,700,C(CO)N,Active,40,http://assay.nih.gov/htsws/rest/display/tox21-pxr-p1/NCGC00090789-02/228955031,NA,-4.1637,0.6,0.4996,11,-1.9128,4,,
1346982,28,DMD302594,6969,144213981,700,C(CO)N,Active,40,http://assay.nih.gov/htsws/rest/display/tox21-pxr-p1/NCGC00090789-02/228955031,NA,-4.2137,4.095,0.7951,16.5,-2.0744,4,,
1346982,29,DMD302594,6969,144213981,700,C(CO)N,Active,40,http://assay.nih.gov/htsws/rest/display/tox21-pxr-p1/NCGC00090789-02/228955031,NA,-4.1137,0.9,0.4953,16,0.9152,4,,
1919969,1,DMD302269,1913,144208925,5280934,CC/C=C\C/C=C\C/C=C\CCCCCCCC(=O)O,Active,41,http://assay.nih.gov/htsws/rest/display/tox21-ks-are-p1/NCGC00259276-01/244068986,NA,-4.2177,3.2975,0.9294,64.6505,-2.1392,2.2,66.7897,
1919969,1,DMD302654,2357,144209369,5280450,CCCCC/C=C\C/C=C\CCCCCCCC(=O)O,Active,49,http://assay.nih.gov/htsws/rest/display/tox21-ks-are-p1/NCGC00259720-01/244069060,NA,-4.2209,3.5722,0.9993,662.743,1.4385,2.1,661.304,
1919969,1,DMD302654,6385,144213397,5280450,CCCCC/C=C\C/C=C\CCCCCCCC(=O)O,Active,46,http://assay.nih.gov/htsws/rest/display/tox21-ks-are-p1/NCGC00257024-01/244073138,NA,-4.1637,4.9549,0.9994,343.74,0.5017,2.1,343.239,
1919969,1,DMD302269,6627,144213639,5280934,CC/C=C\C/C=C\C/C=C\CCCCCCCC(=O)O,Active,41,http://assay.nih.gov/htsws/rest/display/tox21-ks-are-p1/NCGC00257192-01/244072859,NA,-4.2637,3.5117,0.947,99.5653,1.4688,2.1,98.0965,
1919969,1,DMD302594,6969,144213981,700,C(CO)N,Active,40,http://assay.nih.gov/htsws/rest/display/tox21-ks-are-p1/NCGC00090789-02/244070957,NA,-4.5637,4.9549,0.8927,126.225,-1.7085,2.1,127.933,
1919969,2,DMD302269,1913,144208925,5280934,CC/C=C\C/C=C\C/C=C\CCCCCCCC(=O)O,Active,41,http://assay.nih.gov/htsws/rest/display/tox21-ks-are-p1/NCGC00259276-01/244068986,NA,-4.3177,3.0654,0.9987,599.104,-3.6692,2.1,602.773,
1919969,2,DMD302654,2357,144209369,5280450,CCCCC/C=C\C/C=C\CCCCCCCC(=O)O,Active,49,http://assay.nih.gov/htsws/rest/display/tox21-ks-are-p1/NCGC00259720-01/244069060,NA,-4.1709,4.9549,0.9808,80.8472,0.22,3,80.6272,
1919969,2,DMD302654,6385,144213397,5280450,CCCCC/C=C\C/C=C\CCCCCCCC(=O)O,Active,46,http://assay.nih.gov/htsws/rest/display/tox21-ks-are-p1/NCGC00257024-01/244073138,NA,-4.1637,4.9549,0.9927,362.028,-0.7584,3,362.787,
1919969,2,DMD302269,6627,144213639,5280934,CC/C=C\C/C=C\C/C=C\CCCCCCCC(=O)O,Active,41,http://assay.nih.gov/htsws/rest/display/tox21-ks-are-p1/NCGC00257192-01/244072859,NA,-4.1637,4.9549,0.9946,319.663,-1.0443,2.1,320.708,
1919969,2,DMD302594,6969,144213981,700,C(CO)N,Active,40,http://assay.nih.gov/htsws/rest/display/tox21-ks-are-p1/NCGC00090789-02/244070957,NA,-4.1637,3.5117,0.8175,36,2.3634,2.4,33.6366,
1919969,3,DMD302269,1913,144208925,5280934,CC/C=C\C/C=C\C/C=C\CCCCCCCC(=O)O,Active,41,http://assay.nih.gov/htsws/rest/display/tox21-ks-are-p1/NCGC00259276-01/244068986,NA,-4.2177,4.5045,0.9986,197.392,-0.3687,2.1,197.761,
1919969,3,DMD302654,2357,144209369,5280450,CCCCC/C=C\C/C=C\CCCCCCCC(=O)O,Active,49,http://assay.nih.gov/htsws/rest/display/tox21-ks-are-p1/NCGC00259720-01/244069060,NA,-4.1709,4.5045,0.9899,99.7753,-0.9723,3,100.748,
1919969,3,DMD302654,6385,144213397,5280450,CCCCC/C=C\C/C=C\CCCCCCCC(=O)O,Active,46,http://assay.nih.gov/htsws/rest/display/tox21-ks-are-p1/NCGC00257024-01/244073138,NA,-4.1637,4.9549,0.9975,1077.92,-0.2249,2.1,1078.14,
1919969,3,DMD302269,6627,144213639,5280934,CC/C=C\C/C=C\C/C=C\CCCCCCCC(=O)O,Active,41,http://assay.nih.gov/htsws/rest/display/tox21-ks-are-p1/NCGC00257192-01/244072859,NA,-4.5637,4.9549,0.8753,42.0839,1.9773,3,40.1066,
1919969,3,DMD302594,6969,144213981,700,C(CO)N,Active,40,http://assay.nih.gov/htsws/rest/display/tox21-ks-are-p1/NCGC00090789-02/244070957,NA,-4.5637,4.9549,0.9547,408.289,-5.6612,3,413.95,
1919969,4,DMD302594,6969,144213981,700,C(CO)N,Active,40,http://assay.nih.gov/htsws/rest/display/tox21-ks-are-p1/NCGC00090789-02/244070957,NA,-4.6137,4.9549,0.9451,960.588,-12.505,2.1,973.093,
1919969,5,DMD302594,6969,144213981,700,C(CO)N,Active,40,http://assay.nih.gov/htsws/rest/display/tox21-ks-are-p1/NCGC00090789-02/244070957,NA,-4.5637,4.9549,0.948,168.733,0.2162,3,168.517,
1919969,6,DMD302594,6969,144213981,700,C(CO)N,Active,40,http://assay.nih.gov/htsws/rest/display/tox21-ks-are-p1/NCGC00090789-02/244070957,NA,-4.1637,4.9549,0.9779,182.391,2.1988,3,180.192,
1919969,7,DMD302594,6969,144213981,700,C(CO)N,Active,40,http://assay.nih.gov/htsws/rest/display/tox21-ks-are-p1/NCGC00090789-02/244070957,NA,-8.6637,3.5117,0.5626,-1.3374,9.5,4,,
1919969,8,DMD302594,6969,144213981,700,C(CO)N,Active,40,http://assay.nih.gov/htsws/rest/display/tox21-ks-are-p1/NCGC00090789-02/244070957,NA,-8.6137,0.9,0.6225,-5.8293,16,4,,
1919969,9,DMD302594,6969,144213981,700,C(CO)N,Active,40,http://assay.nih.gov/htsws/rest/display/tox21-ks-are-p1/NCGC00090789-02/244070957,NA,-7.4137,0.2,0.5751,-8.5322,10,4,,
1919969,10,DMD302594,6969,144213981,700,C(CO)N,Active,40,http://assay.nih.gov/htsws/rest/display/tox21-ks-are-p1/NCGC00090789-02/244070957,NA,-7.6637,4.9549,0.4571,-6.2821,0,4,,
1919969,11,DMD302594,6969,144213981,700,C(CO)N,Active,40,http://assay.nih.gov/htsws/rest/display/tox21-ks-are-p1/NCGC00090789-02/244070957,NA,-7.8137,4.9549,0.4333,1.6174,13,4,,
1919969,12,DMD302594,6969,144213981,700,C(CO)N,Active,40,http://assay.nih.gov/htsws/rest/display/tox21-ks-are-p1/NCGC00090789-02/244070957,NA,-6.2137,1.8617,0.408,-2.4546,3.5,4,,
1919969,13,DMD302594,6969,144213981,700,C(CO)N,Active,40,http://assay.nih.gov/htsws/rest/display/tox21-ks-are-p1/NCGC00090789-02/244070957,NA,-5.7637,1,0.5833,-10.0404,-1.5,4,,
1919969,14,DMD302594,6969,144213981,700,C(CO)N,Active,40,http://assay.nih.gov/htsws/rest/display/tox21-ks-are-p1/NCGC00090789-02/244070957,NA,-7.2637,4.9549,0.4229,0.1683,5,4,,
1919969,15,DMD302594,6969,144213981,700,C(CO)N,Active,40,http://assay.nih.gov/htsws/rest/display/tox21-ks-are-p1/NCGC00090789-02/244070957,NA,-4.8137,3.0654,0.3792,-6.5391,-1,4,,
1919969,16,DMD302594,6969,144213981,700,C(CO)N,Active,40,http://assay.nih.gov/htsws/rest/display/tox21-ks-are-p1/NCGC00090789-02/244070957,NA,-5.2137,4.9549,0.7521,-11.5794,-0.5,4,,
1919969,17,DMD302594,6969,144213981,700,C(CO)N,Active,40,http://assay.nih.gov/htsws/rest/display/tox21-ks-are-p1/NCGC00090789-02/244070957,NA,-6.1137,4.9549,0.5499,-6.3243,-1,4,,
1919969,18,DMD302594,6969,144213981,700,C(CO)N,Active,40,http://assay.nih.gov/htsws/rest/display/tox21-ks-are-p1/NCGC00090789-02/244070957,NA,-4.4137,1.1,0.5516,-14.9417,-1,4,,
1919969,19,DMD302594,6969,144213981,700,C(CO)N,Active,40,http://assay.nih.gov/htsws/rest/display/tox21-ks-are-p1/NCGC00090789-02/244070957,NA,-4.8637,0.7,0.4153,-8.3677,0,4,,
1919969,20,DMD302594,6969,144213981,700,C(CO)N,Active,40,http://assay.nih.gov/htsws/rest/display/tox21-ks-are-p1/NCGC00090789-02/244070957,NA,-5.3637,1.4787,0.9307,-9.7154,1,4,,
1919969,21,DMD302594,6969,144213981,700,C(CO)N,Active,40,http://assay.nih.gov/htsws/rest/display/tox21-ks-are-p1/NCGC00090789-02/244070957,NA,-4.3137,3.9295,0.5906,-12.3359,0.5,4,,
1919969,22,DMD302594,6969,144213981,700,C(CO)N,Active,40,http://assay.nih.gov/htsws/rest/display/tox21-ks-are-p1/NCGC00090789-02/244070957,NA,-4.8637,3.0654,0.7878,-13.7771,1.5,4,,
1919969,23,DMD302594,6969,144213981,700,C(CO)N,Active,40,http://assay.nih.gov/htsws/rest/display/tox21-ks-are-p1/NCGC00090789-02/244070957,NA,-5.2637,2.3332,0.5239,-7.3519,-1.5,4,,
1919969,24,DMD302594,6969,144213981,700,C(CO)N,Active,40,http://assay.nih.gov/htsws/rest/display/tox21-ks-are-p1/NCGC00090789-02/244070957,NA,-4.2637,1.6924,0.6501,-16.4875,0,4,,
1919969,25,DMD302594,6969,144213981,700,C(CO)N,Active,40,http://assay.nih.gov/htsws/rest/display/tox21-ks-are-p1/NCGC00090789-02/244070957,NA,-4.8137,4.9549,0.5867,-4.9765,2.5,4,,
1919969,26,DMD302594,6969,144213981,700,C(CO)N,Active,40,http://assay.nih.gov/htsws/rest/display/tox21-ks-are-p1/NCGC00090789-02/244070957,NA,-5.2137,0.9,0.5451,-8.6254,-1,4,,
1919969,27,DMD302594,6969,144213981,700,C(CO)N,Active,40,http://assay.nih.gov/htsws/rest/display/tox21-ks-are-p1/NCGC00090789-02/244070957,NA,-4.1637,4.9549,0.7901,19.5,0.8745,4,,
1919969,28,DMD302594,6969,144213981,700,C(CO)N,Active,40,http://assay.nih.gov/htsws/rest/display/tox21-ks-are-p1/NCGC00090789-02/244070957,NA,-4.3637,3.132,0.4626,-10.757,-0.5,4,,
1919969,29,DMD302594,6969,144213981,700,C(CO)N,Active,40,http://assay.nih.gov/htsws/rest/display/tox21-ks-are-p1/NCGC00090789-02/244070957,NA,-5.1137,4.9549,0.6034,-6.8396,0,4,,
1919969,32,DMD302594,6969,144213981,700,C(CO)N,Active,40,http://assay.nih.gov/htsws/rest/display/tox21-ks-are-p1/NCGC00090789-02/244070957,NA,-4.9637,1.4787,0.4711,-8.9601,-1,4,,
1919969,35,DMD302594,6969,144213981,700,C(CO)N,Active,40,http://assay.nih.gov/htsws/rest/display/tox21-ks-are-p1/NCGC00090789-02/244070957,NA,-4.5637,0.2,0.5951,-16.577,2,4,,
1919969,38,DMD302594,6969,144213981,700,C(CO)N,Active,40,http://assay.nih.gov/htsws/rest/display/tox21-ks-are-p1/NCGC00090789-02/244070957,NA,-4.1137,4.9549,0.6659,20,-0.0851,4,,
1671201,1,DMD302654,6385,144213397,5280450,CCCCC/C=C\C/C=C\CCCCCCCC(=O)O,Active,40,http://assay.nih.gov/htsws/rest/display/tox21-p450-3a4-p1/NCGC00257024-01/244242532,NA,-4.3989,2.3031,0.9817,-59.0521,0.6594,-2.2,59.7116,
1671201,1,DMD302269,6627,144213639,5280934,CC/C=C\C/C=C\C/C=C\CCCCCCCC(=O)O,Active,40,http://assay.nih.gov/htsws/rest/display/tox21-p450-3a4-p1/NCGC00257192-01/244242253,NA,-4.3989,2.4729,0.9788,-57.9165,-1.1467,-2.2,56.7698,
1671201,1,DMD302594,6969,144213981,700,C(CO)N,Active,41,http://assay.nih.gov/htsws/rest/display/tox21-p450-3a4-p1/NCGC00090789-02/244234103,NA,-4.1489,1.9673,0.9612,-74.0149,-2.2624,-2.2,71.7525,
1671201,2,DMD302654,6385,144213397,5280450,CCCCC/C=C\C/C=C\CCCCCCCC(=O)O,Active,40,http://assay.nih.gov/htsws/rest/display/tox21-p450-3a4-p1/NCGC00257024-01/244242532,NA,-4.4489,2.5884,0.9913,-56.0215,1.5657,-2.2,57.5872,
1671201,2,DMD302269,6627,144213639,5280934,CC/C=C\C/C=C\C/C=C\CCCCCCCC(=O)O,Active,40,http://assay.nih.gov/htsws/rest/display/tox21-p450-3a4-p1/NCGC00257192-01/244242253,NA,-4.4989,2.3531,0.9833,-58.5476,0.2776,-2.2,58.8253,
1671201,2,DMD302594,6969,144213981,700,C(CO)N,Active,41,http://assay.nih.gov/htsws/rest/display/tox21-p450-3a4-p1/NCGC00090789-02/244234103,NA,-4.0989,3.6772,0.9889,-38.5061,0.5,-3,39.0061,
1671201,3,DMD302654,6385,144213397,5280450,CCCCC/C=C\C/C=C\CCCCCCCC(=O)O,Active,40,http://assay.nih.gov/htsws/rest/display/tox21-p450-3a4-p1/NCGC00257024-01/244242532,NA,-4.3294,1.8617,0.9924,-76.878,2.396,-2.1,79.2739,
1671201,3,DMD302269,6627,144213639,5280934,CC/C=C\C/C=C\C/C=C\CCCCCCCC(=O)O,Active,40,http://assay.nih.gov/htsws/rest/display/tox21-p450-3a4-p1/NCGC00257192-01/244242253,NA,-4.2794,1.5579,0.9578,-80.4276,0.6371,-2.1,81.0647,
1671201,3,DMD302594,6969,144213981,700,C(CO)N,Active,41,http://assay.nih.gov/htsws/rest/display/tox21-p450-3a4-p1/NCGC00090789-02/244234103,NA,-4.4989,3.1925,0.9194,8.5,-1.6587,4,,
1671201,4,DMD302594,6969,144213981,700,C(CO)N,Active,41,http://assay.nih.gov/htsws/rest/display/tox21-p450-3a4-p1/NCGC00090789-02/244234103,NA,-4.4489,2.0937,0.9533,-21.2634,0,4,,
1671201,5,DMD302594,6969,144213981,700,C(CO)N,Active,41,http://assay.nih.gov/htsws/rest/display/tox21-p450-3a4-p1/NCGC00090789-02/244234103,NA,-6.6989,4.9549,0.4651,-3.7347,2.5,4,,
1671201,6,DMD302594,6969,144213981,700,C(CO)N,Active,41,http://assay.nih.gov/htsws/rest/display/tox21-p450-3a4-p1/NCGC00090789-02/244234103,NA,-4.1489,3.5722,0.6149,11,-0.2613,4,,
1671201,7,DMD302594,6969,144213981,700,C(CO)N,Active,41,http://assay.nih.gov/htsws/rest/display/tox21-p450-3a4-p1/NCGC00090789-02/244234103,NA,-4.3989,2.1876,0.909,13,-0.5481,4,,
1671201,8,DMD302594,6969,144213981,700,C(CO)N,Active,41,http://assay.nih.gov/htsws/rest/display/tox21-p450-3a4-p1/NCGC00090789-02/244234103,NA,-4.5489,4.5045,0.8322,13,-0.931,4,,
1671201,9,DMD302594,6969,144213981,700,C(CO)N,Active,41,http://assay.nih.gov/htsws/rest/display/tox21-p450-3a4-p1/NCGC00090789-02/244234103,NA,-4.0989,2.3332,0.6985,18,0.329,4,,
1671201,10,DMD302594,6969,144213981,700,C(CO)N,Active,41,http://assay.nih.gov/htsws/rest/display/tox21-p450-3a4-p1/NCGC00090789-02/244234103,NA,-4.2989,2.2526,0.8973,18.5,-1.1869,4,,
1671201,11,DMD302594,6969,144213981,700,C(CO)N,Active,41,http://assay.nih.gov/htsws/rest/display/tox21-p450-3a4-p1/NCGC00090789-02/244234103,NA,-4.3489,4.9549,0.7817,11,0.0488,4,,
1671201,12,DMD302594,6969,144213981,700,C(CO)N,Active,41,http://assay.nih.gov/htsws/rest/display/tox21-p450-3a4-p1/NCGC00090789-02/244234103,NA,-4.0989,2.3531,0.5184,20,-2.2712,4,,
1671201,13,DMD302594,6969,144213981,700,C(CO)N,Active,41,http://assay.nih.gov/htsws/rest/display/tox21-p450-3a4-p1/NCGC00090789-02/244234103,NA,-4.1989,2.4064,0.5055,-21.547,-1,4,,
1671201,14,DMD302594,6969,144213981,700,C(CO)N,Active,41,http://assay.nih.gov/htsws/rest/display/tox21-p450-3a4-p1/NCGC00090789-02/244234103,NA,-4.1489,2.9523,0.7832,11,-1.6518,4,,
1671201,15,DMD302594,6969,144213981,700,C(CO)N,Active,41,http://assay.nih.gov/htsws/rest/display/tox21-p450-3a4-p1/NCGC00090789-02/244234103,NA,-4.0989,1.8851,0.793,14,1.0197,4,,
1671201,16,DMD302594,6969,144213981,700,C(CO)N,Active,41,http://assay.nih.gov/htsws/rest/display/tox21-p450-3a4-p1/NCGC00090789-02/244234103,NA,-4.0489,4.9549,0.6975,14,-1.1245,4,,
1671201,17,DMD302594,6969,144213981,700,C(CO)N,Active,41,http://assay.nih.gov/htsws/rest/display/tox21-p450-3a4-p1/NCGC00090789-02/244234103,NA,-4.0989,4.095,0.6841,13.5,-1.3343,4,,
1671201,18,DMD302594,6969,144213981,700,C(CO)N,Active,41,http://assay.nih.gov/htsws/rest/display/tox21-p450-3a4-p1/NCGC00090789-02/244234103,NA,-4.0794,1.9673,0.4749,10,0.2523,4,,
1671201,20,DMD302594,6969,144213981,700,C(CO)N,Active,41,http://assay.nih.gov/htsws/rest/display/tox21-p450-3a4-p1/NCGC00090789-02/244234103,NA,-4.0489,4.9549,0.6732,-31.4909,-0.5,4,,
1671201,21,DMD302594,6969,144213981,700,C(CO)N,Active,41,http://assay.nih.gov/htsws/rest/display/tox21-p450-3a4-p1/NCGC00090789-02/244234103,NA,-4.0489,4.9549,0.9538,-20.3259,1,4,,
1671201,23,DMD302594,6969,144213981,700,C(CO)N,Active,41,http://assay.nih.gov/htsws/rest/display/tox21-p450-3a4-p1/NCGC00090789-02/244234103,NA,-4.0489,4.9549,0.8184,10.5,-0.3199,4,,
2326,NA,DMD302040,65170,8139953,6029,C1=CN(C(=O)NC1=O)[C@H]2[C@@H]([C@@H]([C@H](O2)CO)O)O,Active,41,NA,NA,-4.9,4.9549,0.997,71.2571,9,2.2,62.2571,
1671190,NA,DMD302709,35,170466853,6057,C1=CC(=CC=C1C[C@@H](C(=O)O)N)O,Active,89,http://assay.nih.gov/htsws/rest/display/12hLO-p2-MLSMR-2015/NCGC00344525-01/204794847,NA,-5.75,1,0.9753,-148.056,13.2519,-1.1,161.308,
1671190,NA,DMD302173,4590,11113462,439756,CC(=O)O[C@H](CC(=O)O)C[N+](C)(C)C,Active,40,http://assay.nih.gov/htsws/rest/display/12hLO-p2-MLSMR-2015/NCGC00024551-01/204784381,NA,-4.45,1,0.9954,-129.925,32.661,-2.1,162.586,
884,NA,DMD302269,5041,17388945,5280934,CC/C=C\C/C=C\C/C=C\CCCCCCCC(=O)O,Active,41,NA,NA,-4.8,1.2475,0.8566,-71.3035,-3.3511,-2.2,67.9524,
504749,NA,DMD302287,4319,50110834,445580,CC/C=C\C/C=C\C/C=C\C/C=C\C/C=C\C/C=C\CCC(=O)O,Active,0,http://assay.nih.gov/htsws/rest/display/sybr-7g8-p1/NCGC00161345-04/54494713,NA,-4.9,1.5579,0.9826,-79.0322,-3.8774,-2.2,75.1548,
504749,NA,DMD302287,4357,50110834,445580,CC/C=C\C/C=C\C/C=C\C/C=C\C/C=C\C/C=C\CCC(=O)O,Active,0,http://assay.nih.gov/htsws/rest/display/sybr-7g8-p1/NCGC00161345-04/54494713,NA,-4.9,1.5386,0.9802,-81.3713,-0.4279,-2.2,80.9434,
743012,1,DMD302287,1992,144205545,445580,CC/C=C\C/C=C\C/C=C\C/C=C\C/C=C\C/C=C\CCC(=O)O,Active,40,http://assay.nih.gov/htsws/rest/display/tox21-dt40-p1/NCGC00161345-04/153130355,NA,-4.5751,4.9549,0.9624,-78.8452,0.3547,-2.1,79.1999,
743012,1,DMD302649,2105,144205658,985,CCCCCCCCCCCCCCCC(=O)O,Active,42,http://assay.nih.gov/htsws/rest/display/tox21-dt40-p1/NCGC00164358-01/153127550,NA,-4.9251,3.9295,0.9448,-78.6716,0.9097,-2.1,79.5813,
743012,2,DMD302287,1992,144205545,445580,CC/C=C\C/C=C\C/C=C\C/C=C\C/C=C\C/C=C\CCC(=O)O,Active,40,http://assay.nih.gov/htsws/rest/display/tox21-dt40-p1/NCGC00161345-04/153130355,NA,-4.4751,4.9549,0.9682,-95.9824,1.2507,-3,97.233,
743012,3,DMD302287,1992,144205545,445580,CC/C=C\C/C=C\C/C=C\C/C=C\C/C=C\C/C=C\CCC(=O)O,Active,40,http://assay.nih.gov/htsws/rest/display/tox21-dt40-p1/NCGC00161345-04/153130355,NA,-4.5251,4.9549,0.9714,-67.8532,1.3456,-3,69.1988,
743065,1,DMD302249,5794,144209347,3893,CCCCCCCCCCCC(=O)O,Active,41,http://assay.nih.gov/htsws/rest/display/tox21-gh3-tre-antagonist-p1/NCGC00259698-01/148562365,NA,-4.2129,3.2475,0.8416,-68.6466,1.1083,-2.2,69.7549,
743065,1,DMD302654,9844,144213397,5280450,CCCCC/C=C\C/C=C\CCCCCCCC(=O)O,Active,41,http://assay.nih.gov/htsws/rest/display/tox21-gh3-tre-antagonist-p1/NCGC00257024-01/148555268,NA,-4.2637,2.3031,0.9493,-83.0073,2.6817,-2.1,85.6891,
743065,2,DMD302249,5794,144209347,3893,CCCCCCCCCCCC(=O)O,Active,41,http://assay.nih.gov/htsws/rest/display/tox21-gh3-tre-antagonist-p1/NCGC00259698-01/148562365,NA,-4.2629,3.5117,0.747,-38.6538,-1.0113,-2.2,37.6425,
743065,2,DMD302654,9844,144213397,5280450,CCCCC/C=C\C/C=C\CCCCCCCC(=O)O,Active,41,http://assay.nih.gov/htsws/rest/display/tox21-gh3-tre-antagonist-p1/NCGC00257024-01/148555268,NA,-4.1637,4.9549,0.9787,-53.0609,-0.599,-3,52.4618,
743065,3,DMD302249,5794,144209347,3893,CCCCCCCCCCCC(=O)O,Active,41,http://assay.nih.gov/htsws/rest/display/tox21-gh3-tre-antagonist-p1/NCGC00259698-01/148562365,NA,-4.1129,4.9549,0.7249,-55.279,5.5,-3,60.779,
743065,3,DMD302654,9844,144213397,5280450,CCCCC/C=C\C/C=C\CCCCCCCC(=O)O,Active,41,http://assay.nih.gov/htsws/rest/display/tox21-gh3-tre-antagonist-p1/NCGC00257024-01/148555268,NA,-4.2137,3.6272,0.9562,-84.5785,1.3268,-2.1,85.9053,
1259380,1,DMD302250,723,144207735,12530,CCCCCCCCCCCCC(=O)O,Active,41,http://assay.nih.gov/htsws/rest/display/tox21-erb-bla-p1/NCGC00258091-01/219564315,NA,-4.2624,2.7868,0.9928,-65.6664,-0.9002,-2.1,64.7662,
1259380,1,DMD302269,1913,144208925,5280934,CC/C=C\C/C=C\C/C=C\CCCCCCCC(=O)O,Active,40,http://assay.nih.gov/htsws/rest/display/tox21-erb-bla-p1/NCGC00259276-01/219560161,NA,-4.6177,1.7529,0.9073,-31.2181,1,-2.1,32.2181,
1259380,1,DMD302251,2038,144209050,11005,CCCCCCCCCCCCCC(=O)O,Active,40,http://assay.nih.gov/htsws/rest/display/tox21-erb-bla-p1/NCGC00259401-01/219560490,NA,-4.3651,1.8265,0.9605,-41.2246,-0.5,-2.1,40.7246,
1259380,1,DMD302251,6086,144213098,11005,CCCCCCCCCCCCCC(=O)O,Active,41,http://assay.nih.gov/htsws/rest/display/tox21-erb-bla-p1/NCGC00256547-01/219563194,NA,-4.2137,3.1925,0.897,-50.3425,-2.5218,-2.1,47.8206,
1259380,1,DMD302249,6315,144213327,3893,CCCCCCCCCCCC(=O)O,Active,40,http://assay.nih.gov/htsws/rest/display/tox21-erb-bla-p1/NCGC00256486-01/219562753,NA,-4.3637,3.0654,0.9468,-35.6497,2.5,-2.1,38.1497,
1259380,1,DMD302654,6385,144213397,5280450,CCCCC/C=C\C/C=C\CCCCCCCC(=O)O,Active,40,http://assay.nih.gov/htsws/rest/display/tox21-erb-bla-p1/NCGC00257024-01/219562902,NA,-4.3637,2.3332,0.9389,-59.4002,-1.1441,-2.1,58.2561,
1259380,2,DMD302250,723,144207735,12530,CCCCCCCCCCCCC(=O)O,Active,41,http://assay.nih.gov/htsws/rest/display/tox21-erb-bla-p1/NCGC00258091-01/219564315,NA,-4.7124,4.9549,0.5169,-26.4677,-0.6277,4,,
1259380,2,DMD302269,1913,144208925,5280934,CC/C=C\C/C=C\C/C=C\CCCCCCCC(=O)O,Active,40,http://assay.nih.gov/htsws/rest/display/tox21-erb-bla-p1/NCGC00259276-01/219560161,NA,-4.7177,4.095,0.9413,-60.0842,1.8897,-1.1,61.9739,
1259380,2,DMD302251,2038,144209050,11005,CCCCCCCCCCCCCC(=O)O,Active,40,http://assay.nih.gov/htsws/rest/display/tox21-erb-bla-p1/NCGC00259401-01/219560490,NA,-4.6151,4.095,0.8857,-24.9625,-1,4,,
1259380,2,DMD302251,6086,144213098,11005,CCCCCCCCCCCCCC(=O)O,Active,41,http://assay.nih.gov/htsws/rest/display/tox21-erb-bla-p1/NCGC00256547-01/219563194,NA,-5.0637,4.9549,0.4788,-7.8146,5,4,,
1259380,2,DMD302249,6315,144213327,3893,CCCCCCCCCCCC(=O)O,Active,40,http://assay.nih.gov/htsws/rest/display/tox21-erb-bla-p1/NCGC00256486-01/219562753,NA,-4.3637,1.9673,0.9436,-42.4518,1.9874,-2.2,44.4391,
1259380,2,DMD302654,6385,144213397,5280450,CCCCC/C=C\C/C=C\CCCCCCCC(=O)O,Active,40,http://assay.nih.gov/htsws/rest/display/tox21-erb-bla-p1/NCGC00257024-01/219562902,NA,-4.5637,2.5884,0.9661,-53.6569,2.4019,-2.2,56.0588,
1259380,3,DMD302250,723,144207735,12530,CCCCCCCCCCCCC(=O)O,Active,41,http://assay.nih.gov/htsws/rest/display/tox21-erb-bla-p1/NCGC00258091-01/219564315,NA,-4.3124,3.132,0.8361,-44.648,0.1868,-2.2,44.8347,
1259380,3,DMD302251,2038,144209050,11005,CCCCCCCCCCCCCC(=O)O,Active,40,http://assay.nih.gov/htsws/rest/display/tox21-erb-bla-p1/NCGC00259401-01/219560490,NA,-4.1651,4.9549,0.7898,-28.9452,6.5,-2.4,35.4452,
1259380,3,DMD302249,6315,144213327,3893,CCCCCCCCCCCC(=O)O,Active,40,http://assay.nih.gov/htsws/rest/display/tox21-erb-bla-p1/NCGC00256486-01/219562753,NA,-4.5137,1.5579,0.772,-40.3142,-3.0834,-2.2,37.2308,
1259380,3,DMD302654,6385,144213397,5280450,CCCCC/C=C\C/C=C\CCCCCCCC(=O)O,Active,40,http://assay.nih.gov/htsws/rest/display/tox21-erb-bla-p1/NCGC00257024-01/219562902,NA,-4.6137,4.9549,0.9012,-38.0002,0.4579,-1.2,38.4582,
1963588,1,DMD302594,6969,144213981,700,C(CO)N,Active,81,http://assay.nih.gov/htsws/rest/display/tox21-chrm1-p1/NCGC00090789-02/256647895,NA,-4.726,4.9549,0.9259,-111.961,11,-1.1,122.961,
1963588,2,DMD302594,6969,144213981,700,C(CO)N,Active,81,http://assay.nih.gov/htsws/rest/display/tox21-chrm1-p1/NCGC00090789-02/256647895,NA,-8.176,4.4495,0.8569,1,-23.5771,1.4,24.5771,
1963588,3,DMD302594,6969,144213981,700,C(CO)N,Active,81,http://assay.nih.gov/htsws/rest/display/tox21-chrm1-p1/NCGC00090789-02/256647895,NA,-7.976,4.9549,0.6764,-2.0547,15,4,,
1963588,4,DMD302594,6969,144213981,700,C(CO)N,Active,81,http://assay.nih.gov/htsws/rest/display/tox21-chrm1-p1/NCGC00090789-02/256647895,NA,-6.276,0.7,0.8523,81.7326,2.8931,2.1,78.8395,
1963588,5,DMD302594,6969,144213981,700,C(CO)N,Active,81,http://assay.nih.gov/htsws/rest/display/tox21-chrm1-p1/NCGC00090789-02/256647895,NA,-4.726,3.9295,0.4014,-49.1919,-4,-2.4,45.1919,
1963588,6,DMD302594,6969,144213981,700,C(CO)N,Active,81,http://assay.nih.gov/htsws/rest/display/tox21-chrm1-p1/NCGC00090789-02/256647895,NA,-7.926,4.9549,0.4217,4.5,-5.1308,4,,
1963588,7,DMD302594,6969,144213981,700,C(CO)N,Active,81,http://assay.nih.gov/htsws/rest/display/tox21-chrm1-p1/NCGC00090789-02/256647895,NA,-8.426,1.2221,0.4553,14.8385,-13.8652,4,,
1963588,8,DMD302594,6969,144213981,700,C(CO)N,Active,81,http://assay.nih.gov/htsws/rest/display/tox21-chrm1-p1/NCGC00090789-02/256647895,NA,-8.676,0.7,0.4548,-4.3726,-42.7405,4,,
1963588,9,DMD302594,6969,144213981,700,C(CO)N,Active,81,http://assay.nih.gov/htsws/rest/display/tox21-chrm1-p1/NCGC00090789-02/256647895,NA,-4.376,4.9549,0.3971,21,-6.6248,4,,
1963588,10,DMD302594,6969,144213981,700,C(CO)N,Active,81,http://assay.nih.gov/htsws/rest/display/tox21-chrm1-p1/NCGC00090789-02/256647895,NA,-7.976,4.9549,0.3654,8.5,-0.5299,4,,
1963588,11,DMD302594,6969,144213981,700,C(CO)N,Active,81,http://assay.nih.gov/htsws/rest/display/tox21-chrm1-p1/NCGC00090789-02/256647895,NA,-8.176,0.5,0.4018,3.5,-31.9311,4,,
1963588,12,DMD302594,6969,144213981,700,C(CO)N,Active,81,http://assay.nih.gov/htsws/rest/display/tox21-chrm1-p1/NCGC00090789-02/256647895,NA,-4.376,4.9549,0.6307,9.5,-13.4412,4,,
1963588,13,DMD302594,6969,144213981,700,C(CO)N,Active,81,http://assay.nih.gov/htsws/rest/display/tox21-chrm1-p1/NCGC00090789-02/256647895,NA,-6.026,0.7,0.5583,7.048,52.3929,4,,
1963588,14,DMD302594,6969,144213981,700,C(CO)N,Active,81,http://assay.nih.gov/htsws/rest/display/tox21-chrm1-p1/NCGC00090789-02/256647895,NA,-5.676,0.7,0.3241,-18.9927,-2,4,,
1963588,15,DMD302594,6969,144213981,700,C(CO)N,Active,81,http://assay.nih.gov/htsws/rest/display/tox21-chrm1-p1/NCGC00090789-02/256647895,NA,-4.326,4.9549,0.8481,18,-0.1685,4,,
1963588,16,DMD302594,6969,144213981,700,C(CO)N,Active,81,http://assay.nih.gov/htsws/rest/display/tox21-chrm1-p1/NCGC00090789-02/256647895,NA,-5.676,4.9549,0.7285,-12.9593,6,4,,
1963588,17,DMD302594,6969,144213981,700,C(CO)N,Active,81,http://assay.nih.gov/htsws/rest/display/tox21-chrm1-p1/NCGC00090789-02/256647895,NA,-5.526,0.2,0.3208,3,-13.9762,4,,
1963588,19,DMD302594,6969,144213981,700,C(CO)N,Active,81,http://assay.nih.gov/htsws/rest/display/tox21-chrm1-p1/NCGC00090789-02/256647895,NA,-4.726,0.8,0.3688,-19.2059,16.2977,4,,
1963588,20,DMD302594,6969,144213981,700,C(CO)N,Active,81,http://assay.nih.gov/htsws/rest/display/tox21-chrm1-p1/NCGC00090789-02/256647895,NA,-5.076,4.9549,0.3416,4.5,-4.8658,4,,
1963588,22,DMD302594,6969,144213981,700,C(CO)N,Active,81,http://assay.nih.gov/htsws/rest/display/tox21-chrm1-p1/NCGC00090789-02/256647895,NA,-4.326,4.9549,0.348,15.5,-1.3102,4,,
1963588,23,DMD302594,6969,144213981,700,C(CO)N,Active,81,http://assay.nih.gov/htsws/rest/display/tox21-chrm1-p1/NCGC00090789-02/256647895,NA,-4.326,4.4495,0.5117,14,0.7238,4,,
1963588,45,DMD302594,6969,144213981,700,C(CO)N,Active,81,http://assay.nih.gov/htsws/rest/display/tox21-chrm1-p1/NCGC00090789-02/256647895,NA,-6.726,4.9549,0.4835,-7.1576,21,4,,
1963588,48,DMD302594,6969,144213981,700,C(CO)N,Active,81,http://assay.nih.gov/htsws/rest/display/tox21-chrm1-p1/NCGC00090789-02/256647895,NA,-5.226,3.0654,0.3429,25.3552,-4.6448,4,,
1963588,51,DMD302594,6969,144213981,700,C(CO)N,Active,81,http://assay.nih.gov/htsws/rest/display/tox21-chrm1-p1/NCGC00090789-02/256647895,NA,-8.426,0.3,0.446,-14.1654,-102.8307,5,,
1347093,NA,DMD302671,1239,174007375,248,C[N+](C)(C)CC(=O)O,Active,41,http://assay.nih.gov/htsws/rest/display/pcdr-SK-N-MC-NPC-MIPE4.0-cellviability/NCGC00015150-04/200877757,NA,-4.7792,2.0479,0.9216,-95.2737,-18.9887,-2.2,76.285,
2147,NA,DMD302277,1948,26747902,444899,CCCCC/C=C\C/C=C\C/C=C\C/C=C\CCCC(=O)O,Active,41,NA,NA,-4.6,1.5936,0.9981,-103.588,4.2678,-2.1,107.856,
2147,NA,DMD302277,3206,26753719,444899,CCCCC/C=C\C/C=C\C/C=C\C/C=C\CCCC(=O)O,Active,40,NA,NA,-4.55,1.5579,0.934,-92.5161,2.986,-2.2,95.502,
1224835,1,DMD302250,723,144207735,12530,CCCCCCCCCCCCC(=O)O,Active,42,http://assay.nih.gov/htsws/rest/display/tox21-luc-biochem-p1/NCGC00258091-01/208875948,NA,-4.1971,2.4064,0.9956,-121.064,4.7336,-2.1,125.798,
1224835,1,DMD302251,2038,144209050,11005,CCCCCCCCCCCCCC(=O)O,Active,41,http://assay.nih.gov/htsws/rest/display/tox21-luc-biochem-p1/NCGC00259401-01/208869307,NA,-4.2999,2.3332,0.9694,-78.0619,0.2591,-2.1,78.321,
1224835,1,DMD302653,2153,144209165,445639,CCCCCCCC/C=C\CCCCCCCC(=O)O,Active,41,http://assay.nih.gov/htsws/rest/display/tox21-luc-biochem-p1/NCGC00259516-01/208869020,NA,-4.1464,3.1925,0.982,-69.1097,3.3077,-2.1,72.4174,
1224835,1,DMD302249,2335,144209347,3893,CCCCCCCCCCCC(=O)O,Active,40,http://assay.nih.gov/htsws/rest/display/tox21-luc-biochem-p1/NCGC00259698-01/208868622,NA,-4.3974,4.095,0.9958,-74.4946,-0.802,-2.1,73.6926,
1224835,1,DMD302654,2357,144209369,5280450,CCCCC/C=C\C/C=C\CCCCCCCC(=O)O,Active,42,http://assay.nih.gov/htsws/rest/display/tox21-luc-biochem-p1/NCGC00259720-01/208869052,NA,-4.106,3.6272,0.9939,-86.5727,0.9035,-2.1,87.4762,
1224835,1,DMD302249,6315,144213327,3893,CCCCCCCCCCCC(=O)O,Active,41,http://assay.nih.gov/htsws/rest/display/tox21-luc-biochem-p1/NCGC00256486-01/208872978,NA,-4.1489,3.5117,0.9837,-66.6881,-1.7683,-2.1,64.9198,
1224835,2,DMD302250,723,144207735,12530,CCCCCCCCCCCCC(=O)O,Active,42,http://assay.nih.gov/htsws/rest/display/tox21-luc-biochem-p1/NCGC00258091-01/208875948,NA,-4.1971,2.1876,0.9943,-112.397,1.2007,-2.1,113.597,
1224835,2,DMD302251,2038,144209050,11005,CCCCCCCCCCCCCC(=O)O,Active,41,http://assay.nih.gov/htsws/rest/display/tox21-luc-biochem-p1/NCGC00259401-01/208869307,NA,-4.3999,4.095,0.9795,-71.4753,-0.55,-2.1,70.9253,
1224835,2,DMD302653,2153,144209165,445639,CCCCCCCC/C=C\CCCCCCCC(=O)O,Active,41,http://assay.nih.gov/htsws/rest/display/tox21-luc-biochem-p1/NCGC00259516-01/208869020,NA,-4.1464,3.99,0.9946,-73.3274,-0.5951,-2.1,72.7324,
1224835,2,DMD302249,2335,144209347,3893,CCCCCCCCCCCC(=O)O,Active,40,http://assay.nih.gov/htsws/rest/display/tox21-luc-biochem-p1/NCGC00259698-01/208868622,NA,-4.3974,3.132,0.9877,-75.3879,-2.3572,-2.1,73.0306,
1224835,2,DMD302654,2357,144209369,5280450,CCCCC/C=C\C/C=C\CCCCCCCC(=O)O,Active,42,http://assay.nih.gov/htsws/rest/display/tox21-luc-biochem-p1/NCGC00259720-01/208869052,NA,-4.056,4.9549,0.9138,-31.9652,-1.5,-3,30.4652,
1224835,2,DMD302249,6315,144213327,3893,CCCCCCCCCCCC(=O)O,Active,41,http://assay.nih.gov/htsws/rest/display/tox21-luc-biochem-p1/NCGC00256486-01/208872978,NA,-4.3989,4.095,0.9935,-71.0663,-0.9901,-2.1,70.0762,
1224835,3,DMD302250,723,144207735,12530,CCCCCCCCCCCCC(=O)O,Active,42,http://assay.nih.gov/htsws/rest/display/tox21-luc-biochem-p1/NCGC00258091-01/208875948,NA,-4.4971,2.5884,0.9953,-87.6034,-0.1893,-1.1,87.4141,
1224835,3,DMD302251,2038,144209050,11005,CCCCCCCCCCCCCC(=O)O,Active,41,http://assay.nih.gov/htsws/rest/display/tox21-luc-biochem-p1/NCGC00259401-01/208869307,NA,-4.3999,4.9549,0.9791,-53.5917,-1.1452,-1.1,52.4465,
1224835,3,DMD302653,2153,144209165,445639,CCCCCCCC/C=C\CCCCCCCC(=O)O,Active,41,http://assay.nih.gov/htsws/rest/display/tox21-luc-biochem-p1/NCGC00259516-01/208869020,NA,-4.0464,4.9549,0.9675,-43.5483,0,-3,43.5483,
1224835,3,DMD302249,2335,144209347,3893,CCCCCCCCCCCC(=O)O,Active,40,http://assay.nih.gov/htsws/rest/display/tox21-luc-biochem-p1/NCGC00259698-01/208868622,NA,-4.4974,4.095,0.9973,-75.1343,-1.144,-1.1,73.9903,
1224835,3,DMD302654,2357,144209369,5280450,CCCCC/C=C\C/C=C\CCCCCCCC(=O)O,Active,42,http://assay.nih.gov/htsws/rest/display/tox21-luc-biochem-p1/NCGC00259720-01/208869052,NA,-4.056,4.9549,0.9572,-42.3667,-1,-3,41.3667,
1224835,3,DMD302249,6315,144213327,3893,CCCCCCCCCCCC(=O)O,Active,41,http://assay.nih.gov/htsws/rest/display/tox21-luc-biochem-p1/NCGC00256486-01/208872978,NA,-4.3989,2.7868,0.9945,-72.6635,-2.2376,-2.1,70.4258,
1224849,1,DMD302642,3651,144210663,379,CCCCCCCC(=O)O,Active,43,http://assay.nih.gov/htsws/rest/display/tox21-err-p1/NCGC00254446-01/212431554,NA,-8.8137,4.9549,0.7628,15,-1,1.2,16,
1224849,2,DMD302642,3651,144210663,379,CCCCCCCC(=O)O,Active,43,http://assay.nih.gov/htsws/rest/display/tox21-err-p1/NCGC00254446-01/212431554,NA,-4.8637,4.9549,0.4161,8,-7.6473,4,,
1224849,3,DMD302642,3651,144210663,379,CCCCCCCC(=O)O,Active,43,http://assay.nih.gov/htsws/rest/display/tox21-err-p1/NCGC00254446-01/212431554,NA,-7.4137,1,0.7921,0.6133,5.5,4,,
686978,NA,DMD302277,294871,26747902,444899,CCCCC/C=C\C/C=C\C/C=C\C/C=C\CCCC(=O)O,Active,42,http://assay.nih.gov/htsws/rest/display/dd-tdp1-p1/NCGC00094608-01/157916129,NA,-4.9362,1.6266,0.9933,-95.4364,-3.2484,-2.1,92.1879,
686978,NA,DMD302277,380355,26753719,444899,CCCCC/C=C\C/C=C\C/C=C\C/C=C\CCCC(=O)O,Active,41,http://assay.nih.gov/htsws/rest/display/dd-tdp1-p1/NCGC00094608-02/157917412,NA,-4.625,3.132,0.9497,-96.6568,-4.5528,-2.1,92.104,
1296008,NA,DMD302147,37548,174007401,6175,C1=CN(C(=O)N=C1N)[C@H]2[C@@H]([C@@H]([C@H](O2)CO)O)O,Active,NA,http://assay.nih.gov/htsws/rest/display/MCC-NIH3T3-p2-npc-mipe-npact-cellviability-72hr/NCGC00093356-08/220902344,NA,-6.2792,0.7,0.9325,-92.3974,-10.6043,-1.1,81.793,
1296008,NA,DMD302147,37550,174007401,6175,C1=CN(C(=O)N=C1N)[C@H]2[C@@H]([C@@H]([C@H](O2)CO)O)O,Active,NA,http://assay.nih.gov/htsws/rest/display/MCC-NIH3T3-p2-npc-mipe-npact-cellviability-72hr/NCGC00093356-08/220902344,NA,-4.5292,4.5045,0.888,-138.451,-5.0872,-2.1,133.364,
1296009,NA,DMD302147,42073,174007401,6175,C1=CN(C(=O)N=C1N)[C@H]2[C@@H]([C@@H]([C@H](O2)CO)O)O,Active,0,http://assay.nih.gov/htsws/rest/display/MCC-NIH3T3-p2-npc-mipe-npact-cellviability-72hr/NCGC00093356-08/213607766,NA,-5.0292,0.5,0.9571,-88.6217,-7.567,-2.2,81.0548,MKL-1
1296009,NA,DMD302147,42075,174007401,6175,C1=CN(C(=O)N=C1N)[C@H]2[C@@H]([C@@H]([C@H](O2)CO)O)O,Active,0,http://assay.nih.gov/htsws/rest/display/MCC-NIH3T3-p2-npc-mipe-npact-cellviability-72hr/NCGC00093356-08/213607766,NA,-6.2792,0.7,0.9325,-92.3974,-10.6043,-1.1,81.793,NIH3T3
1296009,NA,DMD302147,42079,174007401,6175,C1=CN(C(=O)N=C1N)[C@H]2[C@@H]([C@@H]([C@H](O2)CO)O)O,Active,0,http://assay.nih.gov/htsws/rest/display/MCC-NIH3T3-p2-npc-mipe-npact-cellviability-72hr/NCGC00093356-08/213607766,NA,-4.5292,4.5045,0.888,-138.451,-5.0872,-2.1,133.364,HACAT
1296009,NA,DMD302147,42080,174007401,6175,C1=CN(C(=O)N=C1N)[C@H]2[C@@H]([C@@H]([C@H](O2)CO)O)O,Active,0,http://assay.nih.gov/htsws/rest/display/MCC-NIH3T3-p2-npc-mipe-npact-cellviability-72hr/NCGC00093356-08/213607766,NA,-6.8792,0.5,0.9867,-94.7991,-18.3104,-1.2,76.4886,WaGa
1346799,1,DMD302250,723,144207735,12530,CCCCCCCCCCCCC(=O)O,Active,41,http://assay.nih.gov/htsws/rest/display/tox21-pr-bla-agonist-p1/NCGC00258091-01/221152530,NA,-4.7124,1.7137,0.9496,-55.0565,2.009,-2.2,57.0655,
1346799,2,DMD302250,723,144207735,12530,CCCCCCCCCCCCC(=O)O,Active,41,http://assay.nih.gov/htsws/rest/display/tox21-pr-bla-agonist-p1/NCGC00258091-01/221152530,NA,-4.6124,4.9549,0.7622,-29.7541,7.2258,-2.4,36.98,
1346799,3,DMD302250,723,144207735,12530,CCCCCCCCCCCCC(=O)O,Active,41,http://assay.nih.gov/htsws/rest/display/tox21-pr-bla-agonist-p1/NCGC00258091-01/221152530,NA,-5.1624,4.9549,0.6534,-18.7106,-2,4,,
1347103,NA,DMD302147,672,174007401,6175,C1=CN(C(=O)N=C1N)[C@H]2[C@@H]([C@@H]([C@H](O2)CO)O)O,Active,42,http://assay.nih.gov/htsws/rest/display/pcdr-OHS-50-NPC-MIPE4.0-cellviability/NCGC00093356-08/200722945,NA,-4.8641,0.5,0.9054,-86.8769,-13.5771,-2.2,73.2998,
2202233,NA,DMD302147,849,384568164,6175,C1=CN(C(=O)N=C1N)[C@H]2[C@@H]([C@@H]([C@H](O2)CO)O)O,Active,41,http://assay.nih.gov/htsws/rest/display/s-AML_EVI1-MV4_11-MIPE5.0-CTG48h-1/NCGC00142483-07/256060550,NA,-4.7795,2.0479,0.7867,89.0761,125.859,-2.2,36.7831,
894,NA,DMD302654,1061,17388946,5280450,CCCCC/C=C\C/C=C\CCCCCCCC(=O)O,Active,43,NA,NA,-5.05,1.9673,0.9864,-106.981,-7.5454,-2.1,99.4352,
894,NA,DMD302277,3505,26747902,444899,CCCCC/C=C\C/C=C\C/C=C\C/C=C\CCCC(=O)O,Active,41,NA,NA,-4.8,1.7137,0.983,-93.5403,-1.7477,-2.1,91.7926,
1259383,1,DMD302642,1465,144208477,379,CCCCCCCC(=O)O,Active,40,http://assay.nih.gov/htsws/rest/display/tox21-er-luc-bg1-4e2-agonist-p4/NCGC00258831-01/220161378,NA,-4.5794,1.6924,0.9735,77.332,-0.5749,2.1,77.9069,
1259383,1,DMD302652,3867,144210879,5281,CCCCCCCCCCCCCCCCCC(=O)O,Active,81,http://assay.nih.gov/htsws/rest/display/tox21-er-luc-bg1-4e2-agonist-p4/NCGC00254456-01/220160593,NA,-4.8137,1.6604,0.9956,84.7767,0.0485,1.1,84.7281,
1259383,2,DMD302652,3867,144210879,5281,CCCCCCCCCCCCCCCCCC(=O)O,Active,81,http://assay.nih.gov/htsws/rest/display/tox21-er-luc-bg1-4e2-agonist-p4/NCGC00254456-01/220160593,NA,-4.7637,1.3723,0.9948,97.4194,-0.1849,2.1,97.6043,
1259383,3,DMD302652,3867,144210879,5281,CCCCCCCCCCCCCCCCCC(=O)O,Active,81,http://assay.nih.gov/htsws/rest/display/tox21-er-luc-bg1-4e2-agonist-p4/NCGC00254456-01/220160593,NA,-4.8137,1.9673,0.9921,90.5947,-0.2728,1.1,90.8675,
1347110,NA,DMD302147,308,174007401,6175,C1=CN(C(=O)N=C1N)[C@H]2[C@@H]([C@@H]([C@H](O2)CO)O)O,Active,66,http://assay.nih.gov/htsws/rest/display/pcdr-A673-f1/NCGC00093356-08/213645750,NA,-6.1827,2.2526,0.9695,-70.3167,9.3604,-1.2,79.6771,
1347111,NA,DMD302147,217,174007401,6175,C1=CN(C(=O)N=C1N)[C@H]2[C@@H]([C@@H]([C@H](O2)CO)O)O,Active,86,http://assay.nih.gov/htsws/rest/display/pcdr-SK-N-MC-f2/NCGC00093356-08/224788891,NA,-5.5827,2.4064,0.9981,-102.4738,8.9344,-1.1,111.4082,
1347115,NA,DMD302147,113,174007401,6175,C1=CN(C(=O)N=C1N)[C@H]2[C@@H]([C@@H]([C@H](O2)CO)O)O,Active,64,http://assay.nih.gov/htsws/rest/display/pcdr-NB-Ebc1-f1/NCGC00093356-08/217954477,NA,-5.4827,2.2481,0.9887,-79.0966,6.9965,-1.2,86.0931,
1347118,NA,DMD302147,97,174007401,6175,C1=CN(C(=O)N=C1N)[C@H]2[C@@H]([C@@H]([C@H](O2)CO)O)O,Active,89,http://assay.nih.gov/htsws/rest/display/pcdr-TC32-f2/NCGC00093356-08/224787801,NA,-6.4827,1.3723,0.9949,-95.2999,12.3973,-1.1,107.6972,
651838,NA,DMD306416,2433,26754461,5997,C[C@H](CCCC(C)C)[C@H]1CC[C@@H]2[C@@]1(CC[C@H]3[C@H]2CC=C4[C@@]3(CC[C@@H](C4)O)C)C,Active,0,http://assay.nih.gov/htsws/rest/display/viability-chicken-100-epa-p1/NCGC00159351-03/35596966,NA,-4.4,3.0654,0.9712,-117.352,-9.4906,-2.1,107.861,
651838,NA,DMD306416,2435,26754461,5997,C[C@H](CCCC(C)C)[C@H]1CC[C@@H]2[C@@]1(CC[C@H]3[C@H]2CC=C4[C@@]3(CC[C@@H](C4)O)C)C,Active,0,http://assay.nih.gov/htsws/rest/display/viability-chicken-100-epa-p1/NCGC00159351-03/35596966,NA,-4.4,2.2481,0.992,-105.136,4.1175,-2.1,109.254,
651838,NA,DMD306416,2436,26754461,5997,C[C@H](CCCC(C)C)[C@H]1CC[C@@H]2[C@@]1(CC[C@H]3[C@H]2CC=C4[C@@]3(CC[C@@H](C4)O)C)C,Active,0,http://assay.nih.gov/htsws/rest/display/viability-chicken-100-epa-p1/NCGC00159351-03/35596966,NA,-4.45,3.132,0.9632,-102.757,-8.1014,-2.1,94.6552,
651838,NA,DMD306416,2438,26754461,5997,C[C@H](CCCC(C)C)[C@H]1CC[C@@H]2[C@@]1(CC[C@H]3[C@H]2CC=C4[C@@]3(CC[C@@H](C4)O)C)C,Active,0,http://assay.nih.gov/htsws/rest/display/viability-chicken-100-epa-p1/NCGC00159351-03/35596966,NA,-4.45,2.3531,0.9931,-90.8036,0.125,-2.1,90.9287,
651838,NA,DMD306416,2439,26754461,5997,C[C@H](CCCC(C)C)[C@H]1CC[C@@H]2[C@@]1(CC[C@H]3[C@H]2CC=C4[C@@]3(CC[C@@H](C4)O)C)C,Active,0,http://assay.nih.gov/htsws/rest/display/viability-chicken-100-epa-p1/NCGC00159351-03/35596966,NA,-4.3,3.0654,0.9482,-87.0532,-2.3532,-2.1,84.7,
686979,NA,DMD302277,380670,26753719,444899,CCCCC/C=C\C/C=C\C/C=C\C/C=C\CCCC(=O)O,Active,40,http://assay.nih.gov/htsws/rest/display/dd-tdp1-p1/NCGC00094608-02/158346867,NA,-4.525,2.3031,0.9498,-126.368,4.5061,-2.1,130.874,
743213,1,DMD302269,6627,144213639,5280934,CC/C=C\C/C=C\C/C=C\CCCCCCCC(=O)O,Active,40,http://assay.nih.gov/htsws/rest/display/tox21-ppard-bla-antagonist-p1/NCGC00257192-01/183468552,NA,-4.4601,2.3332,0.9754,-94.0065,2.0711,-2.1,96.0776,
743213,2,DMD302269,6627,144213639,5280934,CC/C=C\C/C=C\C/C=C\CCCCCCCC(=O)O,Active,40,http://assay.nih.gov/htsws/rest/display/tox21-ppard-bla-antagonist-p1/NCGC00257192-01/183468552,NA,-4.3601,0.3,0.5501,-106.614,-4.2603,-2.3,102.354,
1259366,1,DMD302528,2344,144209356,1176,C(=O)(N)N,Active,81,http://assay.nih.gov/htsws/rest/display/tox21-shh-3t3-gli3-agonist-p1/NCGC00259707-01/216227616,NA,-4.6379,4.9549,0.9887,-89.2526,-4.0775,-1.1,85.1751,
1347092,NA,DMD302147,473,174007401,6175,C1=CN(C(=O)N=C1N)[C@H]2[C@@H]([C@@H]([C@H](O2)CO)O)O,Active,73,http://assay.nih.gov/htsws/rest/display/pcdr-A673-NPC-MIPE4.0-cellviability/NCGC00093356-08/200762160,NA,-7.6292,0.6,0.9668,-83.8134,-48.6846,-1.2,35.1288,
893,NA,DMD302277,2407,26753719,444899,CCCCC/C=C\C/C=C\C/C=C\C/C=C\CCCC(=O)O,Active,64,NA,NA,-5.7,3.0654,0.9697,-72.2805,-2.3755,-1.2,69.905,
893,NA,DMD302269,43712,17388945,5280934,CC/C=C\C/C=C\C/C=C\CCCCCCCC(=O)O,Active,62,NA,NA,-4.9,3.132,0.9913,-77.6342,3.3171,-1.2,80.9513,
893,NA,DMD302653,45571,17388831,445639,CCCCCCCC/C=C\CCCCCCCC(=O)O,Active,41,NA,NA,-4.7,3.0654,0.9456,-104.877,3.1539,-2.1,108.031,
893,NA,DMD302277,50942,26747902,444899,CCCCC/C=C\C/C=C\C/C=C\C/C=C\CCCC(=O)O,Active,84,NA,NA,-5.4,4.095,0.9924,-85.3795,1.2825,-1.1,86.662,
893,NA,DMD302652,67508,17389656,5281,CCCCCCCCCCCCCCCCCC(=O)O,Active,40,NA,NA,-4.6,3.0654,0.9667,-78.6515,4.5983,-2.2,83.2498,
1030,NA,DMD302277,1907,26747902,444899,CCCCC/C=C\C/C=C\C/C=C\C/C=C\CCCC(=O)O,Active,85,NA,NA,-5.55,1.4163,0.9994,-102.93,2.65,-1.1,105.58,
1030,NA,DMD302269,2330,17388945,5280934,CC/C=C\C/C=C\C/C=C\CCCCCCCC(=O)O,Active,85,NA,NA,-5.45,2.3031,0.9885,-97.207,4.905,-1.1,102.112,
1030,NA,DMD302277,5541,26753719,444899,CCCCC/C=C\C/C=C\C/C=C\C/C=C\CCCC(=O)O,Active,43,NA,NA,-5.1,1.331,0.997,-105.688,-0.6316,-2.1,105.056,
1030,NA,DMD302269,5659,50105513,5280934,CC/C=C\C/C=C\C/C=C\CCCCCCCC(=O)O,Active,43,NA,NA,-5,1.1,0.9972,-109.245,-2.9976,-2.1,106.248,
1030,NA,DMD302599,9113,17389961,311,C(C(=O)O)C(CC(=O)O)(C(=O)O)O,Active,42,NA,NA,-4.9,2.3332,0.9967,-103.462,2.121,-2.1,105.583,
1030,NA,DMD302287,11418,26754927,445580,CC/C=C\C/C=C\C/C=C\C/C=C\C/C=C\C/C=C\CCC(=O)O,Active,41,NA,NA,-4.65,1.6259,0.9965,-115.35,-0.6615,-2.1,114.688,
1030,NA,DMD302269,11830,29215108,5280934,CC/C=C\C/C=C\C/C=C\CCCCCCCC(=O)O,Active,41,NA,NA,-4.65,2.4729,0.9926,-86.9719,2.5081,-2.2,89.48,
1030,NA,DMD302654,13856,17388946,5280450,CCCCC/C=C\C/C=C\CCCCCCCC(=O)O,Active,41,NA,NA,-4.75,2.0479,0.9988,-100.944,3.8005,-2.1,104.744,
541,NA,DMD302269,796,17388945,5280934,CC/C=C\C/C=C\C/C=C\CCCCCCCC(=O)O,Active,79,NA,NA,-4.1,2.25265,0.906764,-178.439,-2.0964,-2.1,176.3,
887,NA,DMD302277,2407,26753719,444899,CCCCC/C=C\C/C=C\C/C=C\C/C=C\CCCC(=O)O,Active,88,NA,NA,-6.5,2.8473,0.9703,-80.5655,1.033,-1.1,81.5985,
887,NA,DMD302654,42956,17388946,5280450,CCCCC/C=C\C/C=C\CCCCCCCC(=O)O,Active,90,NA,NA,-6.8,1.9673,0.8946,-84.729,1.0626,-1.1,85.7916,
887,NA,DMD302269,42974,17388945,5280934,CC/C=C\C/C=C\C/C=C\CCCCCCCC(=O)O,Active,90,NA,NA,-6.9,2.4729,0.9631,-82.4713,-0.1947,-1.1,82.2766,
887,NA,DMD302277,50204,26747902,444899,CCCCC/C=C\C/C=C\C/C=C\C/C=C\CCCC(=O)O,Active,91,NA,NA,-7.1,2.3531,0.9284,-87.7371,-1.0689,-1.1,86.6682,
981,NA,DMD302269,94,17388945,5280934,CC/C=C\C/C=C\C/C=C\CCCCCCCC(=O)O,Active,41,NA,NA,-4.4,2.4729,0.9676,-110.55,-8.2475,-2.1,102.302,
485364,NA,DMD302277,197132,57261284,444899,CCCCC/C=C\C/C=C\C/C=C\C/C=C\CCCC(=O)O,Active,81,NA,NA,-4.75,1.6604,0.9977,-96.8841,-6.8567,-1.1,90.0274,
485364,NA,DMD302269,215949,57260459,5280934,CC/C=C\C/C=C\C/C=C\CCCCCCCC(=O)O,Active,40,NA,NA,-4.45,1.4163,0.998,-98.0483,-2.8011,-2.1,95.2472,
485364,NA,DMD302655,222873,57260207,5280933,CCCCC/C=C\C/C=C\C/C=C\CCCCC(=O)O,Active,80,NA,NA,-4.55,1.7137,0.9967,-88.1074,-1.2299,-1.1,86.8775,
504339,NA,DMD302599,8350,47193731,311,C(C(=O)O)C(CC(=O)O)(C(=O)O)O,Active,43,NA,NA,-4.1,2.7202,0.9948,-130.204,-0.4261,-2.1,129.778,
504339,NA,DMD302653,9167,26732603,445639,CCCCCCCC/C=C\CCCCCCCC(=O)O,Active,42,NA,NA,-4.05,4.5045,0.9936,-108.709,-4.6231,-2.1,104.086,
588590,NA,DMD302655,291542,57260207,5280933,CCCCC/C=C\C/C=C\C/C=C\CCCCC(=O)O,Active,41,http://assay.nih.gov/htsws/rest/display/pol-iota-p1/MLS001333661-01/125535671,NA,-4.4,1.2221,0.9943,-107.772,-11.6918,-2.2,96.0799,
588590,NA,DMD302269,291552,57260459,5280934,CC/C=C\C/C=C\C/C=C\CCCCCCCC(=O)O,Active,82,http://assay.nih.gov/htsws/rest/display/pol-iota-p1/MLS001336029-01/125574456,NA,-4.9,2.7202,0.9765,-91.4734,-10.4314,-1.1,81.042,
588812,NA,DMD302269,4375,17388945,5280934,CC/C=C\C/C=C\C/C=C\CCCCCCCC(=O)O,Active,0,http://assay.nih.gov/htsws/rest/display/hapmap-viability-p1/AB07944726-01/58926182,NA,-4.6013,2.5884,0.7958,-76.4907,10.5,-2.1,86.9907,
588812,NA,DMD302269,4380,17388945,5280934,CC/C=C\C/C=C\C/C=C\CCCCCCCC(=O)O,Active,0,http://assay.nih.gov/htsws/rest/display/hapmap-viability-p1/AB07944726-01/58926182,NA,-4.7013,3.0654,0.9129,-89.7759,16.1883,-2.1,105.964,
588812,NA,DMD302269,4384,17388945,5280934,CC/C=C\C/C=C\C/C=C\CCCCCCCC(=O)O,Active,0,http://assay.nih.gov/htsws/rest/display/hapmap-viability-p1/AB07944726-01/58926182,NA,-4.5513,2.6384,0.9172,-78.1496,1.1586,-2.1,79.3081,
588812,NA,DMD302269,4398,17388945,5280934,CC/C=C\C/C=C\C/C=C\CCCCCCCC(=O)O,Active,0,http://assay.nih.gov/htsws/rest/display/hapmap-viability-p1/AB07944726-01/58926182,NA,-4.6013,1.6259,0.9095,-84.844,4.396,-2.1,89.24,
588812,NA,DMD302269,4409,17388945,5280934,CC/C=C\C/C=C\C/C=C\CCCCCCCC(=O)O,Active,0,http://assay.nih.gov/htsws/rest/display/hapmap-viability-p1/AB07944726-01/58926182,NA,-4.6013,2.9523,0.9224,-62.3602,12.7394,-2.1,75.0996,
588812,NA,DMD302269,4412,17388945,5280934,CC/C=C\C/C=C\C/C=C\CCCCCCCC(=O)O,Active,0,http://assay.nih.gov/htsws/rest/display/hapmap-viability-p1/AB07944726-01/58926182,NA,-4.6513,2.7202,0.929,-91.5361,-0.5488,-2.1,90.9872,
588812,NA,DMD302269,4419,17388945,5280934,CC/C=C\C/C=C\C/C=C\CCCCCCCC(=O)O,Active,0,http://assay.nih.gov/htsws/rest/display/hapmap-viability-p1/AB07944726-01/58926182,NA,-4.5513,2.9523,0.9237,-109.008,1.0152,-2.1,110.023,
588812,NA,DMD302269,4422,17388945,5280934,CC/C=C\C/C=C\C/C=C\CCCCCCCC(=O)O,Active,0,http://assay.nih.gov/htsws/rest/display/hapmap-viability-p1/AB07944726-01/58926182,NA,-4.5513,2.6384,0.933,-100.902,2.4818,-2.1,103.384,
588812,NA,DMD302269,4432,17388945,5280934,CC/C=C\C/C=C\C/C=C\CCCCCCCC(=O)O,Active,0,http://assay.nih.gov/htsws/rest/display/hapmap-viability-p1/AB07944726-01/58926182,NA,-4.6013,1.7529,0.9778,-83.5915,2.1791,-2.1,85.7706,
588812,NA,DMD302269,4438,17388945,5280934,CC/C=C\C/C=C\C/C=C\CCCCCCCC(=O)O,Active,0,http://assay.nih.gov/htsws/rest/display/hapmap-viability-p1/AB07944726-01/58926182,NA,-4.5513,2.5884,0.9558,-97.5794,-0.3923,-2.1,97.1871,
588812,NA,DMD302269,4439,17388945,5280934,CC/C=C\C/C=C\C/C=C\CCCCCCCC(=O)O,Active,0,http://assay.nih.gov/htsws/rest/display/hapmap-viability-p1/AB07944726-01/58926182,NA,-4.6013,1.8079,0.9497,-81.4024,1.0053,-2.1,82.4077,
588812,NA,DMD302269,4441,17388945,5280934,CC/C=C\C/C=C\C/C=C\CCCCCCCC(=O)O,Active,0,http://assay.nih.gov/htsws/rest/display/hapmap-viability-p1/AB07944726-01/58926182,NA,-4.8013,2.0479,0.9393,-71.701,-1.1595,-2.1,70.5415,
588812,NA,DMD302269,4445,17388945,5280934,CC/C=C\C/C=C\C/C=C\CCCCCCCC(=O)O,Active,0,http://assay.nih.gov/htsws/rest/display/hapmap-viability-p1/AB07944726-01/58926182,NA,-4.5513,2.9023,0.9175,-81.5582,-0.8516,-2.1,80.7066,
588812,NA,DMD302269,4447,17388945,5280934,CC/C=C\C/C=C\C/C=C\CCCCCCCC(=O)O,Active,0,http://assay.nih.gov/htsws/rest/display/hapmap-viability-p1/AB07944726-01/58926182,NA,-4.6513,2.2526,0.9477,-73.4229,-4.3847,-2.1,69.0382,
588813,NA,DMD302269,4401,17388945,5280934,CC/C=C\C/C=C\C/C=C\CCCCCCCC(=O)O,Active,0,http://assay.nih.gov/htsws/rest/display/hapmap-casp3-o1/AB07944726-01/58939022,NA,-4.5513,3.2975,0.9565,74.9757,-2.5407,2.1,77.5164,
588813,NA,DMD302269,4407,17388945,5280934,CC/C=C\C/C=C\C/C=C\CCCCCCCC(=O)O,Active,0,http://assay.nih.gov/htsws/rest/display/hapmap-casp3-o1/AB07944726-01/58939022,NA,-4.5013,3.99,0.9827,68.5231,2.1565,2.1,66.3665,
588813,NA,DMD302269,4419,17388945,5280934,CC/C=C\C/C=C\C/C=C\CCCCCCCC(=O)O,Active,0,http://assay.nih.gov/htsws/rest/display/hapmap-casp3-o1/AB07944726-01/58939022,NA,-4.6513,3.6272,0.9472,58.5044,-3.5707,2.1,62.0751,
588813,NA,DMD302269,4423,17388945,5280934,CC/C=C\C/C=C\C/C=C\CCCCCCCC(=O)O,Active,0,http://assay.nih.gov/htsws/rest/display/hapmap-casp3-o1/AB07944726-01/58939022,NA,-4.6013,1.9673,0.9005,72.5256,-0.3059,2.1,72.8315,
588813,NA,DMD302269,4435,17388945,5280934,CC/C=C\C/C=C\C/C=C\CCCCCCCC(=O)O,Active,0,http://assay.nih.gov/htsws/rest/display/hapmap-casp3-o1/AB07944726-01/58939022,NA,-4.6013,2.9523,0.9443,51.5124,-3.3489,2.1,54.8613,
588813,NA,DMD302269,4437,17388945,5280934,CC/C=C\C/C=C\C/C=C\CCCCCCCC(=O)O,Active,0,http://assay.nih.gov/htsws/rest/display/hapmap-casp3-o1/AB07944726-01/58939022,NA,-4.5513,2.6384,0.9646,90.3508,-1.3516,2.1,91.7025,
588813,NA,DMD302269,4446,17388945,5280934,CC/C=C\C/C=C\C/C=C\CCCCCCCC(=O)O,Active,0,http://assay.nih.gov/htsws/rest/display/hapmap-casp3-o1/AB07944726-01/58939022,NA,-4.5513,2.3031,0.9226,47.8304,0.6522,2.1,47.1782,
651633,1,DMD302654,9846,144213397,5280450,CCCCC/C=C\C/C=C\CCCCCCCC(=O)O,Active,41,http://assay.nih.gov/htsws/rest/display/tox21-p53-bla-p1/NCGC00257024-01/133516357,NA,-4.2637,3.132,0.8249,-87.4088,3.784,-2.1,91.1929,
651633,2,DMD302654,9846,144213397,5280450,CCCCC/C=C\C/C=C\CCCCCCCC(=O)O,Active,41,http://assay.nih.gov/htsws/rest/display/tox21-p53-bla-p1/NCGC00257024-01/133516357,NA,-4.2137,4.4495,0.8202,-78.7078,-2.0922,-2.1,76.6156,
651633,3,DMD302654,9846,144213397,5280450,CCCCC/C=C\C/C=C\CCCCCCCC(=O)O,Active,41,http://assay.nih.gov/htsws/rest/display/tox21-p53-bla-p1/NCGC00257024-01/133516357,NA,-4.2137,2.9023,0.7861,-82.5525,3.2719,-2.1,85.8245,
743083,1,DMD302594,10418,144213981,700,C(CO)N,Active,41,http://assay.nih.gov/htsws/rest/display/tox21-aromatase-p1/NCGC00090789-02/163945196,NA,-4.2137,4.9549,0.8691,-68.0715,-2.2841,-2.1,65.7874,
743083,2,DMD302594,10418,144213981,700,C(CO)N,Active,41,http://assay.nih.gov/htsws/rest/display/tox21-aromatase-p1/NCGC00090789-02/163945196,NA,-4.1637,4.9549,0.9642,-146.542,-1.9271,-3,144.615,
743083,3,DMD302594,10418,144213981,700,C(CO)N,Active,41,http://assay.nih.gov/htsws/rest/display/tox21-aromatase-p1/NCGC00090789-02/163945196,NA,-4.1637,4.9549,0.9662,-96.0035,3.6287,-3,99.6322,
743083,4,DMD302594,10418,144213981,700,C(CO)N,Active,41,http://assay.nih.gov/htsws/rest/display/tox21-aromatase-p1/NCGC00090789-02/163945196,NA,-4.2137,3.2975,0.7293,25,-0.1355,2.4,25.1355,
743083,5,DMD302594,10418,144213981,700,C(CO)N,Active,41,http://assay.nih.gov/htsws/rest/display/tox21-aromatase-p1/NCGC00090789-02/163945196,NA,-4.1637,4.9549,0.9305,-64.4983,1.2689,-3,65.7672,
1259253,NA,DMD302147,1691,174007401,6175,C1=CN(C(=O)N=C1N)[C@H]2[C@@H]([C@@H]([C@H](O2)CO)O)O,Active,82,http://assay.nih.gov/htsws/rest/display/s-ewing-osteo-TC71-1/NCGC00093356-08/186809363,NA,-7.4792,0.8,0.9819,10.5374,96.5792,-1.1,86.0418,
1259255,NA,DMD302147,1691,174007401,6175,C1=CN(C(=O)N=C1N)[C@H]2[C@@H]([C@@H]([C@H](O2)CO)O)O,Active,82,http://assay.nih.gov/htsws/rest/display/s-ewing-osteo-EW8-1/NCGC00093356-08/186798507,NA,-7.0292,0.8,0.9818,13.5161,94.0065,-1.1,80.4904,
1347089,NA,DMD302147,257,174007401,6175,C1=CN(C(=O)N=C1N)[C@H]2[C@@H]([C@@H]([C@H](O2)CO)O)O,Active,74,http://assay.nih.gov/htsws/rest/display/pcdr-TC32-NPC-MIPE4.0-cellviability/NCGC00093356-08/217754178,NA,-7.5316,0.7,0.9845,-91.8696,-18.2762,-1.2,73.5935,
1347094,NA,DMD302147,283,174007401,6175,C1=CN(C(=O)N=C1N)[C@H]2[C@@H]([C@@H]([C@H](O2)CO)O)O,Active,72,http://assay.nih.gov/htsws/rest/display/pcdr-BT-37-NPC-MIPE4.0-cellviability/NCGC00093356-08/200739360,NA,-8.1141,1.1,0.97,-68.0811,-14.6309,-1.2,53.4502,
1347095,NA,DMD302147,843,174007401,6175,C1=CN(C(=O)N=C1N)[C@H]2[C@@H]([C@@H]([C@H](O2)CO)O)O,Active,40,http://assay.nih.gov/htsws/rest/display/pcdr-NB-Ebc1-NPC-MIPE4.0-cellviability/NCGC00093356-08/203909800,NA,-4.4792,1.1,0.8331,-98.2308,-9.98,-2.2,88.2508,
1347100,NA,DMD302147,371,174007401,6175,C1=CN(C(=O)N=C1N)[C@H]2[C@@H]([C@@H]([C@H](O2)CO)O)O,Active,69,http://assay.nih.gov/htsws/rest/display/pcdr-LAN-5-NPC-MIPE4.0-cellviability/NCGC00093356-08/203505300,NA,-7.0292,0.4,0.8978,-70.9971,3.6164,-1.2,74.6134,
1347117,NA,DMD302147,187,174007401,6175,C1=CN(C(=O)N=C1N)[C@H]2[C@@H]([C@@H]([C@H](O2)CO)O)O,Active,68,http://assay.nih.gov/htsws/rest/display/pcdr-BT-37-f1/NCGC00093356-08/217017142,NA,-6.4827,1.9887,0.9982,-76.6812,0.8817,-1.2,77.5629,
1918961,NA,DMD302147,93,174007401,6175,C1=CN(C(=O)N=C1N)[C@H]2[C@@H]([C@@H]([C@H](O2)CO)O)O,Active,100,http://assay.nih.gov/htsws/rest/display/s-my-keats_Karpas417-m4-1/NCGC00093356-08/203897074,NA,-9,0,0.8574,104.693,104.693,-1.1,0,
1918974,NA,DMD302147,254,174007401,6175,C1=CN(C(=O)N=C1N)[C@H]2[C@@H]([C@@H]([C@H](O2)CO)O)O,Active,100,http://assay.nih.gov/htsws/rest/display/s-my-keats_KMS21BM-m4-1/NCGC00093356-08/203904722,NA,-9,0,0.9464,104.564,104.564,-1.1,0,
1918981,NA,DMD302147,331,174007401,6175,C1=CN(C(=O)N=C1N)[C@H]2[C@@H]([C@@H]([C@H](O2)CO)O)O,Active,71,http://assay.nih.gov/htsws/rest/display/s-my-MM1R-m4-1/NCGC00093356-08/189093387,NA,-7.2792,3.9295,0.8283,76.1848,105.078,-1.2,28.893,
1919868,NA,DMD302147,4,174007401,6175,C1=CN(C(=O)N=C1N)[C@H]2[C@@H]([C@@H]([C@H](O2)CO)O)O,Active,96,http://assay.nih.gov/htsws/rest/display/s-my-keats_UTMC2-m4-1/NCGC00093356-08/205467056,NA,-9,0,0.8064,71.4627,71.4627,-1.1,0,
1963876,NA,DMD302147,41,174007401,6175,C1=CN(C(=O)N=C1N)[C@H]2[C@@H]([C@@H]([C@H](O2)CO)O)O,Active,82,http://assay.nih.gov/htsws/rest/display/s-hplm-NOMO1-RPMI_IFS-CTG48h-mipe4.1-1/NCGC00093356-08/251053173,NA,-7.1292,1.331,0.9771,14.7833,102.551,-1.1,87.7681,
1963878,NA,DMD302147,7,174007401,6175,C1=CN(C(=O)N=C1N)[C@H]2[C@@H]([C@@H]([C@H](O2)CO)O)O,Active,83,http://assay.nih.gov/htsws/rest/display/s-hplm-NOMO1-HPLM_dFBS-CTG48h-mipe4.1-1/NCGC00093356-08/251054647,NA,-7.7792,0.6,0.8994,16.8819,99.2624,-1.1,82.3806,
655,NA,DMD302599,364,17389961,311,C(C(=O)O)C(CC(=O)O)(C(=O)O)O,Active,73,NA,NA,-4.4,4.44947,0.989388,97.5653,-1.81733,2.1,99.4,
979,NA,DMD302599,70,17389961,311,C(C(=O)O)C(CC(=O)O)(C(=O)O)O,Active,41,NA,NA,-4.3,2.4064,0.9352,-77.3457,1.8121,-2.2,79.1578,
979,NA,DMD302269,102,17388945,5280934,CC/C=C\C/C=C\C/C=C\CCCCCCCC(=O)O,Active,40,NA,NA,-4.4,3.5722,0.9827,-83.1051,2.4621,-2.1,85.5672,
1224881,1,DMD302680,9456,251919780,6213,CS(=O)(=O)C,Active,41,http://assay.nih.gov/htsws/rest/display/tox21-rt-viability-hek293-p1/NCGC00357027-01/200630457,NA,-4.7101,4.9549,0.8959,51.8813,0.0088,2.2,51.8725,
1963580,1,DMD302594,6969,144213981,700,C(CO)N,Active,40,http://assay.nih.gov/htsws/rest/display/tox21-ms-p53-p1/NCGC00090789-02/245730862,NA,-4.4896,2.7202,0.8552,-71.9767,-3.1955,-2.1,68.7812,
1963580,2,DMD302594,6969,144213981,700,C(CO)N,Active,40,http://assay.nih.gov/htsws/rest/display/tox21-ms-p53-p1/NCGC00090789-02/245730862,NA,-8.9896,4.9549,0.4984,0.2503,22,4,,
1963580,3,DMD302594,6969,144213981,700,C(CO)N,Active,40,http://assay.nih.gov/htsws/rest/display/tox21-ms-p53-p1/NCGC00090789-02/245730862,NA,-8.3896,4.9549,0.4524,-0.4476,9.5,4,,
1963580,4,DMD302594,6969,144213981,700,C(CO)N,Active,40,http://assay.nih.gov/htsws/rest/display/tox21-ms-p53-p1/NCGC00090789-02/245730862,NA,-4.3396,4.5045,0.819,-68.4277,-3.0875,-2.2,65.3402,
1963580,5,DMD302594,6969,144213981,700,C(CO)N,Active,40,http://assay.nih.gov/htsws/rest/display/tox21-ms-p53-p1/NCGC00090789-02/245730862,NA,-7.5896,2.2526,0.3186,-1.7695,6.5,4,,
1963580,6,DMD302594,6969,144213981,700,C(CO)N,Active,40,http://assay.nih.gov/htsws/rest/display/tox21-ms-p53-p1/NCGC00090789-02/245730862,NA,-6.7896,4.9549,0.4067,2,-5.5919,4,,
1963580,7,DMD302594,6969,144213981,700,C(CO)N,Active,40,http://assay.nih.gov/htsws/rest/display/tox21-ms-p53-p1/NCGC00090789-02/245730862,NA,-4.2895,4.9549,0.8239,-43.3956,-6.5185,-3,36.8771,
1963580,8,DMD302594,6969,144213981,700,C(CO)N,Active,40,http://assay.nih.gov/htsws/rest/display/tox21-ms-p53-p1/NCGC00090789-02/245730862,NA,-5.9896,4.9549,0.5,-9.5229,-2,4,,
1963580,9,DMD302594,6969,144213981,700,C(CO)N,Active,40,http://assay.nih.gov/htsws/rest/display/tox21-ms-p53-p1/NCGC00090789-02/245730862,NA,-6.5396,4.9549,0.4005,-4.7175,1.5,4,,
1963580,10,DMD302594,6969,144213981,700,C(CO)N,Active,40,http://assay.nih.gov/htsws/rest/display/tox21-ms-p53-p1/NCGC00090789-02/245730862,NA,-7.7396,4.9549,0.4259,2,-5.6876,4,,
1963580,12,DMD302594,6969,144213981,700,C(CO)N,Active,40,http://assay.nih.gov/htsws/rest/display/tox21-ms-p53-p1/NCGC00090789-02/245730862,NA,-5.0895,1,0.4422,-22.9962,3.5,4,,
1963580,13,DMD302594,6969,144213981,700,C(CO)N,Active,40,http://assay.nih.gov/htsws/rest/display/tox21-ms-p53-p1/NCGC00090789-02/245730862,NA,-6.7396,4.9549,0.4845,0.5,-11.0175,4,,
1963580,16,DMD302594,6969,144213981,700,C(CO)N,Active,40,http://assay.nih.gov/htsws/rest/display/tox21-ms-p53-p1/NCGC00090789-02/245730862,NA,-6.4395,4.045,0.5602,-2.3772,6,4,,
743033,1,DMD302643,5854,144209407,2969,CCCCCCCCCC(=O)O,Active,41,http://assay.nih.gov/htsws/rest/display/tox21-ar-bla-antagonist-p1/NCGC00259758-01/165202067,NA,-4.2594,1.8851,0.8377,-65.326,-19.0962,-2.2,46.2298,
1159529,1,DMD302250,723,144207735,12530,CCCCCCCCCCCCC(=O)O,Active,40,http://assay.nih.gov/htsws/rest/display/tox21-rxr-bla-agonist-p1/NCGC00258091-01/197812742,NA,-4.6084,1.21,0.88,-66.4005,-2.9074,-2.2,63.4931,
1159529,2,DMD302250,723,144207735,12530,CCCCCCCCCCCCC(=O)O,Active,40,http://assay.nih.gov/htsws/rest/display/tox21-rxr-bla-agonist-p1/NCGC00258091-01/197812742,NA,-4.4084,2.4064,0.9487,-67.486,2.6443,-2.2,70.1303,
1159529,3,DMD302250,723,144207735,12530,CCCCCCCCCCCCC(=O)O,Active,40,http://assay.nih.gov/htsws/rest/display/tox21-rxr-bla-agonist-p1/NCGC00258091-01/197812742,NA,-4.4084,1.6266,0.916,-70.0966,-1.2978,-2.2,68.7988,
651778,NA,DMD302654,4,17388946,5280450,CCCCC/C=C\C/C=C\CCCCCCCC(=O)O,Active,80,http://assay.nih.gov/htsws/rest/display/nucrecep-ppara-agonist-ntp-p1/AB07944714-01/46115254,NA,-4.55,2.4064,0.9652,80.5595,2.1622,1.1,78.3973,
651778,NA,DMD302654,16,144204618,5280450,CCCCC/C=C\C/C=C\CCCCCCCC(=O)O,Active,40,http://assay.nih.gov/htsws/rest/display/nucrecep-ppara-agonist-p1/NCGC00091049-04/44670555,NA,-4.35,3.132,0.9821,61.3801,0.0776,2.2,61.3025,
651778,NA,DMD302653,17,144204637,445639,CCCCCCCC/C=C\CCCCCCCC(=O)O,Active,40,http://assay.nih.gov/htsws/rest/display/nucrecep-ppara-agonist-p1/NCGC00091119-02/44670861,NA,-4.45,1.6924,0.9964,123.815,-0.2293,2.1,124.044,
651778,NA,DMD302653,20,17388831,445639,CCCCCCCC/C=C\CCCCCCCC(=O)O,Active,40,http://assay.nih.gov/htsws/rest/display/nucrecep-ppara-agonist-ntp-p1/AB07944796-01/46115078,NA,-4.45,2.9023,0.9863,94.6084,-0.8426,2.1,95.451,
651778,NA,DMD302251,22,17389652,11005,CCCCCCCCCCCCCC(=O)O,Active,40,http://assay.nih.gov/htsws/rest/display/nucrecep-ppara-agonist-ntp-p1/AB07944737-01/46114637,NA,-4.65,4.9549,0.8839,28.5,-2.6726,1.2,31.1726,
1845192,NA,DMD302655,84,144205388,5280933,CCCCC/C=C\C/C=C\C/C=C\CCCCC(=O)O,Active,42,http://assay.nih.gov/htsws/rest/display/GPx4-biochemical-p2-npc-offline/NCGC00160469-01/253720794,NA,-5.05,1.1,0.9946,-81.1366,1.5,-2.2,82.6366,
1845192,NA,DMD302653,153,405558971,637517,CCCCCCCC/C=C/CCCCCCCC(=O)O,Active,42,http://assay.nih.gov/htsws/rest/display/GPx4-biochemical-p2-npc-offline/NCGC00344330-02/253720458,NA,-4.95,4.9549,0.9985,-81.9535,0.5,-2.1,82.4535,
1845192,NA,DMD302257,154,405558987,445638,CCCCCC/C=C\CCCCCCCC(=O)O,Active,42,http://assay.nih.gov/htsws/rest/display/GPx4-biochemical-p2-npc-offline/NCGC00248225-03/253720870,NA,-4.85,1.1341,0.9931,-115.708,-0.5,-2.1,115.208,
1964101,NA,DMD302652,29,504065709,5281,CCCCCCCCCCCCCCCCCC(=O)O,Active,85,http://assay.nih.gov/htsws/rest/display/APP-Toga-CHIKV-nsP2-f5-full-length-cherrypicks2/NCGC00091596-07/264313315,NA,-5.4367,1.1,0.9725,-100.65,-4,-1.1,96.65,
1964101,NA,DMD302278,42,144205544,446284,CC/C=C\C/C=C\C/C=C\C/C=C\C/C=C\CCCC(=O)O,Active,83,http://assay.nih.gov/htsws/rest/display/APP-Toga-CHIKV-nsP2-f5-full-length-cherrypicks2/NCGC00161344-03/264313183,NA,-5.1755,1,0.9925,-85.7154,17,-1.1,102.715,
1964104,NA,DMD302652,19,504065709,5281,CCCCCCCCCCCCCCCCCC(=O)O,Active,41,http://assay.nih.gov/htsws/rest/display/APP-Toga-CHIKV-nsP2-f3-cherrypicks2-papain-counterscreen/NCGC00091596-07/263984672,NA,-4.6867,1.9673,0.9784,-75.0337,-3,-2.2,72.0337,
1964104,NA,DMD302278,21,144205544,446284,CC/C=C\C/C=C\C/C=C\C/C=C\C/C=C\CCCC(=O)O,Active,40,http://assay.nih.gov/htsws/rest/display/APP-Toga-CHIKV-nsP2-f3-cherrypicks2-papain-counterscreen/NCGC00161344-03/263984540,NA,-4.4755,1,0.9835,-96.4101,4,-2.2,100.41,
1964105,NA,DMD302278,263,144205544,446284,CC/C=C\C/C=C\C/C=C\C/C=C\C/C=C\CCCC(=O)O,Active,43,http://assay.nih.gov/htsws/rest/display/APP-Toga-CHIKV-nsP2-f2-cherrypicks2/NCGC00161344-03/263978811,NA,-5.0867,1.21,0.9896,-90.9529,-7.8875,-2.1,83.0654,
1964105,NA,DMD302652,350,504065709,5281,CCCCCCCCCCCCCCCCCC(=O)O,Active,84,http://assay.nih.gov/htsws/rest/display/APP-Toga-CHIKV-nsP2-f2-cherrypicks2/NCGC00091596-07/263978692,NA,-5.3979,1.6604,0.982,-91.2514,18,-1.1,109.251,
504327,NA,DMD302655,256,29216151,5280933,CCCCC/C=C\C/C=C\C/C=C\CCCCC(=O)O,Active,42,NA,NA,-4.85,2.7202,0.9998,-102.399,1.5293,-2.1,103.928,
504327,NA,DMD302277,755,26747902,444899,CCCCC/C=C\C/C=C\C/C=C\C/C=C\CCCC(=O)O,Active,41,NA,NA,-4.65,2.1211,0.9986,-99.3106,-4.3855,-2.1,94.9251,
504327,NA,DMD302653,878,26752911,445639,CCCCCCCC/C=C\CCCCCCCC(=O)O,Active,40,NA,NA,-4.5,2.2481,0.9988,-108.218,-0.6721,-2.1,107.546,
504327,NA,DMD302269,963,29215108,5280934,CC/C=C\C/C=C\C/C=C\CCCCCCCC(=O)O,Active,42,NA,NA,-5,3.132,0.9864,-83.3313,-13.3428,-2.1,69.9885,
504865,NA,DMD302653,5307,26752911,445639,CCCCCCCC/C=C\CCCCCCCC(=O)O,Active,80,http://assay.nih.gov/htsws/rest/display/usp1-uaf1-rho-p1/NCGC00091119-02/76296922,NA,-4.45,3.132,0.9997,-102.151,-8.1139,-1.1,94.037,
504865,NA,DMD302277,5349,26753719,444899,CCCCC/C=C\C/C=C\C/C=C\C/C=C\CCCC(=O)O,Active,41,http://assay.nih.gov/htsws/rest/display/usp1-uaf1-rho-p1/NCGC00094608-02/76301150,NA,-4.3,1.9673,0.9882,-71.4388,3,-2.2,74.4388,
504865,NA,DMD302287,6516,50110834,445580,CC/C=C\C/C=C\C/C=C\C/C=C\C/C=C\C/C=C\CCC(=O)O,Active,41,http://assay.nih.gov/htsws/rest/display/usp1-uaf1-rho-p1/NCGC00161345-04/76299123,NA,-4.3,2.4064,0.9825,-68.6788,0.6045,-2.2,69.2833,
624296,NA,DMD302653,159797,26752911,445639,CCCCCCCC/C=C\CCCCCCCC(=O)O,Active,40,http://assay.nih.gov/htsws/rest/display/test-nucgrowth-mcf10a-p2/NCGC00091119-02/101594852,NA,-4.525,3.6772,0.9712,74.4828,2.6896,2.2,71.7932,
720504,NA,DMD302653,305568,26732603,445639,CCCCCCCC/C=C\CCCCCCCC(=O)O,Active,42,http://assay.nih.gov/htsws/rest/display/plk1-pbd-p1/MLS001056779-01/173998029,NA,-4.9738,2.3332,0.9995,-93.9144,0.7766,-2.1,94.691,
743209,1,DMD302654,2357,144209369,5280450,CCCCC/C=C\C/C=C\CCCCCCCC(=O)O,Active,41,http://assay.nih.gov/htsws/rest/display/tox21-hse-bla-p1/NCGC00259720-01/180364399,NA,-4.3673,3.132,0.901,-94.7537,-2.1676,-2.1,92.586,
743209,1,DMD302653,6629,144213641,445639,CCCCCCCC/C=C\CCCCCCCC(=O)O,Active,40,http://assay.nih.gov/htsws/rest/display/tox21-hse-bla-p1/NCGC00257233-01/180357751,NA,-4.4601,2.3332,0.9243,-68.5966,1.3493,-2.2,69.9459,
743209,2,DMD302653,6629,144213641,445639,CCCCCCCC/C=C\CCCCCCCC(=O)O,Active,40,http://assay.nih.gov/htsws/rest/display/tox21-hse-bla-p1/NCGC00257233-01/180357751,NA,-4.4101,1.9282,0.8413,-29.0332,9.1348,-2.4,38.1681,
881,NA,DMD302269,363,29215108,5280934,CC/C=C\C/C=C\C/C=C\CCCCCCCC(=O)O,Active,41,NA,NA,-4.85,1.9282,0.986,-74.3728,-0.4672,-2.2,73.9056,
965,NA,DMD302269,86,17388945,5280934,CC/C=C\C/C=C\C/C=C\CCCCCCCC(=O)O,Active,40,NA,NA,-4.4,3.5117,0.9535,-68.7862,-16.3583,-2.2,52.4279,
968,NA,DMD302269,75,17388945,5280934,CC/C=C\C/C=C\C/C=C\CCCCCCCC(=O)O,Active,41,NA,NA,-4.3,3.5117,0.9596,-60.3077,5.5,-2.2,65.8077,
971,NA,DMD302269,69,17388945,5280934,CC/C=C\C/C=C\C/C=C\CCCCCCCC(=O)O,Active,41,NA,NA,-4.3,3.5117,0.9315,-85.5518,-2.2507,-2.1,83.3011,
972,NA,DMD302269,79,17388945,5280934,CC/C=C\C/C=C\C/C=C\CCCCCCCC(=O)O,Active,41,NA,NA,-4.3,3.5117,0.9545,-93.0462,-6.7577,-2.1,86.2886,
973,NA,DMD302269,64,17388945,5280934,CC/C=C\C/C=C\C/C=C\CCCCCCCC(=O)O,Active,41,NA,NA,-4.3,2.4064,0.9047,-69.9172,-2.9327,-2.2,66.9846,
974,NA,DMD302269,70,17388945,5280934,CC/C=C\C/C=C\C/C=C\CCCCCCCC(=O)O,Active,41,NA,NA,-4.3,3.132,0.9302,-79.0172,-1.0432,-2.1,77.9741,
987,NA,DMD302269,82,17388945,5280934,CC/C=C\C/C=C\C/C=C\CCCCCCCC(=O)O,Active,41,NA,NA,-4.3,2.3332,0.9094,-89.2269,-7.0404,-2.1,82.1865,
988,NA,DMD302269,82,17388945,5280934,CC/C=C\C/C=C\C/C=C\CCCCCCCC(=O)O,Active,41,NA,NA,-4.4,2.2526,0.9438,-102.263,-12.4537,-2.1,89.8092,
588591,NA,DMD302655,292961,57260207,5280933,CCCCC/C=C\C/C=C\C/C=C\CCCCC(=O)O,Active,81,http://assay.nih.gov/htsws/rest/display/pol-eta-p1/MLS001333661-01/124229518,NA,-4.7,4.5045,1,-99.4914,9.8784,-1.1,109.37,
588591,NA,DMD302269,292971,57260459,5280934,CC/C=C\C/C=C\C/C=C\CCCCCCCC(=O)O,Active,83,http://assay.nih.gov/htsws/rest/display/pol-eta-p1/MLS001336029-01/124268234,NA,-5.1,4.9549,0.9989,-99.0088,-2.869,-1.1,96.1398,
624170,NA,DMD302269,216406,29215108,5280934,CC/C=C\C/C=C\C/C=C\CCCCCCCC(=O)O,Active,41,http://assay.nih.gov/htsws/rest/display/gls-p1/NCGC00091058-04/134700839,NA,-4.65,1.9673,0.9988,-161.926,1.2978,-2.1,163.224,
624170,NA,DMD302278,319404,50110832,446284,CC/C=C\C/C=C\C/C=C\C/C=C\C/C=C\CCCC(=O)O,Active,40,http://assay.nih.gov/htsws/rest/display/gls-p1/NCGC00161344-03/134911126,NA,-4.5,3.6272,0.9987,-93.6994,-1.6539,-2.2,92.0455,
651768,NA,DMD302269,306084,57260459,5280934,CC/C=C\C/C=C\C/C=C\CCCCCCCC(=O)O,Active,61,http://assay.nih.gov/htsws/rest/display/WRN-helicase-p2/MLS001336029-01/163513611,NA,-4.75,1.5095,0.9992,-81.3641,-1.4689,-1.2,79.8952,
720496,NA,DMD302655,1226,57260207,5280933,CCCCC/C=C\C/C=C\C/C=C\CCCCC(=O)O,Active,41,http://assay.nih.gov/htsws/rest/display/pol-iota-ases-set-p1/MLS001333661-01/165896107,NA,-4.1738,3.132,0.994,-71.766,-2.1161,-2.1,69.65,
720496,NA,DMD302269,1229,57260459,5280934,CC/C=C\C/C=C\C/C=C\CCCCCCCC(=O)O,Active,80,http://assay.nih.gov/htsws/rest/display/pol-iota-ases-set-p1/MLS001336029-01/165896778,NA,-4.5238,2.3531,0.9965,-84.8098,-0.3557,-1.1,84.4541,
720501,NA,DMD302655,690,57260207,5280933,CCCCC/C=C\C/C=C\C/C=C\CCCCC(=O)O,Active,81,http://assay.nih.gov/htsws/rest/display/pol-kappa-ases-set-p1/MLS001333661-01/165920661,NA,-4.6738,4.9549,0.9947,-63.4038,-0.3371,-1.1,63.0667,
720501,NA,DMD302269,693,57260459,5280934,CC/C=C\C/C=C\C/C=C\CCCCCCCC(=O)O,Active,82,http://assay.nih.gov/htsws/rest/display/pol-kappa-ases-set-p1/MLS001336029-01/165921332,NA,-5.0238,1.7137,0.9641,-74.2035,-0.9082,-1.1,73.2953,
720502,NA,DMD302655,2193,57260207,5280933,CCCCC/C=C\C/C=C\C/C=C\CCCCC(=O)O,Active,80,http://assay.nih.gov/htsws/rest/display/pol-eta-ases-set-p1/MLS001333661-01/165885024,NA,-4.521,4.9549,0.9489,-90.7943,12.3325,-1.1,103.127,
720502,NA,DMD302269,2196,57260459,5280934,CC/C=C\C/C=C\C/C=C\CCCCCCCC(=O)O,Active,81,http://assay.nih.gov/htsws/rest/display/pol-eta-ases-set-p1/MLS001336029-01/165885695,NA,-4.621,4.9549,0.9627,-93.8049,9.4287,-1.1,103.234,
743224,1,DMD302269,6627,144213639,5280934,CC/C=C\C/C=C\C/C=C\CCCCCCCC(=O)O,Active,41,http://assay.nih.gov/htsws/rest/display/tox21-vdr-bla-agonist-p1/NCGC00257192-01/182242400,NA,-4.3101,2.3531,0.9374,-104.671,1.4871,-2.1,106.158,
743224,2,DMD302269,6627,144213639,5280934,CC/C=C\C/C=C\C/C=C\CCCCCCCC(=O)O,Active,41,http://assay.nih.gov/htsws/rest/display/tox21-vdr-bla-agonist-p1/NCGC00257192-01/182242400,NA,-4.2601,4.9549,0.8965,-97.1424,1.4205,-3,98.5629,
743224,3,DMD302269,6627,144213639,5280934,CC/C=C\C/C=C\C/C=C\CCCCCCCC(=O)O,Active,41,http://assay.nih.gov/htsws/rest/display/tox21-vdr-bla-agonist-p1/NCGC00257192-01/182242400,NA,-4.2601,4.9549,0.9548,-82.312,2.035,-3,84.347,
1919973,NA,DMD302269,187,124890383,5280934,CC/C=C\C/C=C\C/C=C\CCCCCCCC(=O)O,Active,62,http://assay.nih.gov/htsws/rest/display/DSHEA-v1-cyp2c9-DSHEA/NCGC00091058-08/259565684,NA,-5.1,1.4787,0.8311,-69.8704,-1.5,-1.2,68.3704,
1919973,NA,DMD302653,336,472319485,637517,CCCCCCCC/C=C/CCCCCCCC(=O)O,Active,41,http://assay.nih.gov/htsws/rest/display/DSHEA-v1-cyp2c9-DSHEA/NCGC00344330-03/259565493,NA,-4.85,1.4781,0.9481,-79.8423,-5.2632,-2.2,74.5792,
1963579,1,DMD302269,6627,144213639,5280934,CC/C=C\C/C=C\C/C=C\CCCCCCCC(=O)O,Active,61,http://assay.nih.gov/htsws/rest/display/tox21-ms-p53-p2/NCGC00257192-01/246822911,NA,-4.6896,2.4064,0.8392,-64.1514,-6.1557,-1.2,57.9957,
1963579,1,DMD302594,6969,144213981,700,C(CO)N,Active,40,http://assay.nih.gov/htsws/rest/display/tox21-ms-p53-p2/NCGC00090789-02/246827903,NA,-4.4395,2.7202,0.8546,-53.7865,-2.4483,-2.2,51.3382,
1963579,2,DMD302269,6627,144213639,5280934,CC/C=C\C/C=C\C/C=C\CCCCCCCC(=O)O,Active,61,http://assay.nih.gov/htsws/rest/display/tox21-ms-p53-p2/NCGC00257192-01/246822911,NA,-4.6396,2.9023,0.7093,-24.7144,-3,4,,
1963579,2,DMD302594,6969,144213981,700,C(CO)N,Active,40,http://assay.nih.gov/htsws/rest/display/tox21-ms-p53-p2/NCGC00090789-02/246827903,NA,-8.9896,4.9549,0.5136,0.5,-21.7811,4,,
1963579,3,DMD302269,6627,144213639,5280934,CC/C=C\C/C=C\C/C=C\CCCCCCCC(=O)O,Active,61,http://assay.nih.gov/htsws/rest/display/tox21-ms-p53-p2/NCGC00257192-01/246822911,NA,-4.6896,0.5,0.7425,-34.9754,-0.5,-2.4,34.4754,
1963579,3,DMD302594,6969,144213981,700,C(CO)N,Active,40,http://assay.nih.gov/htsws/rest/display/tox21-ms-p53-p2/NCGC00090789-02/246827903,NA,-4.3395,3.2475,0.7155,-31.6115,-1,-2.4,30.6115,
1963579,4,DMD302594,6969,144213981,700,C(CO)N,Active,40,http://assay.nih.gov/htsws/rest/display/tox21-ms-p53-p2/NCGC00090789-02/246827903,NA,-5.3396,4.9549,0.8417,-62.3016,1.7034,-3,64.005,
1963579,5,DMD302594,6969,144213981,700,C(CO)N,Active,40,http://assay.nih.gov/htsws/rest/display/tox21-ms-p53-p2/NCGC00090789-02/246827903,NA,-6.4396,1.7885,0.6282,-3.417,5,4,,
1963579,6,DMD302594,6969,144213981,700,C(CO)N,Active,40,http://assay.nih.gov/htsws/rest/display/tox21-ms-p53-p2/NCGC00090789-02/246827903,NA,-8.3896,4.9549,0.4029,-1.4812,4,4,,
1963579,7,DMD302594,6969,144213981,700,C(CO)N,Active,40,http://assay.nih.gov/htsws/rest/display/tox21-ms-p53-p2/NCGC00090789-02/246827903,NA,-8.6396,4.9549,0.3922,0.4028,9.5,4,,
1963579,9,DMD302594,6969,144213981,700,C(CO)N,Active,40,http://assay.nih.gov/htsws/rest/display/tox21-ms-p53-p2/NCGC00090789-02/246827903,NA,-6.5396,4.9549,0.4283,-6.828,3,4,,
1963579,10,DMD302594,6969,144213981,700,C(CO)N,Active,40,http://assay.nih.gov/htsws/rest/display/tox21-ms-p53-p2/NCGC00090789-02/246827903,NA,-7.3895,4.9549,0.4358,-9.0798,4,4,,
1963579,12,DMD302594,6969,144213981,700,C(CO)N,Active,40,http://assay.nih.gov/htsws/rest/display/tox21-ms-p53-p2/NCGC00090789-02/246827903,NA,-5.6896,4.9549,0.7382,12,-4.3072,4,,
1963579,13,DMD302594,6969,144213981,700,C(CO)N,Active,40,http://assay.nih.gov/htsws/rest/display/tox21-ms-p53-p2/NCGC00090789-02/246827903,NA,-6.9896,3.132,0.3961,3,-7.6768,4,,
1963579,15,DMD302594,6969,144213981,700,C(CO)N,Active,40,http://assay.nih.gov/htsws/rest/display/tox21-ms-p53-p2/NCGC00090789-02/246827903,NA,-5.3395,4.9549,0.6485,-9.5297,-0.5,4,,
1963579,16,DMD302594,6969,144213981,700,C(CO)N,Active,40,http://assay.nih.gov/htsws/rest/display/tox21-ms-p53-p2/NCGC00090789-02/246827903,NA,-5.4396,4.9549,0.3482,14.6925,-6.2657,4,,
1963579,18,DMD302594,6969,144213981,700,C(CO)N,Active,40,http://assay.nih.gov/htsws/rest/display/tox21-ms-p53-p2/NCGC00090789-02/246827903,NA,-4.4395,3.9295,0.4557,-18.7777,1,4,,
1963579,19,DMD302594,6969,144213981,700,C(CO)N,Active,40,http://assay.nih.gov/htsws/rest/display/tox21-ms-p53-p2/NCGC00090789-02/246827903,NA,-5.4396,4.9549,0.3244,-12.3372,-1,4,,
1963579,22,DMD302594,6969,144213981,700,C(CO)N,Active,40,http://assay.nih.gov/htsws/rest/display/tox21-ms-p53-p2/NCGC00090789-02/246827903,NA,-4.8896,4.9549,0.6419,-24.3593,4,4,,
1645880,NA,DMD302277,521,26747902,444899,CCCCC/C=C\C/C=C\C/C=C\C/C=C\CCCC(=O)O,Active,41,http://assay.nih.gov/htsws/rest/display/epac1-inhibitor-f1/NCGC00094608-01/169912407,NA,-4.3029,1.5095,0.9563,-81.9245,-2.2687,-2.1,79.6558,
1645882,NA,DMD302277,52,26747902,444899,CCCCC/C=C\C/C=C\C/C=C\C/C=C\CCCC(=O)O,Active,43,http://assay.nih.gov/htsws/rest/display/epac1-inhibitor-v2/NCGC00094608-01/146225132,NA,-4.15,2.7202,0.9796,-156.987,16.6775,-2.1,173.664,
1645885,NA,DMD302277,521,26747902,444899,CCCCC/C=C\C/C=C\C/C=C\C/C=C\CCCC(=O)O,Active,41,http://assay.nih.gov/htsws/rest/display/epac2-inhibitor-f1/NCGC00094608-01/170371562,NA,-4.3559,1.1,0.9484,-110.744,16.426,-2.1,127.17,
1963581,1,DMD302535,2104,144209116,1110,C(CC(=O)O)C(=O)O,Active,40,http://assay.nih.gov/htsws/rest/display/tox21-p53-bla-p7/NCGC00259467-01/245249601,NA,-4.3762,3.9295,0.8724,-75.9499,-4.5743,-2.1,71.3756,
1963581,3,DMD302535,2104,144209116,1110,C(CC(=O)O)C(=O)O,Active,40,http://assay.nih.gov/htsws/rest/display/tox21-p53-bla-p7/NCGC00259467-01/245249601,NA,-5.2762,3.0654,0.4649,-11.4906,3,4,,
1919974,NA,DMD302653,198,472319485,637517,CCCCCCCC/C=C/CCCCCCCC(=O)O,Active,63,http://assay.nih.gov/htsws/rest/display/DSHEA-v1-cyp2C19-DSHEA/NCGC00344330-03/259564529,NA,-5.45,4.9549,0.9513,-64.4693,0,-1.2,64.4693,
2060914,1,DMD302668,2666,144209678,180,CC(=O)C,Active,40,http://assay.nih.gov/htsws/rest/display/tox21-cre-agonist-p1/NCGC00260029-01/244938062,NA,-4.6027,4.9549,0.7847,-59.6778,-6.6169,-2.2,53.0608,
2060914,3,DMD302668,2666,144209678,180,CC(=O)C,Active,40,http://assay.nih.gov/htsws/rest/display/tox21-cre-agonist-p1/NCGC00260029-01/244938062,NA,-8.1027,1.8265,0.3469,1.0356,8.5,4,,
