"","SNP","CompoundID","Compound","PCC","Spearman","Pval_PCC","Pval_Spearman","Qval_PCC","Qval_Spearman","a","a_ci_lo","a_ci_hi","b","b_ci_lo","b_ci_hi","cprime","cprime_ci_lo","cprime_ci_hi","indirect","ind_ci_lo","ind_ci_hi","direct","dir_ci_lo","dir_ci_hi","total","tot_ci_lo","tot_ci_hi","prop_med","pm_ci_lo","pm_ci_hi","sig_indirect","sig_direct","class"
"1","GK000005.2_110425054_G_A","DMD301501","Alpha-S1-casein
(Uniprot:P02662)",-0.423897866657582,-0.499561578214213,0.00101663375533178,7.61752573802014e-05,0.0786086198567126,0.0722910143471526,0.0942157664660898,-0.155000725589279,0.339696716526508,365399.009757855,-436013.24424534,1167788.3890578,-1503388.52869124,-2345132.36474489,-852052.891316214,34426.3477702866,-94890.9833328273,234517.722524096,-1503388.52869124,-2345132.36474489,-852052.891316214,-1468962.18092096,-2335477.46099991,-818856.398731799,-0.0234358298786857,-0.179360480004365,0.0615311610446795,FALSE,TRUE,"Direct-only"
"2","GK000011.2_13574817_G_A","DMD301501","Alpha-S1-casein
(Uniprot:P02662)",-0.478138982166248,-0.53253687471968,0.000128130287170063,1.41507431166047e-05,0.0160377799437202,0.0196356219668885,-0.0344691932721724,-0.214550172493778,0.133341753597276,110257.937361909,-808284.908905991,1107916.70551595,-1346197.325478,-2014527.88451496,-747130.896414725,-3800.50215271873,-65652.9041332866,115463.691134424,-1346197.325478,-2014527.88451496,-747130.896414725,-1349997.82763072,-1976610.35802549,-719586.719594315,0.00281519130989175,-0.104294121443158,0.0570114314097581,FALSE,TRUE,"Direct-only"
"3","GK000012.2_51209373_G_A","DMD301501","Alpha-S1-casein
(Uniprot:P02662)",-0.531944597271115,-0.515365681817876,3.47984546946103e-05,6.66742167778606e-05,0.00560503205801028,0.0658126329942214,-0.00807571592486408,-0.14855529192372,0.289357316298004,176941.071245478,-534483.069350699,934080.91417945,-1683125.97280193,-2323580.80824447,-1129565.5485256,-1428.92582681962,-80795.8745641335,119719.956990313,-1683125.97280193,-2323580.80824447,-1129565.5485256,-1684554.89862875,-2286416.0005895,-1122524.05714704,0.000848251266837778,-0.0688952449401036,0.0484083425193415,FALSE,TRUE,"Direct-only"
"4","GK000014.2_39070508_C_A","DMD301501","Alpha-S1-casein
(Uniprot:P02662)",0.448839500883785,0.489398004616869,0.000461956808380642,0.000111843460970632,0.0436096397842361,0.0934609547718987,-0.0524164123022069,-0.125903942346064,0.0160801381625559,410330.211737982,-352825.355283461,1244229.41875768,540512.19452113,232937.141110384,832675.460759586,-21508.0375585099,-102436.090472701,23236.1219437003,540512.19452113,232937.141110384,832675.460759586,519004.15696262,218998.155554464,791156.291479762,-0.0414409735836836,-0.225555830254868,0.0499960240741786,FALSE,TRUE,"Direct-only"
"5","GK000015.2_78306967_C_T","DMD301501","Alpha-S1-casein
(Uniprot:P02662)",-0.467169553911069,-0.486882642080844,0.000218126370431187,0.000106364663840277,0.0244596027493914,0.0903885353615319,-0.114216799694065,-0.268939273342217,0.0192408909871078,-189180.215571283,-962888.632598315,602115.927663975,-1056630.33899313,-1552289.89779379,-574021.362862323,21607.5587879853,-75256.7197590234,124607.420565562,-1056630.33899313,-1552289.89779379,-574021.362862323,-1035022.78020514,-1527447.69846515,-569696.375446164,-0.0208764089073505,-0.136862794373833,0.0769414306210831,FALSE,TRUE,"Direct-only"
"6","GK000017.2_30292256_T_C","DMD301501","Alpha-S1-casein
(Uniprot:P02662)",0.461910346668627,0.507352595913277,0.000385285431455952,7.70739594548831e-05,0.0379470188823903,0.0722910143471526,0.0844679115216698,0.010818361513983,0.168491203269352,-157106.862862358,-1152452.33881277,646434.964798083,435672.840119043,165457.243222757,734327.20243166,-13270.4885917048,-97888.832380655,63115.700023761,435672.840119043,165457.243222757,734327.20243166,422402.351527338,170218.704845,710247.106078063,-0.0314167015020651,-0.302514697353818,0.177546385711369,FALSE,TRUE,"Direct-only"
"7","GK000018.2_34263576_G_A","DMD301501","Alpha-S1-casein
(Uniprot:P02662)",-0.516458935745905,-0.507824889261033,3.32373238487653e-05,4.71996601758032e-05,0.00539534874862208,0.0523709292405511,-0.0490622969288151,-0.283199912120568,0.254648537580866,101475.813127462,-781102.516515883,880921.803889487,-2018347.36780761,-3296290.67013949,-1328294.85051061,-4978.63647475249,-108045.177367723,126712.231559827,-2018347.36780761,-3296290.67013949,-1328294.85051061,-2023326.00428236,-3285684.67376237,-1340128.80829837,0.00246062002080497,-0.064200090659325,0.054462565641471,FALSE,TRUE,"Direct-only"
"8","GK000018.2_61211178_G_A","DMD301501","Alpha-S1-casein
(Uniprot:P02662)",-0.441394089259392,-0.514799143985045,0.000588306697850864,4.18470664310643e-05,0.0523011452927723,0.04834578257865,-0.0679265573233273,-0.248880943492304,0.105275368367652,55421.0799292745,-726098.209090147,917111.25175209,-1006311.83352948,-1792780.86643564,-256809.659121735,-3764.56316273657,-105954.19157904,72386.1888399815,-1006311.83352948,-1792780.86643564,-256809.659121735,-1010076.39669221,-1791011.33781384,-286763.440824117,0.00372700834814547,-0.0873100391271487,0.143576111758405,FALSE,TRUE,"Direct-only"
"9","GK000021.2_46199590_A_T","DMD301501","Alpha-S1-casein
(Uniprot:P02662)",-0.470409838521859,-0.520197973584257,0.000170201612460742,2.41174938678409e-05,0.0200664640774746,0.0315266036120187,-0.226395708331329,-0.508089091995658,0.203859652259194,-13862.3307457298,-907209.77059117,767658.987901851,-3478992.70942772,-5348537.7292446,-2553381.23053115,3138.37218830267,-246958.491299336,206853.78312032,-3478992.70942772,-5348537.7292446,-2553381.23053115,-3475854.33723942,-5364130.04655122,-2617198.0313254,-0.000902906705462007,-0.0540036559665058,0.072734865424973,FALSE,TRUE,"Direct-only"
"10","GK000021.2_68837688_G_C","DMD301501","Alpha-S1-casein
(Uniprot:P02662)",-0.445340455079801,-0.500926626301787,0.000408658845932332,5.32691878403676e-05,0.0397150879059926,0.0569221785360444,-0.0471500089270678,-0.173982946447252,0.0802743128048898,72968.0292002217,-678902.386846525,974196.358358548,-1125243.07997683,-1625743.30508442,-727826.419548647,-3440.443228181,-81767.5541913321,50991.4204070899,-1125243.07997683,-1625743.30508442,-727826.419548647,-1128683.52320501,-1609141.04866326,-748356.959731223,0.00304819124001342,-0.0449866625910618,0.0773492572791693,FALSE,TRUE,"Direct-only"
"11","GK000021.2_71492144_G_A","DMD301501","Alpha-S1-casein
(Uniprot:P02662)",-0.440532503549854,-0.510214387960941,0.000762774448661332,6.91072529902805e-05,0.0635792495081364,0.0673441064926652,0.038460017590959,-0.280438884956703,0.412965895471084,238985.450511457,-570122.443619973,990509.234660455,-2083836.37119888,-3615604.02811937,-543023.268540611,9191.38463065392,-151231.560045724,201602.916564091,-2083836.37119888,-3615604.02811937,-543023.268540611,-2074644.98656823,-3593177.22236633,-598088.678308596,-0.00443034094515507,-0.116928447251506,0.0998291845113072,FALSE,TRUE,"Direct-only"
"12","GK000023.2_27089561_G_C","DMD301501","Alpha-S1-casein
(Uniprot:P02662)",-0.456097286951164,-0.504580982491816,0.000282952809690989,4.60045230295524e-05,0.0298807717919021,0.0513440677790905,0.117806390844682,-0.138442014968133,0.36666652967667,430152.400259961,-583211.795525765,1263369.17053569,-1565335.49563871,-2663340.95436718,-825820.423281229,50674.7017878028,-65245.9817486634,312603.141770436,-1565335.49563871,-2663340.95436718,-825820.423281229,-1514660.7938509,-2594071.64220354,-801138.894925113,-0.033456138822321,-0.236331947647803,0.045506866071962,FALSE,TRUE,"Direct-only"
"13","GK000023.2_48715238_C_T","DMD301501","Alpha-S1-casein
(Uniprot:P02662)",-0.559319970418497,-0.594199436405859,7.43001867601373e-06,1.37930156234878e-06,0.00154997829946476,0.00321759528340829,-0.072274050257113,-0.247015770148453,0.0730526892810543,-39368.1095820393,-972579.096017774,823149.904387174,-1162827.36895388,-1768791.11671683,-682957.705614017,2845.29273045984,-64479.1896995568,142039.461696658,-1162827.36895388,-1768791.11671683,-682957.705614017,-1159982.07622342,-1729438.59640086,-682169.863483395,-0.00245287646143923,-0.118905979335522,0.0573958598716048,FALSE,TRUE,"Direct-only"
"14","GK000029.2_26908753_G_A","DMD301501","Alpha-S1-casein
(Uniprot:P02662)",-0.444168983317255,-0.519794476062763,0.000605328963092548,4.03353412554948e-05,0.0534267584641495,0.0468032260081409,-0.072834738515448,-0.216514045709804,0.0886646784513235,21905.0756579561,-992637.959385306,931006.536246049,-1283928.06733197,-1977517.75459311,-623813.658939471,-1595.45045770834,-77253.0216699105,108746.797000495,-1283928.06733197,-1977517.75459311,-623813.658939471,-1285523.51778967,-1962579.59730514,-635111.68515165,0.00124109005835347,-0.0807216432985405,0.071822135480297,FALSE,TRUE,"Direct-only"
"53","GK000007.2_14693625_G_A","DMD301503","Beta-casein
(Uniprot:P02666)",-0.485595287180742,-0.534526033756066,0.00019762555067578,3.13506895672692e-05,0.0226264125448927,0.0393497026222144,0.0609789439494538,-0.0403162036253373,0.198809043084548,82107.9135546118,-381019.418237505,449368.201738955,-305739.135403833,-451205.116724609,-144808.275013088,5006.85385845327,-22928.6897085382,56572.0300825749,-305739.135403833,-451205.116724609,-144808.275013088,-300732.28154538,-438932.60842899,-146599.293237393,-0.0166488739842774,-0.22288338781332,0.0958208300779325,FALSE,TRUE,"Direct-only"
"54","GK000011.2_7125939_T_C","DMD301503","Beta-casein
(Uniprot:P02666)",-0.558103421725831,-0.57541079457612,7.85268080333727e-06,3.49988218477307e-06,0.00162305820285284,0.0062349326221324,0.0282410065830128,-0.0552398986579771,0.152564725790086,9822.3470484761,-318675.888581399,373824.100023518,-453695.654094961,-700519.307380147,-280285.739071425,277.392967656649,-19865.5334874665,25682.9792886156,-453695.654094961,-700519.307380147,-280285.739071425,-453418.261127304,-699790.924190854,-281780.86568374,-0.000611781640569539,-0.0536274212827177,0.0446299350540043,FALSE,TRUE,"Direct-only"
"55","GK000018.2_2613383_G_A","DMD301503","Beta-casein
(Uniprot:P02666)",0.449364943026344,0.494480722358319,0.000454046699979096,9.24385838815617e-05,0.0430722400687436,0.081965369962332,-0.0472847655365122,-0.175235984040247,0.0909672739170223,11433.9984490925,-374962.506265594,345968.615729081,383603.20779516,28515.7421243591,682311.585129162,-540.653935810184,-29171.360999231,27051.6280551302,383603.20779516,28515.7421243591,682311.585129162,383062.55385935,27467.6874766051,677656.758106476,-0.00141139855713669,-0.146738675834477,0.111800328911095,FALSE,TRUE,"Direct-only"
"56","GK000023.2_26409385_A_G","DMD301503","Beta-casein
(Uniprot:P02666)",-0.473127329643647,-0.517588329117112,0.000264383521430969,5.19352939779022e-05,0.0283537952667023,0.0556963211662244,0.00649300989963665,-0.0763314166003695,0.108398012787393,-37195.4213058185,-347961.935987251,308824.334310898,-323456.545801006,-481553.164535468,-177920.821570007,-241.510238759836,-16754.8944289058,18084.6523598719,-323456.545801006,-481553.164535468,-177920.821570007,-323698.056039766,-481627.504882408,-181078.985137931,0.000746097278786766,-0.0573913367764825,0.0583850959697287,FALSE,TRUE,"Direct-only"
"65","GK000001.2_59722531_C_T","DMD301505","Kappa-casein
(Uniprot:P02668)",-0.503068836625486,-0.526902052352959,7.76260093444675e-05,3.0218937647084e-05,0.0107745864601417,0.0380963039304947,-0.12583862933109,-0.217935129649362,-0.0676186178678033,1529220.20275908,943123.129868561,2185988.84057746,-431465.718228509,-630857.496162712,-227471.123178545,-192434.974260614,-379891.276234122,-76816.458329198,-431465.718228509,-630857.496162712,-227471.123178545,-623900.692489123,-859702.100508545,-427542.071147675,0.308438468777576,0.132549370422367,0.571354457677958,TRUE,TRUE,"Partial mediation"
"66","GK000003.2_26372199_C_T","DMD301505","Kappa-casein
(Uniprot:P02668)",0.551463385276366,0.499582137385167,7.24013749452956e-06,6.53984281954447e-05,0.00151517735174138,0.065557618654987,0.388172590977117,0.274475589767028,0.620647924104948,1224347.46685486,155121.677090874,2053238.18568682,423465.813349985,64203.238272121,1042132.90748342,475258.128465321,66944.9099524271,958329.056633726,423465.813349985,64203.238272121,1042132.90748342,898723.941815306,638032.592074916,1430859.12570462,0.528814362623256,0.0690412306477589,0.922495121309539,TRUE,TRUE,"Partial mediation"
"67","GK000003.2_34786739_C_T","DMD301505","Kappa-casein
(Uniprot:P02668)",0.560771271869732,0.500071807402771,5.708494764551e-06,7.4696647680025e-05,0.00123965895753371,0.0712813853735368,0.536151922763401,0.35859161447322,0.776289716394169,1200545.99127555,-10665.58343958,2038598.38971938,690367.015399484,242354.754254191,1585587.09255149,643675.041588278,-5880.59054436606,1143022.93673958,690367.015399484,242354.754254191,1585587.09255149,1334042.05698776,944863.589725056,1869562.4125708,0.482499811918735,-0.00408685823585106,0.801402912690741,FALSE,TRUE,"Direct-only"
"68","GK000003.2_102507514_C_T","DMD301505","Kappa-casein
(Uniprot:P02668)",0.48616463464265,0.521985451329241,0.000126061961524113,3.12324237020736e-05,0.0158311918438595,0.0392154218002748,0.302990309653095,0.11910997967127,0.574778646018958,1493861.87990992,647725.483256981,2141947.62722259,846640.830055593,369752.769676917,1656923.31505388,452625.673572861,120984.439652948,953482.697655478,846640.830055593,369752.769676917,1656923.31505388,1299266.50362845,949865.659047198,2155243.72777802,0.348370155244375,0.0883133499560571,0.671324613403465,TRUE,TRUE,"Partial mediation"
"69","GK000004.2_49977515_C_T","DMD301505","Kappa-casein
(Uniprot:P02668)",-0.431628924365875,-0.523602902985852,0.00139863097140359,6.7983801932241e-05,0.0992537588612922,0.0669139752509227,-0.147205057382711,-0.479352960558064,-0.0805225901020626,1663736.9895407,1076330.22589805,2198933.16916768,-655994.087204388,-2050787.60599092,-181322.614070434,-244910.499015077,-843551.315212619,-109565.682067818,-655994.087204388,-2050787.60599092,-181322.614070434,-900904.586219465,-2572768.55714178,-575434.751346143,0.271849541850834,0.118418841166922,0.743212624883583,TRUE,TRUE,"Partial mediation"
"70","GK000005.2_43899863_A_T","DMD301505","Kappa-casein
(Uniprot:P02668)",0.538659126039326,0.493797450915929,1.84738061967997e-05,0.000109989948926601,0.0033246339353482,0.0924883506457555,0.354186824168499,0.0984144624706747,0.576691437371365,1360159.04207805,715858.508462028,2110491.16310239,820805.850308736,274498.295050025,1348382.32545201,481750.411477693,113979.407535165,944392.324126125,820805.850308736,274498.295050025,1348382.32545201,1302556.26178643,896312.55751161,1753706.0171517,0.369849983153113,0.0889013043247796,0.757873673933395,TRUE,TRUE,"Partial mediation"
"71","GK000005.2_59656524_G_A","DMD301505","Kappa-casein
(Uniprot:P02668)",-0.433640763303486,-0.510058642740224,0.000941837533210298,6.95205595807273e-05,0.074311811416429,0.0674211282477437,-0.0927353837737954,-0.197440233948046,-0.00598058507028357,1617551.8770875,1024540.15121411,2196749.56513598,-381280.818344071,-688509.374325807,-134492.389160888,-150004.294095733,-331885.16786471,-9795.77662018899,-381280.818344071,-688509.374325807,-134492.389160888,-531285.112439804,-882832.690464798,-255219.280244411,0.282342363042835,0.0208999068476527,0.619741866895423,TRUE,TRUE,"Partial mediation"
"72","GK000005.2_79034372_T_G","DMD301505","Kappa-casein
(Uniprot:P02668)",-0.457325023103367,-0.490353182020242,0.000271116431120438,8.06658060497908e-05,0.0288913833203743,0.0747803284875141,-0.228927148030867,-0.404800289750722,-0.0921305092642097,1537727.43894314,891579.226188089,2164501.34579471,-577254.587790217,-1040655.3849397,-161569.145980624,-352027.557046062,-652922.252743491,-122705.887606617,-577254.587790217,-1040655.3849397,-161569.145980624,-929282.14483628,-1430577.53870264,-499186.973923692,0.378816658645779,0.14319347937605,0.756370254357673,TRUE,TRUE,"Partial mediation"
"73","GK000006.2_108479654_C_T","DMD301505","Kappa-casein
(Uniprot:P02668)",-0.463580512255174,-0.496888204031686,0.000247451191686778,7.26228027825776e-05,0.0269550922189025,0.0699860607503856,-0.222238190087592,-0.470997970279007,-0.0484316769029431,1603908.85460801,1007590.08027119,2206215.84727584,-868271.247762212,-1455197.56827727,-400289.861736662,-356449.800913547,-760226.6391843,-71217.3488747601,-868271.247762212,-1455197.56827727,-400289.861736662,-1224721.04867576,-2012233.94039568,-689681.83009041,0.291045704896606,0.0728105993834639,0.560435430458967,TRUE,TRUE,"Partial mediation"
"74","GK000007.2_6290202_C_T","DMD301505","Kappa-casein
(Uniprot:P02668)",0.540013583494517,0.495683958555863,1.45506851438443e-05,8.83223762932389e-05,0.00272399309601508,0.0800316182179547,0.414427200257504,0.29473029318532,0.765077000447681,1282596.99038077,240225.174903881,2070466.53412021,485866.597295297,172531.890160003,1358648.80856298,531543.079782203,126071.888777861,1047121.40334578,485866.597295297,172531.890160003,1358648.80856298,1017409.6770775,715419.678514821,1727568.83386448,0.522447438586446,0.0990983411354872,0.823880928170708,TRUE,TRUE,"Partial mediation"
"75","GK000007.2_14397981_C_G","DMD301505","Kappa-casein
(Uniprot:P02668)",0.589247574501626,0.544298483968432,1.1378863843434e-06,1.00299248327949e-05,0.000312886127585002,0.0146987791367918,0.216152159991848,0.120153479160187,0.289525333402845,1137604.13253401,449476.53009533,1927742.87222809,444969.89874915,127665.104710065,695107.693633624,245895.590462879,80819.4386117647,485501.23021477,444969.89874915,127665.104710065,695107.693633624,690865.489212028,471150.976471716,880573.46955487,0.355923974062356,0.121226010136584,0.759692785816102,TRUE,TRUE,"Partial mediation"
"76","GK000007.2_14400646_T_C","DMD301505","Kappa-casein
(Uniprot:P02668)",-0.504342626421588,-0.480408697850333,3.97916964801291e-05,0.000102443941484504,0.0062581222006795,0.0886587519134665,-0.205267612438554,-0.322727527239383,-0.110298148055545,1466013.50640017,842173.758091113,2079899.07486517,-608602.129254548,-975570.574413096,-191612.861880734,-300925.092261436,-542283.716810838,-114485.327657196,-608602.129254548,-975570.574413096,-191612.861880734,-909527.221515984,-1307873.14799314,-506978.154096613,0.330858807897865,0.135528990713749,0.689311358112849,TRUE,TRUE,"Partial mediation"
"77","GK000007.2_54131063_G_A","DMD301505","Kappa-casein
(Uniprot:P02668)",0.517548443848888,0.483827471845224,3.17769083672417e-05,0.000119230431944856,0.00519851934976573,0.0982579847168525,0.287713701475951,0.160592772876209,0.424476979459706,1348241.55214215,503815.713424519,2003773.97542476,472505.484392616,152236.152318814,934673.519283045,387907.5674505,122510.582299268,660814.732083025,472505.484392616,152236.152318814,934673.519283045,860413.051843115,523234.985693317,1263146.12322655,0.450838776352302,0.153773987693966,0.762596072688809,TRUE,TRUE,"Partial mediation"
"78","GK000007.2_54131128_C_A","DMD301505","Kappa-casein
(Uniprot:P02668)",0.440179121250589,0.549771665939801,0.000544862533996234,7.82462143496386e-06,0.0494052628868617,0.0119217747460225,0.179692434543802,0.0644796211000624,0.438023102176739,1544013.48673099,734474.825235139,2163656.77905556,366440.59390258,163002.048705095,1028942.30994523,277447.542399156,85476.4397962148,575731.78069879,366440.59390258,163002.048705095,1028942.30994523,643888.136301736,345023.183162147,1374924.91683748,0.430894012107003,0.159794308017055,0.683308004062743,TRUE,TRUE,"Partial mediation"
"79","GK000007.2_54153842_G_A","DMD301505","Kappa-casein
(Uniprot:P02668)",0.573876490002916,0.598927371810588,3.7668333086269e-06,1.08099353031563e-06,0.000867251356979061,0.00266058663146052,0.327302643937114,0.223293089345702,0.436065584188149,1156130.76100511,182207.426405474,1990733.55169057,478221.450697216,115472.356822665,1017219.72087225,378404.654814002,58317.2256120984,733963.931696293,478221.450697216,115472.356822665,1017219.72087225,856626.105511219,637017.135168052,1401469.15278034,0.441738411168519,0.0622975564273153,0.847900846077764,TRUE,TRUE,"Partial mediation"
"80","GK000007.2_54153881_C_T","DMD301505","Kappa-casein
(Uniprot:P02668)",0.602667488962495,0.613172343298109,7.03314539481773e-07,3.96545219907581e-07,0.000205893928824003,0.00106124756197153,0.370213311951653,0.265514272272084,0.52273704953449,955100.450973599,-71548.4368592444,1791664.23682606,650611.188723039,308063.270816968,1274362.87381947,353590.901201453,-31868.6398587177,693907.577429886,650611.188723039,308063.270816968,1274362.87381947,1004202.08992449,759001.894988287,1514429.42311491,0.352111297864398,-0.0245641037773197,0.662219435834079,FALSE,TRUE,"Direct-only"
"81","GK000008.2_70406226_C_T","DMD301505","Kappa-casein
(Uniprot:P02668)",0.476924032386319,0.488463754100063,0.000153721065089319,0.000100218821612279,0.0185176061206536,0.0872352342238903,0.563890421579107,0.250386010542073,1.02190530872798,1455955.21730169,596067.362932611,2175602.56597387,846825.211451566,207539.391646562,1806542.49297818,820999.201284552,261647.297777243,1505673.58997651,846825.211451566,207539.391646562,1806542.49297818,1667824.41273612,916894.350430396,2651307.89259559,0.492257575207019,0.181120561673958,0.830368299273304,TRUE,TRUE,"Partial mediation"
"82","GK000009.2_98240217_G_A","DMD301505","Kappa-casein
(Uniprot:P02668)",0.500113027221402,0.517587783520713,7.45783547820005e-05,3.73852026413897e-05,0.0104291355139023,0.0443686433467446,0.241634214436755,0.105716403250903,0.345487397986676,1408052.18950849,566593.766650131,2188951.23664186,399493.446113871,47478.6253358403,777166.14379676,340233.584697837,102438.809748352,630338.75171352,399493.446113871,47478.6253358403,777166.14379676,739727.030811708,474314.325848671,1045285.09429266,0.45994477763574,0.138560238018452,0.928239236143906,TRUE,TRUE,"Partial mediation"
"83","GK000010.2_37521312_C_T","DMD301505","Kappa-casein
(Uniprot:P02668)",0.540665744845966,0.506542450351801,8.21541630623505e-06,3.63485782150754e-05,0.00168560663530908,0.0439616481322543,0.909790687058968,0.697230186830968,1.21226475153719,1291584.72394195,86811.3670941659,2287393.10213676,815962.298626532,-201377.535674995,1963029.88720953,1175071.75339001,68975.274078449,2243142.22627357,815962.298626532,-201377.535674995,1963029.88720953,1991034.05201654,1417490.75464914,2601111.92031835,0.590181645662908,0.0384968086253447,1.09910579105626,TRUE,FALSE,"Mediated-only"
"84","GK000011.2_10244579_C_T","DMD301505","Kappa-casein
(Uniprot:P02668)",-0.500980654939763,-0.525415819757675,8.4037924049864e-05,3.21169947843879e-05,0.0114786464426967,0.0398643632723328,-0.10857714782483,-0.210925191680006,-0.0317673920393943,1696923.85669017,1033997.05003846,2335742.36946138,-232748.40935711,-500950.463400218,29917.6482780964,-184247.15243533,-378251.817985196,-45622.9343302465,-232748.40935711,-500950.463400218,29917.6482780964,-416995.56179244,-711373.95410617,-127390.896691512,0.441844396720556,0.127019407430281,1.13031938685363,TRUE,FALSE,"Mediated-only"
"85","GK000011.2_19075181_T_C","DMD301505","Kappa-casein
(Uniprot:P02668)",-0.454393578389188,-0.494939653091773,0.000339624645644828,7.82981290889755e-05,0.0344060979525258,0.0730763650108732,-0.0892295408605368,-0.17629470945586,-0.0067565700674112,1656299.4434304,1059355.03501857,2216361.85672462,-343642.530631422,-644266.66139057,-130162.952772977,-147790.838864857,-317252.202447908,-7983.37666114548,-343642.530631422,-644266.66139057,-130162.952772977,-491433.369496279,-828281.331198281,-224427.338284713,0.30073423588704,0.0252115332747205,0.580890904398256,TRUE,TRUE,"Partial mediation"
"86","GK000011.2_100693734_T_C","DMD301505","Kappa-casein
(Uniprot:P02668)",0.505694887048524,0.504180109427549,3.76411718402723e-05,4.00576534971526e-05,0.00597579385658975,0.0466206231320415,0.702357790244477,0.474786217207533,0.897300648021417,1466830.29800399,391980.970139259,2398627.05767295,499409.096417451,-301345.794001465,1507756.93037097,1030239.68676973,289124.34372633,1882011.26585149,499409.096417451,-301345.794001465,1507756.93037097,1529648.78318718,997243.363039324,2171216.05069318,0.673513879848365,0.172297321397221,1.23298371422091,TRUE,FALSE,"Mediated-only"
"87","GK000011.2_100714667_A_G","DMD301505","Kappa-casein
(Uniprot:P02668)",0.531792691396534,0.492768073755846,1.74069361468525e-05,8.51016901704694e-05,0.00316451155619035,0.0781021477740725,0.585412182243016,0.414765033629634,0.74797653326129,1338104.45790955,266119.439789332,2138763.67133307,541529.316899797,-33042.777402392,1237298.90645008,783342.650773936,162644.092120283,1408056.57814536,541529.316899797,-33042.777402392,1237298.90645008,1324871.96767373,920507.698499794,1904378.61480333,0.591259132872562,0.126004320122433,1.02997975322203,TRUE,FALSE,"Mediated-only"
"88","GK000014.2_46347069_G_A","DMD301505","Kappa-casein
(Uniprot:P02668)",0.520256854567362,0.503403113142964,2.4057389280846e-05,4.82395943661882e-05,0.00412737931967494,0.0532797994280394,0.489862240253289,0.24976434906791,0.672918429663248,1313400.04217891,490769.233777886,2390710.92415237,647911.220979457,-145168.344546336,1340478.47854246,643385.087010526,183491.736557781,1425117.23066723,647911.220979457,-145168.344546336,1340478.47854246,1291296.30798998,864931.137122281,1843416.8605342,0.498247445632375,0.135053917881309,1.12338098955625,TRUE,FALSE,"Mediated-only"
"89","GK000014.2_67023140_C_G","DMD301505","Kappa-casein
(Uniprot:P02668)",0.519425876661325,0.53882362283576,0.000216380271079252,0.000111901224663961,0.0243193881895074,0.0934609547718987,0.0957420876117648,0.0102251704107323,0.207288266690339,1655772.15794568,1022695.15172393,2246443.09206218,270422.013913977,36890.5729648771,474575.901463396,158527.083011156,16695.1539253211,373750.078997783,270422.013913977,36890.5729648771,474575.901463396,428949.096925133,181892.834042116,688002.185417143,0.369570851524195,0.0526146689595432,0.869292825050511,TRUE,TRUE,"Partial mediation"
"90","GK000015.2_48911137_C_T","DMD301505","Kappa-casein
(Uniprot:P02668)",0.539194384035858,0.580033566887083,1.50789852230135e-05,2.26002390412583e-06,0.00280678209232426,0.00464573769138219,0.172102042678939,0.0776709947256575,0.268818950742796,1427322.93750855,629022.818374381,2210075.69050037,343689.436930417,60732.4648571202,694283.019192468,245645.193107725,82243.0641141069,432391.448949331,343689.436930417,60732.4648571202,694283.019192468,589334.630038143,286700.092374294,878855.718950229,0.416817849464958,0.140014510987467,0.842037893008384,TRUE,TRUE,"Partial mediation"
"91","GK000015.2_49833828_A_G","DMD301505","Kappa-casein
(Uniprot:P02668)",0.516489207297383,0.499900437374356,4.60317049799129e-05,8.75423427536801e-05,0.00706106348951465,0.0794274597446046,0.502741697717858,0.361588969862923,0.97153151148674,1359122.25804525,412237.723719585,2169756.46628364,608148.87204417,148447.382229234,1526804.30226225,683287.431415795,190089.742969658,1449731.57938282,608148.87204417,148447.382229234,1526804.30226225,1291436.30345997,939789.095397443,2319725.82815798,0.529091082219973,0.157050497189691,0.883973551049773,TRUE,TRUE,"Partial mediation"
"92","GK000017.2_65284189_A_G","DMD301505","Kappa-casein
(Uniprot:P02668)",0.496434342587813,0.546007585500996,6.36452556053523e-05,7.71617642086943e-06,0.00918285502145542,0.0117679165851608,0.698800369912309,0.541062664630443,1.21344567457593,1416909.5205351,127013.303246363,2283347.87695652,784373.557423247,204091.817349207,2244378.74529774,990136.897082201,97529.8775746658,1831064.45208898,784373.557423247,204091.817349207,2244378.74529774,1774510.45450545,1326304.56731108,3019904.05249863,0.557977494338375,0.0447882351074838,0.881467669135265,TRUE,TRUE,"Partial mediation"
"93","GK000017.2_74327356_G_A","DMD301505","Kappa-casein
(Uniprot:P02668)",0.468080009469757,0.50594951774636,0.000211210360761924,5.08724044136277e-05,0.02383594545386,0.0550499156495643,0.600134859462818,0.38245546713115,0.944749422571024,1571751.99299603,685268.5468253,2351607.18100832,553650.483925371,-91180.523238573,1348002.44620358,943263.161427076,377360.674261157,1653454.29449182,553650.483925371,-91180.523238573,1348002.44620358,1496913.64535245,973958.986050406,2178393.1892883,0.630138661876507,0.243426884514009,1.08020604748971,TRUE,FALSE,"Mediated-only"
"94","GK000018.2_52048631_G_A","DMD301505","Kappa-casein
(Uniprot:P02668)",0.553874854803209,0.533258576455214,9.50176934695855e-06,2.32122894000065e-05,0.00190322223910392,0.0304731347797526,0.252911411774706,0.140071965067089,0.361196782151489,1418187.73773261,664118.473424748,2225837.01582931,383859.408367629,60866.860251792,734674.787387262,358675.862911531,120107.402403656,625253.6951093,383859.408367629,60866.860251792,734674.787387262,742535.27127916,454032.580086925,1049269.29974171,0.483042189085028,0.181329769640797,0.903375530508665,TRUE,TRUE,"Partial mediation"
"95","GK000018.2_54903293_G_A","DMD301505","Kappa-casein
(Uniprot:P02668)",-0.527861596669932,-0.498896976027787,2.44655572996266e-05,7.81415733323596e-05,0.00418266467415153,0.0729857940204805,-0.147769694285995,-0.344632116214071,-0.0347923971130175,1628754.31227106,1004586.49872029,2270034.520808,-286448.349088531,-627743.401347361,-103645.942827953,-240680.526791292,-525882.26507273,-53047.8902963206,-286448.349088531,-627743.401347361,-103645.942827953,-527128.875879823,-1040881.61090282,-249837.633050442,0.45658763502488,0.157053761992457,0.727501728980145,TRUE,TRUE,"Partial mediation"
"96","GK000019.2_10372322_T_C","DMD301505","Kappa-casein
(Uniprot:P02668)",0.524965821168997,0.561989154417768,2.33058792021316e-05,4.42355172208522e-06,0.00401889423710574,0.00739869597129819,0.165560466827246,0.0699156154567485,0.266030885966499,1408657.78599404,720290.597582072,2061982.95639741,544348.084625491,264344.603554656,835906.38025036,233218.040649007,73102.8020685447,445185.12083618,544348.084625491,264344.603554656,835906.38025036,777566.125274498,530092.279590433,1046393.94567611,0.299933385815484,0.0971881296343098,0.567882970181354,TRUE,TRUE,"Partial mediation"
"97","GK000019.2_10372325_G_A","DMD301505","Kappa-casein
(Uniprot:P02668)",0.475551547898889,0.524801485666509,0.000161582098988456,2.3468365913194e-05,0.0192529598742936,0.0307730246471187,0.128591270212672,0.0323999279608546,0.232022269256741,1519519.86603319,879774.042276882,2153838.63641015,477535.022047625,227307.039315956,766093.979844518,195396.989686597,46486.3827239457,401462.662826151,477535.022047625,227307.039315956,766093.979844518,672932.011734222,418845.357583166,977843.724660439,0.290366613980864,0.0770502153155678,0.582173286215866,TRUE,TRUE,"Partial mediation"
"98","GK000019.2_27455882_T_C","DMD301505","Kappa-casein
(Uniprot:P02668)",0.588585103980901,0.535964487188904,1.177800181272e-06,1.45181289122291e-05,0.000322328005456562,0.0201063365162826,0.416764604220655,0.31139232768721,0.630838507804418,927603.597391507,-449210.314607508,1829755.2883976,623140.936799644,270252.671551263,1417291.99881501,386592.346140527,-213164.102638842,820778.731028105,623140.936799644,270252.671551263,1417291.99881501,1009733.28294017,750954.378915936,1499391.93301882,0.382865804932998,-0.187664366029352,0.72593638442915,FALSE,TRUE,"Direct-only"
"99","GK000019.2_30044925_T_C","DMD301505","Kappa-casein
(Uniprot:P02668)",-0.466023223160815,-0.496667791772512,0.000227128072184769,7.32452341054652e-05,0.0252256965504959,0.0704842635045868,-0.119590840833131,-0.275751014798051,0.0274589210177373,1709260.28872644,1158498.37738677,2308702.64471071,-1063962.85649986,-1896231.12162838,-696021.960949812,-204411.875131474,-481757.942231615,46991.7839936359,-1063962.85649986,-1896231.12162838,-696021.960949812,-1268374.73163134,-2202441.94998153,-819512.828128269,0.161160475712542,-0.0395845898241741,0.323291084700471,FALSE,TRUE,"Direct-only"
"100","GK000019.2_35004834_G_A","DMD301505","Kappa-casein
(Uniprot:P02668)",-0.475790362077908,-0.501645547547819,0.000160188366198263,6.03189509298468e-05,0.0191192263808984,0.0620732120087558,-0.43193656346297,-0.775826442407775,-0.157421520451792,1574085.23562824,982202.966411165,2152617.712102,-1626907.11829078,-2844101.25324679,-601956.14199919,-679904.96727506,-1337543.15408589,-200752.841092777,-1626907.11829078,-2844101.25324679,-601956.14199919,-2306812.08556584,-3627952.29760536,-1274801.94263279,0.294737907577889,0.0899914604804044,0.610891323595295,TRUE,TRUE,"Partial mediation"
"101","GK000019.2_42774519_C_T","DMD301505","Kappa-casein
(Uniprot:P02668)",0.475147186285638,0.50442173748159,0.000163967301499244,5.40572010758905e-05,0.0194841824235681,0.0576424133158542,0.878165957103947,0.27373074838401,1.43143025232253,1470822.90716562,523853.781615183,2172882.72570221,1302592.65062464,395269.880387272,2698193.77382979,1291626.60600151,306904.569930723,2487704.72643936,1302592.65062464,395269.880387272,2698193.77382979,2594219.25662614,1623888.62033647,3808911.53753872,0.497886446067517,0.120380682067171,0.837316668004519,TRUE,TRUE,"Partial mediation"
"102","GK000022.2_57799628_T_G","DMD301505","Kappa-casein
(Uniprot:P02668)",-0.504678514330724,-0.505046348961055,0.000116422995402757,0.000114878782813981,0.0148590073140026,0.0954557654766402,-0.0941829449085399,-0.181928689954527,-0.00963624354711698,1576176.13540788,929972.268005083,2185095.4856421,-475751.382463459,-708935.705329459,-252803.947535389,-148448.910127276,-296128.653163367,-14986.3626189191,-475751.382463459,-708935.705329459,-252803.947535389,-624200.292590735,-893361.650796206,-346133.863823451,0.237822557742068,0.0346263841357155,0.443346841329183,TRUE,TRUE,"Partial mediation"
"103","GK000023.2_6251424_A_G","DMD301505","Kappa-casein
(Uniprot:P02668)",0.459231701209982,0.530044541863744,0.000223553607882838,1.32795362894051e-05,0.0249247392915771,0.0187493206087862,0.218487921259676,0.0759883817576618,0.4474737421055,1513886.86698435,582497.632565828,2192653.56341745,457090.997882452,98647.7222066285,1268852.50531351,330765.994589735,97560.7919162761,689526.358415245,457090.997882452,98647.7222066285,1268852.50531351,787856.992472186,320910.426112433,1537131.1067569,0.419829991673789,0.114278345054467,0.766705758197584,TRUE,TRUE,"Partial mediation"
"104","GK000023.2_27377021_C_G","DMD301505","Kappa-casein
(Uniprot:P02668)",0.508378235092782,0.513737456726241,3.36883170217464e-05,2.69169528516455e-05,0.00545610845789514,0.0347362511800462,0.624979329179741,0.193888078709613,1.06682790361347,1420109.78993446,682181.072106332,2038889.99583411,1471545.89063318,746896.833148192,2141124.97520549,887539.263874823,224941.917932888,1860208.57603376,1471545.89063318,746896.833148192,2141124.97520549,2359085.154508,1773314.66541582,3198145.78546135,0.376221800293565,0.111406763706868,0.698152742507087,TRUE,TRUE,"Partial mediation"
"105","GK000024.2_25617929_G_A","DMD301505","Kappa-casein
(Uniprot:P02668)",0.568040911706454,0.568248693963078,9.14614565951632e-06,9.06220898838827e-06,0.00184537708118481,0.0135753713481888,0.689783232257011,0.428549718079826,1.13700835411009,1271846.05036974,355639.380464036,2109865.05245506,865476.413506241,338797.848749046,1772323.10014848,877298.07955735,236117.769590471,1724605.10002917,865476.413506241,338797.848749046,1772323.10014848,1742774.49306359,1294560.87442049,2652006.82469962,0.5033916224096,0.144222616732443,0.811300292742417,TRUE,TRUE,"Partial mediation"
"106","GK000024.2_42653534_G_A","DMD301505","Kappa-casein
(Uniprot:P02668)",-0.453076309410782,-0.49184396926805,0.000314110286428381,7.61442778890342e-05,0.0324043186472242,0.0722734015172446,-0.0890949745524232,-0.176232188269141,-0.013047568563618,1611162.44318429,974902.230808145,2201410.71297702,-343273.712972726,-590598.214816222,-130743.219044424,-143546.476875324,-280125.189798909,-20301.149027602,-343273.712972726,-590598.214816222,-130743.219044424,-486820.18984805,-757469.194953161,-233075.217500537,0.294865496273129,0.0591825043479983,0.563282883264029,TRUE,TRUE,"Partial mediation"
"107","GK000024.2_61127327_T_C","DMD301505","Kappa-casein
(Uniprot:P02668)",0.430923890709874,0.537774710069607,0.00114229537132596,2.74595215096364e-05,0.085566673997034,0.0353707386006825,0.49645358300369,0.21932236057651,0.980556802778798,1696071.47921632,710581.895999482,2423782.27213028,227343.485243234,-263901.94636725,2061579.05312768,842020.762887312,257081.310014782,1727617.66244594,227343.485243234,-263901.94636725,2061579.05312768,1069364.24813055,717287.26487645,3182917.96806144,0.787403136358192,0.185067554235282,1.28759959480947,TRUE,FALSE,"Mediated-only"
"108","GK000025.2_11224645_T_G","DMD301505","Kappa-casein
(Uniprot:P02668)",0.443970409736992,0.505538026814686,0.000541426734174823,6.04294841252875e-05,0.0491795117428156,0.0621695706408185,0.147452977181403,0.046443292953113,0.280059287483952,1537218.35316519,863445.389242558,2095353.22320957,406377.906124078,196798.411103797,726990.103624829,226667.422752101,62695.1969866891,461975.379628233,406377.906124078,196798.411103797,726990.103624829,633045.328876178,362068.807325639,1047164.36000381,0.35805875568894,0.125600128627606,0.616562786530948,TRUE,TRUE,"Partial mediation"
"109","GK000025.2_25267703_T_C","DMD301505","Kappa-casein
(Uniprot:P02668)",-0.519868874417629,-0.499756402038735,2.88620162934283e-05,6.49546893858423e-05,0.00480069205962413,0.0652892576170293,-0.278550222431066,-0.484450800387265,-0.115220198177995,1555514.66695139,929864.247831956,2144037.23674789,-1158269.09116728,-1684671.99167689,-601590.540384148,-433288.956474097,-847610.344353398,-133916.612942384,-1158269.09116728,-1684671.99167689,-601590.540384148,-1591558.04764138,-2227093.3899228,-1038696.59936749,0.272242006577274,0.0911743201902131,0.529862011187731,TRUE,TRUE,"Partial mediation"
"110","GK000026.2_20494118_C_G","DMD301505","Kappa-casein
(Uniprot:P02668)",0.482486779088722,0.514798729577957,0.000144236539223943,4.18477645157547e-05,0.0176140388220308,0.0483464444896314,0.0960432527374463,0.000426647295566331,0.192429706754713,1563647.94266167,756008.759478248,2203515.97470117,392944.328594214,199454.934120204,648890.349453947,150177.834549442,847.204909233969,295017.083001271,392944.328594214,199454.934120204,648890.349453947,543122.163143657,297313.4053742,814024.723398536,0.276508389346874,0.00222180942744071,0.524574170072292,TRUE,TRUE,"Partial mediation"
"111","GK000028.2_26801804_T_A","DMD301505","Kappa-casein
(Uniprot:P02668)",0.479591164810441,0.504914018455404,0.000139437430570327,5.30114782571038e-05,0.0171493342580051,0.0566880358831501,0.216646016268811,0.122169382137172,0.313979973065351,1494902.16610515,746267.674067932,2292039.77072758,374272.246445373,47517.5058303763,719953.08425763,323864.598998297,127108.682007164,595332.723036106,374272.246445373,47517.5058303763,719953.08425763,698136.84544367,391749.753438221,1026564.12177228,0.463898447864443,0.186358375198338,0.916225573427548,TRUE,TRUE,"Partial mediation"
"4468","GK000001.2_144225421_C_T","DMD302652","Octadecanoic acid",0.409188875249124,0.517717965503773,0.00129115726639372,2.67789702335732e-05,0.093559668819926,0.0345752791214279,0.516002512256034,0.231883047865301,0.754664391855243,215850.118133399,558.519168984077,472284.607223538,292625.879085579,109987.926649896,515969.621365844,111379.203227596,344.148513124814,272678.222386388,292625.879085579,109987.926649896,515969.621365844,404005.082313175,248585.881789737,618410.825602029,0.275687628952294,0.000758601675594773,0.678036842510809,TRUE,TRUE,"Partial mediation"
"4469","GK000003.2_9047682_A_G","DMD302652","Octadecanoic acid",0.438606115153738,0.491497845242565,0.000573404789907214,8.9328995656516e-05,0.0513385347451446,0.0801689510324809,0.439757086094404,0.136753912717625,1.12636379901015,260090.199919235,57711.652303551,474749.404104987,447887.026834817,175871.524191037,834935.5881324,114376.508438194,17078.112170168,334147.386647784,447887.026834817,175871.524191037,834935.5881324,562263.535273011,302735.682962216,1000586.71421842,0.203421529697204,0.0331756871875065,0.54507552211021,TRUE,TRUE,"Partial mediation"
"4470","GK000003.2_10647903_G_A","DMD302652","Octadecanoic acid",0.43175809666874,0.510948283894111,0.00089187633270447,5.72680022392233e-05,0.0714092901522641,0.0601455960048228,0.26427060788504,0.128053553438856,0.48099785686273,210427.751128853,-29202.642953901,403018.679683893,176785.76028649,84558.6699212821,342012.785526263,55609.8697067039,-7641.35842266582,154365.72091373,176785.76028649,84558.6699212821,342012.785526263,232395.629993194,143746.178794592,412661.912940274,0.239289653201881,-0.0390479053319646,0.582696684710802,FALSE,TRUE,"Direct-only"
"4471","GK000004.2_7403951_G_A","DMD302652","Octadecanoic acid",0.441929858078443,0.572044628351383,0.000649875619562173,4.1103600978458e-06,0.056391979823284,0.00717095924541334,0.218191315823281,-0.0945397352882052,0.596582692161708,312355.324248063,165001.227474459,531020.800321774,393534.184620156,227721.168440443,604432.300963493,68153.2192020924,-34678.0110703692,206779.985033411,393534.184620156,227721.168440443,604432.300963493,461687.403822249,281595.410349243,691844.281771622,0.147617670826323,-0.0725608670252957,0.392078927579762,FALSE,TRUE,"Direct-only"
"4472","GK000007.2_39413203_C_A","DMD302652","Octadecanoic acid",-0.458142241389531,-0.494670088550917,0.000298783296798427,7.91145956656349e-05,0.031150974854674,0.0737117631549885,-0.105711052553153,-0.225897154218629,-0.00547696579421888,319566.403331225,106217.901503077,523855.284395118,-97301.980559447,-222490.167880228,6555.59903457695,-33781.7008567693,-79583.4394749344,-1741.25166134446,-97301.980559447,-222490.167880228,6555.59903457695,-131083.681416216,-264082.925889397,-24945.8370982416,0.257710956022861,0.0109727050553183,1.08047853734609,TRUE,FALSE,"Mediated-only"
"4473","GK000007.2_47852127_G_T","DMD302652","Octadecanoic acid",0.467680037624418,0.522243439324076,0.000187853439334216,2.21089516493617e-05,0.0217271768077189,0.0291577444426224,0.353083794288945,0.202887791305728,0.476492499015546,113307.050135141,-129546.810377285,369798.219616516,239248.518110564,102740.995264684,400635.859859649,40006.8831814032,-43399.7902700447,133258.198748972,239248.518110564,102740.995264684,400635.859859649,279255.401291968,166856.707641002,404581.50256956,0.143262701442165,-0.15897361257613,0.504884054909861,FALSE,TRUE,"Direct-only"
"4474","GK000007.2_54192259_G_T","DMD302652","Octadecanoic acid",0.445794831210465,0.504162341931815,0.00035748006165233,4.0086829144628e-05,0.0357880559924337,0.0466503625661311,0.530706055662948,0.210283603236693,0.867988923399265,206220.671569987,1723.30537748127,448250.443214236,381170.6244582,145613.607731295,684338.906584604,109442.559205072,473.148738927764,282065.652430696,381170.6244582,145613.607731295,684338.906584604,490613.183663272,280270.996350147,762788.054612032,0.22307300914316,0.000748733774126075,0.61847320706531,TRUE,TRUE,"Partial mediation"
"4475","GK000007.2_54251016_G_A","DMD302652","Octadecanoic acid",0.47474019089114,0.566292070323732,0.000218353487030321,5.38812169907062e-06,0.0244806790352792,0.00875795326855634,0.311403922396987,0.150779151919862,0.580661469007667,229049.466967509,-49604.7359163384,504632.423718208,303290.196869442,31999.6408275752,546207.997681077,71326.9024366213,-14384.1704612589,201667.434593663,303290.196869442,31999.6408275752,546207.997681077,374617.099306063,162436.51780282,588102.209184746,0.190399484083205,-0.0417322728450897,0.827583886213617,FALSE,TRUE,"Direct-only"
"4476","GK000010.2_15769567_G_A","DMD302652","Octadecanoic acid",0.437015268982524,0.501407683947763,0.000758200808485502,8.26884467823645e-05,0.063286532154687,0.0762420369194744,0.24491620400669,0.00555728052977879,0.492409197603722,286656.469610442,81688.5186148777,483657.842461514,351571.180748816,146134.678213494,617904.587388295,70206.8143909484,-3567.36940405466,166141.430584196,351571.180748816,146134.678213494,617904.587388295,421777.995139764,214596.661829695,691059.414121983,0.166454426736236,-0.0104354672822364,0.438346314549639,FALSE,TRUE,"Direct-only"
"4477","GK000011.2_14683783_T_C","DMD302652","Octadecanoic acid",0.462339665452965,0.532943109389724,0.000379861783229231,2.80371881135271e-05,0.0375289407990072,0.0357235396059114,0.303350199532027,0.11897758426159,0.455863030587878,187701.835607253,-45909.8997926011,440288.309911364,260610.181377137,94994.8235611888,432852.488410606,56939.3892839878,-15258.7604974125,146076.431519621,260610.181377137,94994.8235611888,432852.488410606,317549.570661125,182506.619001981,461928.657017223,0.179308664047136,-0.0496470464067926,0.569706524873061,FALSE,TRUE,"Direct-only"
"4478","GK000011.2_24836476_T_C","DMD302652","Octadecanoic acid",-0.449837420771028,-0.488403775846041,0.00035096082388457,8.69509951755492e-05,0.0352933110669969,0.0791866720185884,-0.152558213585649,-0.290382874303826,-0.0387290073944574,261329.33673243,51823.3210899588,510743.989101895,-193881.831479012,-320008.631902003,-81925.2441339174,-39867.936769422,-86484.4572423024,-5129.97217629059,-193881.831479012,-320008.631902003,-81925.2441339174,-233749.768248434,-367648.845757204,-122985.034133933,0.170558187364915,0.022324516128773,0.4183113402463,TRUE,TRUE,"Partial mediation"
"4479","GK000011.2_99453894_C_T","DMD302652","Octadecanoic acid",0.43014706880936,0.480174580213476,0.000603007748400341,0.000103360611736202,0.0532799297962079,0.0893166728622819,0.399959452096633,-0.0301377410530264,0.999198798543556,288082.04008753,118952.248219328,484582.218365551,521164.692712379,303223.319407064,929268.012688535,115221.134912289,-9218.3715658018,302995.976032305,521164.692712379,303223.319407064,929268.012688535,636385.827624667,374287.650800362,1078856.59639809,0.181055469670586,-0.0199267656530791,0.415970830564036,FALSE,TRUE,"Direct-only"
"4480","GK000015.2_81801173_C_T","DMD302652","Octadecanoic acid",0.444299400968179,0.537320442860561,0.000423189029643252,1.14431456339664e-05,0.0408074985576761,0.0163626069547528,1.11987690853417,0.62533579989123,1.60579454116472,182824.33652532,-17164.839832398,408664.071491521,702987.731459076,236048.551777625,1479929.18958059,204740.752792787,-16948.549871885,492445.116576695,702987.731459076,236048.551777625,1479929.18958059,907728.484251863,496031.396551893,1644419.27904022,0.225552856768102,-0.0194396819463707,0.607934870352197,FALSE,TRUE,"Direct-only"
"4481","GK000017.2_73020643_C_T","DMD302652","Octadecanoic acid",0.419690014929114,0.525832444225793,0.00128227300334071,3.15741210062485e-05,0.0931064341481547,0.0395994093848448,0.402815403377639,-0.0189681285743626,0.767212618589421,256310.062216102,33722.4661492798,494867.223919025,373291.991761586,109567.163757848,746916.68338539,103245.641101327,-11015.3866071461,232922.307526445,373291.991761586,109567.163757848,746916.68338539,476537.632862913,205225.026018833,815569.511716302,0.216657896420592,-0.0227664017717195,0.573380109402878,FALSE,TRUE,"Direct-only"
"4482","GK000017.2_74363745_C_T","DMD302652","Octadecanoic acid",0.407199313827971,0.517055376802174,0.0013705764404549,2.75346819271745e-05,0.0977510309049641,0.0354571490984786,0.617893049000546,0.533564595804666,1.02228891506969,211840.158203082,-6139.01988111935,471133.263808252,301346.917671325,112167.429026074,1294120.01268728,130894.56125286,-3868.55499470971,335618.338144631,301346.917671325,112167.429026074,1294120.01268728,432241.478924185,308885.837848351,1458096.1506598,0.302827395414819,-0.00599334903205814,0.705140910347648,FALSE,TRUE,"Direct-only"
"4483","GK000018.2_60428076_G_A","DMD302652","Octadecanoic acid",0.432494356559311,0.550359423068325,0.000779877707963755,9.19901631383148e-06,0.064686540719823,0.0136124248209528,0.667419965751415,0.235418154578153,1.10175978059136,218221.977664091,35347.9785509587,459809.187357642,470854.996041084,169724.997805006,881318.606100715,145645.704858774,18745.543113523,359150.167698008,470854.996041084,169724.997805006,881318.606100715,616500.700899858,360129.917903589,1023371.34209539,0.23624580579744,0.0330237105226959,0.604076849582144,TRUE,TRUE,"Partial mediation"
"4484","GK000021.2_20194270_T_G","DMD302652","Octadecanoic acid",0.463892831064592,0.512540083188466,0.000278526479323022,4.58162067589047e-05,0.0295205140458198,0.0511695215504267,0.523493580652813,0.203258710699658,0.855495738718075,191535.231511472,-11244.5704237817,375443.036154901,429904.845673097,217255.909988343,677454.582907805,100267.464165106,-5067.73843950468,232782.10934905,429904.845673097,217255.909988343,677454.582907805,530172.309838203,309282.347709999,784751.808296523,0.189122408516027,-0.011200022715865,0.441700923602156,FALSE,TRUE,"Direct-only"
"4485","GK000021.2_20248293_G_A","DMD302652","Octadecanoic acid",0.471046627893956,0.522356591021303,0.000190041460970364,2.60129302741026e-05,0.0219384105852758,0.0337327824999109,0.592961637663851,0.0327848384986517,0.974096543788031,214236.700585097,64974.6243784839,464943.421197967,526393.104664837,167677.051498252,1053370.68438785,127034.144826639,3414.64053506794,355642.527122449,526393.104664837,167677.051498252,1053370.68438785,653427.249491476,378898.599298941,1130296.73476313,0.194412071007908,0.00379250713175839,0.632986666002706,TRUE,TRUE,"Partial mediation"
"4486","GK000025.2_42448029_A_G","DMD302652","Octadecanoic acid",0.486293037465609,0.4980043896645,9.42617217004975e-05,5.98240685317952e-05,0.0125803052153075,0.0616357939324713,0.2686408632124,0.0494748884876387,0.635711501155125,288256.965194082,73418.4257474822,482411.315120313,513413.157153778,268149.087793151,750934.879457354,77437.5999567248,5283.47842734077,209392.776470143,513413.157153778,268149.087793151,750934.879457354,590850.757110503,351849.553921671,861022.771496142,0.131061184275071,0.00994836836989522,0.366084504191864,TRUE,TRUE,"Partial mediation"
"4487","GK000005.2_45252815_G_C","DMD302653","9-octadecenoic acid",0.456668784161538,0.569964037357525,0.000356105971041197,3.69527453928702e-06,0.0356884585170235,0.00650947321085431,-0.0260413501996617,-0.0995065260807507,0.0406321749955541,257800.285165423,-27188.9354899034,625083.268269516,280222.820142377,188118.453137227,399986.894182193,-6713.46750756542,-37980.6182392234,11431.2926385345,280222.820142377,188118.453137227,399986.894182193,273509.352634812,184228.782542651,385868.375107044,-0.0245456597476182,-0.134352839298491,0.042260231503005,FALSE,TRUE,"Direct-only"
"4488","GK000005.2_79283762_C_T","DMD302653","9-octadecenoic acid",0.418530241169993,0.509141435283909,0.0013268768217322,6.144551133168e-05,0.0954551160914861,0.0629476408128554,-0.0471252823717343,-0.139673784430268,0.0374412189649787,277375.225112787,-9992.88537972291,701733.691098781,280002.350090962,181138.237157527,400809.175237843,-13071.3858063634,-61138.1718466849,9463.8753663533,280002.350090962,181138.237157527,400809.175237843,266930.964284598,173874.413617775,380238.957118546,-0.048969162649961,-0.241378156788483,0.0354273077876595,FALSE,TRUE,"Direct-only"
"4489","GK000006.2_93488447_G_C","DMD302653","9-octadecenoic acid",-0.543205379970801,-0.512756409302804,2.19354219417483e-05,7.36346588912107e-05,0.00382401759772164,0.070578939393251,-0.128268707853508,-0.24990304157235,-0.0195382560281792,-41426.3441105405,-305483.205191463,222077.675836214,-472037.528725222,-871518.824897432,-283928.094363373,5313.70363015383,-28389.5529195578,58609.1954899725,-472037.528725222,-871518.824897432,-283928.094363373,-466723.825095068,-856398.658846881,-278666.904742698,-0.0113851133035076,-0.111701856702287,0.0606790794801857,FALSE,TRUE,"Direct-only"
"4490","GK000003.2_94308770_G_T","DMD302654","Octadecadienoic acid-(9Z,12Z)",0.483814342688344,0.535547365137299,0.000137416435182394,1.76538044948127e-05,0.0169492778224136,0.0238331984109221,-0.116792868275187,-0.277897997384516,-0.00707034194694006,62080.789106188,2370.18263895684,147593.262873636,112469.388508024,73792.2731344934,170796.784935696,-7250.59342449865,-23514.1465686844,308.479918136539,112469.388508024,73792.2731344934,170796.784935696,105218.795083525,70056.6652496953,154156.370672583,-0.0689096792901208,-0.20165049064147,0.00332112717536375,FALSE,TRUE,"Direct-only"
"4491","GK000007.2_14394693_T_C","DMD302654","Octadecadienoic acid-(9Z,12Z)",0.429462450881987,0.50836262549912,0.00119249691498784,8.6878438026208e-05,0.0882461110085896,0.0791866720185884,-0.254776535802901,-0.499106669590051,0.820671872046817,48936.2555249069,-8417.07520810379,131440.628054751,302064.567054422,234542.451115394,809805.695423392,-12467.8096578013,-33217.8246345254,28312.3152071462,302064.567054422,234542.451115394,809805.695423392,289596.757396621,227924.660093227,867434.284461641,-0.043052310978489,-0.108927787161873,0.0401867680152733,FALSE,TRUE,"Direct-only"
"4492","GK000011.2_47349901_C_T","DMD302654","Octadecadienoic acid-(9Z,12Z)",0.500310090397057,0.507913905512249,7.40151975420043e-05,5.50487722765492e-05,0.0103645378817823,0.0583827638686536,0.0658230761454487,-0.552943773186495,0.474211032251194,24798.4409873161,-34290.1875302096,89097.8002561431,307596.805686901,223056.065151424,610879.898505511,1632.30966939653,-18117.9533769691,25254.8909484814,307596.805686901,223056.065151424,610879.898505511,309229.115356298,222509.698708299,620957.418913925,0.00527864159076922,-0.0446461327017511,0.0645983640271202,FALSE,TRUE,"Direct-only"
"4493","GK000012.2_74609455_A_G","DMD302654","Octadecadienoic acid-(9Z,12Z)",0.461723657106447,0.505408767324633,0.000501195026949964,0.000113375652300284,0.0463899288043521,0.0944324380059794,0.206062448064404,-0.0237251742350059,0.420531062284852,-4469.86500235514,-80918.2387458346,79906.0655087557,119831.421753569,63191.9001476539,185790.76042809,-921.071324902701,-24372.750946536,15973.5212210718,119831.421753569,63191.9001476539,185790.76042809,118910.350428666,63800.2682696319,184674.602778242,-0.00774593062405655,-0.21909726049284,0.141382169408311,FALSE,TRUE,"Direct-only"
"4494","GK000021.2_29761662_T_C","DMD302654","Octadecadienoic acid-(9Z,12Z)",0.484778374511864,0.497155223543644,0.000152923302718172,9.7060482440577e-05,0.0184447511975032,0.0849716087227344,-0.0457890224538324,-0.170470445598881,0.0940397341843415,40565.8738068334,-23671.9580193884,117348.373533684,108932.639214071,66164.318315667,168724.996589359,-1857.47170660043,-8998.27008556344,6013.16937915957,108932.639214071,66164.318315667,168724.996589359,107075.16750747,66372.8135211303,165682.872121405,-0.0173473621367049,-0.0815044179675975,0.0519092660472,FALSE,TRUE,"Direct-only"
"4495","GK000003.2_11997009_C_T","DMD302269","Octadecatrienoic acid-(9Z,12Z,15Z)",0.50861093940737,0.549468242730048,5.35560292503949e-05,9.57539187923447e-06,0.00798844288275609,0.0141288915668804,0.0577161848423038,-0.0446034290560022,0.176306490492765,2244.56997948802,-6359.06911796433,14445.8879575468,11348.4791388452,5497.69278561641,19578.3068742415,129.548015827617,-359.693541599909,1225.30370099397,11348.4791388452,5497.69278561641,19578.3068742415,11478.0271546728,5739.09230111322,19948.0077730077,0.011286609979388,-0.0385723750336733,0.120369836900277,FALSE,TRUE,"Direct-only"
"4496","GK000003.2_110010509_C_T","DMD302269","Octadecatrienoic acid-(9Z,12Z,15Z)",0.458859923564456,0.55108067222171,0.000330720323799578,8.9045167554294e-06,0.0337095407505159,0.0133852127867907,0.131057787779432,-0.0912927995087035,1.00010204455365,2324.67469192803,-7084.56250040369,14699.9918912774,25049.8955738195,18824.2021857396,44209.6088606913,304.66672243092,-2019.13461418596,5454.22916674996,25049.8955738195,18824.2021857396,44209.6088606913,25354.5622962504,19416.6905084731,45033.0468142586,0.0120162485501071,-0.0779351066308633,0.175914252456962,FALSE,TRUE,"Direct-only"
"4497","GK000004.2_22371542_G_T","DMD302269","Octadecatrienoic acid-(9Z,12Z,15Z)",-0.482953014292352,-0.540478032806086,0.000216604416869301,2.45666493531912e-05,0.0243401261490701,0.032033855238354,-0.0863825947233556,-0.196344541846859,0.00459915039120779,536.174597652518,-8267.49092297184,12852.6846301229,-10248.3850230913,-17961.9310356104,-5460.11660355897,-46.3161529699757,-1252.97033871409,904.958916729009,-10248.3850230913,-17961.9310356104,-5460.11660355897,-10294.7011760613,-18131.9372566804,-5578.10099725515,0.00449902840090944,-0.0981125506080921,0.130975288782757,FALSE,TRUE,"Direct-only"
"4498","GK000005.2_45252815_G_C","DMD302269","Octadecatrienoic acid-(9Z,12Z,15Z)",0.472631740671922,0.495148531940203,0.000205390216678323,9.01327993929313e-05,0.0233301498024089,0.0802784837133398,-0.0260413501996617,-0.100849638078346,0.0406082752542298,5811.40235141114,-4270.90317864485,18482.653937811,5658.02789261831,1991.59971379143,9337.14197764639,-151.336763784235,-902.929329935456,468.905538051816,5658.02789261831,1991.59971379143,9337.14197764639,5506.69112883408,1976.23843293173,8960.75638930898,-0.0274823410726284,-0.177396544240713,0.107217777505022,FALSE,TRUE,"Direct-only"
"4499","GK000006.2_93488447_G_C","DMD302269","Octadecatrienoic acid-(9Z,12Z,15Z)",-0.436040191685723,-0.52725980481332,0.000981136907104415,4.19619899516687e-05,0.0766339890983821,0.0484656536476682,-0.128268707853508,-0.251193982013442,-0.0163660363280789,-652.831328193631,-10954.2667059325,10548.1056379397,-10403.0331953193,-23271.5943571299,-3986.09204527693,83.7378309136867,-1335.33691945662,1887.87424251468,-10403.0331953193,-23271.5943571299,-3986.09204527693,-10319.2953644056,-22698.89635346,-4130.44941709789,-0.00811468496216556,-0.177460429811136,0.170240577304141,FALSE,TRUE,"Direct-only"
"4500","GK000007.2_16540243_C_A","DMD302269","Octadecatrienoic acid-(9Z,12Z,15Z)",-0.502689185463518,-0.561333565463598,4.25753135779891e-05,3.07507893667827e-06,0.00661959546214443,0.00575560066416016,-0.0157670947403266,-0.160341670923836,0.124042073661677,3545.97523194564,-5559.76060452215,20160.6623236769,-10818.7320656373,-15392.0112960369,-7554.15237393309,-55.9097274289384,-831.955949916142,1397.29511483508,-10818.7320656373,-15392.0112960369,-7554.15237393309,-10874.6417930662,-15004.0511452554,-7751.67436052542,0.00514129370813731,-0.123520529564978,0.0814728682606741,FALSE,TRUE,"Direct-only"
"4501","GK000011.2_2348655_G_A","DMD302269","Octadecatrienoic acid-(9Z,12Z,15Z)",0.439928541383063,0.493969982409236,0.000549321329259531,8.12718043690455e-05,0.0497276020174649,0.0751312968873495,-0.0703629953139641,-0.201368212319023,0.0759004506309024,7901.5852576592,-889.628330530311,24317.1617226484,7440.58114241394,3046.20146137624,13221.9715412247,-555.979206457562,-3508.81025790903,598.529048168703,7440.58114241394,3046.20146137624,13221.9715412247,6884.60193595638,2840.87975551859,11113.1058244063,-0.0807569139987362,-0.479283564604525,0.113530906014504,FALSE,TRUE,"Direct-only"
"4502","GK000014.2_20837773_G_C","DMD302269","Octadecatrienoic acid-(9Z,12Z,15Z)",-0.431597721922266,-0.49895776881809,0.000575077747046412,4.95307273834041e-05,0.0514410170645764,0.0545139724089811,0.0986683203826201,-0.0340689701809367,0.266270764417749,8274.73146944488,-3130.77081832957,22175.5600402338,-12493.2439836955,-18996.2562061207,-7895.98162840678,816.453855707337,-446.613696242919,3679.84601144433,-12493.2439836955,-18996.2562061207,-7895.98162840678,-11676.7901279881,-17342.8769273245,-7116.65869553078,-0.0699210867677047,-0.33054227581812,0.0367781492528221,FALSE,TRUE,"Direct-only"
"4503","GK000016.2_52266533_T_C","DMD302269","Octadecatrienoic acid-(9Z,12Z,15Z)",-0.468793497480784,-0.48617206611592,0.000180460530950799,9.46973567618099e-05,0.0210258491079563,0.0832651013922458,-0.00222100374184835,-0.170289890634667,0.138885752906968,4271.63135286032,-4365.97205794198,17808.8676741872,-10447.0610061097,-16139.0003522152,-5563.94648770565,-9.4873092184995,-954.692576003883,1430.1797944322,-10447.0610061097,-16139.0003522152,-5563.94648770565,-10456.5483153282,-16063.0279935702,-5818.65200194217,0.000907307931106874,-0.146266598447588,0.106333939948365,FALSE,TRUE,"Direct-only"
"4504","GK000019.2_22633583_T_C","DMD302269","Octadecatrienoic acid-(9Z,12Z,15Z)",0.485190485682775,0.497864014639723,9.83011723012136e-05,6.01569049575003e-05,0.0129916475607873,0.0619323550383716,-0.0103351777329971,-0.122647552749233,0.131771485453158,4831.61219582736,-3748.04009798851,15174.4673931882,11152.0758522769,5848.81213943298,17776.1022922394,-49.935570780792,-766.45264499193,1221.66587174508,11152.0758522769,5848.81213943298,17776.1022922394,11102.1402814961,6042.7797253159,17781.2168212922,-0.00449783280652825,-0.0683253997524891,0.106646668726199,FALSE,TRUE,"Direct-only"
"4505","GK000021.2_48798280_A_T","DMD302269","Octadecatrienoic acid-(9Z,12Z,15Z)",-0.450293241409344,-0.503733908567167,0.000345547258454028,4.76019849847584e-05,0.0348588095644487,0.0526600336095822,-0.0777876983377652,-0.16102495683382,0.0131113675389556,469.491428479525,-10362.3455607426,11495.1268908559,-7838.60888488434,-12495.5309075717,-4390.33454844136,-36.5206576107317,-945.974767580738,1210.57794165822,-7838.60888488434,-12495.5309075717,-4390.33454844136,-7875.12954249507,-12525.6897985938,-4229.26950365976,0.00463746753798299,-0.220048326977272,0.117592993766358,FALSE,TRUE,"Direct-only"
"4506","GK000025.2_41529821_C_T","DMD302269","Octadecatrienoic acid-(9Z,12Z,15Z)",-0.446964726658588,-0.50503137688637,0.000435913705571868,5.27649482157387e-05,0.0417484543392376,0.0564689570399183,0.0686947901664476,-0.032595772579705,0.211732569181247,8394.67139667954,-615.74034189603,19690.6563812049,-9077.21451566837,-15318.1381405415,-4224.29571169729,576.67019011118,-353.641557822412,2353.4731982423,-9077.21451566837,-15318.1381405415,-4224.29571169729,-8500.54432555719,-14227.4045627915,-3834.03349523469,-0.0678392074702088,-0.282055833910779,0.0443033854603392,FALSE,TRUE,"Direct-only"
"4507","GK000009.2_88068849_C_T","DMD302277","Icosatetraenoic acid-(5Z,8Z,11Z,14Z)",0.418172300352675,0.509017663915898,0.00108902608229994,4.4992618645563e-05,0.0826093553067612,0.050368234715362,-0.0765298886299542,-0.180251111842658,0.00600080473660088,-780.275808586408,-6481.77261780828,7802.5974802608,5856.95310545518,2490.87207813708,9983.24430897465,59.7144207317652,-513.865344287198,769.669176639473,5856.95310545518,2490.87207813708,9983.24430897465,5916.66752618694,2676.85588401385,10036.0718290716,0.0100925766856886,-0.096700729820638,0.156098293553414,FALSE,TRUE,"Direct-only"
"4508","GK000011.2_13589121_G_C","DMD302277","Icosatetraenoic acid-(5Z,8Z,11Z,14Z)",-0.473733174586095,-0.527791752951238,0.000172563676660782,2.06696390768901e-05,0.0202842736690947,0.0274782138925863,-0.0123429010537235,-0.0871966162725659,0.0697116832197171,-3709.76070813581,-9475.44614866589,3937.95817888533,-5247.03897033971,-7546.50533750729,-3157.32213884402,45.7892093535114,-322.432628047851,580.364500807937,-5247.03897033971,-7546.50533750729,-3157.32213884402,-5201.2497609862,-7583.3415220868,-3071.6676831077,-0.00880350136172455,-0.137238746536452,0.0652902815818105,FALSE,TRUE,"Direct-only"
"4509","GK000012.2_74568099_T_C","DMD302277","Icosatetraenoic acid-(5Z,8Z,11Z,14Z)",0.444778150610858,0.532490179893495,0.000468641379626411,1.68895577393298e-05,0.0440964218788082,0.0230806837464493,0.126622006743839,-0.0583200364587235,0.494317350642843,-4867.34649843774,-10599.3658803246,1963.07751311939,16206.1403826964,9800.17523305167,37217.2082354481,-616.313181149784,-3312.29255124783,603.880672507132,16206.1403826964,9800.17523305167,37217.2082354481,15589.8272015466,8836.54720322318,35981.8359848086,-0.0395330347913441,-0.232068194100661,0.0293774037377083,FALSE,TRUE,"Direct-only"
"4510","GK000013.2_38887926_G_A","DMD302277","Icosatetraenoic acid-(5Z,8Z,11Z,14Z)",0.522560686343729,0.567013541195385,2.5791133696034e-05,3.4755334694236e-06,0.00436999339497291,0.00622771289792693,0.00647540689398422,-0.255280689486313,0.547811467177042,-3244.84218894416,-8887.38412299678,4419.93080970473,23902.165498884,14741.8470423635,39514.2806370442,-21.0116734801799,-3001.42644932713,1388.38441863854,23902.165498884,14741.8470423635,39514.2806370442,23881.1538254038,14491.7766177031,38574.5261162912,-0.000879843312169806,-0.134990923848284,0.064566747930463,FALSE,TRUE,"Direct-only"
"4511","GK000018.2_48976052_G_A","DMD302277","Icosatetraenoic acid-(5Z,8Z,11Z,14Z)",0.548260453602482,0.521497180888781,1.01083274410636e-05,3.18661642840913e-05,0.00200508762837098,0.0398643632723328,-0.150212897929857,-0.432821262919736,0.165202145708681,-928.14781407103,-6257.8845405343,7593.56037770038,20014.6040013703,14031.9363352267,35600.6640389947,139.419772858871,-1242.70735352195,1420.75914336208,20014.6040013703,14031.9363352267,35600.6640389947,20154.0237742292,14439.034376767,35579.4365320061,0.00691771402180968,-0.0564451672750218,0.074008057877848,FALSE,TRUE,"Direct-only"
"4850","GK000003.2_105823265_G_A","DMD302599","Citric acid",0.440028279879173,0.485287872371595,0.000547542646136358,0.000112912263219252,0.0495975825895981,0.0941221681613831,0.133291644035133,0.0108251960146216,0.352907599833779,33325.7784043487,-16671.6390968616,82646.2476803633,37174.2698257186,14299.0096678932,68298.4114521381,4442.04779226615,-2387.72549930505,16046.733389898,37174.2698257186,14299.0096678932,68298.4114521381,41616.3176179847,21122.0644115962,72694.6447130897,0.106738126929964,-0.0522000871229477,0.4523810752712,FALSE,TRUE,"Direct-only"
"4851","GK000004.2_44854758_T_C","DMD302599","Citric acid",0.532723658972202,0.52267482300367,1.99207562357533e-05,3.03574712594263e-05,0.0035366759913983,0.0382498548587417,-0.0254992402623168,-0.184152914756189,0.141627981649611,60120.1251015175,28746.8633564754,107446.024786188,49290.5881989748,33271.2768148989,70015.3855036232,-1533.01751456414,-13461.7704612054,7491.68551282402,49290.5881989748,33271.2768148989,70015.3855036232,47757.5706844106,30730.0757578864,65901.6735136541,-0.0320999894382097,-0.345193079536856,0.145506994691803,FALSE,TRUE,"Direct-only"
"4852","GK000009.2_43930488_C_T","DMD302599","Citric acid",-0.490181855589302,-0.503116308831713,0.000168244780517209,0.000105536688368443,0.0198849741282123,0.0898339242755453,0.0453498020614546,-0.0306178624131248,0.117529406256415,66873.2029844781,33969.8847138951,111570.836586908,-27049.5056205966,-41913.5444904243,-12453.2916676796,3032.68651856156,-2208.29812633837,8296.29224822587,-27049.5056205966,-41913.5444904243,-12453.2916676796,-24016.819102035,-39747.225917059,-8965.98268134796,-0.126273446357623,-0.592529351663737,0.0906929750481554,FALSE,TRUE,"Direct-only"
"4853","GK000009.2_82755109_A_G","DMD302599","Citric acid",0.500391894622534,0.495582606492324,5.44167866873352e-05,6.58110581117127e-05,0.00808880312268817,0.065557618654987,0.23675619294976,-0.0523235199454824,0.56055570208684,32394.3461223202,-9975.10305233838,85592.2144449338,78103.2209621732,34669.6497206375,118749.134700991,7669.56206101736,-3914.18967359123,26238.8606372629,78103.2209621732,34669.6497206375,118749.134700991,85772.7830231906,45860.0763933668,121640.739595292,0.0894171996138184,-0.0439803362819111,0.373974457840405,FALSE,TRUE,"Direct-only"
"4854","GK000018.2_10484399_T_G","DMD302599","Citric acid",0.494526269988219,0.534214186451072,7.95533935334458e-05,1.56712548122455e-05,0.0109895783931065,0.021555640138987,0.147230744333799,-0.00251634719207401,0.296428719367826,36908.8328328302,-1160.89682313384,75832.894205135,40083.8377617041,11220.3946087144,67433.3406645869,5434.11493046935,-598.728140156315,16587.985136917,40083.8377617041,11220.3946087144,67433.3406645869,45517.9526921734,17065.6018977251,72494.2354431085,0.1193839926681,-0.0157779213858412,0.430955612867801,FALSE,TRUE,"Direct-only"
"4855","GK000018.2_48455070_A_G","DMD302599","Citric acid",0.491920360742765,0.488199644222231,0.000101789734997353,0.000116932085158707,0.0133706534319574,0.0968336559454857,0.056614850000728,-0.0368135254800142,0.148162832235877,38158.2942760162,-12750.0783293596,81501.1765134843,31748.6641520765,19254.0586037879,46017.6381851596,2160.32610672029,-2306.56055675987,6716.30211975794,31748.6641520765,19254.0586037879,46017.6381851596,33908.9902587968,21095.4402011415,47875.7029545417,0.0637095380969021,-0.0728114511577676,0.205388340879894,FALSE,TRUE,"Direct-only"
"4856","GK000019.2_42186986_G_C","DMD302599","Citric acid",0.463009115568421,0.498309002853808,0.000326586359617996,9.29500896539383e-05,0.0333971211064207,0.0823423773925942,0.834460630495085,0.472961495266905,1.62703020125248,8381.50740558857,-27828.3491747572,57211.0718505333,131162.403910695,75809.0331430161,217373.131484119,6994.03795416666,-28911.4032367427,54519.8202356198,131162.403910695,75809.0331430161,217373.131484119,138156.441864862,95724.9911706514,215013.016535475,0.0506240451748744,-0.190577753540091,0.390181758110435,FALSE,TRUE,"Direct-only"
"4857","GK000021.2_30997013_C_T","DMD302599","Citric acid",0.493052117126294,0.528516443246458,9.75541202479436e-05,2.38020536160571e-05,0.0129176904579933,0.0311510452197361,0.476332144233274,0.176365156160761,1.22259470882302,19683.3157426754,-20646.0613438646,66955.8741555555,89485.2408880078,46700.6498242746,173181.231365792,9375.79599332914,-16086.6024737148,44100.8340506355,89485.2408880078,46700.6498242746,173181.231365792,98861.036881337,67219.2935016008,169712.560108285,0.0948381312708961,-0.137737261355178,0.429959632925572,FALSE,TRUE,"Direct-only"
"4858","GK000022.2_17613279_G_A","DMD302599","Citric acid",0.564610305879842,0.578340297890859,3.19451766932251e-06,1.60857272825296e-06,0.000753574995119183,0.00351230092297459,0.126848801268391,0.00343392895864978,0.264713644000134,24698.2698527365,-9736.73282178138,74699.5862070928,45168.1396602398,26628.0340445899,62802.3536660628,3132.94592422286,-1475.11565032857,10935.6345265873,45168.1396602398,26628.0340445899,62802.3536660628,48301.0855844627,32235.505477007,64729.3091590845,0.0648628470004959,-0.0289444009728823,0.260582077695325,FALSE,TRUE,"Direct-only"
"4859","GK000024.2_41161514_C_T","DMD302599","Citric acid",0.505815687933382,0.547876391224306,5.11443128483006e-05,8.53138175897344e-06,0.00769202160972124,0.0128606955460148,0.179591709133545,0.0569263275284878,0.776590448425799,28819.1060453406,-27121.9870957465,70338.0003364921,57284.9700423457,39890.3919379077,134489.464565304,5175.6725103836,-9278.66793912765,31133.2931731462,57284.9700423457,39890.3919379077,134489.464565304,62460.6425527293,44423.1766688874,144332.97651743,0.08286294054715,-0.131684150199282,0.338310870520141,FALSE,TRUE,"Direct-only"
"4860","GK000024.2_58089574_C_T","DMD302599","Citric acid",0.518128461320757,0.492829175631477,2.632045755101e-05,7.32854139264699e-05,0.00444469925157546,0.0705038444156769,0.312296216467719,-0.0688907148147014,0.959801850303457,32965.0899926814,-2258.32789526091,81349.8935461905,125943.78673211,83750.2410460488,171714.222641165,10294.8728802323,-3423.742025233,42244.1680475412,125943.78673211,83750.2410460488,171714.222641165,136238.659612343,103404.262996707,181640.806192488,0.0755649894789451,-0.0249403411018664,0.302073678867695,FALSE,TRUE,"Direct-only"
"4861","GK000029.2_44651349_A_C","DMD302599","Citric acid",0.484455634414056,0.519880000808439,0.000101081133562705,2.44444836829231e-05,0.0132937222696078,0.0319028776187379,0.163107132505141,-0.016740349059605,0.339274339198544,25056.2129022315,-11812.6948653025,69996.8175529237,42189.0104504689,25172.4004075683,64395.7721136784,4086.8470379213,-2721.75401896122,13378.3162630066,42189.0104504689,25172.4004075683,64395.7721136784,46275.8574883902,29808.7262083544,66504.1910308589,0.0883148851201,-0.0537438297689258,0.295599419368005,FALSE,TRUE,"Direct-only"
"4883","GK000001.2_143219245_A_G","DMD302147","Cytidine",0.519820737359666,0.549878250843164,3.4133565960925e-05,9.40049031378409e-06,0.00551282760607479,0.0138867859282098,0.159196903061293,0.0258530631071852,0.403747277401993,82.3873945372551,-377.029984857896,588.366305304197,302.555997401861,-109.077503887178,844.073673697067,13.1158180616199,-101.807833866156,138.098800161547,302.555997401861,-109.077503887178,844.073673697067,315.671815463481,-34.3153868480173,764.882841427371,0.0415489043339608,-0.511061674153354,1.02175338259345,FALSE,FALSE,"Neither"
"4884","GK000003.2_23558109_C_G","DMD302147","Cytidine",0.434293859293011,0.517577374079041,0.000824955500499666,4.40793080742093e-05,0.0673929764649059,0.0494700948251248,0.029573020068779,-0.100376801298563,0.154780548855919,233.599191079257,-139.328516256996,683.89392513681,218.286840845433,-40.0195406846086,563.887605194515,6.9082335658374,-26.2392634150285,68.1666783096725,218.286840845433,-40.0195406846086,563.887605194515,225.195074411271,-14.4227918503081,572.962553141975,0.0306766637054459,-0.319358436335417,0.741067987713636,FALSE,FALSE,"Neither"
"4885","GK000007.2_53894954_A_C","DMD302147","Cytidine",-0.419766767653902,-0.493995965634365,0.00127936917041146,0.000109183692985114,0.0929531709601374,0.0920458992242972,-0.0647102990136428,-0.155468440272919,0.0196416957205823,114.513117083535,-318.721838015356,610.370812636524,-375.89296320331,-675.14123236026,-147.288860113421,-7.41017804745983,-40.3719036961726,36.1334009693309,-375.89296320331,-675.14123236026,-147.288860113421,-383.30314125077,-659.806274913303,-160.426320334811,0.0193324219135784,-0.0850565526172739,0.143091908042445,FALSE,TRUE,"Direct-only"
"4886","GK000015.2_79285285_G_A","DMD302147","Cytidine",-0.431195589180559,-0.501938957212394,0.00113317415641778,0.000110198678752248,0.0850912209967922,0.0924883506457555,-0.05807578107275,-0.216400114208258,0.0954163325562349,186.158607437105,-257.084650917926,740.360251510196,-569.529036275624,-998.677367464631,-224.565383403321,-10.8113065303253,-49.7004668323453,60.5135119266056,-569.529036275624,-998.677367464631,-224.565383403321,-580.340342805949,-991.069630953265,-222.290446179532,0.0186292520662144,-0.121997703253912,0.111299863303471,FALSE,TRUE,"Direct-only"
"4887","GK000021.2_22193909_G_A","DMD302147","Cytidine",-0.414327991166761,-0.482068026149977,0.00110479211201554,0.000110619587530997,0.0835053563574192,0.092763280562249,-0.144806355892149,-0.328669865481719,-0.00086063848238855,9.73801077069881,-491.308621670395,557.397721179766,-563.664950249184,-1086.56823639882,-262.804131679373,-1.4101258533434,-62.2511287514441,117.407670191335,-563.664950249184,-1086.56823639882,-262.804131679373,-565.075076102528,-1059.33217041912,-286.141571287355,0.00249546637779427,-0.198641410491703,0.142496239049799,FALSE,TRUE,"Direct-only"
"4888","GK000023.2_27717308_G_A","DMD302147","Cytidine",0.60285926842506,0.511821700716074,2.25145283956578e-06,0.000105218095127825,0.000558573283360408,0.0896101223022447,0.0508774020781209,-0.0447568723526461,0.147477290126405,102.52652821281,-402.791645631814,712.158821445826,372.744713474777,33.138953402343,696.763691791194,5.21628339955696,-42.1646155698344,45.6971291064457,372.744713474777,33.138953402343,696.763691791194,377.960996874333,54.3513120406862,687.064952672077,0.0138011155719628,-0.131737342248535,0.369947390692508,FALSE,TRUE,"Direct-only"
"4889","GK000024.2_50417613_G_A","DMD302147","Cytidine",0.642915242478214,0.569262764501919,4.00919190289662e-08,2.54063272015285e-06,1.66816099035692e-05,0.00502841356062469,0.13926524539506,0.00959923366655466,0.453002238261757,-59.4171008431424,-506.335014979926,458.117122428647,741.842545090696,183.665805767824,1136.60388334189,-8.27473712958324,-116.753329033481,116.060325070656,741.842545090696,183.665805767824,1136.60388334189,733.567807961113,239.506155495182,1080.27631744174,-0.0112801257631277,-0.170486644605439,0.346012209369978,FALSE,TRUE,"Direct-only"
"4890","GK000025.2_26316640_G_A","DMD302147","Cytidine",-0.405022199137867,-0.478670582205903,0.00132708647660792,0.0001094314179788,0.0954671348427128,0.0922195221582505,-0.0526635217236367,-0.1468487885275,0.091482506725982,161.868978761163,-240.962617474605,621.293628054877,-471.860376047356,-950.640380389623,-251.109526466457,-8.52459047937138,-39.9715710703681,35.9372600341689,-471.860376047356,-950.640380389623,-251.109526466457,-480.384966526727,-945.731962627494,-264.471991762789,0.0177453315015367,-0.0578260238475664,0.106634739269734,FALSE,TRUE,"Direct-only"
"4891","GK000028.2_4560719_A_C","DMD302147","Cytidine",0.528402697225766,0.495559791504755,2.84080093850763e-05,0.000103019223728091,0.00474001933459712,0.0890833085864311,0.145282916276266,-0.0337579033443816,0.344034274193944,94.7150619049251,-427.421125041132,685.718638164688,369.023710556148,-154.851501349388,882.424921977748,13.7604804088346,-79.4155582456138,137.945497202405,369.023710556148,-154.851501349388,882.424921977748,382.784190964982,-85.1840210241636,868.14150348493,0.0359484031306125,-0.907919541665176,1.64943679191333,FALSE,FALSE,"Neither"
"5056","GK000001.2_9811844_T_C","DMD302690","Glutamic acid",-0.460011356638961,-0.525828494458042,0.000318050692527252,2.66360839859566e-05,0.0327153893226454,0.0344101146082918,0.804720971471572,0.626324225022792,1.07394927185789,-9434.19655209909,-13474.0124277647,-5554.5603396513,766.431320771663,-3958.21778428012,4632.88152697406,-7591.89581445893,-12063.1297658681,-4216.23314384895,766.431320771663,-3958.21778428012,4632.88152697406,-6825.46449368727,-11690.8761448808,-3595.93428550596,1.11228998722073,0.582201740932142,1.9382492782898,TRUE,FALSE,"Mediated-only"
"5057","GK000001.2_42090025_G_A","DMD302690","Glutamic acid",-0.555562679185818,-0.53317544024933,1.29649245324265e-05,3.31131645049887e-05,0.00247316525317031,0.0404839594580709,0.548285561246926,0.409949741111185,0.913936181922844,-7698.595027829,-10408.9627553962,-4455.14381327225,-1805.85380231493,-4552.09854842807,1176.91709905547,-4221.02849564602,-7291.53896233867,-2272.37719744733,-1805.85380231493,-4552.09854842807,1176.91709905547,-6026.88229796094,-9320.58085986982,-3156.33254490102,0.700366837605922,0.396742029605297,1.29477933278464,TRUE,FALSE,"Mediated-only"
"5058","GK000001.2_43714480_G_A","DMD302690","Glutamic acid",-0.558665435490563,-0.563522820808002,4.25911420206054e-06,3.36850231180914e-06,0.000963366546910756,0.00622771289792693,0.614248294738739,0.380423790074486,0.900901085571363,-6770.49232848909,-9846.89410023781,-3865.56423212293,-3092.13659559106,-7248.85379101443,-616.361597069855,-4158.76336731614,-7230.07550157557,-1949.07629510419,-3092.13659559106,-7248.85379101443,-616.361597069855,-7250.8999629072,-11466.773461662,-4515.30439768333,0.573551336881044,0.285841950115901,0.90332160945514,TRUE,TRUE,"Partial mediation"
"5059","GK000001.2_53590190_A_G","DMD302690","Glutamic acid",-0.479240088538199,-0.524037845302149,0.000325105981878745,6.68756503730251e-05,0.0332806265735768,0.0659876498719768,0.398117199168312,0.19812504953828,0.66116680809329,-7806.22259397991,-11043.1437522268,-4309.2371581771,-1592.64547620562,-4783.30357177739,353.820835047086,-3107.79147519967,-5502.99419470191,-1301.92245003683,-1592.64547620562,-4783.30357177739,353.820835047086,-4700.43695140529,-7929.73182848319,-2474.06248570556,0.66117076078864,0.277123806872503,1.10643886765255,TRUE,FALSE,"Mediated-only"
"5060","GK000002.2_15104032_A_G","DMD302690","Glutamic acid",-0.537511068114599,-0.495952030398681,1.62207935741023e-05,8.74285531589532e-05,0.00298328699219175,0.0793468161858444,0.620734550303061,0.454322054740647,1.09949722661407,-7180.2139806008,-10304.1598296294,-4595.07032421077,-2704.33951638891,-6044.64731994498,-662.482865137321,-4457.00689632799,-8083.23167343564,-2513.86372298162,-2704.33951638891,-6044.64731994498,-662.482865137321,-7161.3464127169,-12202.9760697596,-4934.96157046743,0.622369962220146,0.389714521223401,0.904264539983979,TRUE,TRUE,"Partial mediation"
"5061","GK000002.2_17084690_A_C","DMD302690","Glutamic acid",-0.588236244598032,-0.566957183479333,2.32687127890438e-06,6.3963216858042e-06,0.00057452254644843,0.0101629685586302,0.294703920493914,0.225698658602322,0.534433580648484,-6586.9651691419,-9023.66386924633,-2941.66407747939,-1881.34376683021,-3968.10915663819,-756.307229482773,-1941.20445950297,-3468.16531122975,-847.809302732783,-1881.34376683021,-3968.10915663819,-756.307229482773,-3822.54822633318,-6373.63023166174,-2861.50414097248,0.507829946037095,0.212587431074752,0.790477343984002,TRUE,TRUE,"Partial mediation"
"5062","GK000002.2_18285646_C_T","DMD302690","Glutamic acid",-0.524474470037202,-0.542200921814732,3.9536067073766e-05,1.90511514446489e-05,0.00622803551143863,0.0255266816160844,0.166479153478111,0.0668515626267001,0.309752994923832,-7411.56302701505,-9906.61419176845,-4789.80363803688,-1214.70751185274,-1948.21273188967,-270.127608251639,-1233.87073868713,-2525.25442413813,-427.206790396399,-1214.70751185274,-1948.21273188967,-270.127608251639,-2448.57825053987,-3553.24420775237,-1466.45687834327,0.50391313343369,0.234306586792881,0.871793477839213,TRUE,TRUE,"Partial mediation"
"5063","GK000002.2_18620200_C_T","DMD302690","Glutamic acid",-0.551199731132146,-0.497245799597569,1.29414954958165e-05,0.000112439527079742,0.00246932688982791,0.0937936755623651,0.288640193765318,0.14894366066642,0.489509925158383,-7049.4476471062,-10058.8762397446,-4539.55534222565,-1796.79473726804,-3190.53585179908,172.482354310544,-2034.7539347992,-4056.06356341653,-853.698457193995,-1796.79473726804,-3190.53585179908,172.482354310544,-3831.54867206724,-5579.4114126959,-2241.73801889759,0.531052613172571,0.25458314029789,1.04921926851567,TRUE,FALSE,"Mediated-only"
"5064","GK000002.2_108198263_G_A","DMD302690","Glutamic acid",-0.6519237400829,-0.607890074559616,2.23293333254816e-08,3.28789280244395e-07,9.91349712267648e-06,0.000884481754309768,0.720013575896694,0.508615324926687,0.934527230205823,-5014.38739629978,-8367.82224467261,-1596.15489554921,-4805.2454183909,-7805.74735847201,-1104.64084351702,-3610.42700014112,-6774.80362681887,-1023.63543071988,-4805.2454183909,-7805.74735847201,-1104.64084351702,-8415.67241853202,-10502.1972576131,-5841.66992537027,0.429012302355146,0.123887365912401,0.840613564424478,TRUE,TRUE,"Partial mediation"
"5065","GK000002.2_129411064_G_A","DMD302690","Glutamic acid",-0.507257252805176,-0.557283347717021,5.64899914826934e-05,6.70993355982927e-06,0.00833738236808303,0.0104498426553909,0.343990008244226,0.23892615613349,0.541086915337898,-7722.38960931459,-11132.8238609419,-3288.36397071274,-1042.88477854694,-3718.66652773313,515.766789692393,-2656.42486537325,-4622.50420591852,-1144.69660248046,-1042.88477854694,-3718.66652773313,515.766789692393,-3699.30964392019,-6194.60827092503,-2428.61956095353,0.718086648880307,0.280395581432919,1.16466592653511,TRUE,FALSE,"Mediated-only"
"5066","GK000003.2_3275706_C_T","DMD302690","Glutamic acid",-0.597261446639666,-0.536177355071478,1.48220328438019e-06,2.45283498927946e-05,0.000391828524175319,0.0319917647198348,0.817597875910494,0.466673521100597,1.07084381907238,-7063.29168533386,-10552.6270668819,-3729.09195149874,-3649.78344494736,-7498.90036281761,1407.15345353304,-5774.93227886522,-10191.8213878856,-2471.75202671747,-3649.78344494736,-7498.90036281761,1407.15345353304,-9424.71572381258,-12074.5644923816,-5708.75040635129,0.612743391747532,0.281042243567945,1.19352070792418,TRUE,FALSE,"Mediated-only"
"5067","GK000003.2_3593505_C_T","DMD302690","Glutamic acid",-0.509235984046979,-0.54766254873847,5.22492521568728e-05,1.03822215049201e-05,0.0078293674725592,0.0151158827778221,0.702434085008986,0.330222865921934,0.934446074540829,-8173.6936430218,-11257.6092176987,-4206.79495367294,-1297.38571820107,-5161.42398090854,1492.67432769603,-5741.48101527979,-9167.72459271865,-2425.4943088736,-1297.38571820107,-5161.42398090854,1492.67432769603,-7038.86673348086,-10248.7085926288,-3989.83052682004,0.815682585375574,0.374485519782918,1.25038448211366,TRUE,FALSE,"Mediated-only"
"5068","GK000003.2_6985052_T_A","DMD302690","Glutamic acid",-0.559011478493523,-0.544965079018141,1.11531021901109e-05,2.03785892919333e-05,0.00217925005512944,0.0271244288812844,0.310924072644372,0.190094879182895,0.452994588766761,-7822.25997931321,-10947.5593032595,-4596.89084161154,-912.146852868464,-3197.17129874859,496.7254993805,-2432.12893005114,-4042.85526472337,-1047.33050269628,-912.146852868464,-3197.17129874859,496.7254993805,-3344.27578291961,-5954.92226559906,-2011.24098965685,0.727251305790294,0.327983576545537,1.20002328917386,TRUE,FALSE,"Mediated-only"
"5069","GK000003.2_11068882_C_T","DMD302690","Glutamic acid",0.445897080622215,0.532033744451912,0.000572857487223648,2.44327412437487e-05,0.0513101769127252,0.0318888451776424,-0.0774765762188916,-0.169503647489218,0.00488806331111634,-8064.62311486045,-10256.0342275784,-5506.99081752155,1959.48662162041,1145.98127911788,3147.42407391156,624.81938743512,-39.3369756397832,1359.8737932952,1959.48662162041,1145.98127911788,3147.42407391156,2584.30600905553,1512.02893730482,4014.97649103973,0.241774536469646,-0.0186442964055149,0.463504353152578,FALSE,TRUE,"Direct-only"
"5070","GK000003.2_16811092_T_G","DMD302690","Glutamic acid",-0.512652187858569,-0.480350889046203,2.81768937933071e-05,0.000102669590413678,0.0047071634740772,0.0888233212493087,1.00460684019213,0.850365340024217,1.40515430913349,-8713.35926214535,-13300.6894541229,-3930.14842043349,-412.547718958016,-5493.88929735457,4441.60760352678,-8753.50031580266,-14858.1280827195,-4115.33603157642,-412.547718958016,-5493.88929735457,4441.60760352678,-9166.04803476068,-13206.6539688876,-6595.00510911579,0.954991756818915,0.448862887134266,1.52226924512049,TRUE,FALSE,"Mediated-only"
"5071","GK000003.2_26372199_C_T","DMD302690","Glutamic acid",-0.574457391132287,-0.599496570494145,2.41338541395234e-06,6.60920733869107e-07,0.000592959515055769,0.00174371247942933,0.388172590977117,0.27493714799759,0.629133659250792,-6895.91631303162,-11323.775465371,-1590.68892798021,-1343.76591775602,-4527.81336661606,496.42819285013,-2676.80570239085,-5513.14809005577,-681.645097085601,-1343.76591775602,-4527.81336661606,496.42819285013,-4020.57162014687,-6586.55317973533,-2838.78738317237,0.665777395676156,0.151304533206629,1.11535567784185,TRUE,FALSE,"Mediated-only"
"5072","GK000003.2_100472787_G_A","DMD302690","Glutamic acid",-0.465866740026565,-0.484802213322862,0.000228382837311611,0.000114978456037689,0.0253233314868439,0.0955239985593739,0.632042292546933,0.465345623876172,1.12616731628003,-8260.9365353657,-12242.3044912771,-4736.24725840424,-1094.11372675718,-6684.61041996942,2839.0945221834,-5221.26126639726,-11045.3747013187,-2714.8608170787,-1094.11372675718,-6684.61041996942,2839.0945221834,-6315.37499315444,-12441.4184201993,-4721.39624313473,0.826753957137439,0.346172192065921,1.43346752523774,TRUE,FALSE,"Mediated-only"
"5073","GK000003.2_102304848_A_G","DMD302690","Glutamic acid",-0.446424116332911,-0.497198683662721,0.000634701556018949,0.000112634550496508,0.0553787649774939,0.0939348121176417,0.547737792251741,0.31692899777704,1.10417183008906,-8409.63166523905,-11135.7795908553,-5261.65003291458,-953.764004792377,-7038.85122100408,1683.12926201286,-4606.27308196837,-9142.75724573531,-2006.80388335206,-953.764004792377,-7038.85122100408,1683.12926201286,-5560.03708676075,-13285.8092236933,-2735.28333741634,0.828460855582524,0.317859330613807,1.46308984322428,TRUE,FALSE,"Mediated-only"
"5074","GK000003.2_110133056_G_A","DMD302690","Glutamic acid",-0.555876372567333,-0.561911987408605,7.15831213960714e-06,5.41241325713348e-06,0.00150043413566913,0.00879440299477455,0.440843437125452,0.227900333245987,0.591053835553678,-7116.62708179067,-10788.0072130356,-2941.71130177134,-1624.68104713784,-4526.51555479558,431.213052947503,-3137.31834347668,-5114.89501432682,-1240.33122037151,-1624.68104713784,-4526.51555479558,431.213052947503,-4761.99939061452,-6768.41832701295,-2642.1602598137,0.658823759965206,0.246446269641864,1.14068137836388,TRUE,FALSE,"Mediated-only"
"5075","GK000004.2_10415042_G_A","DMD302690","Glutamic acid",-0.557234060676432,-0.563720346716804,1.20553209995062e-05,9.05626512402404e-06,0.00232804658415268,0.0135753713481888,0.357805417426881,0.25284407579409,0.540389896070936,-7832.67148816742,-11819.2376611646,-3859.03991612028,-743.367482827975,-2638.25534947054,1558.04273756409,-2802.57229139137,-5197.80188221452,-1285.48559579672,-743.367482827975,-2638.25534947054,1558.04273756409,-3545.93977421934,-5207.55439876325,-1956.34544022368,0.790360939508164,0.364445359241828,1.56012529623575,TRUE,FALSE,"Mediated-only"
"5076","GK000004.2_10415052_C_T","DMD302690","Glutamic acid",-0.561206709888284,-0.562851344452056,1.23434753598564e-05,1.14912943348466e-05,0.00237463822185977,0.0164274418756289,0.35229223065571,0.249788456849023,0.542227308751024,-7664.80193692824,-11395.1242258823,-3251.07215746506,-854.46788351792,-2847.95941911844,1269.56219357542,-2700.25017189466,-4896.55311740608,-1172.83146645292,-854.46788351792,-2847.95941911844,1269.56219357542,-3554.71805541258,-5341.54847172908,-1957.55180910865,0.759624288003132,0.315959478790826,1.49263364636874,TRUE,FALSE,"Mediated-only"
"5077","GK000004.2_44293177_A_G","DMD302690","Glutamic acid",-0.632439935532804,-0.533765658097654,1.0067375846057e-07,1.59801219493047e-05,3.76599979461806e-05,0.0219420454462933,0.51180371654479,0.37788667646079,0.608460502749748,-5224.18372469616,-9791.43507731324,-911.01341534834,-2940.73497331362,-5692.77093124824,-70.8070934071894,-2673.7566462123,-5237.67047447368,-420.03760306887,-2940.73497331362,-5692.77093124824,-70.8070934071894,-5614.49161952592,-7039.3558037351,-3991.7340534812,0.476224176186066,0.0743060491261785,0.985821375259303,TRUE,TRUE,"Partial mediation"
"5078","GK000005.2_27721798_T_C","DMD302690","Glutamic acid",-0.525132449263198,-0.542782839154333,2.74191644811569e-05,1.28891449180685e-05,0.00460035357678388,0.018239926696588,0.281989015556358,0.119492539424441,0.565151520990108,-7147.63552049086,-10293.3021883401,-4241.27877406434,-1857.18114421888,-2980.03643876569,76.951427888629,-2015.55470397887,-5175.10221029189,-742.319680827046,-1857.18114421888,-2980.03643876569,76.951427888629,-3872.73584819775,-6484.1817022156,-2802.32398345966,0.520447245302529,0.235445088118768,1.01961648090299,TRUE,FALSE,"Mediated-only"
"5079","GK000005.2_38386259_C_T","DMD302690","Glutamic acid",-0.445273480764837,-0.554208927257373,0.000519027845435446,7.72571429658131e-06,0.0476497401569366,0.0117815790454083,0.165917081630585,0.0508164773620872,0.27702162919122,-8116.10410177847,-10836.9364125126,-5107.59506934374,-927.242746938027,-2132.80310198356,524.109701716925,-1346.60030677711,-2669.52047601838,-392.892605004665,-927.242746938027,-2132.80310198356,524.109701716925,-2273.84305371513,-3550.5182453586,-1165.87506451473,0.592213391586968,0.191070074329544,1.32528202361137,TRUE,FALSE,"Mediated-only"
"5080","GK000005.2_43773402_T_C","DMD302690","Glutamic acid",0.484188994412395,0.574971714544182,0.000180032935666487,4.40692121319354e-06,0.0209858268965677,0.00739744319516611,-0.0997439119743744,-0.202134229912128,-0.0215747950975871,-8025.37866692511,-10759.1116619753,-4974.72588674476,904.799302150498,33.8442018063869,1834.40174548353,800.4826633148,163.146764574969,1617.91706014946,904.799302150498,33.8442018063869,1834.40174548353,1705.2819654653,704.226280844278,2814.92665625689,0.469413668546235,0.119639436389964,0.964003543180012,TRUE,TRUE,"Partial mediation"
"5081","GK000005.2_56223358_G_C","DMD302690","Glutamic acid",-0.481998080310063,-0.49933176542254,0.000146824180245583,7.68499861664527e-05,0.0178491274275814,0.0722910143471526,1.02692204995731,0.515955715677874,1.81938562776555,-7769.74976926938,-10211.6573947445,-4220.41165861719,-3734.36099059066,-11338.885964096,2255.11938982577,-7978.92736071343,-13707.3080305416,-3655.17355843836,-3734.36099059066,-11338.885964096,2255.11938982577,-11713.2883513041,-19578.7568463874,-3285.5047791872,0.681185942103534,0.309095073883209,1.50663204739341,TRUE,FALSE,"Mediated-only"
"5082","GK000005.2_60583529_A_G","DMD302690","Glutamic acid",-0.548969790078255,-0.496289260248739,1.42577900376724e-05,0.000116460081951005,0.00267648365569007,0.0965149875178597,0.523876870289277,0.313221007976231,0.686813030837312,-8725.99447083462,-12124.3107937689,-5391.22926749345,-219.906968009084,-2044.18748523974,1947.70844781483,-4571.34667354237,-7160.25247580327,-2340.98999768452,-219.906968009084,-2044.18748523974,1947.70844781483,-4791.25364155146,-6966.07645638667,-2382.22423453764,0.954102415680528,0.625087629940328,1.50601171168658,TRUE,FALSE,"Mediated-only"
"5083","GK000005.2_72077467_A_G","DMD302690","Glutamic acid",-0.609595124979567,-0.539506760629471,3.79736346409761e-07,1.2421257859487e-05,0.000120530677095721,0.0176545027171913,0.735532277794064,0.499687259484976,0.972676443541681,-6174.50918057642,-10060.8576931754,-1796.3996394585,-3774.2916673963,-7667.70004492125,513.696343983463,-4541.55080184974,-8649.89075840956,-1302.09364162721,-3774.2916673963,-7667.70004492125,513.696343983463,-8315.84246924604,-10680.7387815024,-6644.6069140982,0.546132375480352,0.150224788661718,1.07032255689626,TRUE,FALSE,"Mediated-only"
"5084","GK000005.2_82990000_C_T","DMD302690","Glutamic acid",-0.519734372090635,-0.558992024719776,4.77327262191798e-05,9.17462070634718e-06,0.0072762503804246,0.0135784574500957,0.305351368624112,0.175288411589019,0.725611756079062,-7608.74983636492,-11379.9563043949,-4707.1331198493,-940.676998896227,-2442.10265381127,1820.75547745719,-2323.34217605251,-6761.02635574544,-986.235980511731,-940.676998896227,-2442.10265381127,1820.75547745719,-3264.01917494874,-6608.94198333881,-1968.18200066431,0.711804083102238,0.349302177828797,1.62044279583835,TRUE,FALSE,"Mediated-only"
"5085","GK000005.2_85294223_C_T","DMD302690","Glutamic acid",-0.466283230184656,-0.495313355816799,0.0002923017676313,0.000103968973248091,0.0306468563025512,0.0893166728622819,0.462028247578755,0.278542593839191,1.23679474606524,-7839.0517254194,-10445.1021035213,-4858.64367125309,-1801.18240485042,-5021.62473573515,194.651937238639,-3621.86333137474,-9075.38275294075,-1905.68201713221,-1801.18240485042,-5021.62473573515,194.651937238639,-5423.04573622517,-11161.5407446709,-3021.49499881666,0.667865164252851,0.383867662136034,1.03083221863091,TRUE,FALSE,"Mediated-only"
"5086","GK000005.2_87023448_A_G","DMD302690","Glutamic acid",0.517436551507228,0.516141435542298,4.4327601065925e-05,4.66722823744656e-05,0.0068462454010665,0.051874575068369,-0.14468320408595,-0.241910220664088,-0.0661244609426643,-7316.68078466647,-9592.60945724359,-4286.29038346721,1573.74730992438,511.679639514162,2955.20133017312,1058.60081919965,419.958186272178,1832.22788418835,1573.74730992438,511.679639514162,2955.20133017312,2632.34812912403,1359.0362388826,4231.6529865387,0.402150767023326,0.181905604664059,0.70518953318032,TRUE,TRUE,"Partial mediation"
"5087","GK000005.2_116105050_C_G","DMD302690","Glutamic acid",-0.549311409100244,-0.533372069858865,9.64308931516338e-06,1.93775650447117e-05,0.00192579438837567,0.02592019573059,0.692483673315701,0.166368142696479,0.971606079931658,-7028.7995622396,-9874.77087013431,-4454.41783311574,-4452.56906313915,-8211.70830139326,-1703.27074305058,-4867.32893985947,-8711.0886422612,-1118.95417951272,-4452.56906313915,-8211.70830139326,-1703.27074305058,-9319.89800299861,-13590.2864343165,-6515.42260258246,0.522251309863417,0.149721770052976,0.81497055730301,TRUE,TRUE,"Partial mediation"
"5088","GK000005.2_117806550_G_A","DMD302690","Glutamic acid",0.497984009436872,0.531337396635711,6.95999104774165e-05,1.7752542356412e-05,0.00986066321022323,0.0239564512804745,-0.0958679510994449,-0.217423637220005,-2.35427857549059e-05,-7661.68351645756,-10136.5624193499,-5227.27493157414,1694.12715341042,849.102164082967,2911.3259371938,734.509900695176,0.235100728347403,1634.88609164791,1694.12715341042,849.102164082967,2911.3259371938,2428.63705410559,1311.46660220038,3904.38654615325,0.30243708068832,0.000132700916272789,0.536737669322872,TRUE,TRUE,"Partial mediation"
"5089","GK000006.2_14182617_C_A","DMD302690","Glutamic acid",-0.521181419598165,-0.532614078232593,4.50781995917642e-05,2.84189778086142e-05,0.0069388395252719,0.0361609773747128,0.213975591137453,0.0876778667547438,0.400321962030611,-7295.93554576679,-10147.8089611727,-4431.58098678108,-1657.83571324491,-2981.79279362855,-224.153595963862,-1561.1521213062,-3288.82987087528,-542.4397277847,-1657.83571324491,-2981.79279362855,-224.153595963862,-3218.98783455112,-5042.6601796517,-1846.15577477473,0.484982299264857,0.198269315564665,0.917420520131862,TRUE,TRUE,"Partial mediation"
"5090","GK000006.2_26709811_T_C","DMD302690","Glutamic acid",0.552096926536601,0.57607065656525,8.50439975204645e-06,2.74788028300011e-06,0.00173485026572799,0.00536835936962167,-0.153199513533656,-0.253681343284698,-0.0777479209518154,-7286.96643971863,-9733.74524697065,-4473.50042826213,1614.84626904447,236.257615599617,2664.29464598997,1116.35971370097,447.320147483814,2075.08316870192,1614.84626904447,236.257615599617,2664.29464598997,2731.20598274544,1447.72845500722,3940.51248579378,0.408742409306966,0.181670111350043,0.868159362897996,TRUE,TRUE,"Partial mediation"
"5091","GK000006.2_69502390_T_C","DMD302690","Glutamic acid",-0.521240196848982,-0.542317940047875,2.72576853555988e-05,1.09611212694718e-05,0.00457694620954548,0.0158979104930373,0.452223698305544,0.293330352796209,0.674825984568619,-7581.6641401692,-10606.1756369026,-4719.91965538063,-1531.80030477447,-4025.94552977329,1318.31456239028,-3428.60819677784,-6469.84202244837,-1508.88103544152,-1531.80030477447,-4025.94552977329,1318.31456239028,-4960.40850155231,-8081.59279619901,-2939.16967245508,0.691194726342577,0.328580315673005,1.3212801116338,TRUE,FALSE,"Mediated-only"
"5092","GK000006.2_103528075_C_T","DMD302690","Glutamic acid",-0.522387483923563,-0.574331413153311,2.59792451033595e-05,2.42850897334457e-06,0.00439600899183909,0.00481701182755562,0.266647468945398,0.0963103049067719,0.464314709512891,-7427.06399786359,-10791.6142029289,-3898.38070818477,-1226.0230142836,-3085.52860493817,747.697591591836,-1980.40781672582,-4426.83875877784,-651.942406891599,-1226.0230142836,-3085.52860493817,747.697591591836,-3206.43083100942,-5230.74810038535,-1699.0319546768,0.617636219553928,0.286422282354636,1.23112952663424,TRUE,FALSE,"Mediated-only"
"5093","GK000006.2_105640466_G_A","DMD302690","Glutamic acid",-0.542690025858254,-0.511540182278499,1.29418562254564e-05,4.76814409717756e-05,0.00246938422306982,0.0527384178593972,0.70507536705417,0.484633041236762,0.889743870449334,-8322.26506434814,-13049.3355591178,-4351.147348576,-874.333076523462,-5131.97730459896,3702.22937243075,-5867.82409496736,-9439.35539644753,-3133.64794082722,-874.333076523462,-5131.97730459896,3702.22937243075,-6742.15717149083,-10092.5982117299,-2148.56656275611,0.870318496842439,0.394644223359523,2.14015011433932,TRUE,FALSE,"Mediated-only"
"5094","GK000006.2_113670109_C_T","DMD302690","Glutamic acid",-0.458077339430145,-0.497520529827569,0.000436914750091711,0.000111308503060801,0.041825382278575,0.0932496992803481,0.366426950427578,0.143936636314845,1.13584218868796,-7842.71739813938,-9795.19039723858,-5033.74051778231,-4352.32674919988,-7729.64003004109,-1829.61733513444,-2873.78301926552,-8914.74661050807,-1027.77781961686,-4352.32674919988,-7729.64003004109,-1829.61733513444,-7226.1097684654,-14907.7727973916,-4589.80484045994,0.397694348874501,0.191760065328666,0.740762552608052,TRUE,TRUE,"Partial mediation"
"5095","GK000007.2_2545653_C_T","DMD302690","Glutamic acid",0.450989057475297,0.509815693205062,0.00033742983774014,3.71803672980345e-05,0.034227174757345,0.0443686433467446,-0.13338422687486,-0.261268725540578,-0.0327885007845854,-7949.32314523993,-10480.8242421981,-4964.1776436225,1354.60999621565,424.034959975017,2615.49670754829,1060.31432190626,280.387509560356,2133.68200279472,1354.60999621565,424.034959975017,2615.49670754829,2414.92431812191,1269.27267365071,4044.62340716793,0.439067309045474,0.153913789968863,0.751535578385929,TRUE,TRUE,"Partial mediation"
"5096","GK000007.2_5493936_C_T","DMD302690","Glutamic acid",-0.505680433689357,-0.560782997528612,8.21106984999448e-05,8.46673436744848e-06,0.0112689350204303,0.0127689724353705,0.491230185155738,0.23447933605568,1.01848707396238,-7341.30326545993,-10166.4113413841,-4785.99304353105,-3406.50499401047,-6660.74371835281,1430.74224966463,-3606.26976237631,-8857.87135451449,-1395.78169616292,-3406.50499401047,-6660.74371835281,1430.74224966463,-7012.77475638678,-12692.2564149569,-3585.04028228323,0.514242919194282,0.238073158253148,1.26926312848564,TRUE,FALSE,"Mediated-only"
"5097","GK000007.2_6290202_C_T","DMD302690","Glutamic acid",-0.520709516479828,-0.519794409498838,3.29135755343398e-05,3.41703336783251e-05,0.00535158161087687,0.0416441262673872,0.414427200257503,0.293135636307884,0.756854744478252,-8496.87048605305,-12053.3244739673,-4701.19467736315,-382.998370488229,-2026.62837421761,2011.80671441894,-3521.33424648558,-7780.51089165368,-1740.01606492489,-382.998370488229,-2026.62837421761,2011.80671441894,-3904.3326169738,-7399.5618908107,-2779.11713188867,0.901904266859035,0.502595932652756,1.44265874601246,TRUE,FALSE,"Mediated-only"
"5098","GK000007.2_11262981_C_T","DMD302690","Glutamic acid",-0.473568632179987,-0.538413304581565,0.00029821348226521,2.67491252762503e-05,0.0311126003058364,0.034539631207193,0.202589698340017,0.0842027534389892,0.500615850079994,-7828.26504892933,-9913.03612111767,-5198.39978545212,-1851.39270695918,-3312.9532273175,373.022518320326,-1585.92585478829,-4198.23954065037,-577.612639955685,-1851.39270695918,-3312.9532273175,373.022518320326,-3437.31856174747,-6503.85688455133,-1973.78013022951,0.461384601484837,0.204704446167026,1.13067909672391,TRUE,FALSE,"Mediated-only"
"5099","GK000007.2_12329060_C_T","DMD302690","Glutamic acid",-0.560889017088248,-0.529397648259186,4.66099838113107e-06,1.9297419921252e-05,0.00104016224154896,0.0258230943271353,0.837106576126693,0.502705999876947,1.37249437056146,-6811.90757753756,-9858.03754569024,-4127.95661017663,-4504.93790646084,-11617.5780278632,-1344.11929647262,-5702.29262912395,-10628.0649314009,-2803.81605780744,-4504.93790646084,-11617.5780278632,-1344.11929647262,-10207.2305355848,-19139.7551586564,-7691.4248683155,0.558652281756978,0.256902671742263,0.871437646091138,TRUE,TRUE,"Partial mediation"
"5100","GK000007.2_22052455_A_G","DMD302690","Glutamic acid",-0.452479681467131,-0.612380397112203,0.000463097385105635,5.28664251835441e-07,0.0436935768799629,0.00140427369748007,0.3297276986009,0.0392704515216976,0.900087203938813,-7844.41442625446,-10463.7276190317,-5239.70544747636,-3101.96806662552,-6203.34839606135,-453.949542033295,-2586.52071564058,-7467.53856264111,-284.127640871279,-3101.96806662552,-6203.34839606135,-453.949542033295,-5688.4887822661,-12240.1198242111,-2765.00786411997,0.454693823727679,0.0703900803533722,0.908861780325939,TRUE,TRUE,"Partial mediation"
"5101","GK000007.2_41755909_G_A","DMD302690","Glutamic acid",-0.476646765785587,-0.496727743899083,0.000155280330058253,7.30754487796486e-05,0.0186571661028466,0.070356827512505,0.333578271131163,0.231303539623759,0.472383640602418,-8929.09853086698,-12100.4061938046,-4923.27206527636,-25.5810311823387,-2037.78057137919,1294.75988460221,-2978.55325068641,-4789.6855188962,-1500.93840103139,-25.5810311823387,-2037.78057137919,1294.75988460221,-3004.13428186875,-5021.15364369356,-1817.93808750302,0.991484724455651,0.481804081861276,1.52579487724692,TRUE,FALSE,"Mediated-only"
"5102","GK000007.2_54153881_C_T","DMD302690","Glutamic acid",-0.5395096247028,-0.509754396964786,1.48736179489834e-05,5.1187760125125e-05,0.00277535663519382,0.0550499156495643,0.370213311951653,0.265635593872709,0.518148149506607,-7623.18236092478,-11494.9219937925,-3276.92984623173,-947.561511412379,-3254.14638000686,789.151209234965,-2822.20358944939,-4876.66394992405,-1162.5943095763,-947.561511412379,-3254.14638000686,789.151209234965,-3769.76510086176,-5628.58768442903,-2555.99487401256,0.748641762534284,0.311289190394662,1.24729249373461,TRUE,FALSE,"Mediated-only"
"5103","GK000007.2_98865840_G_A","DMD302690","Glutamic acid",-0.469688392640721,-0.493891988827912,0.000199480247990521,8.15154406542128e-05,0.0227957574473931,0.0753235395355914,1.07139699780335,0.715535902931015,1.78391541728309,-8085.91266401542,-11329.5012352492,-4530.75359685773,-2413.40211573252,-12161.3968349419,1516.04928847953,-8663.22255272619,-15984.2317340385,-4485.70911759503,-2413.40211573252,-12161.3968349419,1516.04928847953,-11076.6246684587,-21639.977211351,-6250.63805362367,0.782117550429888,0.384659806724952,1.16207593063432,TRUE,FALSE,"Mediated-only"
"5104","GK000008.2_11203076_C_T","DMD302690","Glutamic acid",-0.425238505903593,-0.491197984203771,0.00108694031751008,0.000121063330245012,0.0824863605643881,0.0993093586330002,0.303495043238305,0.113713048226061,2.23075939223996,-7953.71855804434,-10072.5905457928,-5153.16553214112,-3614.35093826318,-9564.36909829945,918.940507574465,-2413.91415767898,-18191.15762385,-806.947169272329,-3614.35093826318,-9564.36909829945,918.940507574465,-6028.26509594216,-22224.4135617534,-4077.13745315978,0.400432648408888,0.188572258030579,1.07241817335391,TRUE,FALSE,"Mediated-only"
"5105","GK000008.2_40114414_G_A","DMD302690","Glutamic acid",-0.502843410951751,-0.529696930848179,4.23082620887451e-05,1.34862150137461e-05,0.00658781833039687,0.0190227054560897,0.570095532134627,0.445912684318058,0.965548887983156,-8257.25592231055,-10873.4055357009,-4481.15480700249,-754.867270062097,-5640.44934020562,1013.83688344348,-4707.42470900143,-7332.00966307492,-2537.6705872275,-754.867270062097,-5640.44934020562,1013.83688344348,-5462.29197906353,-11349.0592394785,-3230.79166626889,0.861803932679645,0.403180669736239,1.25383957107196,TRUE,FALSE,"Mediated-only"
"5106","GK000008.2_70409774_C_T","DMD302690","Glutamic acid",-0.511361616447954,-0.494011387226564,3.48906886549458e-05,6.99853814455704e-05,0.00561333868817727,0.0678109695099043,0.583190837402553,0.463614552876053,0.707268972093062,-8536.22039711605,-13346.8984120317,-1695.16976315182,-430.511072646396,-5234.92499721556,3070.21139355825,-4978.24552164687,-8223.37372876944,-1023.20369784779,-430.511072646396,-5234.92499721556,3070.21139355825,-5408.75659429326,-7275.77498907383,-3710.42113456292,0.920404798193244,0.176876055470184,1.7135922783783,TRUE,FALSE,"Mediated-only"
"5107","GK000009.2_71760387_C_T","DMD302690","Glutamic acid",0.468990860195148,0.49081938262355,0.000204492317256351,9.16651404003277e-05,0.0232528606494188,0.0813946412246035,-0.136598986222696,-0.244486865995956,-0.0539617082484396,-7859.61940195269,-10079.0832030677,-4823.12565428874,2008.3434032066,986.119251475748,3547.27982418374,1073.61604240297,359.433128593424,2062.73136738333,2008.3434032066,986.119251475748,3547.27982418374,3081.95944560957,1944.01317476661,4876.18205742922,0.348355019379765,0.126879828368452,0.594264794867891,TRUE,TRUE,"Partial mediation"
"5108","GK000009.2_71898882_C_T","DMD302690","Glutamic acid",-0.457209300771613,-0.584531613724686,0.000349684346453191,1.80469485862234e-06,0.035185893414493,0.00391058164683778,0.305950290767766,-0.000142737375097417,0.99988616949645,-7775.47795174782,-9950.23010808019,-5048.50010201318,-3353.75832449291,-9047.8297689187,-1828.44646826256,-2378.9097401956,-7152.55130605844,0.846672538773891,-3353.75832449291,-9047.8297689187,-1828.44646826256,-5732.66806468851,-14906.3839906799,-2925.67099712838,0.414974269110217,-0.00024299140472413,0.698425490238069,FALSE,TRUE,"Direct-only"
"5109","GK000009.2_87897384_G_A","DMD302690","Glutamic acid",-0.524875847542816,-0.488494822857551,2.77131804540059e-05,0.000115659334941617,0.00464204628636829,0.0959835714371196,0.69501549602698,0.424161972058509,1.01736137875746,-7516.92171589446,-11380.3638405175,-3838.09934040957,-2324.72561481245,-6160.08650882153,2035.61610464456,-5224.37707496837,-10277.3056393605,-2123.03346434656,-2324.72561481245,-6160.08650882153,2035.61610464456,-7549.10268978082,-11204.8537016262,-5417.47409410389,0.69205272330453,0.284683362355762,1.28301780442399,TRUE,FALSE,"Mediated-only"
"5110","GK000010.2_7779306_G_A","DMD302690","Glutamic acid",-0.439739981899404,-0.574092640573669,0.000877655218928586,5.65925171379065e-06,0.0705590863668675,0.0091679477879185,0.411123222291784,0.0142096569060787,1.82002992573532,-7979.6016598658,-10967.2780918199,-5612.11190345987,-4060.12612403977,-9207.2700776014,-801.201824811506,-3280.5995470089,-17076.4832620482,-95.2667806786579,-4060.12612403977,-9207.2700776014,-801.201824811506,-7340.72567104866,-22307.1131096106,-4373.63979422992,0.446903983886411,0.0189548944143199,0.932428906606808,TRUE,TRUE,"Partial mediation"
"5111","GK000010.2_7894635_G_T","DMD302690","Glutamic acid",-0.49984872335614,-0.518035813514683,7.53398537747649e-05,3.6710715699753e-05,0.0105148147616126,0.0443391106706231,0.899873109816547,0.369725190425661,1.53018428114377,-7726.1520854649,-10802.9075479968,-4820.77146963986,-3736.8032842943,-8020.48381083386,845.687551367155,-6952.5565040629,-14212.0631284229,-2530.97975070533,-3736.8032842943,-8020.48381083386,845.687551367155,-10689.3597883572,-17557.582194644,-6513.82527570854,0.65041841997269,0.315697583810888,1.07832592196914,TRUE,FALSE,"Mediated-only"
"5112","GK000010.2_10293131_A_C","DMD302690","Glutamic acid",0.425510443184658,0.533613115843788,0.00107809410827534,2.28696829531461e-05,0.0820067613178786,0.0300681154426511,-0.139921805648699,-0.22770628324181,-0.0674577731923591,-7867.30608595869,-10086.5427183764,-5071.83206953621,1337.60847547795,28.1250761963783,3088.89455597959,1100.80767313834,446.844125244464,1947.33353650361,1337.60847547795,28.1250761963783,3088.89455597959,2438.41614861629,1035.04941142369,4391.09171133856,0.451443726602207,0.190174578670255,0.978075912249539,TRUE,TRUE,"Partial mediation"
"5113","GK000010.2_13238462_C_T","DMD302690","Glutamic acid",0.475068609635115,0.504556253229911,0.000143545194170257,4.60504492312104e-05,0.0175544618655986,0.0513902765222518,-0.250461413089759,-0.420610502611912,-0.126046798357773,-7712.42613502775,-10603.9410977084,-4973.50876526662,1339.38655478799,-29.1954831868296,2859.38146545169,1931.66514812944,834.042620268037,3597.33494245624,1339.38655478799,-29.1954831868296,2859.38146545169,3271.05170291743,1822.08085905238,5171.97422242717,0.590533358554559,0.296587694289554,1.01106991973103,TRUE,FALSE,"Mediated-only"
"5114","GK000010.2_55847220_C_T","DMD302690","Glutamic acid",-0.437313655566552,-0.538077389510374,0.000944343018422173,2.71206676308932e-05,0.0744634525497464,0.0349753097506921,0.663431222334451,0.348726726926598,1.41102219720222,-9002.92035639306,-11623.25451454,-6008.93116339888,67.3834758443582,-5751.52600225028,2473.88717573271,-5972.81845662156,-11885.838597424,-2526.06162430808,67.3834758443582,-5751.52600225028,2473.88717573271,-5905.4349807772,-15363.1131435092,-3168.42168182214,1.01141041702494,0.467634008198422,1.54072636631374,TRUE,FALSE,"Mediated-only"
"5115","GK000010.2_76604064_C_A","DMD302690","Glutamic acid",-0.519047475816219,-0.510036950382218,4.15627123528518e-05,5.93412228948137e-05,0.0064908982515702,0.0614695225750665,0.28102107926527,0.0912759071228101,0.599735715604943,-7187.07199365136,-10515.2015501256,-4171.19976134404,-2070.47847530458,-3464.84556423413,-309.945525951042,-2019.7187284131,-5431.54455754906,-615.64161140467,-2070.47847530458,-3464.84556423413,-309.945525951042,-4090.19720371768,-6719.31098166048,-2893.58491421141,0.493794951152313,0.204678710931534,0.944954189791949,TRUE,TRUE,"Partial mediation"
"5116","GK000010.2_92037974_C_T","DMD302690","Glutamic acid",-0.499519087206505,-0.50783084417065,0.000103389223505456,7.56865031400878e-05,0.0135260294873506,0.0719242526468625,0.355296144765807,0.205554110001147,0.507412808580188,-8702.49621953444,-12569.1990336446,-5498.21770305767,-216.181013146961,-1643.05571063445,2181.97526682933,-3091.9633566396,-5993.74219393224,-1400.00555646409,-216.181013146961,-1643.05571063445,2181.97526682933,-3308.14436978656,-4947.95854878475,-1965.03462680389,0.934651880636966,0.51165487612327,1.72386954179069,TRUE,FALSE,"Mediated-only"
"5117","GK000011.2_506427_A_G","DMD302690","Glutamic acid",-0.508578470353221,-0.500548374935869,4.5793960301848e-05,6.29727516004609e-05,0.00703069210098045,0.064014991146423,0.874403129868796,0.24106001876797,1.17934653739584,-7430.77463842301,-11548.7660821593,-4468.28403422937,-3933.83120442027,-8845.63964032727,1649.63723332224,-6497.49260118675,-12252.790355376,-1635.73380499396,-3933.83120442027,-8845.63964032727,1649.63723332224,-10431.323805607,-12482.4167982481,-8006.15816531314,0.622882840401736,0.179086779924467,1.17360508536492,TRUE,FALSE,"Mediated-only"
"5118","GK000011.2_579089_G_A","DMD302690","Glutamic acid",-0.479588305398131,-0.492403069921021,0.000160216308749952,9.99629695243976e-05,0.0191220061093527,0.087049206861636,1.07027824258427,0.834466330759822,1.64166444982635,-10016.9183440787,-14081.3547274474,-6627.26791724574,1859.11354598316,-3077.7369667237,6714.00865398296,-10720.8897614106,-17384.368317332,-6226.70126288334,1859.11354598316,-3077.7369667237,6714.00865398296,-8861.77621542748,-16295.1399011723,-5195.11185147806,1.20979017081774,0.750308030664083,1.95354435821176,TRUE,FALSE,"Mediated-only"
"5119","GK000011.2_2600893_C_A","DMD302690","Glutamic acid",-0.569439631587693,-0.57151286781684,4.64931820857245e-06,4.21541155998161e-06,0.00103789261548174,0.00728628332228877,0.673164280914833,0.453136116916745,1.01586474165005,-6664.65135443873,-9579.57243703372,-3342.18364152998,-3778.83462724825,-7431.01586449938,349.152455396572,-4486.40523655881,-8077.71197287116,-1885.24886464268,-3778.83462724825,-7431.01586449938,349.152455396572,-8265.23986380706,-11736.0574017897,-4952.488161812,0.542803997280767,0.227678763830534,1.05985260167498,TRUE,FALSE,"Mediated-only"
"5120","GK000011.2_3488964_C_T","DMD302690","Glutamic acid",-0.519696908398529,-0.520240573506881,2.46346251240619e-05,2.40739947928066e-05,0.00420612225156269,0.0314749600064666,0.662622986029289,0.501987816225839,0.978874437185769,-7698.16531263473,-11795.7181058884,-4474.64643946892,-1748.85102488308,-5094.31370735156,2342.49163207373,-5100.98128640512,-9219.27675401306,-2639.71837739333,-1748.85102488308,-5094.31370735156,2342.49163207373,-6849.8323112882,-10627.6607380649,-4447.46467829379,0.744687030950954,0.396816559221355,1.38291656287756,TRUE,FALSE,"Mediated-only"
"5121","GK000011.2_5439316_G_A","DMD302690","Glutamic acid",-0.46082244743937,-0.496567806430356,0.000309392851909474,8.54067592956662e-05,0.0320291484607018,0.0782487800793462,0.185096186130944,0.029386017522843,0.366404444850511,-7749.1315872272,-10687.2270065069,-5033.13241849633,-1158.11567644598,-2349.74702715994,256.326384485108,-1434.33470262258,-3284.69861636328,-242.107916766398,-1158.11567644598,-2349.74702715994,256.326384485108,-2592.45037906856,-4284.2614989273,-1533.19171278398,0.553273734457329,0.119950206629226,1.11605315101161,TRUE,FALSE,"Mediated-only"
"5122","GK000011.2_9728484_G_A","DMD302690","Glutamic acid",-0.528629089052341,-0.501280656652107,2.81436767179834e-05,8.30877787096416e-05,0.00470232196254747,0.0765481177159994,0.625946059413492,0.366627573480282,1.17746529845873,-7371.6890400115,-10564.1542716115,-4150.39116913776,-2799.72585632867,-7630.83044243003,650.338223812979,-4614.27970581683,-10004.9468031348,-1976.73948476008,-2799.72585632867,-7630.83044243003,650.338223812979,-7414.00556214549,-13378.950475929,-4468.02309171933,0.622373380642775,0.262302472472778,1.09448107746291,TRUE,FALSE,"Mediated-only"
"5123","GK000011.2_21642704_T_A","DMD302690","Glutamic acid",-0.489904477338993,-0.520320719327259,0.000126945790416264,3.94908453479728e-05,0.0159251221445506,0.0460680953266596,0.543545457343557,0.183745146297724,1.40813489861261,-7440.27312869906,-11098.0503032588,-3924.76295153849,-3862.33254699312,-8366.64109232319,2388.1282204323,-4044.12666049971,-13559.6291857734,-1294.22250351723,-3862.33254699312,-8366.64109232319,2388.1282204323,-7906.45920749284,-13684.3253312793,-5592.27240453921,0.511496556722528,0.1952367745876,1.23799164852023,TRUE,FALSE,"Mediated-only"
"5124","GK000011.2_105457510_C_T","DMD302690","Glutamic acid",-0.525047700046729,-0.544718094089333,3.86380850878366e-05,1.7117155944512e-05,0.00610981578085623,0.0233495870466961,0.35356204504688,0.169362733641218,0.586739610507078,-7278.28523587282,-10868.8301886339,-3687.99768615648,-2005.53697585029,-3855.09534846872,515.369125855856,-2573.32541242971,-5273.56611777612,-950.330989274119,-2005.53697585029,-3855.09534846872,515.369125855856,-4578.86238828,-6354.54794952495,-2798.40487480272,0.562001037422824,0.21781344318135,1.1353481369074,TRUE,FALSE,"Mediated-only"
"5125","GK000012.2_32620248_C_T","DMD302690","Glutamic acid",-0.417388623388991,-0.503360595675178,0.0013721358263409,7.67668261971495e-05,0.0978385973019617,0.0722910143471526,0.716786596780488,0.443631400910711,1.20860507439009,-8443.50364839614,-11398.3024803105,-3923.35350006966,-1068.70547278477,-6547.85920375401,2684.23136312557,-6052.1902450375,-10989.1182363034,-2762.17646467815,-1068.70547278477,-6547.85920375401,2684.23136312557,-7120.89571782227,-12469.4344833203,-3767.68700296658,0.849919797293197,0.329029162446019,1.53298025971872,TRUE,FALSE,"Mediated-only"
"5126","GK000012.2_34003047_C_T","DMD302690","Glutamic acid",-0.527028700741477,-0.521469438698915,2.53341744429345e-05,3.19025257766094e-05,0.00430374771386482,0.0398643632723328,0.949021596141288,0.648049444367831,1.28000840205441,-7441.06911164794,-11027.176127565,-4476.19169892559,-3251.79177730425,-11892.7238168579,426.39184928059,-7061.73528533376,-11648.673518306,-3797.27541840774,-3251.79177730425,-11892.7238168579,426.39184928059,-10313.527062638,-19449.5118934719,-6555.82852960939,0.684706138108247,0.303715630744724,1.0453642362345,TRUE,FALSE,"Mediated-only"
"5127","GK000012.2_82953875_C_T","DMD302690","Glutamic acid",-0.555695451727915,-0.575986655880259,8.75587639260035e-06,3.40431892454347e-06,0.00177930998474806,0.00622771289792693,0.301113575328535,0.12983347529622,0.451334355833143,-7448.24313614378,-10600.3505859658,-3745.00657703312,-1379.83444721553,-3558.67663236336,248.342158926561,-2242.76712064047,-4117.36572928467,-799.272898291666,-1379.83444721553,-3558.67663236336,248.342158926561,-3622.601567856,-5528.74221653863,-2127.07204937444,0.619103999882557,0.230850607310694,1.08775472194928,TRUE,FALSE,"Mediated-only"
"5128","GK000012.2_88899335_G_C","DMD302690","Glutamic acid",-0.447736962111191,-0.537337399776868,0.000478962358727474,1.63430435482467e-05,0.0448381430304279,0.0224064404807381,0.374038642119725,-0.0311511566384791,1.32376855011283,-7780.85048120993,-10678.8741391203,-4812.07287474164,-4112.70780089248,-9463.66990403271,-1025.45039592159,-2910.33874852837,-11940.3525073069,249.863812584028,-4112.70780089248,-9463.66990403271,-1025.45039592159,-7023.04654942085,-15976.7564410949,-3487.92410773449,0.414398328139854,-0.071193454314447,0.915104050911249,FALSE,TRUE,"Direct-only"
"5129","GK000013.2_21012712_C_T","DMD302690","Glutamic acid",-0.478813694841623,-0.653645001354724,0.000217347440098099,6.28671520449868e-08,0.0243986954444618,0.000174928052068263,0.339325826297857,0.231407139208549,1.14430547764644,-7662.86616891545,-10652.2429818344,-4079.68005472429,-1664.91502321803,-8282.96382623258,-246.938793908848,-2600.20839457713,-8328.31331915376,-1173.28451613378,-1664.91502321803,-8282.96382623258,-246.938793908848,-4265.12341779516,-14166.4587457393,-2979.99363784198,0.609644350202953,0.220189655070829,0.948652985209325,TRUE,TRUE,"Partial mediation"
"5130","GK000013.2_33158667_C_T","DMD302690","Glutamic acid",-0.439337035118794,-0.512786351611766,0.000705145140632413,5.32878398477331e-05,0.0599534112169294,0.0569395896160801,0.477616143775003,0.332251583453978,0.688217952069531,-8597.39959558983,-11367.3450851764,-5455.16502000102,-448.80411327509,-2687.01134291016,2003.52816880445,-4106.25684133839,-6702.33755667177,-2210.47699710167,-448.80411327509,-2687.01134291016,2003.52816880445,-4555.06095461348,-7185.43160507939,-2658.4444348789,0.90147132656468,0.527076587116376,1.56470113516338,TRUE,FALSE,"Mediated-only"
"5131","GK000013.2_37405493_A_G","DMD302690","Glutamic acid",-0.457215659161583,-0.51332060643355,0.000449351874107437,6.13213790318466e-05,0.0427254126688554,0.0629393230293399,0.50575854130374,0.275686362108127,0.813407639862882,-9650.03501889406,-14549.6166353431,-6425.79938663586,641.256873901261,-1130.16436139454,4533.18335876238,-4880.58763468587,-10831.4689093546,-2327.0394611871,641.256873901261,-1130.16436139454,4533.18335876238,-4239.33076078461,-7663.84908754219,-2193.80586011478,1.15126370412828,0.773328408886379,1.91322100748432,TRUE,FALSE,"Mediated-only"
"5132","GK000013.2_43507779_C_T","DMD302690","Glutamic acid",-0.459931268033667,-0.49452224625797,0.000362109213518401,0.000107072380076259,0.0361495648548788,0.0908786003465972,0.424866181856409,0.0451988985722964,0.923089543913184,-7757.22341101202,-9917.40136189761,-5292.83916661563,-4058.03827535345,-5928.12296184952,-1534.97606283718,-3295.78189244382,-7541.0985831526,-332.348351113847,-4058.03827535345,-5928.12296184952,-1534.97606283718,-7353.82016779728,-11512.6676902078,-4267.76860688943,0.448172761536406,0.0683334245837996,0.776502733413115,TRUE,TRUE,"Partial mediation"
"5133","GK000013.2_45506647_C_T","DMD302690","Glutamic acid",-0.520435034898733,-0.535428745815948,3.93095646413488e-05,2.1187266138727e-05,0.00619902592137739,0.028108020767895,0.524969426938341,0.300548810741579,0.784459517927095,-8183.01789665994,-11885.6662214314,-3943.01857790257,-1064.78068585082,-4994.76745923852,2213.80843109105,-4295.83421583576,-7510.24056222665,-1689.20612173243,-1064.78068585082,-4994.76745923852,2213.80843109105,-5360.61490168657,-8806.52386646726,-2202.88330929854,0.801369673931285,0.311411027822051,1.70179251046415,TRUE,FALSE,"Mediated-only"
"5134","GK000013.2_61215351_G_A","DMD302690","Glutamic acid",-0.432461072303491,-0.585192257658214,0.000780689159086169,1.74553775650696e-06,0.0647395845441997,0.00378689768322981,0.247393986152985,0.12744098885514,0.765697322121712,-7902.69625828261,-10519.3242176859,-4051.42319902502,-1112.62429395481,-4939.17040504839,845.014712356889,-1955.07952869281,-6075.29318785603,-796.999010832442,-1112.62429395481,-4939.17040504839,845.014712356889,-3067.70382264762,-9693.59593314542,-1947.85215578837,0.637310392958814,0.258076338839414,1.34535150143735,TRUE,FALSE,"Mediated-only"
"5135","GK000013.2_74517408_G_A","DMD302690","Glutamic acid",-0.416622318165733,-0.506756487453701,0.00114148035223825,4.92608869071532e-05,0.0855207298243158,0.0542579477193041,0.347299272429886,0.111357589723859,0.660201540030018,-8356.31382726597,-11408.8835005534,-4501.38467521731,-739.281042435629,-4037.89796399665,974.642623448536,-2902.14171240527,-6413.94228037269,-945.099724352792,-739.281042435629,-4037.89796399665,974.642623448536,-3641.4227548409,-7477.89145983129,-1621.60377835974,0.796980166213102,0.330169705895919,1.27781716113202,TRUE,FALSE,"Mediated-only"
"5136","GK000013.2_76034291_G_A","DMD302690","Glutamic acid",-0.558035750539884,-0.537459422762463,6.48101080368934e-06,1.6257059376777e-05,0.00137868378326304,0.022297022572892,0.456274635656013,0.257819329069879,0.59342647157791,-7434.61552353861,-10292.8621986495,-4322.12689915416,-1569.68388878,-3738.66762972806,201.192693589977,-3392.22648924512,-5315.13727747069,-1514.58927310956,-1569.68388878,-3738.66762972806,201.192693589977,-4961.91037802511,-7012.6790004415,-2857.2186300191,0.683653317131305,0.344951021804769,1.05839095779121,TRUE,FALSE,"Mediated-only"
"5137","GK000014.2_76218454_A_G","DMD302690","Glutamic acid",-0.461315302084284,-0.562026062581683,0.000235697425839275,3.62245450250197e-06,0.025958779977829,0.00638626292236228,0.315758794165195,0.116704300486468,0.690052711493161,-7898.967226157,-10921.4650389356,-4034.31441262039,-969.185492956695,-3967.77829551399,553.581827027163,-2494.16836648173,-6107.29407818127,-871.980544401811,-969.185492956695,-3967.77829551399,553.581827027163,-3463.35385943843,-7483.25095491522,-1634.04935156205,0.720159841502928,0.346195878385125,1.11401013211488,TRUE,FALSE,"Mediated-only"
"5138","GK000015.2_906209_G_A","DMD302690","Glutamic acid",-0.428850433421335,-0.495409223482463,0.000873374608905704,8.92471165765004e-05,0.0703057630713877,0.0801689510324809,0.31321129384704,0.248998691238621,0.863637219681507,-8717.44716650297,-11869.5311516161,-5210.29849553718,-203.280322319569,-3967.29642986772,1385.09408479318,-2730.40290606361,-7626.42567877981,-1533.48346894319,-203.280322319569,-3967.29642986772,1385.09408479318,-2933.68322838317,-9490.52505474235,-1802.49605044562,0.930708155416084,0.450345591354006,1.51734445817337,TRUE,FALSE,"Mediated-only"
"5139","GK000015.2_15676267_C_G","DMD302690","Glutamic acid",-0.431015442347031,-0.498036531239216,0.000731106700598428,6.94579737272163e-05,0.0615676776288527,0.067369396027971,0.65640826593638,0.453552991117448,1.01649702435628,-9747.00679748811,-13064.1216057462,-5341.85629721858,1013.40026752374,-3614.12788259036,3548.59621039436,-6398.01583000928,-10260.4439753231,-3120.30285979533,1013.40026752374,-3614.12788259036,3548.59621039436,-5384.61556248553,-10448.5269019233,-2959.73571586531,1.18820290060893,0.573570598603407,1.84670946002773,TRUE,FALSE,"Mediated-only"
"5140","GK000015.2_22919564_G_A","DMD302690","Glutamic acid",-0.449819574070123,-0.51137544155047,0.000726883391924246,9.10787699485149e-05,0.0613046633647269,0.080962178192603,0.100070559697067,0.0228582171398805,0.220306374241963,-8199.11476959456,-10616.0229836143,-5838.68185742994,-862.516292957379,-1685.29100642285,98.7171228510775,-820.490004013812,-1973.04115889523,-162.322904742628,-862.516292957379,-1685.29100642285,98.7171228510775,-1683.00629697119,-3011.88404048216,-693.990113244578,0.487514518210895,0.150443673878997,1.08991216144849,TRUE,FALSE,"Mediated-only"
"5141","GK000015.2_47127350_C_G","DMD302690","Glutamic acid",-0.506092803751764,-0.597839930804848,5.05827608265103e-05,7.22510859754361e-07,0.00762666970511452,0.0019000553927674,0.376122934595775,0.274382823442123,0.777650503668672,-7521.7153078894,-10157.0908785793,-3533.5862798864,-1387.58026082307,-7772.03959128475,348.229127432336,-2829.08963479733,-4863.89873612726,-1334.55460090673,-1387.58026082307,-7772.03959128475,348.229127432336,-4216.6698956204,-11182.7543203288,-2211.65361896619,0.670929834402198,0.209852123788438,1.13456317116398,TRUE,FALSE,"Mediated-only"
"5142","GK000015.2_47127447_G_A","DMD302690","Glutamic acid",-0.610563924571276,-0.573172582652248,7.43140568364848e-07,4.79542263073502e-06,0.000216010209812609,0.00797976963936195,0.422709068067095,0.29570864881043,0.685808407632252,-6393.78463108146,-8830.64116354775,-3324.37137276558,-2649.05571098805,-5903.23022880563,-1202.18296883016,-2702.71074282616,-4769.87111491525,-1278.77803690538,-2649.05571098805,-5903.23022880563,-1202.18296883016,-5351.76645381421,-8910.54679329231,-3656.47434519542,0.505012833827966,0.234172187825559,0.742662720912866,TRUE,TRUE,"Partial mediation"
"5143","GK000015.2_49085108_A_G","DMD302690","Glutamic acid",-0.581912083449769,-0.516501344688091,6.04816014930317e-06,8.8629610564022e-05,0.0013000738460326,0.0801689510324809,0.896461756562021,0.592085743169769,1.2355002586007,-7394.59854869231,-11796.5429052981,-4362.06366788597,-2883.08117990029,-6719.02267161864,2513.8198706784,-6628.97480403168,-12901.6987774201,-3255.23806620498,-2883.08117990029,-6719.02267161864,2513.8198706784,-9512.05598393197,-13311.0401172845,-6508.38922156555,0.696902416809734,0.359182402119201,1.27355302856732,TRUE,FALSE,"Mediated-only"
"5144","GK000015.2_49214772_T_C","DMD302690","Glutamic acid",-0.456100511745317,-0.497680578661202,0.000320436287306467,7.04251501772174e-05,0.0329011200077092,0.068164584605694,0.541294483410475,0.330850323592539,1.38855435153022,-8073.82805831068,-11272.6188121866,-4699.91764499624,-1301.81855917418,-6670.8899889582,551.702342527981,-4370.31858796828,-11195.5313643894,-2205.6969002618,-1301.81855917418,-6670.8899889582,551.702342527981,-5672.13714714246,-14548.7432475712,-3256.32873127258,0.77048887828285,0.4588095895179,1.08893533168597,TRUE,FALSE,"Mediated-only"
"5145","GK000015.2_49833749_A_G","DMD302690","Glutamic acid",-0.46605980915309,-0.641923101641034,0.000382646593634539,1.68306134818318e-07,0.0377510161870327,0.000459219974207413,0.517483445846204,0.339217902772158,0.820091195016801,-8569.82217278097,-11722.7460442996,-4649.41737749007,-526.110524450567,-3997.18842469457,1622.66993830243,-4434.74110825989,-7826.1348955198,-2068.34082330493,-526.110524450567,-3997.18842469457,1622.66993830243,-4960.85163271046,-9267.01049774821,-2931.2461461889,0.893947538970619,0.418822645532926,1.39928014660695,TRUE,FALSE,"Mediated-only"
"5146","GK000015.2_49833828_A_G","DMD302690","Glutamic acid",-0.442673108251863,-0.590789141832909,0.000634770898992943,1.64043266898793e-06,0.0553838395732271,0.00357699429151067,0.502741697717858,0.365478277878959,0.988709128956544,-8774.93545745839,-12133.9064018661,-5173.76354589546,-223.378625831928,-4013.81311247349,1917.55909459395,-4411.52594924726,-9233.61638102426,-2202.8367581504,-223.378625831928,-4013.81311247349,1917.55909459395,-4634.90457507919,-10983.7945211638,-2932.46235699989,0.95180512948789,0.486350868484689,1.42861325411449,TRUE,FALSE,"Mediated-only"
"5147","GK000015.2_49989344_A_G","DMD302690","Glutamic acid",-0.463504845022091,-0.491380241181038,0.000282265589698415,0.000103870040620257,0.0298206877186139,0.0893166728622819,0.512342946501299,0.359487737995987,1.13205130822324,-8230.49617579368,-11831.178643265,-4491.82475835945,-950.381609847895,-4796.38662594448,1922.62155197216,-4216.83666187381,-10186.7405775906,-2170.57490503673,-950.381609847895,-4796.38662594448,1922.62155197216,-5167.2182717217,-11519.0334403124,-3914.33751004487,0.816074808558217,0.406322869831296,1.29262739084471,TRUE,FALSE,"Mediated-only"
"5148","GK000015.2_55165060_C_T","DMD302690","Glutamic acid",-0.552936640998125,-0.501417983023766,5.590263015782e-06,5.22343903695563e-05,0.0012168745052826,0.0559816444923575,0.582622157714326,0.385422029322658,0.693173044770158,-7194.78241342296,-11276.0480730304,-2347.54331396244,-2004.96366452109,-5805.69970706676,876.248709205085,-4191.83965399357,-6595.68692140142,-1329.05038993456,-2004.96366452109,-5805.69970706676,876.248709205085,-6196.80331851466,-8279.57119451887,-4447.92811932758,0.676451944419358,0.217990675393649,1.17106638535964,TRUE,FALSE,"Mediated-only"
"5149","GK000015.2_55992192_A_G","DMD302690","Glutamic acid",-0.551776695258989,-0.554113834606104,5.90312531247072e-06,5.28859170882719e-06,0.00127408463911231,0.00867739421153106,0.810208579560798,0.452376881805257,1.60830558022383,-6858.98967139512,-9332.66295648835,-4079.31729203927,-5574.56609952391,-7905.53981738485,-1653.09514108753,-5557.21227888322,-13010.1542862418,-2363.04986739408,-5574.56609952391,-7905.53981738485,-1653.09514108753,-11131.7783784071,-17276.5970401467,-8163.45106707248,0.499220527931352,0.256472581498705,0.867345964678754,TRUE,TRUE,"Partial mediation"
"5150","GK000015.2_79726247_A_G","DMD302690","Glutamic acid",-0.50962867410541,-0.515561401665828,6.02922317580694e-05,4.77589705321285e-05,0.00879551886712615,0.0528158530103971,0.570393234826274,0.429646233062885,1.70835179017229,-7314.61401819414,-10054.8301109545,-4642.04806091692,-3122.35902280185,-19520.5330931224,-1283.36848140131,-4172.20635134336,-13418.7901306748,-2362.59530140088,-3122.35902280185,-19520.5330931224,-1283.36848140131,-7294.56537414521,-29742.536922704,-5380.98071344103,0.571960923968314,0.296107349110554,0.82766578874197,TRUE,TRUE,"Partial mediation"
"5151","GK000016.2_5517722_T_C","DMD302690","Glutamic acid",-0.430477707810283,-0.544198555658206,0.000927490908356795,1.45565419281558e-05,0.0734835299989606,0.0201555610473231,0.544705528777111,0.322069621497355,1.3202177759279,-8306.17890276188,-11436.3772403403,-5133.45861881944,-1073.39351107806,-4617.35015417502,822.170268287599,-4524.4215713462,-10293.9113245186,-2189.14362886481,-1073.39351107806,-4617.35015417502,822.170268287599,-5597.81508242425,-13472.1442608465,-2789.45580059,0.808247772519631,0.507478677146919,1.16707031591181,TRUE,FALSE,"Mediated-only"
"5152","GK000016.2_27549292_C_T","DMD302690","Glutamic acid",-0.501408281633614,-0.486832431183223,7.09477965253183e-05,0.000122996375441643,0.0100187441810874,0.099912164712874,0.61592019944741,0.486594125425612,1.24628100317874,-7861.17134953286,-11434.2852629575,-4618.27140181421,-1583.03859676783,-6073.72367773333,503.414526233677,-4841.85422549454,-9915.17033318072,-2672.43242711725,-1583.03859676783,-6073.72367773333,503.414526233677,-6424.89282226237,-14972.2421688807,-5009.60203845704,0.753608559619458,0.431490813162208,1.07306269917056,TRUE,FALSE,"Mediated-only"
"5153","GK000016.2_50572357_C_T","DMD302690","Glutamic acid",-0.553540723681101,-0.541934760301487,5.43351238000197e-06,9.2946343872754e-06,0.00118765139242486,0.0137430204922241,0.568780609297563,0.325685674639979,1.351057271003,-6850.13124191836,-9962.4820214872,-3742.93968429107,-3261.67887506373,-5100.85085204952,-205.348749012975,-3896.2218215466,-10681.3573382153,-1518.26342600806,-3261.67887506373,-5100.85085204952,-205.348749012975,-7157.90069661033,-13339.282874708,-5508.72620085427,0.544324654209254,0.253170925583466,0.97708179165751,TRUE,TRUE,"Partial mediation"
"5154","GK000016.2_52648107_G_A","DMD302690","Glutamic acid",-0.476473208720527,-0.529797188989634,0.000156263717288356,1.89693811061202e-05,0.0187519399901678,0.0254369040492896,0.966172466239622,0.445581310115597,2.24576050750684,-7756.94731972746,-10985.4174603565,-4371.98339502882,-3768.71367139827,-9665.79661657723,4058.53104696011,-7494.5489223919,-19994.4164302938,-2787.13487757901,-3768.71367139827,-9665.79661657723,4058.53104696011,-11263.2625937902,-25220.1650536829,-7336.83044732952,0.665397690942934,0.27203673843893,1.4499826108901,TRUE,FALSE,"Mediated-only"
"5155","GK000016.2_68589784_T_C","DMD302690","Glutamic acid",-0.490152901378081,-0.559729317358164,0.000125796126395234,7.29261977084124e-06,0.0158027598118253,0.0112646593730942,0.586912452879841,0.372097406692178,0.984158043486947,-7919.65304844576,-10983.2255294022,-4728.51628244818,-1663.7843412654,-4863.08835351988,685.58309495271,-4648.14299662061,-8784.9029373429,-2094.14514498828,-1663.7843412654,-4863.08835351988,685.58309495271,-6311.92733788601,-11097.7578693941,-4230.81947667433,0.736406290471868,0.395672025647267,1.12386396105472,TRUE,FALSE,"Mediated-only"
"5156","GK000016.2_79538300_C_T","DMD302690","Glutamic acid",-0.50170592630263,-0.494145660484884,6.01759427390198e-05,8.07254713618755e-05,0.00878112434293916,0.0747803284875141,0.598154688545751,0.277130058440172,1.06945868814332,-7443.1624454965,-10017.9153479978,-4775.97491508164,-3443.64025085556,-6663.81689324131,-950.109714988998,-4452.1625143814,-8304.3457890532,-1794.37048058269,-3443.64025085556,-6663.81689324131,-950.109714988998,-7895.80276523696,-12424.5675803537,-4523.71758982979,0.563864453907466,0.286558236160362,0.865224193675025,TRUE,TRUE,"Partial mediation"
"5157","GK000017.2_30193224_G_A","DMD302690","Glutamic acid",-0.538261831483646,-0.561508616565411,2.69160783766927e-05,9.99087341247647e-06,0.00452878235314191,0.0146974906635682,0.608624221598112,0.306546814705762,1.69049047648194,-7049.17243925392,-9884.21596062111,-4300.81371987296,-3792.26268863439,-5302.79664957713,515.277183070201,-4290.29708875178,-13977.4706752325,-1718.38314413864,-3792.26268863439,-5302.79664957713,515.277183070201,-8082.55977738617,-16260.9945132761,-6009.02232099957,0.530809199921467,0.276814540624182,1.0470424200569,TRUE,FALSE,"Mediated-only"
"5158","GK000017.2_74511507_G_A","DMD302690","Glutamic acid",0.42488019062788,0.516686367442987,0.000886132172536979,3.29274411316242e-05,0.0710839308180264,0.0402897923830216,-0.175091429118254,-0.403101704656482,-0.0852821135209434,-7923.77911522116,-10024.3321160653,-5266.7211422672,1990.28476799847,504.220998335207,5155.95550742596,1387.38580930145,598.256567718348,3117.98711856965,1990.28476799847,504.220998335207,5155.95550742596,3377.67057729992,1533.18630140998,7504.50104927513,0.410752255896581,0.176234629300525,0.732400566478037,TRUE,TRUE,"Partial mediation"
"5159","GK000018.2_8497657_C_T","DMD302690","Glutamic acid",-0.537235487366501,-0.528143904124611,1.37306466671353e-05,2.03612176348937e-05,0.00259388130405153,0.0271042951437688,0.864310405536462,0.648431457702522,1.17587965502263,-7363.72341385083,-11028.8605349842,-3239.72853100511,-2808.17405958086,-7130.6967605166,3056.96485579251,-6364.54277008375,-11134.5243297158,-2579.78319653179,-2808.17405958086,-7130.6967605166,3056.96485579251,-9172.71682966461,-12420.2854872441,-5184.52845336814,0.69385579957083,0.301473055313121,1.43770146118473,TRUE,FALSE,"Mediated-only"
"5160","GK000018.2_43707956_C_T","DMD302690","Glutamic acid",-0.502778971112451,-0.538127354347345,6.72833381478916e-05,1.57937766545151e-05,0.00960231906112722,0.0217101761928408,0.99608650514936,0.634512641193889,1.44500379155965,-8945.8762137932,-13167.7295964756,-5502.75458880258,-34.1215702075153,-4039.45594171975,5420.01998058586,-8910.86657329606,-16783.051172016,-4221.2222252439,-34.1215702075153,-4039.45594171975,5420.01998058586,-8944.98814350357,-14216.440114019,-5071.27869752339,0.996185397939035,0.582518678109227,1.59649425046049,TRUE,FALSE,"Mediated-only"
"5161","GK000018.2_55815131_T_C","DMD302690","Glutamic acid",-0.434085204725879,-0.495548269827639,0.000663134734514646,7.64831419586804e-05,0.0572526141492438,0.0722910143471526,0.314192339127436,0.207458684737113,0.473453536342805,-8649.66579902285,-11736.7531528647,-4825.36429075411,-247.385594820138,-2531.43584168626,1177.60336795018,-2717.65873006558,-4529.15099444201,-1204.62024265981,-247.385594820138,-2531.43584168626,1177.60336795018,-2965.04432488571,-5624.84499783302,-1737.88212564279,0.916565970787073,0.408328897977392,1.50979587238396,TRUE,FALSE,"Mediated-only"
"5162","GK000018.2_56005623_T_C","DMD302690","Glutamic acid",-0.516993050112182,-0.504442708252324,3.2513801835749e-05,5.40122693287087e-05,0.00529539254327988,0.0575980008783378,0.781341271509417,0.639321015790359,0.939583022990229,-10008.0320274548,-14162.5696291747,-6493.67792312868,1276.39711936153,-1858.35891878247,5026.54753946442,-7819.68846963847,-12116.5171648311,-4708.3384652203,1276.39711936153,-1858.35891878247,5026.54753946442,-6543.29135027694,-9526.61870781937,-3773.79018802254,1.19506958364425,0.750377063274775,2.00055029528693,TRUE,FALSE,"Mediated-only"
"5163","GK000018.2_56681361_G_C","DMD302690","Glutamic acid",-0.496520277156299,-0.53009146866987,7.3664543693208e-05,1.87310773527921e-05,0.0103257017610992,0.0251426611727179,1.21904879230692,0.896772881631687,1.59406691616118,-8614.42661853352,-12688.6354740881,-3354.55337302418,-809.5922639054,-8784.55676824836,5762.587199041,-10501.4063657399,-16782.7510836929,-3567.16911393726,-809.5922639054,-8784.55676824836,5762.587199041,-11310.9986296453,-16118.4694760831,-7312.02637618644,0.928424333658434,0.321899244773338,1.67011194484568,TRUE,FALSE,"Mediated-only"
"5164","GK000018.2_57574244_C_T","DMD302690","Glutamic acid",-0.513492551372874,-0.541175774374998,3.19477038139761e-05,9.62008937172284e-06,0.00522072553280306,0.0141910503346364,0.790581011101747,0.477522027831254,1.16095580308158,-7388.96991347971,-9890.94889141646,-4051.49941703942,-3334.85962918598,-8627.01538099327,235.474132922795,-5841.57930519917,-9330.47434237628,-2532.77408091284,-3334.85962918598,-8627.01538099327,235.474132922795,-9176.43893438515,-14626.9144360208,-5587.01554191615,0.636584556053668,0.290945193460953,1.03545966164367,TRUE,FALSE,"Mediated-only"
"5165","GK000018.2_58494962_G_T","DMD302690","Glutamic acid",-0.481759616839027,-0.515952437414594,0.000170410062964374,4.70238410949836e-05,0.0200847118366261,0.0522121382741819,0.268123393127566,0.135555701873673,0.444631906113488,-7983.06647777559,-11093.8735070638,-4380.33807062405,-749.338189188194,-2666.83218581394,685.160935095621,-2140.44687158412,-4024.5354604936,-938.259233514244,-749.338189188194,-2666.83218581394,685.160935095621,-2889.78506077231,-4975.93431590136,-1414.07543321515,0.740694143879362,0.364293153275689,1.28095649379333,TRUE,FALSE,"Mediated-only"
"5166","GK000018.2_59002570_G_A","DMD302690","Glutamic acid",-0.508105976765081,-0.501291920365433,7.48987385006307e-05,9.6800103986512e-05,0.0104646188847728,0.0847907373090477,0.601753419111579,0.517766892446961,1.00747414903756,-8275.77397654736,-11395.5812388868,-4490.26123024654,-802.084950321944,-3588.52619664629,2676.36785874596,-4979.975286182,-9339.57762684834,-2663.00394786102,-802.084950321944,-3588.52619664629,2676.36785874596,-5782.06023650394,-9361.84524889265,-3740.23327159892,0.861280422978278,0.473549505371532,1.59203200493021,TRUE,FALSE,"Mediated-only"
"5167","GK000018.2_60379436_G_C","DMD302690","Glutamic acid",-0.476253268282222,-0.488853845526754,0.000137406740108532,8.5461187261114e-05,0.0169482615802379,0.0782487800793462,0.813770718919501,0.598371679813347,1.22649050451007,-9506.35976346045,-13168.4414146023,-4951.74916341739,737.253998034088,-4472.56942039145,3818.61114284406,-7735.99721901862,-13265.1959137001,-4075.34344854059,737.253998034088,-4472.56942039145,3818.61114284406,-6998.74322098454,-12556.560608625,-3913.85319530317,1.10534091261179,0.557283712544221,1.7049054976604,TRUE,FALSE,"Mediated-only"
"5168","GK000018.2_60379447_G_A","DMD302690","Glutamic acid",-0.497474811939256,-0.487605446246463,6.1088667975368e-05,8.96524764697786e-05,0.00888198037614225,0.0801689510324809,0.79009300790958,0.602786737177115,1.11961668870339,-9425.976302046,-13768.4749049779,-4713.03358600301,572.151262224969,-4111.32978334912,3766.4537344816,-7447.39796896795,-12200.8728516158,-3728.53897878659,572.151262224969,-4111.32978334912,3766.4537344816,-6875.24670674298,-11446.0607679957,-3953.27998848249,1.08321901549567,0.520184342064877,1.65664920055488,TRUE,FALSE,"Mediated-only"
"5169","GK000018.2_61091771_C_T","DMD302690","Glutamic acid",-0.437294467276037,-0.560523740138232,0.000598232600250768,4.74242693960048e-06,0.0529492498225565,0.00789617447808605,0.313520669490221,0.131128958481831,0.74342661696288,-7841.07634283348,-9883.87660259205,-4384.938466741,-1955.32872844989,-5439.02336695164,-402.402868110924,-2458.33950452908,-5948.71042233264,-907.31986747639,-1955.32872844989,-5439.02336695164,-402.402868110924,-4413.66823297897,-9382.84126544492,-2057.30290659475,0.556983301590352,0.294978682355989,0.901665049594908,TRUE,TRUE,"Partial mediation"
"5170","GK000018.2_64825390_A_G","DMD302690","Glutamic acid",-0.545895869566836,-0.517535149189635,9.33299477000416e-06,3.17943658736004e-05,0.00187569024302769,0.0398432964129985,0.267819143978225,0.170521470540648,0.369166416812516,-7490.83449446303,-10315.6265463359,-4073.32364157194,-1028.44084789421,-2631.02272850668,431.575167833849,-2006.18888198965,-3240.00096447693,-875.039204070167,-1028.44084789421,-2631.02272850668,431.575167833849,-3034.62972988386,-4594.13996137309,-1736.73480360651,0.661098407569621,0.29475429658482,1.18914279976157,TRUE,FALSE,"Mediated-only"
"5171","GK000019.2_5223955_T_C","DMD302690","Glutamic acid",-0.516089862581357,-0.521500602679633,3.37459359721482e-05,2.69625102904982e-05,0.00546402693907926,0.0347879540391716,1.40905032759912,0.986281938861282,2.38800346637237,-7584.01495420113,-11207.3412148914,-4338.2913472989,-4176.37078050449,-12436.786223457,2811.97851870817,-10686.2587557338,-20893.4957429078,-5439.88442884956,-4176.37078050449,-12436.786223457,2811.97851870817,-14862.6295362382,-26860.4600648521,-10161.7823044327,0.719001891938327,0.400172691409198,1.20978636721602,TRUE,FALSE,"Mediated-only"
"5172","GK000019.2_18191922_C_T","DMD302690","Glutamic acid",-0.583994801630849,-0.519349582390984,1.49248998584208e-06,2.94920027472332e-05,0.000394087285245121,0.0372845130145042,0.770057766430877,0.662429203941583,0.987114430639897,-7310.46512796553,-13244.7059998233,-2449.04406935296,-1962.5566924727,-6475.91789691166,2961.00426338914,-5629.48044801195,-11005.9506904234,-2061.50692261131,-1962.5566924727,-6475.91789691166,2961.00426338914,-7592.03714048465,-10666.5855802276,-5834.51986858555,0.741498012172867,0.258887080156733,1.40554717617619,TRUE,FALSE,"Mediated-only"
"5173","GK000019.2_23884900_G_A","DMD302690","Glutamic acid",0.467559586823349,0.542383306862538,0.000215138667898514,1.09291481879514e-05,0.0242036571254905,0.0158534417015065,-0.254447779454603,-0.419572426680903,-0.149952369426413,-7669.72100565926,-10174.0444073414,-4656.323741642,2039.15215713307,-3.58772331037194,5699.17116606822,1951.54347892633,904.095529627565,3359.73312801939,2039.15215713307,-3.58772331037194,5699.17116606822,3990.6956360594,1668.1011789911,8040.04262057871,0.489023382613406,0.190356534377815,1.00161073013489,TRUE,FALSE,"Mediated-only"
"5174","GK000019.2_27455882_T_C","DMD302690","Glutamic acid",-0.499836793343201,-0.554712909109483,6.47509205687922e-05,6.22966090343421e-06,0.00930680943153783,0.0099166413846434,0.416764604220655,0.307060324849363,0.6322161262044,-9388.44951816214,-14232.3861264915,-3692.93924223159,278.171773330805,-3537.88442041246,2668.20156018692,-3912.77344768244,-7279.84268606295,-1460.55210132766,278.171773330805,-3537.88442041246,2668.20156018692,-3634.60167435164,-6792.60531362757,-2047.72344666895,1.07653432157196,0.317554012414458,1.93391400868128,TRUE,FALSE,"Mediated-only"
"5175","GK000019.2_27548245_C_T","DMD302690","Glutamic acid",-0.525041187067004,-0.526294049393361,4.58078032588034e-05,4.35979734322502e-05,0.00703247315107805,0.0494273033595173,0.706398515883669,0.404352309722787,0.956733276340017,-7795.07095663073,-11557.1736135262,-4648.64635457986,-1942.04189183989,-5889.98478693058,2542.70795433513,-5506.42655497184,-9682.41286399793,-2299.07028365597,-1942.04189183989,-5889.98478693058,2542.70795433513,-7448.46844681173,-11076.6877864844,-3382.63423165093,0.739269635669711,0.339014946594183,1.51437838235422,TRUE,FALSE,"Mediated-only"
"5176","GK000019.2_27729562_A_G","DMD302690","Glutamic acid",-0.474872005615932,-0.496762639557529,0.000144587901248443,6.28281335578596e-05,0.0176464595993866,0.064014991146423,0.405927022069335,0.280652668420221,0.686229643584119,-7736.93482018539,-10113.0828759317,-4204.50371033652,-1544.33143516841,-4497.04661546577,137.506179637176,-3140.63091150241,-5253.27666183329,-1559.68161861106,-1544.33143516841,-4497.04661546577,137.506179637176,-4684.96234667082,-8308.54907503885,-2884.67352432474,0.670364173520876,0.339632890189491,1.03912891352724,TRUE,FALSE,"Mediated-only"
"5177","GK000019.2_27794623_G_A","DMD302690","Glutamic acid",-0.575231923906977,-0.504749224785984,3.53007028045722e-06,7.27959975740237e-05,0.000820826968816882,0.0701270763323904,0.774876410240304,0.512183158863425,1.02644361803076,-7021.2699295854,-11402.9853557226,-2955.6742965196,-2800.78080458637,-7713.40426753572,2822.31820397785,-5440.61643836533,-9062.36406842656,-2359.69559810745,-2800.78080458637,-7713.40426753572,2822.31820397785,-8241.3972429517,-11382.655835687,-3724.80246773262,0.660157043518114,0.25451194711341,1.5727071436844,TRUE,FALSE,"Mediated-only"
"5178","GK000019.2_28016658_T_C","DMD302690","Glutamic acid",-0.443225563185227,-0.502108092508196,0.000390199195167504,4.35955584922351e-05,0.0383147511701739,0.0494273033595173,0.303926456135729,0.189576567915746,0.538570515909837,-8111.84870499585,-10921.2006196696,-4214.41246678391,-771.492900227244,-4284.36102160643,705.227558820677,-2465.40542961859,-4447.2730591959,-1149.37174004626,-771.492900227244,-4284.36102160643,705.227558820677,-3236.89832984584,-7024.96860540816,-1755.52173456119,0.761656739999002,0.305758759800681,1.31147344608474,TRUE,FALSE,"Mediated-only"
"5179","GK000019.2_28072184_T_C","DMD302690","Glutamic acid",-0.431260984318021,-0.501015658704918,0.00072544682293993,6.18296301559388e-05,0.0612089343816137,0.0632872767846276,0.414329962201939,0.313063289657442,0.719228442455631,-10822.538230318,-14555.7499487443,-6998.83250969459,1291.30732452855,-609.793877466821,2952.67953321265,-4484.10185589672,-8083.99075473941,-2633.62011625589,1291.30732452855,-609.793877466821,2952.67953321265,-3192.79453136816,-6756.4118395671,-1702.71512907556,1.40444422960572,0.871819181802255,2.14762483904999,TRUE,FALSE,"Mediated-only"
"5180","GK000019.2_28444838_T_C","DMD302690","Glutamic acid",-0.486858396806068,-0.488815990228649,9.22500904085758e-05,8.55855848401709e-05,0.0123671114522691,0.0782487800793462,0.512507913226696,0.213284511433071,0.880284776001675,-8017.08246488567,-10971.8369050079,-4533.00485313938,-1076.13486220941,-4452.28236283158,1248.66697457514,-4108.81820424489,-8591.10928594094,-1500.44078844185,-1076.13486220941,-4452.28236283158,1248.66697457514,-5184.9530664543,-9512.25055083526,-2480.98167173024,0.792450414031361,0.450069140833013,1.2077934274384,TRUE,FALSE,"Mediated-only"
"5181","GK000019.2_29986762_A_G","DMD302690","Glutamic acid",-0.496025509718585,-0.523201334549,0.000101246061253233,3.51499573196865e-05,0.0133118266229272,0.0426944344054469,0.318046656179392,0.214808574736476,0.55696055412182,-7750.59641877642,-10767.8729994594,-4570.5556566207,-1158.55433315626,-3281.43689506462,274.344151852338,-2465.05127438781,-4822.30535540469,-1207.86851557298,-1158.55433315626,-3281.43689506462,274.344151852338,-3623.60560754407,-6670.61294308179,-2447.24445830177,0.680275819547183,0.351269965686708,1.08901293724941,TRUE,FALSE,"Mediated-only"
"5182","GK000019.2_44488116_C_T","DMD302690","Glutamic acid",-0.461432710173926,-0.49900556642236,0.00026667684358265,6.68865437018411e-05,0.028545822958197,0.0659967529608355,1.0315024390738,0.607523632661568,1.89220552842969,-8074.05977413014,-11186.86934443,-5086.87958690974,-2553.54909202492,-7984.23339772532,1538.47627053266,-8328.41235024286,-16249.0158590864,-4211.2033993692,-2553.54909202492,-7984.23339772532,1538.47627053266,-10881.9614422678,-20232.1011697885,-6495.98668228078,0.765341100906091,0.484525099585516,1.15247346208358,TRUE,FALSE,"Mediated-only"
"5183","GK000019.2_44601198_A_T","DMD302690","Glutamic acid",-0.474710879994249,-0.515689006778577,0.000145447615133574,2.91557714175233e-05,0.0177321258416844,0.0369134302354813,0.734234281683152,0.503953264812246,2.6248527008317,-7689.38285411752,-10360.9667397631,-4439.12697629894,-3039.30504359037,-11591.5302544346,-753.791450488424,-5645.80849647972,-18245.504616216,-3021.82184453593,-3039.30504359037,-11591.5302544346,-753.791450488424,-8685.11354007009,-25983.5449924418,-5729.68695590783,0.650055807610566,0.354234626098373,0.915229744311804,TRUE,TRUE,"Partial mediation"
"5184","GK000019.2_51921602_C_T","DMD302690","Glutamic acid",-0.576019478563665,-0.566520077603111,2.23301736667445e-06,3.5594723208077e-06,0.000554800928211166,0.00631348113971723,0.452567620588019,0.30804362724997,0.731179702370599,-6778.20226830203,-9891.50848993075,-3122.79328833908,-2730.90365117808,-5218.86183706291,-449.46948089371,-3067.59487242976,-6229.17367528338,-1193.31684989162,-2730.90365117808,-5218.86183706291,-449.46948089371,-5798.49852360784,-8677.0017534015,-4366.6416137169,0.529032621107076,0.217325952428817,0.921745204240513,TRUE,TRUE,"Partial mediation"
"5185","GK000019.2_56069210_C_T","DMD302690","Glutamic acid",-0.464828278608638,-0.510700649171965,0.00023687139268134,4.20401303744983e-05,0.0260606898346589,0.0485431332489927,0.713754810812965,0.399373699959673,1.12206396284931,-7852.87994990753,-10160.5979257643,-3858.38771522661,-2761.61117704372,-7150.90154145521,1838.05324659473,-5605.03084298318,-10046.0541141568,-2372.49746763559,-2761.61117704372,-7150.90154145521,1838.05324659473,-8366.64202002689,-12610.7253036715,-5066.34125736918,0.669925978614436,0.275709210986874,1.31458040803306,TRUE,FALSE,"Mediated-only"
"5186","GK000019.2_56215104_C_T","DMD302690","Glutamic acid",-0.529878770921098,-0.517539809989163,1.89030373522961e-05,3.1788244667789e-05,0.00338963783860964,0.0398361903610135,0.679379232673268,0.196748354279972,1.14575748264749,-7224.83731660453,-9540.44632193477,-4760.79071828603,-5607.93300574813,-10897.2152746664,-1402.25931141357,-4908.40443234398,-8607.85852861215,-1297.61712959995,-5607.93300574813,-10897.2152746664,-1402.25931141357,-10516.3374380921,-16958.9447486651,-4972.1732307899,0.466740864986401,0.184455212593423,0.798553151640463,TRUE,TRUE,"Partial mediation"
"5187","GK000019.2_56978123_G_A","DMD302690","Glutamic acid",-0.427117784307232,-0.494077916006955,0.000741485760263894,6.98038022570054e-05,0.0622091996539604,0.0676569224553891,0.286772354984834,0.122869970008262,0.947296960533986,-7862.07189890373,-11389.2095106093,-4525.4102455987,-1679.60467094245,-3180.98005235684,3320.99195888206,-2254.6248735087,-9963.03844408737,-883.283437882103,-1679.60467094245,-3180.98005235684,3320.99195888206,-3934.22954445115,-9911.1985474514,-2775.58026433283,0.573079137359596,0.277494655820672,1.68180392359023,TRUE,FALSE,"Mediated-only"
"5188","GK000020.2_10159318_G_C","DMD302690","Glutamic acid",0.496439348668759,0.519611868178578,0.000115820641424428,4.79639328050634e-05,0.014801288377102,0.0530150523122241,-0.0555720488282864,-0.146550077168656,0.000118522429284839,-8294.43820803188,-10518.9483106799,-5768.57752204503,1102.98505767394,201.145395892404,1986.11376187958,460.938925099951,-0.948024877490396,1226.70729105214,1102.98505767394,201.145395892404,1986.11376187958,1563.92398277389,502.01074457633,2842.99197693967,0.294732308077018,0.000447449688615931,0.712398958358658,FALSE,TRUE,"Direct-only"
"5189","GK000020.2_23924225_G_A","DMD302690","Glutamic acid",-0.547453738954343,-0.543268811127195,5.99221435320209e-06,7.28498874613702e-06,0.00128988331527668,0.011253951964558,0.479044504484714,0.309414254929077,0.705741714257742,-6854.5169106673,-10212.6979123014,-2768.40339776607,-2849.0191745916,-5342.12218111364,359.469342515475,-3283.61865695271,-6461.7823356269,-1127.72831718265,-2849.0191745916,-5342.12218111364,359.469342515475,-6132.63783154431,-8408.22710110054,-4434.63739368934,0.535433323660959,0.189298897545625,1.06384447446352,TRUE,FALSE,"Mediated-only"
"5190","GK000020.2_33478963_C_T","DMD302690","Glutamic acid",-0.566066364430065,-0.502816747995071,6.66274527439341e-06,9.14431415658734e-05,0.00141169134335189,0.0812341131970588,0.475933151802888,0.23946179526431,0.731068818089324,-7096.45015314352,-10185.4340435955,-4419.54942550835,-2581.4079269727,-5028.60771273056,314.676286664858,-3377.43588799768,-6013.10991517416,-1402.04343640056,-2581.4079269727,-5028.60771273056,314.676286664858,-5958.84381497038,-8366.19232080231,-3009.00937855712,0.566793826599812,0.277818424299137,1.07848074809678,TRUE,FALSE,"Mediated-only"
"5191","GK000020.2_62759018_G_A","DMD302690","Glutamic acid",-0.517955597137723,-0.511319715942889,2.65126494314378e-05,3.49509900936177e-05,0.00447115808424254,0.0424865586792527,1.11627953928282,0.859402665615153,1.63168502178547,-7436.19761325805,-10387.1197618053,-3522.29325174042,-4362.75258170861,-9275.76871506998,1751.41129538001,-8300.8752457437,-14675.0543519213,-3742.07746201933,-4362.75258170861,-9275.76871506998,1751.41129538001,-12663.6278274523,-17218.7263749538,-8930.86538304346,0.655489513656505,0.302774735652421,1.14128772466975,TRUE,FALSE,"Mediated-only"
"5192","GK000021.2_45605714_A_G","DMD302690","Glutamic acid",-0.552024564789648,-0.515073229697862,1.03198985062737e-05,4.86915650059653e-05,0.00204034565102301,0.0537118853991729,0.966324285612748,0.683108104548424,1.29237851552405,-7406.59717187144,-11237.7024367424,-4081.32686336332,-2724.77815991779,-6303.68157569436,1304.93376921897,-7157.17472093007,-11980.5643713017,-3506.14447213947,-2724.77815991779,-6303.68157569436,1304.93376921897,-9881.95288084786,-13968.5138977351,-6859.44490255631,0.724267238189462,0.399821106534194,1.131966074978,TRUE,FALSE,"Mediated-only"
"5193","GK000021.2_56955451_A_T","DMD302690","Glutamic acid",-0.429845150010507,-0.495875657013001,0.00105584429694841,0.000118238972851947,0.0807745845406263,0.0976018559828595,0.0493620698406111,-0.0301321783051253,0.138861846596431,-8609.04725034607,-11179.7688838505,-6292.51998923044,-717.051528120804,-1667.02391746262,199.270370684965,-424.960391632703,-1266.08066764308,246.150086291136,-717.051528120804,-1667.02391746262,199.270370684965,-1142.01191975351,-2300.15736673619,-213.705410294983,0.372115548254896,-0.413014030929051,1.25458790147986,FALSE,FALSE,"Neither"
"5194","GK000021.2_67521220_A_C","DMD302690","Glutamic acid",0.484767797503115,0.510105235320293,0.000152981595344741,5.91835186512038e-05,0.0184509007326538,0.0614695225750665,-0.116704253988398,-0.206492445984935,-0.0345059421966476,-7711.01140732238,-10144.960817727,-5502.47977563717,1537.83291231352,578.602794245608,2610.56313810757,899.907833787588,242.616976438861,1796.5391535726,1537.83291231352,578.602794245608,2610.56313810757,2437.74074610111,1393.89498060554,3801.55254350168,0.369156496738584,0.111549740067837,0.690424545014672,TRUE,TRUE,"Partial mediation"
"5195","GK000021.2_71009848_C_A","DMD302690","Glutamic acid",-0.457511406280246,-0.510064823923292,0.000305326712978031,4.31338933960689e-05,0.0316923155196879,0.0494273033595173,0.515643405395384,-0.019404863748259,1.37676845023188,-7728.00859444396,-9957.57230348144,-5527.58680288168,-4969.13572771929,-9046.39235930688,-2859.5633347106,-3984.89666856388,-10609.1246986784,134.808379098347,-4969.13572771929,-9046.39235930688,-2859.5633347106,-8954.03239628317,-16830.0673608433,-4108.54888203181,0.445039340065155,-0.0316097534496738,0.74728720921095,FALSE,TRUE,"Direct-only"
"5196","GK000022.2_14013386_G_A","DMD302690","Glutamic acid",-0.565045393707634,-0.528832081456769,6.98075303787299e-06,3.31657008129669e-05,0.00146968361493217,0.0405416464479858,0.343273226928293,0.18650725583836,0.640095814175698,-6814.34276891318,-10006.3114917234,-3507.27542539759,-2191.63081141564,-3668.63671194028,-321.050708164004,-2339.18143168031,-5377.3455869558,-866.692929037541,-2191.63081141564,-3668.63671194028,-321.050708164004,-4530.81224309595,-7072.57984082113,-3455.35595216564,0.516283020830261,0.217163091895318,0.934601860127052,TRUE,TRUE,"Partial mediation"
"5197","GK000022.2_27348360_C_T","DMD302690","Glutamic acid",-0.559121135541647,-0.544069009230442,9.12180858430049e-06,1.75976763721142e-05,0.00184118310930967,0.0237625722839083,0.35944644671787,0.171784518638227,0.811678585472682,-6973.67296263675,-11002.9258799473,-4031.16116904498,-1809.18288412165,-2974.26619696751,1708.66364616775,-2506.66196699226,-7591.70816659858,-978.401852339556,-1809.18288412165,-2974.26619696751,1708.66364616775,-4315.84485111391,-7721.3022115196,-2961.37943714919,0.580804466672452,0.291973311588989,1.3687009934307,TRUE,FALSE,"Mediated-only"
"5198","GK000022.2_51082417_C_G","DMD302690","Glutamic acid",-0.559864492319466,-0.497122390994194,4.89275126994263e-06,7.19668064303485e-05,0.0010845338308188,0.0694497387945995,0.767705671877878,0.489937096802108,1.2855694268987,-6896.96447502088,-9718.1602096587,-3798.69355621205,-4005.55676707656,-9306.66225591627,-650.369591507439,-5294.83874621377,-8915.11670094207,-2719.58716837897,-4005.55676707656,-9306.66225591627,-650.369591507439,-9300.39551329032,-14529.023943783,-5822.04438535733,0.569313287660445,0.282784798675671,0.908410904437637,TRUE,TRUE,"Partial mediation"
"5199","GK000022.2_56796200_C_T","DMD302690","Glutamic acid",-0.53847733101378,-0.482500912373497,1.08649368918027e-05,0.000108831141316646,0.00213141102313048,0.0918133534984968,1.3053848435599,0.924099481945013,1.85479220380118,-7225.08589129196,-10716.8381468375,-4133.24983305091,-5382.01573030716,-10072.2948945958,876.373202234917,-9431.51761591102,-16406.8015837936,-4964.48987694246,-5382.01573030716,-10072.2948945958,876.373202234917,-14813.5333462182,-18470.9802347192,-10286.2144085502,0.636682511557504,0.354554086181469,1.06627456489753,TRUE,FALSE,"Mediated-only"
"5200","GK000022.2_58719009_G_A","DMD302690","Glutamic acid",-0.487695254530603,-0.529448911109479,8.93447672984257e-05,1.62023928331052e-05,0.0120570626625835,0.0222275698866147,0.900098876514832,0.674515895978012,1.28718206103212,-8428.04211168236,-12267.788319474,-3465.99558143269,-930.954990245702,-9618.62326969765,3143.76224244589,-7586.07123594498,-12281.5763904298,-3253.07301283386,-930.954990245702,-9618.62326969765,3143.76224244589,-8517.02622619068,-15425.479958775,-5045.72982556229,0.890694831092227,0.304576550208496,1.48879004708831,TRUE,FALSE,"Mediated-only"
"5201","GK000023.2_3149171_A_G","DMD302690","Glutamic acid",-0.43733772504434,-0.506544965539071,0.000841566011221685,7.94701072511657e-05,0.0683617891207875,0.073965218476282,0.824614932506722,0.360267952767579,1.43951628463822,-8003.0116051023,-10956.8332179561,-4574.8478380187,-3558.19555721179,-8142.83641834979,983.14860932607,-6599.40287459194,-13275.6193933532,-2293.84002865114,-3558.19555721179,-8142.83641834979,983.14860932607,-10157.5984318037,-15726.5798286188,-7164.55534750693,0.649701100008937,0.256586782093648,1.09696848108302,TRUE,FALSE,"Mediated-only"
"5202","GK000023.2_16641634_C_T","DMD302690","Glutamic acid",-0.449587045615519,-0.499470850221638,0.000399408012135723,6.5683262342073e-05,0.0390032485558159,0.065557618654987,0.345857502125407,0.0655186207976015,0.749291356583071,-7758.20617855545,-9936.54244691367,-4756.11036514258,-3400.28770514056,-7148.1886220071,-1547.18410352299,-2683.23380988909,-5961.44895825196,-483.727066631466,-3400.28770514056,-7148.1886220071,-1547.18410352299,-6083.52151502965,-10891.2660586665,-2972.04042022266,0.441065886470529,0.116939712131811,0.701638198631418,TRUE,TRUE,"Partial mediation"
"5203","GK000023.2_27088040_C_T","DMD302690","Glutamic acid",-0.568379532366351,-0.52099558274383,5.99136077841159e-06,4.54113272817391e-05,0.00128974550931466,0.0507704688438828,0.671686909644804,0.265853992390261,0.923401792051695,-7154.59266457365,-10078.1400350013,-4227.82710495763,-3355.63537010089,-9469.37073885068,-658.582910741675,-4805.64623663486,-8085.75312682738,-1640.02059953573,-3355.63537010089,-9469.37073885068,-658.582910741675,-8161.28160673575,-14329.8296521599,-5511.35804252721,0.588834752702151,0.194980841314332,0.906706704983082,TRUE,TRUE,"Partial mediation"
"5204","GK000023.2_28125411_C_T","DMD302690","Glutamic acid",-0.447321127163497,-0.497137788459669,0.000382259699736194,6.1906234314605e-05,0.0377202154823119,0.0633540694164811,0.507830024753624,0.226116804828332,0.780512587694951,-7736.64048940833,-9878.18304037312,-4186.11811837009,-3319.10910372333,-7205.52435463104,-874.57896583511,-3928.89833124612,-6000.48947541146,-1657.3456627595,-3319.10910372333,-7205.52435463104,-874.57896583511,-7248.00743496945,-10906.8736602486,-3940.91252484059,0.542065990756352,0.230471903448955,0.845890971796996,TRUE,TRUE,"Partial mediation"
"5205","GK000023.2_29414438_G_A","DMD302690","Glutamic acid",-0.490355838728862,-0.489205048912579,0.000107923087884268,0.000112648851326849,0.0140088243674175,0.0939445533799266,0.549440750108375,0.225839929411855,1.07080001341384,-7514.09599525847,-10115.636313712,-4581.24540446629,-2777.86562268614,-5906.2241501707,-632.609695493617,-4128.55054002115,-8359.49462820187,-1641.30183238875,-2777.86562268614,-5906.2241501707,-632.609695493617,-6906.41616270729,-11633.3453648327,-3336.52488046762,0.597784790658021,0.350336849127586,0.888476599798686,TRUE,TRUE,"Partial mediation"
"5206","GK000023.2_29581814_C_T","DMD302690","Glutamic acid",-0.530162877595093,-0.506125075881597,2.22066661826697e-05,5.9056734119613e-05,0.00386378535555078,0.0614695225750665,0.618850270432844,0.417163747221608,0.882504957223046,-7723.73097307,-11432.6251537829,-4165.22055182422,-1860.85359106286,-6948.06878662407,1109.76527768455,-4779.8330014349,-8167.9301129054,-2305.50196793058,-1860.85359106286,-6948.06878662407,1109.76527768455,-6640.68659249776,-12167.8728815937,-4343.33940557241,0.719779940651749,0.321448853380857,1.18817160920275,TRUE,FALSE,"Mediated-only"
"5207","GK000023.2_29581826_C_T","DMD302690","Glutamic acid",-0.567753287908339,-0.557536360608849,4.10760123329843e-06,6.63212712632802e-06,0.000933213085222576,0.0103357944718157,0.520682776988177,0.377750514617466,0.728735550455057,-7393.52440757765,-11491.1085771159,-3843.28681391008,-1699.18059024871,-5186.42985845032,620.853481943486,-3849.6808202674,-6916.1002551667,-1839.05800802004,-1699.18059024871,-5186.42985845032,620.853481943486,-5548.86141051611,-9782.85045770166,-3948.40775739033,0.693778513367004,0.323173653312714,1.11230687337877,TRUE,FALSE,"Mediated-only"
"5208","GK000023.2_29785688_T_C","DMD302690","Glutamic acid",-0.459436450199457,-0.504461818899942,0.000538870043180956,0.000117341570600588,0.0490098425342503,0.097109683127854,0.102313266457214,0.0566170735224622,0.153696508472359,-7845.06958949382,-10378.1355825958,-4989.28992434175,-841.836483891365,-1596.39228901995,-128.632897551462,-802.654695285266,-1347.77925346413,-368.312358454378,-841.836483891365,-1596.39228901995,-128.632897551462,-1644.49117917663,-2429.55958539243,-880.771196530703,0.488086956895166,0.232950535329525,0.885054793403812,TRUE,TRUE,"Partial mediation"
"5209","GK000023.2_30206874_T_C","DMD302690","Glutamic acid",-0.465305746921558,-0.508040922853662,0.000232933361040586,4.67926653095304e-05,0.0257161167278924,0.051991869057509,0.257011512671211,0.14511889181073,0.53046421156071,-7573.37845811953,-10563.0578763699,-4542.81246474445,-1323.9108337458,-2496.98456700027,759.626134793772,-1946.44545355287,-4743.06269199619,-847.515407018861,-1323.9108337458,-2496.98456700027,759.626134793772,-3270.35628729866,-5449.78749063595,-2095.27405901798,0.595178409493922,0.297596920688628,1.24926644539691,TRUE,FALSE,"Mediated-only"
"5210","GK000023.2_30279873_C_T","DMD302690","Glutamic acid",-0.468795914372498,-0.489567148609734,0.000235007658710139,0.000111141806226117,0.0258965810952105,0.0931290317944524,0.217281585300435,0.0965336511044604,0.413935894114532,-7656.79883527518,-10492.2839453642,-4759.38782373734,-1012.96318598426,-2880.90682483268,-167.375948285576,-1663.68138925512,-3270.04523473624,-664.394803524261,-1012.96318598426,-2880.90682483268,-167.375948285576,-2676.64457523937,-5299.7659906906,-1600.84292096045,0.621554839460272,0.303346184670637,0.937494467639673,TRUE,TRUE,"Partial mediation"
"5211","GK000023.2_30305494_A_T","DMD302690","Glutamic acid",-0.438264760577047,-0.549904187571559,0.00115551629726324,2.41375096888913e-05,0.0862566321150085,0.0315458300207172,0.260201551766342,0.133570708136226,0.796027238606049,-8074.54143109371,-11380.9409725073,-4542.02814285886,-880.250669404237,-2861.66529965982,1341.98814582379,-2101.0082101722,-6985.34605441958,-889.528247308129,-880.250669404237,-2861.66529965982,1341.98814582379,-2981.25887957644,-7937.03952058034,-1887.45445819491,0.704738600383038,0.288067597663693,1.57051652821482,TRUE,FALSE,"Mediated-only"
"5212","GK000024.2_1251104_G_C","DMD302690","Glutamic acid",-0.510086185896447,-0.529234325269252,8.14427165885252e-05,3.87916482265246e-05,0.0111944890630931,0.0453492459114241,0.249822114586072,0.10395209377971,0.970499990769937,-7508.40157693743,-9924.08310896416,-4885.66179758878,-2584.19752109941,-6035.7519831539,-345.380762086285,-1875.76475911191,-7839.27764605154,-681.334832466699,-2584.19752109941,-6035.7519831539,-345.380762086285,-4459.96228021132,-11050.2603522541,-2980.62087977708,0.420578615078115,0.203694044114011,0.952927230077653,TRUE,TRUE,"Partial mediation"
"5213","GK000024.2_21214415_C_T","DMD302690","Glutamic acid",-0.414208240458684,-0.510883636386238,0.00122771077771215,4.17301268086581e-05,0.0901808475913794,0.0482294330390678,0.147330851170787,0.0136565873161883,0.546794376155958,-7973.61718432572,-10008.1642711438,-5589.6554915936,-1868.19238759954,-3235.05755037942,-1035.1891282787,-1174.75980667672,-4548.10616379424,-98.9682246378658,-1868.19238759954,-3235.05755037942,-1035.1891282787,-3042.95219427626,-6841.86594400912,-1620.92847701716,0.386059238421958,0.0530952460704544,0.758796616542011,TRUE,TRUE,"Partial mediation"
"5214","GK000024.2_38293615_C_T","DMD302690","Glutamic acid",-0.487022289633808,-0.520161954638313,0.000122137369468401,3.36603372971074e-05,0.0154412645075365,0.0410823305405354,0.955767663896519,0.592288581461251,1.39931287867086,-7982.05031737832,-11166.1730442947,-5018.76549247274,-2293.43285654029,-7181.66521149436,1657.99153423789,-7628.98558494515,-12979.9734731906,-3770.24466887829,-2293.43285654029,-7181.66521149436,1657.99153423789,-9922.41844148544,-15802.7598897088,-6051.53077687341,0.76886352152299,0.431532317842435,1.19121627193444,TRUE,FALSE,"Mediated-only"
"5215","GK000024.2_39337631_C_T","DMD302690","Glutamic acid",-0.583549155622808,-0.538643956920969,1.52690438367568e-06,1.29043757154729e-05,0.000402114734987074,0.0182599419182263,0.578347016135332,0.429551058409954,0.817481160222539,-7038.69874527073,-11143.6134141053,-3161.67211812174,-1788.19792735068,-4964.77909170773,1181.41375213916,-4070.81041680283,-7995.3305958996,-1685.42546095862,-1788.19792735068,-4964.77909170773,1181.41375213916,-5859.00834415351,-8871.50939467321,-4232.49357569897,0.694795121919385,0.295462707371286,1.19582713015427,TRUE,FALSE,"Mediated-only"
"5216","GK000024.2_40229499_C_T","DMD302690","Glutamic acid",-0.500710758231724,-0.515294062874392,0.000115262286803879,6.68569080780773e-05,0.0147444345278863,0.0659722104958148,0.24575744880716,0.026030054871986,0.786498567795588,-7653.75030103539,-11904.3976402635,-5283.48552528448,-1351.3452547726,-2458.11681284325,1458.56150865033,-1880.96614778949,-7802.72109919862,-186.129665780846,-1351.3452547726,-2458.11681284325,1458.56150865033,-3232.31140256209,-8223.25406498796,-2104.97129184901,0.581926031724091,0.0808352166612141,1.31687378824619,TRUE,FALSE,"Mediated-only"
"5217","GK000024.2_46079587_C_G","DMD302690","Glutamic acid",-0.540970862328406,-0.543521885430092,1.67334836440045e-05,1.49899228625601e-05,0.00306235143996938,0.0207066535188016,0.406925493044085,0.278496691555498,0.609428507068704,-7220.66344164405,-9792.54078792862,-4329.76553299029,-1921.93706088638,-4792.51899114008,-275.531770606336,-2938.27203109641,-4893.72231486827,-1436.28748933596,-1921.93706088638,-4792.51899114008,-275.531770606336,-4860.20909198279,-8164.58912573401,-2886.5358244295,0.60455671257915,0.309495705852983,0.924572150738352,TRUE,TRUE,"Partial mediation"
"5218","GK000024.2_46084035_C_T","DMD302690","Glutamic acid",-0.549445091347522,-0.501311171517528,9.58535736474121e-06,7.12142510725083e-05,0.0019160060496643,0.0688252364595209,0.506232112066953,0.130944948622319,0.869888996802699,-7348.71164311664,-9975.16089093281,-4940.05306696481,-3495.42220295268,-5907.9635317081,-603.399224101861,-3720.15381606594,-7354.76798669332,-916.223678160496,-3495.42220295268,-5907.9635317081,-603.399224101861,-7215.57601901862,-10490.3591371659,-3760.27294180884,0.515572673097818,0.205494637436537,0.905250311679332,TRUE,TRUE,"Partial mediation"
"5219","GK000025.2_1743997_G_A","DMD302690","Glutamic acid",-0.499336158452475,-0.489504682608359,7.68370369301152e-05,0.00011140046055225,0.0106829167956142,0.0933141910497985,0.231846546031936,0.0970536787200369,0.679450302738913,-7790.34899948653,-9954.3802976272,-4605.25593731401,-1909.06916643194,-4240.12159023593,661.928135682638,-1806.1655079143,-5261.65726209788,-708.297801294286,-1909.06916643194,-4240.12159023593,661.928135682638,-3715.23467434624,-8077.66541868145,-1768.70491014115,0.48615112266956,0.237258759971584,1.29989687466702,TRUE,FALSE,"Mediated-only"
"5220","GK000025.2_27292731_G_T","DMD302690","Glutamic acid",-0.488418970566844,-0.536486826627901,8.69003110811251e-05,1.18773599242874e-05,0.0117863536045697,0.0169397890973951,1.01741524174589,0.297144646024244,1.74491331141775,-7384.21109428554,-10500.4919576085,-4281.08323574096,-7825.07984516727,-13334.8326183479,-2004.87533612871,-7512.80891559518,-14367.8884794659,-2059.3995262552,-7825.07984516727,-13334.8326183479,-2004.87533612871,-15337.8887607624,-20086.5933043639,-10708.6290939842,0.489820276622069,0.15274712637325,0.854486206868492,TRUE,TRUE,"Partial mediation"
"5221","GK000025.2_33758082_C_T","DMD302690","Glutamic acid",-0.499498991649656,-0.497669642755993,7.63584695398058e-05,8.18958943679502e-05,0.010632287166629,0.0756193835572601,0.185292009026183,0.0960166810026295,0.279942083129296,-8085.04725418207,-10847.225082636,-4822.63852771605,-703.498812948465,-1913.48259660461,463.199584213161,-1498.09464879902,-2617.16710428843,-667.338449297258,-703.498812948465,-1913.48259660461,463.199584213161,-2201.59346174748,-3420.15854268075,-1067.71187442499,0.68045925591091,0.335538927203893,1.35397505631589,TRUE,FALSE,"Mediated-only"
"5222","GK000025.2_36305849_T_C","DMD302690","Glutamic acid",-0.515206766951251,-0.536576908956755,4.11655865603411e-05,1.68884931639639e-05,0.00643819116692833,0.0230793105770245,0.630896480313234,0.309409836455487,1.10475323344641,-7309.90787351764,-9618.99938747356,-4295.53418833439,-5459.19181338699,-9696.38070668874,-1669.36109334657,-4611.79514881627,-8750.50391312567,-1694.87552151548,-5459.19181338699,-9696.38070668874,-1669.36109334657,-10070.9869622033,-15541.0360623001,-6201.20736009506,0.457928817316961,0.19087597723869,0.78115129695859,TRUE,TRUE,"Partial mediation"
"5223","GK000025.2_36380419_T_A","DMD302690","Glutamic acid",-0.495853483010033,-0.513341375330945,8.77561663762554e-05,4.43702625904211e-05,0.0118801980939174,0.0497590472437177,0.653095669617628,0.508718750238651,1.28864176301901,-8535.91310717979,-12337.0942093651,-4864.11678772751,-537.880063174496,-5855.22545911285,2330.4387638463,-5574.76788653148,-9934.00584794337,-2958.8424657493,-537.880063174496,-5855.22545911285,2330.4387638463,-6112.64794970597,-14415.470351262,-3865.06700353625,0.912005391509523,0.473980056021292,1.43511835701226,TRUE,FALSE,"Mediated-only"
"5224","GK000026.2_21063803_A_G","DMD302690","Glutamic acid",0.493246074705581,0.514776109124568,7.21056758385104e-05,3.02875609149015e-05,0.0101509121282284,0.0381734726170903,-0.110557141278592,-0.233475541785235,-0.00540330913543926,-7790.90966514436,-10205.1280722484,-5629.32811013066,1701.80187206712,866.600736089073,2659.64675362956,861.340700538114,41.8423340431144,1873.56052218506,1701.80187206712,866.600736089073,2659.64675362956,2563.14257260524,1447.20640851844,3972.24000052987,0.336048688724571,0.023197578878092,0.593466396765914,TRUE,TRUE,"Partial mediation"
"5225","GK000026.2_21721473_G_A","DMD302690","Glutamic acid",-0.540152297278237,-0.502427565093494,1.20708325027789e-05,5.8490724026444e-05,0.00233027240977276,0.0612522426738635,0.652640944635567,0.492909598988953,0.868894739291763,-7932.18936047612,-13535.8360639881,-2975.91389002478,-1141.34608215757,-5107.32610457903,2942.24953684378,-5176.87155724933,-9555.96687010378,-1978.7791081819,-1141.34608215757,-5107.32610457903,2942.24953684378,-6318.21763940689,-8915.88608698678,-3831.08360921446,0.819356320516888,0.296939328094514,1.54068555357832,TRUE,FALSE,"Mediated-only"
"5226","GK000026.2_22913145_G_A","DMD302690","Glutamic acid",0.430195225666846,0.50385364496768,0.00116708351304485,0.000102709747863584,0.0868633911026993,0.088854282206117,-0.0993320916622424,-0.241099976071763,-0.0259453177043208,-7965.51263404419,-10225.6489350979,-5414.76848059017,1037.32811720486,199.716974759767,2022.62519608129,791.231031101628,177.382567290295,1874.81143125361,1037.32811720486,199.716974759767,2022.62519608129,1828.55914830648,769.454880417264,3338.20283947248,0.432707376096871,0.144821452654118,0.842838246792724,TRUE,TRUE,"Partial mediation"
"5227","GK000027.2_37305464_C_T","DMD302690","Glutamic acid",-0.461943871550358,-0.504969777270441,0.00026198169120002,5.28942159529052e-05,0.0281617604074443,0.0565808091269769,0.273630012856953,0.137735223176291,0.449787851404214,-7683.54215834622,-10417.562216378,-4007.59214717453,-1326.36680715529,-3026.89341587484,-77.7241741452351,-2102.44773957522,-3688.08736241197,-868.651093102131,-1326.36680715529,-3026.89341587484,-77.7241741452351,-3428.8145467305,-5468.18250445728,-2178.72933416599,0.613170444455789,0.272773923039674,0.972586602624747,TRUE,TRUE,"Partial mediation"
"5228","GK000029.2_37695512_G_A","DMD302690","Glutamic acid",0.522222209881813,0.52237276888597,6.05253749346137e-05,6.01771166715939e-05,0.00882211837551952,0.0619500628878779,-0.153640142576444,-0.251003030912734,-0.0713491134323423,-8039.49841067624,-10837.3848005327,-5061.86637127652,630.801017840325,-320.765723734935,1556.34773762521,1235.18968205939,495.760048479745,2240.45565286802,630.801017840325,-320.765723734935,1556.34773762521,1865.99069989972,862.511576390943,2966.15543541071,0.661948466370049,0.318892549662262,1.29542360659019,TRUE,FALSE,"Mediated-only"
"5229","GK000029.2_45957043_G_T","DMD302690","Glutamic acid",-0.444283049832084,-0.521564915210593,0.000423420943377276,2.27573800655866e-05,0.0408236596835514,0.0299346253381329,0.457022736606369,0.15780742074527,0.959367042262922,-8029.38897340859,-11437.2530170781,-4829.40866454999,-1395.82737325945,-6086.79668402445,1797.4763263968,-3669.6133219042,-8384.04800404762,-1105.80642595713,-1395.82737325945,-6086.79668402445,1797.4763263968,-5065.44069516365,-10237.4706706212,-2754.25897673055,0.72444107882022,0.186657013544733,1.47208810249406,TRUE,FALSE,"Mediated-only"
"5230","GK000029.2_50360256_C_T","DMD302690","Glutamic acid",-0.537516880541743,-0.583091837225156,1.62167167341291e-05,1.94016512852637e-06,0.00298260960905219,0.00401825120448464,0.738274639187539,0.51128977892062,1.0864556760848,-7417.47202078621,-10574.4742028669,-4968.64848016833,-2657.67395119404,-9808.99371051427,232.740337248913,-5476.13147982961,-9574.74152984907,-2814.2919466926,-2657.67395119404,-9808.99371051427,232.740337248913,-8133.80543102365,-16226.960662712,-5708.71199686936,0.673255775081951,0.312606530760373,1.01974606824861,TRUE,FALSE,"Mediated-only"
"5231","GK000029.2_50459946_C_T","DMD302690","Glutamic acid",0.470212797953565,0.55814932238479,0.000195786369521846,5.30489857969607e-06,0.0224613886928784,0.00867739421153106,-0.127166410238454,-0.288528326498784,0.0170153629818074,-7951.78268446718,-10908.3317124141,-5100.22471770791,2838.27087057805,1313.30166326618,4716.54809553065,1011.19965897999,-159.390115214927,2192.93898769593,2838.27087057805,1313.30166326618,4716.54809553065,3849.47052955804,1784.98059491661,6065.17465845412,0.262685387825553,-0.0723304164992885,0.508002291052559,FALSE,TRUE,"Direct-only"
"5232","GK000029.2_50459997_C_T","DMD302690","Glutamic acid",0.591794706129653,0.63767293804878,9.95907705042711e-07,7.31407064405777e-08,0.000278758052635921,0.000203049171617779,-0.203726598064553,-0.375892244764457,-0.0610238768210255,-7149.3056981375,-9896.46580332057,-4413.23682894934,3817.90636236241,2353.44872128096,5430.18719645238,1456.50372840508,423.64516113683,2693.40614044283,3817.90636236241,2353.44872128096,5430.18719645238,5274.41009076748,3596.01829995588,7197.63047123413,0.276145332528199,0.0884364613406174,0.485823703511101,TRUE,TRUE,"Partial mediation"
"5605","GK000002.2_129744697_C_T","DMD302709","Tyrosine",0.51358303041784,0.550500411010799,3.73953624514796e-05,7.56766204760187e-06,0.00594424725101136,0.0115579354370517,0.0491492569391433,-0.0631981575176677,0.19544303187654,-41.6726888416624,-110.538680369383,1.80817790220184,101.398546051584,60.6298972147498,165.937093240204,-2.04818169122383,-12.5707337298478,3.20319021770401,101.398546051584,60.6298972147498,165.937093240204,99.3503643603606,59.150453263354,160.038034310098,-0.0206157441335065,-0.108397062759266,0.0374345914995264,FALSE,TRUE,"Direct-only"
"5606","GK000006.2_108606615_C_A","DMD302709","Tyrosine",-0.538137543936585,-0.496392858290361,1.31959966660153e-05,7.4028507210095e-05,0.00250840579091397,0.0708929448742209,0.0323047851698424,-0.0469944399949725,0.144845063529051,-5.40132421796978,-82.9455330560219,60.7205548011142,-75.9814411024308,-157.426984685343,-11.4183689190359,-0.174488618494181,-5.16508107130238,5.28656403487843,-75.9814411024308,-157.426984685343,-11.4183689190359,-76.155929720925,-156.396974130424,-12.9777869382465,0.00229120200007534,-0.0811738002047263,0.139291930387845,FALSE,TRUE,"Direct-only"
"5607","GK000015.2_48853898_G_C","DMD302709","Tyrosine",-0.431669200129877,-0.542345540665095,0.00111743063205996,2.2735432289747e-05,0.08422719758679,0.029907181315252,-0.129996403759716,-0.54450211460965,0.483479243929301,-26.0606852197857,-112.671044656612,28.6000194238265,-174.220872156821,-344.124295599543,-99.5923817294587,3.38779535808611,-18.7867904819768,21.4412023338945,-174.220872156821,-344.124295599543,-99.5923817294587,-170.833076798735,-341.061418575063,-98.0110526342858,-0.0198310269976428,-0.132125170885135,0.0963301431262539,FALSE,TRUE,"Direct-only"
"5608","GK000021.2_20667352_T_C","DMD302709","Tyrosine",0.474817550159933,0.485423293688726,0.000165935511692941,0.000112342229410344,0.0196790395639161,0.0937276918675742,-0.153428685409248,-0.301397478617755,-0.0474612534625888,42.8735636773479,-39.1486797143051,110.492876649531,102.272197662524,58.6978365402468,174.539876818249,-6.57803451382517,-25.6500659333909,3.9340030285306,102.272197662524,58.6978365402468,174.539876818249,95.6941631486986,52.1300798253217,160.115273656978,-0.0687401853716365,-0.293897541257306,0.043641310149853,FALSE,TRUE,"Direct-only"
"5609","GK000025.2_11371884_G_A","DMD302709","Tyrosine",0.44731786320893,0.501168089364462,0.000382301896313622,5.27583275785952e-05,0.0377238159364085,0.0564623408979335,0.0109766961184714,-0.218448376362671,0.209247881984347,-20.9262328001964,-127.741267004707,47.4781509484392,135.503622764015,74.1903955227391,223.727222336976,-0.229700898352145,-18.3130444419371,5.34241146067788,135.503622764015,74.1903955227391,223.727222336976,135.273921865663,75.0807661481297,218.658451652656,-0.00169804272090415,-0.140369700610307,0.0437289753799014,FALSE,TRUE,"Direct-only"
"5610","GK000026.2_41830057_G_A","DMD302709","Tyrosine",-0.458522475518157,-0.512932218179304,0.00029490123293553,3.84006394003778e-05,0.0308663562910799,0.0449499674988034,0.161504014517924,0.0735367950378176,0.27094993985523,20.1912024425611,-102.637472133616,89.340271133319,-42.5164016405319,-86.1412983118762,28.4058218330374,3.26096025241774,-17.0591831820587,17.2333095143755,-42.5164016405319,-86.1412983118762,28.4058218330374,-39.2554413881142,-79.1739235400953,17.8355963379805,-0.0830702734985703,-1.15713855932936,1.12484173349675,FALSE,FALSE,"Neither"
"5748","GK000001.2_65542088_G_T","DMD302040","Uridine",-0.503700840100795,-0.509542827128189,4.76653730231359e-05,3.75986407372426e-05,0.007267603529645,0.0443686433467446,-0.200426040052531,-0.401602406192664,-0.0510363099748196,1134.18779885658,-86.5353601031774,2092.32904915412,-837.143325724158,-1539.85694453277,-417.88855108705,-227.320769200721,-538.858450716216,21.2007541499796,-837.143325724158,-1539.85694453277,-417.88855108705,-1064.46409492488,-1709.65955481046,-608.187499495999,0.213554191526548,-0.0192602007188849,0.495569511207844,FALSE,TRUE,"Direct-only"
"5749","GK000001.2_143883287_A_G","DMD302040","Uridine",0.433758819192314,0.508510395473147,0.000749608867748422,5.37690244913551e-05,0.0627260688858965,0.0573736087576544,0.149866798572936,-0.00727176970280726,0.631024524243152,1465.0373540344,131.610612233597,2497.69221554981,906.669732987542,511.459169448391,2066.65562842635,219.560458038901,-27.7916556748993,1028.35319554742,906.669732987542,511.459169448391,2066.65562842635,1126.23019102644,709.190182249335,2439.6036165903,0.19495167132644,-0.0242978673337065,0.599864813881118,FALSE,TRUE,"Direct-only"
"5750","GK000002.2_130477403_G_A","DMD302040","Uridine",0.425716357385092,0.486685966030966,0.000863391670814171,0.000107152871826304,0.0696854154445652,0.0909361295226687,0.527221757716269,0.33682285764001,0.766473923392648,1165.87556435838,-455.019677061397,2533.52552372721,847.763813794597,127.479522973033,2148.47932224447,614.67496431947,-233.38846429227,1400.29179515918,847.763813794597,127.479522973033,2148.47932224447,1462.43877811407,820.936514517526,2551.05150580665,0.420308168463738,-0.179309655294479,0.894519751871379,FALSE,TRUE,"Direct-only"
"5751","GK000002.2_132598907_T_C","DMD302040","Uridine",-0.463123521587811,-0.483481871666548,0.000221083556312692,0.000104876165972746,0.0247211993725566,0.0893650158634992,-0.126524192596374,-0.244786425759296,-0.0375225565493787,1397.81478495334,257.955512710227,2495.55028712479,-490.389663226158,-995.843170800893,-93.3430861206573,-176.857387065496,-389.791715142006,-16.9419074041818,-490.389663226158,-995.843170800893,-93.3430861206573,-667.247050291654,-1163.87176612214,-258.640381447704,0.265055329938426,0.026608633457916,0.710988835678089,TRUE,TRUE,"Partial mediation"
"5752","GK000003.2_102508762_T_C","DMD302040","Uridine",-0.584884026175975,-0.615665463649291,1.77290917179824e-06,3.45060967531078e-07,0.000455700422306309,0.000926918383436547,-0.11468416365972,-0.196557044862554,-0.0381088312837759,1166.78970314711,73.3410155063666,2128.2460415503,-622.834522378213,-971.693985218641,-317.057492425173,-133.812301272199,-298.54319929823,-4.93663861765987,-622.834522378213,-971.693985218641,-317.057492425173,-756.646823650412,-1107.40939385025,-433.8352254088,0.176849088755342,0.00645166833122455,0.397202959167948,TRUE,TRUE,"Partial mediation"
"5753","GK000003.2_102508769_T_C","DMD302040","Uridine",0.579858972779316,0.587765906981756,2.27969270853525e-06,1.53191889646811e-06,0.000564388110452363,0.00336349519809984,0.159734154828887,0.0764572729685204,0.246357508958061,917.500838599599,-227.412177953186,1928.17301472052,659.368414844111,332.813645262924,1094.01144826122,146.556221008502,-34.9941099631617,319.863560180138,659.368414844111,332.813645262924,1094.01144826122,805.924635852612,466.791900098664,1175.57486638948,0.181848543261685,-0.046007539173831,0.411481115676447,FALSE,TRUE,"Direct-only"
"5754","GK000004.2_113454631_C_T","DMD302040","Uridine",-0.403093895939171,-0.503011482920829,0.00140642663953636,4.20189966713523e-05,0.0996528771858838,0.0485219962935497,-0.13513965738942,-0.385922595144713,-0.0414656177086956,1532.08819495776,455.15058410581,2585.39973902304,-781.115106710095,-1821.50588007721,-406.217151451779,-207.045873756967,-615.219806100298,-29.0956040679608,-781.115106710095,-1821.50588007721,-406.217151451779,-988.160980467062,-2242.65545491831,-559.641715294863,0.209526461628858,0.0316373472028867,0.446135671046582,TRUE,TRUE,"Partial mediation"
"5755","GK000005.2_19031899_A_G","DMD302040","Uridine",0.489058181639442,0.517737355217214,0.000130934897276841,4.37987906703518e-05,0.0163214910831409,0.0494273033595173,0.180454079371271,0.0446325883702368,0.335701935022719,1253.78468765853,138.495539628557,2295.09655671986,990.692151460143,603.101312052936,1452.39492507959,226.250561541217,5.48992234134231,576.394482210628,990.692151460143,603.101312052936,1452.39492507959,1216.94271300136,855.718255035629,1715.76729241024,0.185917183384263,0.00554657844729225,0.439648933135094,TRUE,TRUE,"Partial mediation"
"5756","GK000005.2_19362948_T_C","DMD302040","Uridine",-0.489720620732395,-0.506750049658074,0.000171007733166827,9.22633208505781e-05,0.0201371564117969,0.0818356978138432,-0.0656807327923006,-0.207017294078182,0.00405152313213216,1809.22016599761,721.656706519697,2893.46776961375,-108.85252209494,-499.379989846288,150.266672097247,-118.83090628533,-368.822011039858,7.22963740870693,-108.85252209494,-499.379989846288,150.266672097247,-227.68342838027,-728.006071056052,76.1820852370489,0.521912846844797,-1.49129173469688,3.1536087560845,FALSE,FALSE,"Neither"
"5757","GK000005.2_40604635_C_T","DMD302040","Uridine",-0.413109103525344,-0.496891626671144,0.00126887575354412,7.26131759278776e-05,0.0923742458665051,0.0699785291051588,-0.143328289037088,-0.254727248947331,-0.0485272403746015,1373.93419847813,192.596834820598,2600.9350062202,-357.261633286275,-780.764404174734,-10.274402996836,-196.923637917414,-451.493158872556,-17.5438781771241,-357.261633286275,-780.764404174734,-10.274402996836,-554.185271203689,-941.68605465132,-232.493440679778,0.355338996090056,0.0340029929796878,0.967417145798662,TRUE,TRUE,"Partial mediation"
"5758","GK000005.2_48200499_A_C","DMD302040","Uridine",-0.528647750430015,-0.527523834381795,3.97096323649902e-05,4.15246689098929e-05,0.00624757105253913,0.0480195590294019,-0.130563013617183,-0.228466838074293,-0.0404861764776816,1414.46495266169,242.858585230056,2592.80187517337,-490.292749597737,-863.054382855289,-109.113408838192,-184.676806875396,-427.091100945952,-14.2818044881827,-490.292749597737,-863.054382855289,-109.113408838192,-674.969556473133,-1020.92511854591,-325.724652858435,0.273607609564458,0.0225323731529637,0.733392941324856,TRUE,TRUE,"Partial mediation"
"5759","GK000005.2_102990694_A_G","DMD302040","Uridine",-0.441540010947667,-0.519974784970539,0.000657927465767686,4.004413118648e-05,0.0569005488801054,0.0466175415458755,-0.00918444087738545,-0.119544100741245,0.0504879127685245,1866.87841407105,816.022874816321,2889.90733035881,-267.446666046461,-961.709501308112,109.061472466717,-17.1462344193027,-212.36493116031,105.405424881546,-267.446666046461,-961.709501308112,109.061472466717,-284.592900465764,-1042.46716934942,102.159629278852,0.0602482858540786,-1.42581515085739,1.29776781561121,FALSE,FALSE,"Neither"
"5760","GK000006.2_28506510_A_G","DMD302040","Uridine",0.556894378327832,0.530429016810598,6.83120609900112e-06,2.19582664611152e-05,0.00144189933734434,0.0289809146206342,0.20340353709399,-0.0686452268112435,0.469078184103727,1297.71523004207,198.26608628887,2359.31330777557,1480.54379385657,875.639817090086,2374.73277506763,263.959867931299,-105.32189770904,639.111023555911,1480.54379385657,875.639817090086,2374.73277506763,1744.50366178787,1115.36406995795,2574.14340930925,0.15130943758569,-0.0743764213834438,0.361443278901572,FALSE,TRUE,"Direct-only"
"5761","GK000007.2_4877747_C_T","DMD302040","Uridine",0.476981892110411,0.528289131875809,0.000116636915409167,1.43541716815126e-05,0.0148820273529585,0.0198973882868445,0.684309115738597,0.177975841924405,1.10146119703613,1093.61560451036,-302.112861415846,2342.64324240112,2192.78062299857,942.789793012524,3839.19522591237,748.371127280417,-245.356969178924,1913.35796010561,2192.78062299857,942.789793012524,3839.19522591237,2941.15175027899,1956.59361093192,4378.93236989547,0.254448321889351,-0.0856719745242333,0.631476403775857,FALSE,TRUE,"Direct-only"
"5762","GK000008.2_1283302_C_G","DMD302040","Uridine",0.482598372623924,0.50052941152445,0.000190414205129143,9.95854577598989e-05,0.0219734884783975,0.0868100879760739,0.351995799030214,0.181485751873935,0.508102501174517,876.177411744793,-192.254885272033,1956.02750938755,1086.07839726226,489.278038014621,1849.27340783974,308.410768139333,-66.4676836561811,733.697437772538,1086.07839726226,489.278038014621,1849.27340783974,1394.48916540159,785.680198580586,2100.37772834319,0.221163975878232,-0.0547004174176197,0.540791709297027,FALSE,TRUE,"Direct-only"
"5763","GK000008.2_51219574_G_A","DMD302040","Uridine",0.461254399748398,0.493217432511631,0.000346429129553941,0.000112377026204621,0.0349297231016469,0.0937510538156974,0.0799627441687285,-0.00177693653709869,0.167384884914564,1485.14225893795,311.189856982876,2571.80073623543,572.521394248987,236.663646183331,932.959783929402,118.756050505623,-7.99548514836286,309.428562094054,572.521394248987,236.663646183331,932.959783929402,691.27744475461,371.313416511034,1068.78133434516,0.171792167394929,-0.0121473258844575,0.478893575035669,FALSE,TRUE,"Direct-only"
"5764","GK000010.2_20925237_A_G","DMD302040","Uridine",0.521420969518897,0.491748718592123,3.77776231540803e-05,0.000118635413322829,0.00599461353649861,0.0978400540475096,0.206186201778891,0.00723127240878026,0.369684125660072,1236.94788270273,-59.5002180522514,2129.72125723582,1239.25087528084,595.204871838659,1932.15156860685,255.041585732917,-42.9417046414124,634.398143307161,1239.25087528084,595.204871838659,1932.15156860685,1494.29246101375,867.856150731503,2152.54393609486,0.170677154832122,-0.0293016211833977,0.451747030511007,FALSE,TRUE,"Direct-only"
"5765","GK000011.2_72539962_T_C","DMD302040","Uridine",0.446986063380802,0.491549651913661,0.000386613592378747,7.70180211774163e-05,0.0380404040095975,0.0722910143471526,0.291598452627536,0.0804604657843544,0.597910760104527,1096.7595031337,-775.744224058139,2699.69542555502,737.225090989918,115.528093270719,1797.80608248267,319.813374018332,-366.15098983382,1310.06029840817,737.225090989918,115.528093270719,1797.80608248267,1057.03846500825,711.599279403268,1792.21309663721,0.302556041814274,-0.279588463330945,0.906734171396886,FALSE,TRUE,"Direct-only"
"5766","GK000014.2_12331163_C_G","DMD302040","Uridine",0.457751005082944,0.537549273889686,0.000343354420722093,1.61940134012299e-05,0.0346970401042176,0.0222171000644954,0.524262701390891,0.175535982207737,0.784636530844721,1018.77718825154,-888.857708456538,2230.30728922912,1460.42884569147,463.346050484676,3358.28356208089,534.106880828168,-518.559513554147,1094.48864234559,1460.42884569147,463.346050484676,3358.28356208089,1994.53572651963,973.865879009396,3360.4118698074,0.267785065830913,-0.236001269482991,0.635501083175176,FALSE,TRUE,"Direct-only"
"5767","GK000015.2_48284948_C_T","DMD302040","Uridine",0.428459835976188,0.550032350189517,0.000986222916259168,1.12735225686866e-05,0.076932113598199,0.0162054923806805,-0.0258896995717202,-0.105113573116013,0.366794323664582,1966.37495986145,879.532857162513,2865.49748854981,1186.74351816332,807.088032696784,2560.11019049414,-50.9088569561664,-219.607631658033,651.759829123067,1186.74351816332,807.088032696784,2560.11019049414,1135.83466120715,721.892421512684,2990.54911039543,-0.0448206580542816,-0.228932440575855,0.238940851078502,FALSE,TRUE,"Direct-only"
"5768","GK000016.2_68512455_T_C","DMD302040","Uridine",0.446337777927776,0.530852859803499,0.000564832909514131,2.56653009604221e-05,0.0507585744667328,0.0333191941495501,0.28322782095887,0.0285445183765371,0.462647265071351,1232.78937972509,39.8885549288857,2301.56002385244,826.769269659257,224.671551976335,1853.59647815302,349.160249720774,-4.18989305964995,851.366504336312,826.769269659257,224.671551976335,1853.59647815302,1175.92951938003,686.596458196282,2277.54764400181,0.296922769576239,-0.00406772415609676,0.74050992393012,FALSE,TRUE,"Direct-only"
"5769","GK000018.2_58135417_T_C","DMD302040","Uridine",-0.489993481880709,-0.524814707203643,0.000126532791215786,3.29154554756331e-05,0.0158813418931997,0.0402760198004904,-0.0909136351689291,-0.247932197284297,0.0335166675551893,1612.28257591077,656.541562269649,2787.87468822508,-669.808441864512,-1259.65320758115,-121.098761711788,-146.578469895573,-480.969010318267,49.873205345996,-669.808441864512,-1259.65320758115,-121.098761711788,-816.386911760085,-1397.76982843996,-279.035958449242,0.179545345208387,-0.0886096663039729,0.687803442254912,FALSE,TRUE,"Direct-only"
"5770","GK000018.2_58468622_A_C","DMD302040","Uridine",0.512586042913529,0.483225631109056,2.82554218946776e-05,9.19848667572649e-05,0.004718560000968,0.0816271352891451,0.720277436881403,0.0667294794357307,1.14461484726917,1142.94879230069,-199.847913659965,1984.31434121299,3260.29180743617,1136.11447486261,6339.64203941815,823.240226605034,-231.264625612885,1715.94322907195,3260.29180743617,1136.11447486261,6339.64203941815,4083.5320340412,1922.85121214352,6689.26488210539,0.201600041273664,-0.0478839882463493,0.51165955615434,FALSE,TRUE,"Direct-only"
"5771","GK000019.2_45732789_G_A","DMD302040","Uridine",0.469707218874444,0.54086811308056,0.000152933743761774,8.13929807427758e-06,0.018445860799074,0.0123310694073172,0.383667957600068,0.143166933980149,0.651061468984656,1098.54852002175,-682.855149710999,2538.93711897447,1162.54635394561,460.377838587175,2387.46909832245,421.477867001322,-294.339951213165,1145.85663594674,1162.54635394561,460.377838587175,2387.46909832245,1584.02422094693,1035.35680126992,2380.39192061734,0.266080443359233,-0.156367016737139,0.675410078038252,FALSE,TRUE,"Direct-only"
"5772","GK000023.2_44977735_C_T","DMD302040","Uridine",0.491455467972583,0.507744533473252,0.000119922601821737,6.48653511203046e-05,0.0152192768611959,0.0652087909212025,0.119208912165921,0.00743264926188325,0.252557187164671,1326.34594906301,131.692677534157,2665.93696662949,764.482071568384,304.049616661305,1176.09537884722,158.112257743477,-4.25621332699774,439.882448927996,764.482071568384,304.049616661305,1176.09537884722,922.594329311862,589.833944804651,1257.03403402149,0.171377877275063,-0.00474717533509676,0.548574541931541,FALSE,TRUE,"Direct-only"
"5773","GK000024.2_54390615_A_G","DMD302040","Uridine",0.476133791716682,0.529543346904109,0.000207954919713698,2.70991416667661e-05,0.0235509446703724,0.0349490661823791,0.16372746296169,0.0685751382938143,0.247319288325036,948.593450899867,-373.6100580859,2507.36477123396,601.335194089307,223.676486360134,1014.26196722675,155.310799097909,-55.6204800171707,429.828554950763,601.335194089307,223.676486360134,1014.26196722675,756.645993187217,471.323241736941,1047.13945612785,0.205262170812132,-0.0645365939081233,0.61459033266236,FALSE,TRUE,"Direct-only"
"5774","GK000025.2_42405275_C_A","DMD302040","Uridine",0.54574100801398,0.555200882409304,1.13098043242673e-05,7.38333314681463e-06,0.00220585968266587,0.0113638007568726,0.0591330141440828,-0.156132066780683,0.275692153497927,1730.32571832398,703.354098579531,2669.63091687382,1610.18797400421,893.932318677476,2419.69933905864,102.319375175522,-311.208633287255,488.067315315761,1610.18797400421,893.932318677476,2419.69933905864,1712.50734917973,900.538463750448,2628.71760039369,0.059748283839209,-0.246757313157649,0.262887738484628,FALSE,TRUE,"Direct-only"
"5775","GK000029.2_41577674_G_C","DMD302040","Uridine",-0.416647936295004,-0.511749127791206,0.00126458581934305,4.72859820226112e-05,0.0921699756929553,0.0524567646914009,-0.0999222130346989,-0.175252090858369,-0.0344132223440347,1608.96062527532,408.538364588614,2799.77007078112,-308.120158972399,-713.488980026246,71.4826046390155,-160.770906363203,-362.15825267288,-25.6093737974883,-308.120158972399,-713.488980026246,71.4826046390155,-468.891065335602,-838.645037152455,-103.738900075592,0.342874749059537,0.0360723186525908,1.28576189554813,TRUE,FALSE,"Mediated-only"
"26361","GK000006.2_108347226_G_A","DMD303484","Peptide:VYPFPGPIPN",-0.570238706471884,-0.509433247165826,2.42038440322793e-06,3.7767834517864e-05,0.000594128379289881,0.0443686433467446,0.131196805874653,-0.0262810892797041,0.29291865094878,0.0829000370882325,-0.751402172680007,0.770557917774346,-0.976746471651225,-1.75954076589,-0.280969592632004,0.0108762200728664,-0.068797967186197,0.150854212548706,-0.976746471651225,-1.75954076589,-0.280969592632004,-0.965870251578358,-1.7213891307376,-0.267678903835795,-0.0112605394514359,-0.194076681468526,0.0904210162016561,FALSE,TRUE,"Direct-only"
"26362","GK000018.2_63281911_C_G","DMD303484","Peptide:VYPFPGPIPN",0.473007345102113,0.483508016403058,0.000154828048688373,0.000104772586217888,0.0186161333719844,0.0893166728622819,-0.0333083056563232,-0.413878928181577,0.364769166899912,-0.349100690787588,-1.19135471790896,0.228549149778006,2.27486639524526,0.48016401362262,4.547005562693,0.0116279525135866,-0.203497433286228,0.190769368737204,2.27486639524526,0.48016401362262,4.547005562693,2.28649434775884,0.521849952719159,4.61817364960362,0.00508549366193884,-0.0963197878003836,0.111067386538865,FALSE,TRUE,"Direct-only"
