Protein ID	Peptide	Protein description	Species	Intervals	Function	Additional details	IC50 (μM)	Inhibition type	Inhibited microorganisms	PTM	Title	Authors	Abstract	DOI
P02662	YLGYLE	Alpha-S1-casein	Bos taurus	106-111	ACE-inhibitory		85.76				In Silico and In Vitro Analysis of Multifunctionality of Animal Food-Derived Peptides	Amigo, L. et al.	Currently, the associations between oxidative stress, inflammation, hypertension, and metabolic disturbances and non-communicable diseases are very well known. Since these risk factors show a preventable character, the searching of food peptides acting against them has become a promising strategy for the design and development of new multifunctional foods or nutraceuticals. In the present study, an integrated approach combining an in silico study and in vitro assays was used to confirm the multifunctionality of milk and meat protein-derived peptides that were similar to or shared amino acids with previously described opioid peptides. By the in silico analysis, 15 of the 27 assayed peptides were found to exert two or more activities, with Angiotensin-converting enzyme (ACE) inhibitory, antioxidant, and opioid being the most commonly found. The in vitro study confirmed ACE-inhibitory and antioxidant activities in 15 and 26 of the 27 synthetic peptides, respectively. Four fragments, RYLGYLE, YLGYLE, YFYPEL, and YPWT, also demonstrated the ability to protect Caco-2 and macrophages RAW264.7 cells from the oxidative damage caused by chemicals. The multifunctionality of these peptides makes them promising agents against oxidative stress-associated diseases.	10.3390/foods9080991
P02662	YLGYLE	Alpha-S1-casein	Bos taurus	106-111	Antioxidant						In Silico and In Vitro Analysis of Multifunctionality of Animal Food-Derived Peptides	Amigo, L. et al.	Currently, the associations between oxidative stress, inflammation, hypertension, and metabolic disturbances and non-communicable diseases are very well known. Since these risk factors show a preventable character, the searching of food peptides acting against them has become a promising strategy for the design and development of new multifunctional foods or nutraceuticals. In the present study, an integrated approach combining an in silico study and in vitro assays was used to confirm the multifunctionality of milk and meat protein-derived peptides that were similar to or shared amino acids with previously described opioid peptides. By the in silico analysis, 15 of the 27 assayed peptides were found to exert two or more activities, with Angiotensin-converting enzyme (ACE) inhibitory, antioxidant, and opioid being the most commonly found. The in vitro study confirmed ACE-inhibitory and antioxidant activities in 15 and 26 of the 27 synthetic peptides, respectively. Four fragments, RYLGYLE, YLGYLE, YFYPEL, and YPWT, also demonstrated the ability to protect Caco-2 and macrophages RAW264.7 cells from the oxidative damage caused by chemicals. The multifunctionality of these peptides makes them promising agents against oxidative stress-associated diseases.	10.3390/foods9080991
P02662	YLGYLE	Alpha-S1-casein	Bos taurus	106-111	Increase mucin secretion						"1) Food-Derived Peptides Stimulate Mucin Secretion and Gene Expression in Intestinal Cells,
2) Opioid Activities and Structures of α-Casein-Derived Exorphins"	"1) Martinez-Maqueda, D. et al.,
2) Loukas, S. et al."	"1) In this study, the hypothesis that food-derived opioid peptides besides β-casomorphin 7 might modulate the production of mucin via a direct action on epithelial goblet cells was investigated in HT29-MTX cells used as a model of human colonic epithelium. Seven milk whey or casein peptides, a human milk peptide, and a wheat gluten-derived peptide with proved or probable ability to bind μ- or δ-opioid receptors were tested on the cell culture. Significantly increased secretion of mucins was found after exposure to six of the assayed peptides, besides the previously described β-casomorphin 7, as measured by an enzyme-linked lectin assay (ELLA). Human β-casomorphin 5 and α-lactorphin were selected to study the expression of mucin 5AC gene (MUC5AC), the HT29-MTX major secreted mucin gene. α-Lactorphin showed increased expression of MUC5AC from 4 to 24 h (up to 1.6-fold over basal level expression), although differences were statistically different only after 24 h of exposure. However, this increased expression of MUC5AC did not reach significance after cell treatment with human β-casomorphin 5. In conclusion, six food-derived peptides have been identifed with described or probable opioid activity that induce mucin secretion in HT29-MTX cells. Concretely, α-lactorphin is able to up-regulate the expression of the major secreted mucin gene encoded by these cells.,
2) Exorphins, peptides with opioid activity, have previously been isolated from pepsin hydrolysates of alpha-casein [Zioudrou, C., Streaty, R. A., & Klee, W. A. (1979) J. Biol. Chem. 254, 2446-2449]. Analysis of these peptides shows that they correspond to the sequences 90-96, Arg-Tyr-Leu-Gly-Tyr-Leu-Glu, and 90-95, Arg-Tyr-Leu-Gly-Tyr-Leu, of alpha-casein. These peptides, as well as two of their analogues Tyr-Leu-Gly-Tyr-Leu-Glu (91-96) and Tyr-Leu-Gly-Tyr-Leu (91-95), have now been synthesized and characterized. Their opioid activity was examined by three different bioassays: (a) displacement of D-2-alanyl[tyrosyl-3,5-3H]enkephalin-(5-L-methioninamide) and [3H]dihydromorphine from rat brain membranes; (b) naloxone-reversible inhibition of adenylate cyclase in homogenates of neuroblastoma x glioma hybrid cells; (c) naloxone-reversible inhibition of electrically stimulated contractions of the mouse vas deferens. The synthetic peptide of sequence 90-96 was the most potent opioid in all three bioassays and its potency was similar to that of the isolated alpha-casein exorphins. The synthetic peptides were totally resistant to hydrolysis by trypsin and homogenates of rat brain membranes, but were partially inactivated by chymotrypsin and subtilisin. The difference in opioid activity of alpha-casein exorphins may be related to differences in conformational flexibility observed by NMR spectroscopy."	"1) 10.1021/jf301279k,
2) 10.1021/bi00288a034"
P02662	YFYPEL	Alpha-S1-casein	Bos taurus	159-164	ACE-inhibitory		8.82				In Silico and In Vitro Analysis of Multifunctionality of Animal Food-Derived Peptides	Amigo, L. et al.	Currently, the associations between oxidative stress, inflammation, hypertension, and metabolic disturbances and non-communicable diseases are very well known. Since these risk factors show a preventable character, the searching of food peptides acting against them has become a promising strategy for the design and development of new multifunctional foods or nutraceuticals. In the present study, an integrated approach combining an in silico study and in vitro assays was used to confirm the multifunctionality of milk and meat protein-derived peptides that were similar to or shared amino acids with previously described opioid peptides. By the in silico analysis, 15 of the 27 assayed peptides were found to exert two or more activities, with Angiotensin-converting enzyme (ACE) inhibitory, antioxidant, and opioid being the most commonly found. The in vitro study confirmed ACE-inhibitory and antioxidant activities in 15 and 26 of the 27 synthetic peptides, respectively. Four fragments, RYLGYLE, YLGYLE, YFYPEL, and YPWT, also demonstrated the ability to protect Caco-2 and macrophages RAW264.7 cells from the oxidative damage caused by chemicals. The multifunctionality of these peptides makes them promising agents against oxidative stress-associated diseases.	10.3390/foods9080991
P02662	YFYPEL	Alpha-S1-casein	Bos taurus	159-164	Antioxidant		79.2				"1) Isolation and characterization of free radical scavenging activities peptides derived from casein,
2) In Silico and In Vitro Analysis of Multifunctionality of Animal Food-Derived Peptides"	"1) Suetsuna, K. et al.,
2) Amigo, L. et al."	"1) A peptide having the strong free radical scavenging activities was separated from casein protein hydrolysate by chromatographic analyses such as ion-exchange and gel filtration. SP-II fraction obtained by SP-Sephadex C-25 chromatography showed the most potent superoxide anion scavenging activity (SOSA), and it was further separated into a peptide using an octadecylsilano-high performance liquid chromatography. The amino acid sequence of the peptide was Tyr-Phe-Tyr-Pro-Glu-Leu (YFYPEL). The concentration of the test compound required to reduce the produced superoxide anion to one-half (IC50) value for SOSA was 79.2 μM using tetrazolium salt 3′-{1-[(phenylamino)-carbonyl]-3,4-tetrazolium}-bis(4-methoxy-6-nitro)benzenesulfonic acid hydrate method. The IC50 value for the 1,1-diphenyl-2-picrylhydrazyl radical and hydroxyl radical scavenging activities were 98 and 251 μM, respectively, based on the electron spin resonance method. We characterized SOSA of the C-terminal sequence using EL, PEL, YPEL, and FYPEL. The activities of preferred sequences were EL > YFYPEL > FYPEL > YPEL > PEL, suggesting that the Glu-Leu sequence is important for the activity.,
2) Currently, the associations between oxidative stress, inflammation, hypertension, and metabolic disturbances and non-communicable diseases are very well known. Since these risk factors show a preventable character, the searching of food peptides acting against them has become a promising strategy for the design and development of new multifunctional foods or nutraceuticals. In the present study, an integrated approach combining an in silico study and in vitro assays was used to confirm the multifunctionality of milk and meat protein-derived peptides that were similar to or shared amino acids with previously described opioid peptides. By the in silico analysis, 15 of the 27 assayed peptides were found to exert two or more activities, with Angiotensin-converting enzyme (ACE) inhibitory, antioxidant, and opioid being the most commonly found. The in vitro study confirmed ACE-inhibitory and antioxidant activities in 15 and 26 of the 27 synthetic peptides, respectively. Four fragments, RYLGYLE, YLGYLE, YFYPEL, and YPWT, also demonstrated the ability to protect Caco-2 and macrophages RAW264.7 cells from the oxidative damage caused by chemicals. The multifunctionality of these peptides makes them promising agents against oxidative stress-associated diseases."	"1) 10.1016/s0955-2863(99)00083-2,
2) 10.3390/foods9080991"
P02662	YFYPEL	Alpha-S1-casein	Bos taurus	159-164	Increase mucin secretion	Increase MUC5AC expression					Casein hydrolysate and derived peptides stimulate mucin secretion and gene expression in human intestinal cells	Martinez-Maqueda, D. et al.	The present study was undertaken to explore if a casein hydrolysate and four component peptides with probable ability to interact with opioid receptors can exert a stimulatory effect on mucin production in human intestinal cells (HT29-MTX). αS1-Casein fragments 143–149 (AYFYPEL) and 144–149 (YFYPEL), and the casein hydrolysate, significantly increased expression of MUC5AC, the major secreted mucin gene in this cell line, over 1.7-fold basal level after 4 h of exposure. The determination of mucin-like glycoproteins showed a higher effect on mucin secretion by the casein hydrolysate (210% of controls) than that of AYFYPEL and YFYPEL (around 160%). Therefore, peptides or other components may participate in the activity of the hydrolysate in a synergistic way or through a non-opioid mechanism. In conclusion, a casein hydrolysate and two derived peptides, AYFYPEL and YFYPEL, promote the mucin production and may support the development of functional foods to improve mucus barrier and its protective role in gastrointestinal diseases.	10.1016/j.idairyj.2013.03.010
P02662	YFYPEL	Alpha-S1-casein	Bos taurus	159-164	Opioid						Novel peptides derived from αs1-casein with opioid activity and mucin stimulatory effect on HT29-MTX cells	Fernandez-Tome, S. et al.	The opioid effect of αs1-casein fragments related to 143AYFYPEL149 and 144YFYPEL149, which had previously shown mucin-stimulatory activity in human goblet cells, was investigated. Peptides 144YFYPEL149 and 144YFYPE148 showed opioid agonistic activity in guinea pig ileum, and in mouse vas deferens but to a lower extent. Peptides were partly hydrolysed during the assay and several of the resulting fragments lost the N-terminal Tyr residue. Docking of peptides 144YFYPEL149 (active) and 144YFYP147 (inactive) into the active site of the opioid receptor model showed remarkable differences regarding the flexibility at the third intracellular loop of the receptor and the interaction with Pro at the peptide C-terminus that forced residues Arg148 and Glu166 from the receptor to move towards the interior of the binding pocket. The study on human cells HT29-MTX has shown that 144YFYPEL149 is the minimum fragment able to stimulate MUC5AC expression.	10.1016/j.jff.2016.06.023
P02662	YFYPE	Alpha-S1-casein	Bos taurus	159-163	Opioid						Novel peptides derived from αs1-casein with opioid activity and mucin stimulatory effect on HT29-MTX cells	Fernandez-Tome, S. et al.	The opioid effect of αs1-casein fragments related to 143AYFYPEL149 and 144YFYPEL149, which had previously shown mucin-stimulatory activity in human goblet cells, was investigated. Peptides 144YFYPEL149 and 144YFYPE148 showed opioid agonistic activity in guinea pig ileum, and in mouse vas deferens but to a lower extent. Peptides were partly hydrolysed during the assay and several of the resulting fragments lost the N-terminal Tyr residue. Docking of peptides 144YFYPEL149 (active) and 144YFYP147 (inactive) into the active site of the opioid receptor model showed remarkable differences regarding the flexibility at the third intracellular loop of the receptor and the interaction with Pro at the peptide C-terminus that forced residues Arg148 and Glu166 from the receptor to move towards the interior of the binding pocket. The study on human cells HT29-MTX has shown that 144YFYPEL149 is the minimum fragment able to stimulate MUC5AC expression.	10.1016/j.jff.2016.06.023
P02662	RYLGYL	Alpha-S1-casein	Bos taurus	105-110	Anticancer	decreased breastcancer cell proliferation					Antiproliferative and receptor binding properties of α- and β-casomorphins in the T47D human breast cancer cell line	Hatzoglou, A. et al.	In previous studies, we have shown that opioid agonists ([d-Ala2,d-Leu5]enkephalin (DADLE), [d-Ser2,Leu5]enkephalin-Thr6 (DSLET), ethylketocyclazocine and etorphine) bind to opioid binding sites and decrease cell proliferation of human T47D breast cancer cells. Furthermore, we provided evidence about a cross-reaction, also in the T47D human breast cancer cell line, of μ-acting opioids with type-II somatostatin receptors. Since a potential source of opioid activity in the breast might be casomorphin peptides (produced by the enzymatic degradation of α-casein and β-casein), we investigated the antiproliferative action of five different casomorphin peptides: α-casein-(90–95), α-casein-(90–96), β-casomorphin, β-casomorphin-(1–5) and morphiceptin. We show that all five peptides decreased, in a dose-dependent manner, cell proliferation. The general antagonist diprenorphine produced only a partial reversal of their action. Furthermore, we provide evidence that all peptides (except for morphiceptin) bind to δ- and κ-opioid binding sites of T47D cells with different selectivity. Finally, we show that these peptides are also partial competitors at the somatostatin receptors present in the same cell line.	10.1016/0014-2999(96)00339-1
P02662	RYLGYL	Alpha-S1-casein	Bos taurus	105-110	Opioid						Opioid activities and structures of α-casein-derived exorphins	Loukas, S. et al.	Exorphins, peptides with opioid activity, have previously been isolated from pepsin hydrolysates of alpha-casein [Zioudrou, C., Streaty, R. A., & Klee, W. A. (1979) J. Biol. Chem. 254, 2446-2449]. Analysis of these peptides shows that they correspond to the sequences 90-96, Arg-Tyr-Leu-Gly-Tyr-Leu-Glu, and 90-95, Arg-Tyr-Leu-Gly-Tyr-Leu, of alpha-casein. These peptides, as well as two of their analogues Tyr-Leu-Gly-Tyr-Leu-Glu (91-96) and Tyr-Leu-Gly-Tyr-Leu (91-95), have now been synthesized and characterized. Their opioid activity was examined by three different bioassays: (a) displacement of D-2-alanyl[tyrosyl-3,5-3H]enkephalin-(5-L-methioninamide) and [3H]dihydromorphine from rat brain membranes; (b) naloxone-reversible inhibition of adenylate cyclase in homogenates of neuroblastoma x glioma hybrid cells; (c) naloxone-reversible inhibition of electrically stimulated contractions of the mouse vas deferens. The synthetic peptide of sequence 90-96 was the most potent opioid in all three bioassays and its potency was similar to that of the isolated alpha-casein exorphins. The synthetic peptides were totally resistant to hydrolysis by trypsin and homogenates of rat brain membranes, but were partially inactivated by chymotrypsin and subtilisin. The difference in opioid activity of alpha-casein exorphins may be related to differences in conformational flexibility observed by NMR spectroscopy.	10.1021/bi00288a034
P02662	RYLGY	Alpha-S1-casein	Bos taurus	105-109	ACE-inhibitory		"1) 0.71,
2) 3.08"				"1) Novel casein-derived peptides with antihypertensive activity,
2) In Silico and In Vitro Analysis of Multifunctionality of Animal Food-Derived Peptides"	"1) Contreras, M. del Mar. et al.,
2) Amigo, L. et al."	"1) In this study, we report novel casein-derived peptide sequences with angiotensin converting enzyme (ACE)-inhibitory activity and antihypertensive activity demonstrated in spontaneously hypertensive rats (SHR). The peptides were obtained by enzymatic hydrolysis of total isoelectric casein with pepsin. To identify ACE-inhibitory peptides, the casein hydrolysate was fractionated by semi-preparative high performance liquid chromatography, and 44 (CN) peptides contained in the active fractions were sequenced by using an ion trap mass spectrometer. Among the identified peptides, three sequences, that corresponded to αs1-CN f(90–94) (RYLGY), αs1-CN f(143–149) (AYFYPEL), and αS2-CN f(89–95) (YQKFPQY), showed IC50 values as low as 0.71 μm, 6.58 μm, and 20.08 μm, respectively. These three peptides also exerted antihypertensive activity when they were orally administered to SHR at a dose of 5 mg kg−1 of body weight. The activity of peptides RYLGY and AYFYPEL in SHR was similar to that found for tripeptide VPP when orally administered at the same dose.,
2) Currently, the associations between oxidative stress, inflammation, hypertension, and metabolic disturbances and non-communicable diseases are very well known. Since these risk factors show a preventable character, the searching of food peptides acting against them has become a promising strategy for the design and development of new multifunctional foods or nutraceuticals. In the present study, an integrated approach combining an in silico study and in vitro assays was used to confirm the multifunctionality of milk and meat protein-derived peptides that were similar to or shared amino acids with previously described opioid peptides. By the in silico analysis, 15 of the 27 assayed peptides were found to exert two or more activities, with Angiotensin-converting enzyme (ACE) inhibitory, antioxidant, and opioid being the most commonly found. The in vitro study confirmed ACE-inhibitory and antioxidant activities in 15 and 26 of the 27 synthetic peptides, respectively. Four fragments, RYLGYLE, YLGYLE, YFYPEL, and YPWT, also demonstrated the ability to protect Caco-2 and macrophages RAW264.7 cells from the oxidative damage caused by chemicals. The multifunctionality of these peptides makes them promising agents against oxidative stress-associated diseases."	"1) 10.1016/j.idairyj.2009.05.004,
2) 10.3390/foods9080991"
P02662	RYLGY	Alpha-S1-casein	Bos taurus	105-109	Antihypertensive						Implication of Opioid Receptors in the Antihypertensive Effect of a Bovine Casein Hydrolysate and αs1-Casein Derived Peptides	Sanchez-Rivera, L. et al.	The antihypertensive activity of two αs1-casein-derived peptides and casein hydrolysate containing these sequences was evaluated in the presence of naloxone. The activity was abolished by this opioid antagonist at 2, 4, and 6 h post-administration. Similarly, the antihypertensive effect of the αs1-casein peptides 90RYLGY94 (−23.8 ± 2.5 mmHg) and 143AYFYPEL149 (−21.1 ± 3.2 mmHg) at 5 mg/kg of body weight was antagonized by the co-administration of naloxone. Because peptide 143AYFYPEL149 had recently shown opioid activity, a molecular dynamic simulation of this peptide with human μ-opioid receptor was performed to demonstrate its favorable structure and interaction energy, despite the presence of Ala at the N terminus. Altogether, these results revealed that the in vivo effect on systolic blood pressure of the studied αs1-casein peptides is mediated by interaction with opioid receptors and the antihypertensive activity of casein hydrolysate can be very likely ascribed to them with the possible contribution of other mechanisms.	10.1021/acs.jafc.9b03872
P02662	RYLGY	Alpha-S1-casein	Bos taurus	105-109	Antioxidant						"1) Resistance of casein-derived bioactive peptides to simulated gastrointestinal digestion,
2) In Silico and In Vitro Analysis of Multifunctionality of Animal Food-Derived Peptides"	"1) Contreras, M. del Mar. et al.,
2) Amigo, L. et al."	"1) The resistance of six casein-derived peptides, including antihypertensive peptides RYLGY, AYFYPEL and YQKFPQY, to simulated gastrointestinal digestion and the effect on angiotensin-converting enzyme (ACE)-inhibitory activity were evaluated. After digestion, peptides RYLGY, AYFYPEL, and YQKFPQY were partly hydrolysed by the digestive enzymes. RYLGY and AYFYPEL maintained potent ACE-inhibitory activity, with IC50 values as low as 9.3 and 4.7 μg mL−1, respectively. Digestion fragments were sequenced and then synthesised to evaluate their activity. Several showed potent ACE-inhibitory activity, which could explain the in vitro activity of the digests. A notable antioxidant activity was also observed. Since AYFYPEL was less susceptible to digestion, we focused on the antihypertensive activity in spontaneously hypertensive rats of the main digestion fragments of RYLGY. Interestingly, these peptides showed moderate effects in vivo. This suggests that the undigested fraction could also contribute to the in vivo effects of RYLGY and AYFYPEL, and other minor fragments may also participate.,
2) Currently, the associations between oxidative stress, inflammation, hypertension, and metabolic disturbances and non-communicable diseases are very well known. Since these risk factors show a preventable character, the searching of food peptides acting against them has become a promising strategy for the design and development of new multifunctional foods or nutraceuticals. In the present study, an integrated approach combining an in silico study and in vitro assays was used to confirm the multifunctionality of milk and meat protein-derived peptides that were similar to or shared amino acids with previously described opioid peptides. By the in silico analysis, 15 of the 27 assayed peptides were found to exert two or more activities, with Angiotensin-converting enzyme (ACE) inhibitory, antioxidant, and opioid being the most commonly found. The in vitro study confirmed ACE-inhibitory and antioxidant activities in 15 and 26 of the 27 synthetic peptides, respectively. Four fragments, RYLGYLE, YLGYLE, YFYPEL, and YPWT, also demonstrated the ability to protect Caco-2 and macrophages RAW264.7 cells from the oxidative damage caused by chemicals. The multifunctionality of these peptides makes them promising agents against oxidative stress-associated diseases."	"1) 10.1016/j.idairyj.2013.05.008,
2) 10.3390/foods9080991"
P02662	RYLGY	Alpha-S1-casein	Bos taurus	105-109	Opioid						Food-Derived Peptides Stimulate Mucin Secretion and Gene Expression in Intestinal Cells	Martinez-Maqueda, D. et al.	In this study, the hypothesis that food-derived opioid peptides besides β-casomorphin 7 might modulate the production of mucin via a direct action on epithelial goblet cells was investigated in HT29-MTX cells used as a model of human colonic epithelium. Seven milk whey or casein peptides, a human milk peptide, and a wheat gluten-derived peptide with proved or probable ability to bind μ- or δ-opioid receptors were tested on the cell culture. Significantly increased secretion of mucins was found after exposure to six of the assayed peptides, besides the previously described β-casomorphin 7, as measured by an enzyme-linked lectin assay (ELLA). Human β-casomorphin 5 and α-lactorphin were selected to study the expression of mucin 5AC gene (MUC5AC), the HT29-MTX major secreted mucin gene. α-Lactorphin showed increased expression of MUC5AC from 4 to 24 h (up to 1.6-fold over basal level expression), although differences were statistically different only after 24 h of exposure. However, this increased expression of MUC5AC did not reach significance after cell treatment with human β-casomorphin 5. In conclusion, six food-derived peptides have been identifed with described or probable opioid activity that induce mucin secretion in HT29-MTX cells. Concretely, α-lactorphin is able to up-regulate the expression of the major secreted mucin gene encoded by these cells.	10.1021/jf301279k
P02662	AYFYPEL	Alpha-S1-casein	Bos taurus	158-164	ACE-inhibitory		6.58				Novel casein-derived peptides with antihypertensive activity	Contreras, M. del Mar. et al.	In this study, we report novel casein-derived peptide sequences with angiotensin converting enzyme (ACE)-inhibitory activity and antihypertensive activity demonstrated in spontaneously hypertensive rats (SHR). The peptides were obtained by enzymatic hydrolysis of total isoelectric casein with pepsin. To identify ACE-inhibitory peptides, the casein hydrolysate was fractionated by semi-preparative high performance liquid chromatography, and 44 (CN) peptides contained in the active fractions were sequenced by using an ion trap mass spectrometer. Among the identified peptides, three sequences, that corresponded to αs1-CN f(90–94) (RYLGY), αs1-CN f(143–149) (AYFYPEL), and αS2-CN f(89–95) (YQKFPQY), showed IC50 values as low as 0.71 μm, 6.58 μm, and 20.08 μm, respectively. These three peptides also exerted antihypertensive activity when they were orally administered to SHR at a dose of 5 mg kg−1 of body weight. The activity of peptides RYLGY and AYFYPEL in SHR was similar to that found for tripeptide VPP when orally administered at the same dose.	10.1016/j.idairyj.2009.05.004
P02662	AYFYPEL	Alpha-S1-casein	Bos taurus	158-164	Antihypertensive						Implication of Opioid Receptors in the Antihypertensive Effect of a Bovine Casein Hydrolysate and αs1-Casein Derived Peptides	Sanchez-Rivera, L. et al.	The antihypertensive activity of two αs1-casein-derived peptides and casein hydrolysate containing these sequences was evaluated in the presence of naloxone. The activity was abolished by this opioid antagonist at 2, 4, and 6 h post-administration. Similarly, the antihypertensive effect of the αs1-casein peptides 90RYLGY94 (−23.8 ± 2.5 mmHg) and 143AYFYPEL149 (−21.1 ± 3.2 mmHg) at 5 mg/kg of body weight was antagonized by the co-administration of naloxone. Because peptide 143AYFYPEL149 had recently shown opioid activity, a molecular dynamic simulation of this peptide with human μ-opioid receptor was performed to demonstrate its favorable structure and interaction energy, despite the presence of Ala at the N terminus. Altogether, these results revealed that the in vivo effect on systolic blood pressure of the studied αs1-casein peptides is mediated by interaction with opioid receptors and the antihypertensive activity of casein hydrolysate can be very likely ascribed to them with the possible contribution of other mechanisms.	10.1021/acs.jafc.9b03872
P02662	AYFYPEL	Alpha-S1-casein	Bos taurus	158-164	Antioxidant						Resistance of casein-derived bioactive peptides to simulated gastrointestinal digestion	Contreras, M. del Mar. et al.	The resistance of six casein-derived peptides, including antihypertensive peptides RYLGY, AYFYPEL and YQKFPQY, to simulated gastrointestinal digestion and the effect on angiotensin-converting enzyme (ACE)-inhibitory activity were evaluated. After digestion, peptides RYLGY, AYFYPEL, and YQKFPQY were partly hydrolysed by the digestive enzymes. RYLGY and AYFYPEL maintained potent ACE-inhibitory activity, with IC50 values as low as 9.3 and 4.7 μg mL−1, respectively. Digestion fragments were sequenced and then synthesised to evaluate their activity. Several showed potent ACE-inhibitory activity, which could explain the in vitro activity of the digests. A notable antioxidant activity was also observed. Since AYFYPEL was less susceptible to digestion, we focused on the antihypertensive activity in spontaneously hypertensive rats of the main digestion fragments of RYLGY. Interestingly, these peptides showed moderate effects in vivo. This suggests that the undigested fraction could also contribute to the in vivo effects of RYLGY and AYFYPEL, and other minor fragments may also participate.	10.1016/j.idairyj.2013.05.008
P02662	AYFYPEL	Alpha-S1-casein	Bos taurus	158-164	Increase mucin secretion	Increase MUC5AC expression					"1) Food-Derived Peptides Stimulate Mucin Secretion and Gene Expression in Intestinal Cells,
2) Casein hydrolysate and derived peptides stimulate mucin secretion and gene expression in human intestinal cells"	"1) Martinez-Maqueda, D. et al.,
2) Martinez-Maqueda, D. et al."	"1) In this study, the hypothesis that food-derived opioid peptides besides β-casomorphin 7 might modulate the production of mucin via a direct action on epithelial goblet cells was investigated in HT29-MTX cells used as a model of human colonic epithelium. Seven milk whey or casein peptides, a human milk peptide, and a wheat gluten-derived peptide with proved or probable ability to bind μ- or δ-opioid receptors were tested on the cell culture. Significantly increased secretion of mucins was found after exposure to six of the assayed peptides, besides the previously described β-casomorphin 7, as measured by an enzyme-linked lectin assay (ELLA). Human β-casomorphin 5 and α-lactorphin were selected to study the expression of mucin 5AC gene (MUC5AC), the HT29-MTX major secreted mucin gene. α-Lactorphin showed increased expression of MUC5AC from 4 to 24 h (up to 1.6-fold over basal level expression), although differences were statistically different only after 24 h of exposure. However, this increased expression of MUC5AC did not reach significance after cell treatment with human β-casomorphin 5. In conclusion, six food-derived peptides have been identifed with described or probable opioid activity that induce mucin secretion in HT29-MTX cells. Concretely, α-lactorphin is able to up-regulate the expression of the major secreted mucin gene encoded by these cells.,
2) The present study was undertaken to explore if a casein hydrolysate and four component peptides with probable ability to interact with opioid receptors can exert a stimulatory effect on mucin production in human intestinal cells (HT29-MTX). αS1-Casein fragments 143–149 (AYFYPEL) and 144–149 (YFYPEL), and the casein hydrolysate, significantly increased expression of MUC5AC, the major secreted mucin gene in this cell line, over 1.7-fold basal level after 4 h of exposure. The determination of mucin-like glycoproteins showed a higher effect on mucin secretion by the casein hydrolysate (210% of controls) than that of AYFYPEL and YFYPEL (around 160%). Therefore, peptides or other components may participate in the activity of the hydrolysate in a synergistic way or through a non-opioid mechanism. In conclusion, a casein hydrolysate and two derived peptides, AYFYPEL and YFYPEL, promote the mucin production and may support the development of functional foods to improve mucus barrier and its protective role in gastrointestinal diseases."	"1) 10.1021/jf301279k,
2) 10.1016/j.idairyj.2013.03.010"
P02662	RFFVAPFPEVFGKEKVNEL	Alpha-S1-casein	Bos taurus	37-55	Osteoanabolic	induce macedocin biosynthesis					Milk Protein Fragments Induce the Biosynthesis of Macedocin, the Lantibiotic Produced by Streptococcus macedonicus ACA-DC 198	Georgalaki, M. et al.	The aim of the present work was to study the mode of the induction of the biosynthesis of macedocin, the lantibiotic produced by Streptococcus macedonicus ACA-DC 198. Macedocin was produced when the strain was grown in milk but not in MRS or M17 broth. No autoinduction mechanism was observed. Production did not depend on the presence of lactose or galactose in the culture medium or on a coculture of the producer strain with macedocin-sensitive or macedocin-resistant strains. Induction seemed to depend on the presence of one or more heat-stable protein components produced when S. macedonicus ACA-DC 198 was grown in milk. The partial purification of the induction factor was performed by a combination of chromatography methods, and its activity was confirmed by a reverse transcription-PCR approach (RT-PCR). Mass spectrometric (MS) and tandem mass spectrometric (MS/MS) analyses of an induction-active fraction showed the presence of several peptides of low molecular mass corresponding to fragments of αS1- and β-casein as well as β-lactoglobulin. The chemically synthesized αS1-casein fragment 37-55 (2,253.65 Da) was proven to be able to induce macedocin biosynthesis. This is the first time that milk protein degradation fragments are reported to exhibit a bacteriocin induction activity.	10.1128/AEM.00151-09
P02662	DIPNPI	Alpha-S1-casein	Bos taurus	196-201	Bacterial growth promoting	S. thermophilus and L. delbrueckii subsp. Bulgaricus					Isolation and Characterization of Three Novel Peptides from Casein Hydrolysates That Stimulate the Growth of Mixed Cultures ofStreptococcus thermophilus and Lactobacillus delbrueckii subspbulgaricus	Zhang, Q. et al.	In this study, sodium caseinate hydrolysates produced by papain with strong growth-stimulating activity for Streptococcus thermophilus (St) and Lactobacillus delbrueckii subsp. bulgaricus (Lb) were obtained. A series of separation methods including ultrafiltration, macroporous adsorption resin chromatography, gel filtration chromatography, and reverse-phase high-performance liquid chromatography (RP-HPLC) were applied to isolate and purify the peptide(s), which were mainly responsible for the activity. Finally, three novel growth-stimulating peptides, H-2-A, F2-c, and F2-b, corresponding to amino acid residues 29–35 and 103–108 of bovine αS2-casein and 181–186 of bovine αS1-casein, respectively, were obtained. With supplementation of H-2-A, F2-b, or F2-c at a protein concentration of 0.3%, the biomass yield of these two lactic acid bacteria (LAB) was enhanced by 193.3, 166.7, or 151.7%, respectively. In addition, there were significant (p < 0.05) Increase in viable counts of St and lactic acid production of LAB in the presence of the purified peptides.	10.1021/jf200903u
P02662	YLGYLEQLLR	Alpha-S1-casein	Bos taurus	106-115	Antianxiety						Bioactive peptides released by in vitro digestion of standard and hydrolyzed infant formulas	Cakir-Kiefer, C. et al.	Hydrolyzed infant formulas serve as appropriate nutritional sources for infants afflicted with cow’s milk allergy, and milk proteins in hydrolyzed formulas are industrially hydrolyzed extensively or partially. To investigate whether industrial hydrolysis may modulate the digestive trajectory of milk proteins, thereby releasing different profiles of bioactive peptides compared with standard formulas, both standard and hydrolyzed formulas were subjected to in vitro digestion and formation of bioactive peptides were compared. One standard, one extensively hydrolyzed, and one partially hydrolyzed infant formula were digested in vitro with pepsin and pancreatin, taking into account the higher gastric pH of infants, and the digesta were subjected to peptidomic analysis. The standard formula released a larger variety of bioactive peptides than from the hydrolyzed formulas, indicating that industrial hydrolysis of milk proteins may generally attenuate their indigenous bioactivities such as antibacterial, immuno-regulatory, and anti-oxidative activities. Conversely, industrial hydrolysis may facilitate the formation of bioactive peptides from hydrophobic proteins/regions such as β-LG and the “strategic zone” of β-CN, which encrypt bioactive peptides including a dipeptidyl dipeptidase-4-inhibitory, hypocholesterolemic, and opioid peptides. Infants fed hydrolyzed infant formulas may be influenced by milk protein-derived bioactive peptides in a manner different from those fed standard formula.	10.1016/j.peptides.2015.09.005
P02662	YLGYLEQ	Alpha-S1-casein	Bos taurus	106-112	Antianxiety						"1) Transport Across Caco-2 Cell Monolayer and Sensitivity to Hydrolysis of Two Anxiolytic Peptides from αs1-Casein, α-Casozepine, and αs1-Casein-(f91-97): Effect of Bile Salts,
2) In Vitro Digestibility of r-Casozepine, a Benzodiazepine-like Peptide from Bovine Casein, and Biological Activity of Its Main Proteolytic Fragment"	"1) Cakir-Kiefer, C. et al.,
2) Cakir-Kiefer, C. et al."	"1) α-Casozepine and f91–97, peptides from αs1-casein, display anxiolytic activity in rats and may have to cross the intestinal epithelium to exert this central effect. We evaluated their resistance to hydrolysis by the peptidases of Caco-2 cells and their ability to cross the cell monolayer. To mimic physiological conditions, two preparations of bile salts were used in noncytotoxic concentrations: porcine bile extract and an equimolar mixture of taurocholate, cholate, and deoxycholate. The presence and composition of bile salts appeared to modulate the peptidase activities of the Caco-2 cells involved (i) in the hydrolysis of α-casozepine, leading to much higher formation of fragments f91–99, f91–98, and f91–97, and (ii) in the hydrolysis of f91–97, leading to lower degradation of this peptide. Transport of α-casozepine across Caco-2 monolayer increased significantly, in the presence of bile extract, and of fragment f91–97, in the presence of bile salts.,
2) α-Casozepine is a peptide, corresponding to the sequence 91−100 of the bovine αs1-casein, displaying anxiolytic activity in the rat. The αs1-casein tryptic hydrolysate containing this peptide decreases stress effects after oral administration in various species including man. Therefore, the stability of this peptide toward gastric and pancreatic proteases has been assessed by using pepsin, chymotrypsin/trypsin, Corolase PP, pepsin followed by chymotrypsin/trypsin or pepsin followed by Corolase PP. α-Casozepine was slowly degraded by chymotrypsin, much more sensitive to pepsin and Corolase PP but not completely destroyed after 4 h kinetics. The bonds in the region 91 to 95 of the α-casozepine were totally resistant to hydrolysis by all studied proteases. Surprisingly, a fragment, corresponding to the sequence 91−97 and found in all the hydrolysis media in significant amount, possessed an anxiolytic activity in three behavioral tests measuring this parameter. This peptide could participate in the in vivo activity of α-casozepine."	"1) 10.1021/jf202890e,
2) 10.1021/jf104089c"
P02662	YPEL	Alpha-S1-casein	Bos taurus	161-164	Antioxidant						Isolation and characterization of free radical scavenging activities peptides derived from casein	Suetsuna, K. et al.	A peptide having the strong free radical scavenging activities was separated from casein protein hydrolysate by chromatographic analyses such as ion-exchange and gel filtration. SP-II fraction obtained by SP-Sephadex C-25 chromatography showed the most potent superoxide anion scavenging activity (SOSA), and it was further separated into a peptide using an octadecylsilano-high performance liquid chromatography. The amino acid sequence of the peptide was Tyr-Phe-Tyr-Pro-Glu-Leu (YFYPEL). The concentration of the test compound required to reduce the produced superoxide anion to one-half (IC50) value for SOSA was 79.2 μM using tetrazolium salt 3′-{1-[(phenylamino)-carbonyl]-3,4-tetrazolium}-bis(4-methoxy-6-nitro)benzenesulfonic acid hydrate method. The IC50 value for the 1,1-diphenyl-2-picrylhydrazyl radical and hydroxyl radical scavenging activities were 98 and 251 μM, respectively, based on the electron spin resonance method. We characterized SOSA of the C-terminal sequence using EL, PEL, YPEL, and FYPEL. The activities of preferred sequences were EL > YFYPEL > FYPEL > YPEL > PEL, suggesting that the Glu-Leu sequence is important for the activity.	10.1016/s0955-2863(99)00083-2
P02662	YLGY	Alpha-S1-casein	Bos taurus	106-109	ACE-inhibitory		"1) 41.86,
2) 9.87"				"1) Resistance of casein-derived bioactive peptides to simulated gastrointestinal digestion,
2) In Silico and In Vitro Analysis of Multifunctionality of Animal Food-Derived Peptides"	"1) Contreras, M. del Mar. et al.,
2) Amigo, L. et al."	"1) The resistance of six casein-derived peptides, including antihypertensive peptides RYLGY, AYFYPEL and YQKFPQY, to simulated gastrointestinal digestion and the effect on angiotensin-converting enzyme (ACE)-inhibitory activity were evaluated. After digestion, peptides RYLGY, AYFYPEL, and YQKFPQY were partly hydrolysed by the digestive enzymes. RYLGY and AYFYPEL maintained potent ACE-inhibitory activity, with IC50 values as low as 9.3 and 4.7 μg mL−1, respectively. Digestion fragments were sequenced and then synthesised to evaluate their activity. Several showed potent ACE-inhibitory activity, which could explain the in vitro activity of the digests. A notable antioxidant activity was also observed. Since AYFYPEL was less susceptible to digestion, we focused on the antihypertensive activity in spontaneously hypertensive rats of the main digestion fragments of RYLGY. Interestingly, these peptides showed moderate effects in vivo. This suggests that the undigested fraction could also contribute to the in vivo effects of RYLGY and AYFYPEL, and other minor fragments may also participate.,
2) Currently, the associations between oxidative stress, inflammation, hypertension, and metabolic disturbances and non-communicable diseases are very well known. Since these risk factors show a preventable character, the searching of food peptides acting against them has become a promising strategy for the design and development of new multifunctional foods or nutraceuticals. In the present study, an integrated approach combining an in silico study and in vitro assays was used to confirm the multifunctionality of milk and meat protein-derived peptides that were similar to or shared amino acids with previously described opioid peptides. By the in silico analysis, 15 of the 27 assayed peptides were found to exert two or more activities, with Angiotensin-converting enzyme (ACE) inhibitory, antioxidant, and opioid being the most commonly found. The in vitro study confirmed ACE-inhibitory and antioxidant activities in 15 and 26 of the 27 synthetic peptides, respectively. Four fragments, RYLGYLE, YLGYLE, YFYPEL, and YPWT, also demonstrated the ability to protect Caco-2 and macrophages RAW264.7 cells from the oxidative damage caused by chemicals. The multifunctionality of these peptides makes them promising agents against oxidative stress-associated diseases."	"1) 10.1016/j.idairyj.2013.05.008,
2) 10.3390/foods9080991"
P02662	YLGY	Alpha-S1-casein	Bos taurus	106-109	Antioxidant						"1) Resistance of casein-derived bioactive peptides to simulated gastrointestinal digestion,
2) In Silico and In Vitro Analysis of Multifunctionality of Animal Food-Derived Peptides"	"1) Contreras, M. del Mar. et al.,
2) Amigo, L. et al."	"1) The resistance of six casein-derived peptides, including antihypertensive peptides RYLGY, AYFYPEL and YQKFPQY, to simulated gastrointestinal digestion and the effect on angiotensin-converting enzyme (ACE)-inhibitory activity were evaluated. After digestion, peptides RYLGY, AYFYPEL, and YQKFPQY were partly hydrolysed by the digestive enzymes. RYLGY and AYFYPEL maintained potent ACE-inhibitory activity, with IC50 values as low as 9.3 and 4.7 μg mL−1, respectively. Digestion fragments were sequenced and then synthesised to evaluate their activity. Several showed potent ACE-inhibitory activity, which could explain the in vitro activity of the digests. A notable antioxidant activity was also observed. Since AYFYPEL was less susceptible to digestion, we focused on the antihypertensive activity in spontaneously hypertensive rats of the main digestion fragments of RYLGY. Interestingly, these peptides showed moderate effects in vivo. This suggests that the undigested fraction could also contribute to the in vivo effects of RYLGY and AYFYPEL, and other minor fragments may also participate.,
2) Currently, the associations between oxidative stress, inflammation, hypertension, and metabolic disturbances and non-communicable diseases are very well known. Since these risk factors show a preventable character, the searching of food peptides acting against them has become a promising strategy for the design and development of new multifunctional foods or nutraceuticals. In the present study, an integrated approach combining an in silico study and in vitro assays was used to confirm the multifunctionality of milk and meat protein-derived peptides that were similar to or shared amino acids with previously described opioid peptides. By the in silico analysis, 15 of the 27 assayed peptides were found to exert two or more activities, with Angiotensin-converting enzyme (ACE) inhibitory, antioxidant, and opioid being the most commonly found. The in vitro study confirmed ACE-inhibitory and antioxidant activities in 15 and 26 of the 27 synthetic peptides, respectively. Four fragments, RYLGYLE, YLGYLE, YFYPEL, and YPWT, also demonstrated the ability to protect Caco-2 and macrophages RAW264.7 cells from the oxidative damage caused by chemicals. The multifunctionality of these peptides makes them promising agents against oxidative stress-associated diseases."	"1) 10.1016/j.idairyj.2013.05.008,
2) 10.3390/foods9080991"
P02662	YLG	Alpha-S1-casein	Bos taurus	106-108	Antioxidant						"1) Resistance of casein-derived bioactive peptides to simulated gastrointestinal digestion,
2) In Silico and In Vitro Analysis of Multifunctionality of Animal Food-Derived Peptides"	"1) Contreras, M. del Mar. et al.,
2) Amigo, L. et al."	"1) The resistance of six casein-derived peptides, including antihypertensive peptides RYLGY, AYFYPEL and YQKFPQY, to simulated gastrointestinal digestion and the effect on angiotensin-converting enzyme (ACE)-inhibitory activity were evaluated. After digestion, peptides RYLGY, AYFYPEL, and YQKFPQY were partly hydrolysed by the digestive enzymes. RYLGY and AYFYPEL maintained potent ACE-inhibitory activity, with IC50 values as low as 9.3 and 4.7 μg mL−1, respectively. Digestion fragments were sequenced and then synthesised to evaluate their activity. Several showed potent ACE-inhibitory activity, which could explain the in vitro activity of the digests. A notable antioxidant activity was also observed. Since AYFYPEL was less susceptible to digestion, we focused on the antihypertensive activity in spontaneously hypertensive rats of the main digestion fragments of RYLGY. Interestingly, these peptides showed moderate effects in vivo. This suggests that the undigested fraction could also contribute to the in vivo effects of RYLGY and AYFYPEL, and other minor fragments may also participate.,
2) Currently, the associations between oxidative stress, inflammation, hypertension, and metabolic disturbances and non-communicable diseases are very well known. Since these risk factors show a preventable character, the searching of food peptides acting against them has become a promising strategy for the design and development of new multifunctional foods or nutraceuticals. In the present study, an integrated approach combining an in silico study and in vitro assays was used to confirm the multifunctionality of milk and meat protein-derived peptides that were similar to or shared amino acids with previously described opioid peptides. By the in silico analysis, 15 of the 27 assayed peptides were found to exert two or more activities, with Angiotensin-converting enzyme (ACE) inhibitory, antioxidant, and opioid being the most commonly found. The in vitro study confirmed ACE-inhibitory and antioxidant activities in 15 and 26 of the 27 synthetic peptides, respectively. Four fragments, RYLGYLE, YLGYLE, YFYPEL, and YPWT, also demonstrated the ability to protect Caco-2 and macrophages RAW264.7 cells from the oxidative damage caused by chemicals. The multifunctionality of these peptides makes them promising agents against oxidative stress-associated diseases."	"1) 10.1016/j.idairyj.2013.05.008,
2) 10.3390/foods9080991"
P02662	YLG	Alpha-S1-casein	Bos taurus	106-108	Improves cognition	improves cognitive decline					Orally administered milk derived tripeptide improved cognitive decline in mice fed a high fat diet	Nagai, A. et al.	The functions of the brain, which is thought of as an organ highly independent from the periphery, are often affected by the peripheral environment. Indeed, epidemiologic studies demonstrated that diabetes was a risk factor for dementia. It was also reported that the intake of dairy products, such as milk, reduces the risk of developing dementia. We found that mice on a short-term high-fat diet (HFD) for 1 wk had reduced cognitive function. Thus, using this acute model, we investigated the effects of milk-derived peptide on cognitive decline induced by HFD. Tyr-Leu-Gly (YLG), a tripeptide derived from αS1-casein, a major bovine milk protein, is released by gastrointestinal proteases. We found that orally administered YLG improved cognitive decline induced by 1-wk HFD intake in the object recognition test. YLG also improved cognitive decline in the object location test. Thus, we found that YLG improved cognitive decline induced by HFD. Next, we examined the effects of YLG on the hippocampus, a brain area essential for cognitive function. HFD intake decreased the number of 5-bromo-2'-deoxyuridine (BrdU)-positive cells, and this decrease was improved by YLG administration. HFD intake decreased nerve growth factor (NGF) and glial cell line-derived neurotrophic factor, whereas YLG increased NGF and ciliary neurotrophic factor, suggesting that these neurotropic factors play a role in hippocampal neurogenesis after YLG administration. In conclusion, we demonstrated that 1-wk HFD reduced cognitive function. Furthermore, we found that YLG, a milk-derived tripeptide, improved cognitive decline in mice on HFD. The HFD reduced neural stem cell proliferation, and YLG improved this reduction. YLG is the first reported milk peptide to improve cognitive decline induced by HFD intake.-Nagai, A., Mizushige, T., Matsumura, S., Inoue, K., Ohinata, K. Orally administered milk-derived tripeptide improved cognitive decline in mice fed a high-fat diet.	10.1096/fj.201900621R
P02662	RYLG	Alpha-S1-casein	Bos taurus	105-108	ACE-inhibitory		224.69				Resistance of casein-derived bioactive peptides to simulated gastrointestinal digestion	Contreras, M. del Mar. et al.	The resistance of six casein-derived peptides, including antihypertensive peptides RYLGY, AYFYPEL and YQKFPQY, to simulated gastrointestinal digestion and the effect on angiotensin-converting enzyme (ACE)-inhibitory activity were evaluated. After digestion, peptides RYLGY, AYFYPEL, and YQKFPQY were partly hydrolysed by the digestive enzymes. RYLGY and AYFYPEL maintained potent ACE-inhibitory activity, with IC50 values as low as 9.3 and 4.7 μg mL−1, respectively. Digestion fragments were sequenced and then synthesised to evaluate their activity. Several showed potent ACE-inhibitory activity, which could explain the in vitro activity of the digests. A notable antioxidant activity was also observed. Since AYFYPEL was less susceptible to digestion, we focused on the antihypertensive activity in spontaneously hypertensive rats of the main digestion fragments of RYLGY. Interestingly, these peptides showed moderate effects in vivo. This suggests that the undigested fraction could also contribute to the in vivo effects of RYLGY and AYFYPEL, and other minor fragments may also participate.	10.1016/j.idairyj.2013.05.008
P02662	RYLG	Alpha-S1-casein	Bos taurus	105-108	Antioxidant						"1) Resistance of casein-derived bioactive peptides to simulated gastrointestinal digestion,
2) In Silico and In Vitro Analysis of Multifunctionality of Animal Food-Derived Peptides"	"1) Contreras, M. del Mar. et al.,
2) Amigo, L. et al."	"1) The resistance of six casein-derived peptides, including antihypertensive peptides RYLGY, AYFYPEL and YQKFPQY, to simulated gastrointestinal digestion and the effect on angiotensin-converting enzyme (ACE)-inhibitory activity were evaluated. After digestion, peptides RYLGY, AYFYPEL, and YQKFPQY were partly hydrolysed by the digestive enzymes. RYLGY and AYFYPEL maintained potent ACE-inhibitory activity, with IC50 values as low as 9.3 and 4.7 μg mL−1, respectively. Digestion fragments were sequenced and then synthesised to evaluate their activity. Several showed potent ACE-inhibitory activity, which could explain the in vitro activity of the digests. A notable antioxidant activity was also observed. Since AYFYPEL was less susceptible to digestion, we focused on the antihypertensive activity in spontaneously hypertensive rats of the main digestion fragments of RYLGY. Interestingly, these peptides showed moderate effects in vivo. This suggests that the undigested fraction could also contribute to the in vivo effects of RYLGY and AYFYPEL, and other minor fragments may also participate.,
2) Currently, the associations between oxidative stress, inflammation, hypertension, and metabolic disturbances and non-communicable diseases are very well known. Since these risk factors show a preventable character, the searching of food peptides acting against them has become a promising strategy for the design and development of new multifunctional foods or nutraceuticals. In the present study, an integrated approach combining an in silico study and in vitro assays was used to confirm the multifunctionality of milk and meat protein-derived peptides that were similar to or shared amino acids with previously described opioid peptides. By the in silico analysis, 15 of the 27 assayed peptides were found to exert two or more activities, with Angiotensin-converting enzyme (ACE) inhibitory, antioxidant, and opioid being the most commonly found. The in vitro study confirmed ACE-inhibitory and antioxidant activities in 15 and 26 of the 27 synthetic peptides, respectively. Four fragments, RYLGYLE, YLGYLE, YFYPEL, and YPWT, also demonstrated the ability to protect Caco-2 and macrophages RAW264.7 cells from the oxidative damage caused by chemicals. The multifunctionality of these peptides makes them promising agents against oxidative stress-associated diseases."	"1) 10.1016/j.idairyj.2013.05.008,
2) 10.3390/foods9080991"
P02662	RYL	Alpha-S1-casein	Bos taurus	105-107	ACE-inhibitory		106.64				Resistance of casein-derived bioactive peptides to simulated gastrointestinal digestion	Contreras, M. del Mar. et al.	The resistance of six casein-derived peptides, including antihypertensive peptides RYLGY, AYFYPEL and YQKFPQY, to simulated gastrointestinal digestion and the effect on angiotensin-converting enzyme (ACE)-inhibitory activity were evaluated. After digestion, peptides RYLGY, AYFYPEL, and YQKFPQY were partly hydrolysed by the digestive enzymes. RYLGY and AYFYPEL maintained potent ACE-inhibitory activity, with IC50 values as low as 9.3 and 4.7 μg mL−1, respectively. Digestion fragments were sequenced and then synthesised to evaluate their activity. Several showed potent ACE-inhibitory activity, which could explain the in vitro activity of the digests. A notable antioxidant activity was also observed. Since AYFYPEL was less susceptible to digestion, we focused on the antihypertensive activity in spontaneously hypertensive rats of the main digestion fragments of RYLGY. Interestingly, these peptides showed moderate effects in vivo. This suggests that the undigested fraction could also contribute to the in vivo effects of RYLGY and AYFYPEL, and other minor fragments may also participate.	10.1016/j.idairyj.2013.05.008
P02662	RYL	Alpha-S1-casein	Bos taurus	105-107	Antioxidant						"1) Resistance of casein-derived bioactive peptides to simulated gastrointestinal digestion,
2) In Silico and In Vitro Analysis of Multifunctionality of Animal Food-Derived Peptides"	"1) Contreras, M. del Mar. et al.,
2) Amigo, L. et al."	"1) The resistance of six casein-derived peptides, including antihypertensive peptides RYLGY, AYFYPEL and YQKFPQY, to simulated gastrointestinal digestion and the effect on angiotensin-converting enzyme (ACE)-inhibitory activity were evaluated. After digestion, peptides RYLGY, AYFYPEL, and YQKFPQY were partly hydrolysed by the digestive enzymes. RYLGY and AYFYPEL maintained potent ACE-inhibitory activity, with IC50 values as low as 9.3 and 4.7 μg mL−1, respectively. Digestion fragments were sequenced and then synthesised to evaluate their activity. Several showed potent ACE-inhibitory activity, which could explain the in vitro activity of the digests. A notable antioxidant activity was also observed. Since AYFYPEL was less susceptible to digestion, we focused on the antihypertensive activity in spontaneously hypertensive rats of the main digestion fragments of RYLGY. Interestingly, these peptides showed moderate effects in vivo. This suggests that the undigested fraction could also contribute to the in vivo effects of RYLGY and AYFYPEL, and other minor fragments may also participate.,
2) Currently, the associations between oxidative stress, inflammation, hypertension, and metabolic disturbances and non-communicable diseases are very well known. Since these risk factors show a preventable character, the searching of food peptides acting against them has become a promising strategy for the design and development of new multifunctional foods or nutraceuticals. In the present study, an integrated approach combining an in silico study and in vitro assays was used to confirm the multifunctionality of milk and meat protein-derived peptides that were similar to or shared amino acids with previously described opioid peptides. By the in silico analysis, 15 of the 27 assayed peptides were found to exert two or more activities, with Angiotensin-converting enzyme (ACE) inhibitory, antioxidant, and opioid being the most commonly found. The in vitro study confirmed ACE-inhibitory and antioxidant activities in 15 and 26 of the 27 synthetic peptides, respectively. Four fragments, RYLGYLE, YLGYLE, YFYPEL, and YPWT, also demonstrated the ability to protect Caco-2 and macrophages RAW264.7 cells from the oxidative damage caused by chemicals. The multifunctionality of these peptides makes them promising agents against oxidative stress-associated diseases."	"1) 10.1016/j.idairyj.2013.05.008,
2) 10.3390/foods9080991"
P02662	RY	Alpha-S1-casein	Bos taurus	105-106	ACE-inhibitory		54.43				Resistance of casein-derived bioactive peptides to simulated gastrointestinal digestion	Contreras, M. del Mar. et al.	The resistance of six casein-derived peptides, including antihypertensive peptides RYLGY, AYFYPEL and YQKFPQY, to simulated gastrointestinal digestion and the effect on angiotensin-converting enzyme (ACE)-inhibitory activity were evaluated. After digestion, peptides RYLGY, AYFYPEL, and YQKFPQY were partly hydrolysed by the digestive enzymes. RYLGY and AYFYPEL maintained potent ACE-inhibitory activity, with IC50 values as low as 9.3 and 4.7 μg mL−1, respectively. Digestion fragments were sequenced and then synthesised to evaluate their activity. Several showed potent ACE-inhibitory activity, which could explain the in vitro activity of the digests. A notable antioxidant activity was also observed. Since AYFYPEL was less susceptible to digestion, we focused on the antihypertensive activity in spontaneously hypertensive rats of the main digestion fragments of RYLGY. Interestingly, these peptides showed moderate effects in vivo. This suggests that the undigested fraction could also contribute to the in vivo effects of RYLGY and AYFYPEL, and other minor fragments may also participate.	10.1016/j.idairyj.2013.05.008
P02662	RY	Alpha-S1-casein	Bos taurus	105-106	Antioxidant						"1) Resistance of casein-derived bioactive peptides to simulated gastrointestinal digestion,
2) In Silico and In Vitro Analysis of Multifunctionality of Animal Food-Derived Peptides"	"1) Contreras, M. del Mar. et al.,
2) Amigo, L. et al."	"1) The resistance of six casein-derived peptides, including antihypertensive peptides RYLGY, AYFYPEL and YQKFPQY, to simulated gastrointestinal digestion and the effect on angiotensin-converting enzyme (ACE)-inhibitory activity were evaluated. After digestion, peptides RYLGY, AYFYPEL, and YQKFPQY were partly hydrolysed by the digestive enzymes. RYLGY and AYFYPEL maintained potent ACE-inhibitory activity, with IC50 values as low as 9.3 and 4.7 μg mL−1, respectively. Digestion fragments were sequenced and then synthesised to evaluate their activity. Several showed potent ACE-inhibitory activity, which could explain the in vitro activity of the digests. A notable antioxidant activity was also observed. Since AYFYPEL was less susceptible to digestion, we focused on the antihypertensive activity in spontaneously hypertensive rats of the main digestion fragments of RYLGY. Interestingly, these peptides showed moderate effects in vivo. This suggests that the undigested fraction could also contribute to the in vivo effects of RYLGY and AYFYPEL, and other minor fragments may also participate.,
2) Currently, the associations between oxidative stress, inflammation, hypertension, and metabolic disturbances and non-communicable diseases are very well known. Since these risk factors show a preventable character, the searching of food peptides acting against them has become a promising strategy for the design and development of new multifunctional foods or nutraceuticals. In the present study, an integrated approach combining an in silico study and in vitro assays was used to confirm the multifunctionality of milk and meat protein-derived peptides that were similar to or shared amino acids with previously described opioid peptides. By the in silico analysis, 15 of the 27 assayed peptides were found to exert two or more activities, with Angiotensin-converting enzyme (ACE) inhibitory, antioxidant, and opioid being the most commonly found. The in vitro study confirmed ACE-inhibitory and antioxidant activities in 15 and 26 of the 27 synthetic peptides, respectively. Four fragments, RYLGYLE, YLGYLE, YFYPEL, and YPWT, also demonstrated the ability to protect Caco-2 and macrophages RAW264.7 cells from the oxidative damage caused by chemicals. The multifunctionality of these peptides makes them promising agents against oxidative stress-associated diseases."	"1) 10.1016/j.idairyj.2013.05.008,
2) 10.3390/foods9080991"
P02662	PEL	Alpha-S1-casein	Bos taurus	162-164	Antioxidant		306.0				Isolation and characterization of free radical scavenging activities peptides derived from casein	Suetsuna, K. et al.	A peptide having the strong free radical scavenging activities was separated from casein protein hydrolysate by chromatographic analyses such as ion-exchange and gel filtration. SP-II fraction obtained by SP-Sephadex C-25 chromatography showed the most potent superoxide anion scavenging activity (SOSA), and it was further separated into a peptide using an octadecylsilano-high performance liquid chromatography. The amino acid sequence of the peptide was Tyr-Phe-Tyr-Pro-Glu-Leu (YFYPEL). The concentration of the test compound required to reduce the produced superoxide anion to one-half (IC50) value for SOSA was 79.2 μM using tetrazolium salt 3′-{1-[(phenylamino)-carbonyl]-3,4-tetrazolium}-bis(4-methoxy-6-nitro)benzenesulfonic acid hydrate method. The IC50 value for the 1,1-diphenyl-2-picrylhydrazyl radical and hydroxyl radical scavenging activities were 98 and 251 μM, respectively, based on the electron spin resonance method. We characterized SOSA of the C-terminal sequence using EL, PEL, YPEL, and FYPEL. The activities of preferred sequences were EL > YFYPEL > FYPEL > YPEL > PEL, suggesting that the Glu-Leu sequence is important for the activity.	10.1016/s0955-2863(99)00083-2
P02662	LGY	Alpha-S1-casein	Bos taurus	107-109	ACE-inhibitory		"1) 21.46,
2) 26.1"				"1) Resistance of casein-derived bioactive peptides to simulated gastrointestinal digestion,
2) In Silico and In Vitro Analysis of Multifunctionality of Animal Food-Derived Peptides"	"1) Contreras, M. del Mar. et al.,
2) Amigo, L. et al."	"1) The resistance of six casein-derived peptides, including antihypertensive peptides RYLGY, AYFYPEL and YQKFPQY, to simulated gastrointestinal digestion and the effect on angiotensin-converting enzyme (ACE)-inhibitory activity were evaluated. After digestion, peptides RYLGY, AYFYPEL, and YQKFPQY were partly hydrolysed by the digestive enzymes. RYLGY and AYFYPEL maintained potent ACE-inhibitory activity, with IC50 values as low as 9.3 and 4.7 μg mL−1, respectively. Digestion fragments were sequenced and then synthesised to evaluate their activity. Several showed potent ACE-inhibitory activity, which could explain the in vitro activity of the digests. A notable antioxidant activity was also observed. Since AYFYPEL was less susceptible to digestion, we focused on the antihypertensive activity in spontaneously hypertensive rats of the main digestion fragments of RYLGY. Interestingly, these peptides showed moderate effects in vivo. This suggests that the undigested fraction could also contribute to the in vivo effects of RYLGY and AYFYPEL, and other minor fragments may also participate.,
2) Currently, the associations between oxidative stress, inflammation, hypertension, and metabolic disturbances and non-communicable diseases are very well known. Since these risk factors show a preventable character, the searching of food peptides acting against them has become a promising strategy for the design and development of new multifunctional foods or nutraceuticals. In the present study, an integrated approach combining an in silico study and in vitro assays was used to confirm the multifunctionality of milk and meat protein-derived peptides that were similar to or shared amino acids with previously described opioid peptides. By the in silico analysis, 15 of the 27 assayed peptides were found to exert two or more activities, with Angiotensin-converting enzyme (ACE) inhibitory, antioxidant, and opioid being the most commonly found. The in vitro study confirmed ACE-inhibitory and antioxidant activities in 15 and 26 of the 27 synthetic peptides, respectively. Four fragments, RYLGYLE, YLGYLE, YFYPEL, and YPWT, also demonstrated the ability to protect Caco-2 and macrophages RAW264.7 cells from the oxidative damage caused by chemicals. The multifunctionality of these peptides makes them promising agents against oxidative stress-associated diseases."	"1) 10.1016/j.idairyj.2013.05.008,
2) 10.3390/foods9080991"
P02662	LGY	Alpha-S1-casein	Bos taurus	107-109	Antioxidant						"1) Resistance of casein-derived bioactive peptides to simulated gastrointestinal digestion,
2) In Silico and In Vitro Analysis of Multifunctionality of Animal Food-Derived Peptides"	"1) Contreras, M. del Mar. et al.,
2) Amigo, L. et al."	"1) The resistance of six casein-derived peptides, including antihypertensive peptides RYLGY, AYFYPEL and YQKFPQY, to simulated gastrointestinal digestion and the effect on angiotensin-converting enzyme (ACE)-inhibitory activity were evaluated. After digestion, peptides RYLGY, AYFYPEL, and YQKFPQY were partly hydrolysed by the digestive enzymes. RYLGY and AYFYPEL maintained potent ACE-inhibitory activity, with IC50 values as low as 9.3 and 4.7 μg mL−1, respectively. Digestion fragments were sequenced and then synthesised to evaluate their activity. Several showed potent ACE-inhibitory activity, which could explain the in vitro activity of the digests. A notable antioxidant activity was also observed. Since AYFYPEL was less susceptible to digestion, we focused on the antihypertensive activity in spontaneously hypertensive rats of the main digestion fragments of RYLGY. Interestingly, these peptides showed moderate effects in vivo. This suggests that the undigested fraction could also contribute to the in vivo effects of RYLGY and AYFYPEL, and other minor fragments may also participate.,
2) Currently, the associations between oxidative stress, inflammation, hypertension, and metabolic disturbances and non-communicable diseases are very well known. Since these risk factors show a preventable character, the searching of food peptides acting against them has become a promising strategy for the design and development of new multifunctional foods or nutraceuticals. In the present study, an integrated approach combining an in silico study and in vitro assays was used to confirm the multifunctionality of milk and meat protein-derived peptides that were similar to or shared amino acids with previously described opioid peptides. By the in silico analysis, 15 of the 27 assayed peptides were found to exert two or more activities, with Angiotensin-converting enzyme (ACE) inhibitory, antioxidant, and opioid being the most commonly found. The in vitro study confirmed ACE-inhibitory and antioxidant activities in 15 and 26 of the 27 synthetic peptides, respectively. Four fragments, RYLGYLE, YLGYLE, YFYPEL, and YPWT, also demonstrated the ability to protect Caco-2 and macrophages RAW264.7 cells from the oxidative damage caused by chemicals. The multifunctionality of these peptides makes them promising agents against oxidative stress-associated diseases."	"1) 10.1016/j.idairyj.2013.05.008,
2) 10.3390/foods9080991"
P02662	FYPEL	Alpha-S1-casein	Bos taurus	160-164	ACE-inhibitory		"1) 80.6,
2) 62.0"				"1) Resistance of casein-derived bioactive peptides to simulated gastrointestinal digestion,
2) In Silico and In Vitro Analysis of Multifunctionality of Animal Food-Derived Peptides"	"1) Contreras, M. del Mar. et al.,
2) Amigo, L. et al."	"1) The resistance of six casein-derived peptides, including antihypertensive peptides RYLGY, AYFYPEL and YQKFPQY, to simulated gastrointestinal digestion and the effect on angiotensin-converting enzyme (ACE)-inhibitory activity were evaluated. After digestion, peptides RYLGY, AYFYPEL, and YQKFPQY were partly hydrolysed by the digestive enzymes. RYLGY and AYFYPEL maintained potent ACE-inhibitory activity, with IC50 values as low as 9.3 and 4.7 μg mL−1, respectively. Digestion fragments were sequenced and then synthesised to evaluate their activity. Several showed potent ACE-inhibitory activity, which could explain the in vitro activity of the digests. A notable antioxidant activity was also observed. Since AYFYPEL was less susceptible to digestion, we focused on the antihypertensive activity in spontaneously hypertensive rats of the main digestion fragments of RYLGY. Interestingly, these peptides showed moderate effects in vivo. This suggests that the undigested fraction could also contribute to the in vivo effects of RYLGY and AYFYPEL, and other minor fragments may also participate.,
2) Currently, the associations between oxidative stress, inflammation, hypertension, and metabolic disturbances and non-communicable diseases are very well known. Since these risk factors show a preventable character, the searching of food peptides acting against them has become a promising strategy for the design and development of new multifunctional foods or nutraceuticals. In the present study, an integrated approach combining an in silico study and in vitro assays was used to confirm the multifunctionality of milk and meat protein-derived peptides that were similar to or shared amino acids with previously described opioid peptides. By the in silico analysis, 15 of the 27 assayed peptides were found to exert two or more activities, with Angiotensin-converting enzyme (ACE) inhibitory, antioxidant, and opioid being the most commonly found. The in vitro study confirmed ACE-inhibitory and antioxidant activities in 15 and 26 of the 27 synthetic peptides, respectively. Four fragments, RYLGYLE, YLGYLE, YFYPEL, and YPWT, also demonstrated the ability to protect Caco-2 and macrophages RAW264.7 cells from the oxidative damage caused by chemicals. The multifunctionality of these peptides makes them promising agents against oxidative stress-associated diseases."	"1) 10.1016/j.idairyj.2013.05.008,
2) 10.3390/foods9080991"
P02662	FYPEL	Alpha-S1-casein	Bos taurus	160-164	Antioxidant		127.5				"1) Resistance of casein-derived bioactive peptides to simulated gastrointestinal digestion,
2) Isolation and characterization of free radical scavenging activities peptides derived from casein,
3) In Silico and In Vitro Analysis of Multifunctionality of Animal Food-Derived Peptides"	"1) Contreras, M. del Mar. et al.,
2) Suetsuna, K. et al.,
3) Amigo, L. et al."	"1) The resistance of six casein-derived peptides, including antihypertensive peptides RYLGY, AYFYPEL and YQKFPQY, to simulated gastrointestinal digestion and the effect on angiotensin-converting enzyme (ACE)-inhibitory activity were evaluated. After digestion, peptides RYLGY, AYFYPEL, and YQKFPQY were partly hydrolysed by the digestive enzymes. RYLGY and AYFYPEL maintained potent ACE-inhibitory activity, with IC50 values as low as 9.3 and 4.7 μg mL−1, respectively. Digestion fragments were sequenced and then synthesised to evaluate their activity. Several showed potent ACE-inhibitory activity, which could explain the in vitro activity of the digests. A notable antioxidant activity was also observed. Since AYFYPEL was less susceptible to digestion, we focused on the antihypertensive activity in spontaneously hypertensive rats of the main digestion fragments of RYLGY. Interestingly, these peptides showed moderate effects in vivo. This suggests that the undigested fraction could also contribute to the in vivo effects of RYLGY and AYFYPEL, and other minor fragments may also participate.,
2) A peptide having the strong free radical scavenging activities was separated from casein protein hydrolysate by chromatographic analyses such as ion-exchange and gel filtration. SP-II fraction obtained by SP-Sephadex C-25 chromatography showed the most potent superoxide anion scavenging activity (SOSA), and it was further separated into a peptide using an octadecylsilano-high performance liquid chromatography. The amino acid sequence of the peptide was Tyr-Phe-Tyr-Pro-Glu-Leu (YFYPEL). The concentration of the test compound required to reduce the produced superoxide anion to one-half (IC50) value for SOSA was 79.2 μM using tetrazolium salt 3′-{1-[(phenylamino)-carbonyl]-3,4-tetrazolium}-bis(4-methoxy-6-nitro)benzenesulfonic acid hydrate method. The IC50 value for the 1,1-diphenyl-2-picrylhydrazyl radical and hydroxyl radical scavenging activities were 98 and 251 μM, respectively, based on the electron spin resonance method. We characterized SOSA of the C-terminal sequence using EL, PEL, YPEL, and FYPEL. The activities of preferred sequences were EL > YFYPEL > FYPEL > YPEL > PEL, suggesting that the Glu-Leu sequence is important for the activity.,
3) Currently, the associations between oxidative stress, inflammation, hypertension, and metabolic disturbances and non-communicable diseases are very well known. Since these risk factors show a preventable character, the searching of food peptides acting against them has become a promising strategy for the design and development of new multifunctional foods or nutraceuticals. In the present study, an integrated approach combining an in silico study and in vitro assays was used to confirm the multifunctionality of milk and meat protein-derived peptides that were similar to or shared amino acids with previously described opioid peptides. By the in silico analysis, 15 of the 27 assayed peptides were found to exert two or more activities, with Angiotensin-converting enzyme (ACE) inhibitory, antioxidant, and opioid being the most commonly found. The in vitro study confirmed ACE-inhibitory and antioxidant activities in 15 and 26 of the 27 synthetic peptides, respectively. Four fragments, RYLGYLE, YLGYLE, YFYPEL, and YPWT, also demonstrated the ability to protect Caco-2 and macrophages RAW264.7 cells from the oxidative damage caused by chemicals. The multifunctionality of these peptides makes them promising agents against oxidative stress-associated diseases."	"1) 10.1016/j.idairyj.2013.05.008,
2) 10.1016/s0955-2863(99)00083-2,
3) 10.3390/foods9080991"
P02662	EL	Alpha-S1-casein	Bos taurus	54-55, 156-157, 163-164	Antioxidant		63.1				Isolation and characterization of free radical scavenging activities peptides derived from casein	Suetsuna, K. et al.	A peptide having the strong free radical scavenging activities was separated from casein protein hydrolysate by chromatographic analyses such as ion-exchange and gel filtration. SP-II fraction obtained by SP-Sephadex C-25 chromatography showed the most potent superoxide anion scavenging activity (SOSA), and it was further separated into a peptide using an octadecylsilano-high performance liquid chromatography. The amino acid sequence of the peptide was Tyr-Phe-Tyr-Pro-Glu-Leu (YFYPEL). The concentration of the test compound required to reduce the produced superoxide anion to one-half (IC50) value for SOSA was 79.2 μM using tetrazolium salt 3′-{1-[(phenylamino)-carbonyl]-3,4-tetrazolium}-bis(4-methoxy-6-nitro)benzenesulfonic acid hydrate method. The IC50 value for the 1,1-diphenyl-2-picrylhydrazyl radical and hydroxyl radical scavenging activities were 98 and 251 μM, respectively, based on the electron spin resonance method. We characterized SOSA of the C-terminal sequence using EL, PEL, YPEL, and FYPEL. The activities of preferred sequences were EL > YFYPEL > FYPEL > YPEL > PEL, suggesting that the Glu-Leu sequence is important for the activity.	10.1016/s0955-2863(99)00083-2
P02662	AYFYPE	Alpha-S1-casein	Bos taurus	158-163	ACE-inhibitory		"1) 260.82,
2) 106.0,
3) 774.36"				"1) Resistance of casein-derived bioactive peptides to simulated gastrointestinal digestion,
2) Antihypertensive Effect of the Peptides Derived from Casein by an Extracellular Proteinase from Lactobacillus helveticus CP790,
3) In Silico and In Vitro Analysis of Multifunctionality of Animal Food-Derived Peptides"	"1) Contreras, M. del Mar. et al.,
2) Yamamoto, N. et al.,
3) Amigo, L. et al."	"1) The resistance of six casein-derived peptides, including antihypertensive peptides RYLGY, AYFYPEL and YQKFPQY, to simulated gastrointestinal digestion and the effect on angiotensin-converting enzyme (ACE)-inhibitory activity were evaluated. After digestion, peptides RYLGY, AYFYPEL, and YQKFPQY were partly hydrolysed by the digestive enzymes. RYLGY and AYFYPEL maintained potent ACE-inhibitory activity, with IC50 values as low as 9.3 and 4.7 μg mL−1, respectively. Digestion fragments were sequenced and then synthesised to evaluate their activity. Several showed potent ACE-inhibitory activity, which could explain the in vitro activity of the digests. A notable antioxidant activity was also observed. Since AYFYPEL was less susceptible to digestion, we focused on the antihypertensive activity in spontaneously hypertensive rats of the main digestion fragments of RYLGY. Interestingly, these peptides showed moderate effects in vivo. This suggests that the undigested fraction could also contribute to the in vivo effects of RYLGY and AYFYPEL, and other minor fragments may also participate.,
2) Peptides derived from alpha s1- and beta-caseins by the Lactobacillus helveticus CP790 proteinase were investigated for their inhibitory activities against angiotensin I-converting enzyme. The antihypertensive effect of casein hydrolysates in strain SHR spontaneously hypertensive rats was also investigated. Both alpha s1- and beta-casein hydrolysates inhibited this enzyme. Some of these peptides showed enzyme inhibitory activity, and one of them from beta-casein inhibited the enzyme greatly; the concentration of an angiotensin I-converting enzyme inhibitor needed to inhibit 50% of the enzyme activity was 4 microM. The hydrolysate of casein demonstrated antihypertensive activity in spontaneously hypertensive rats at an orally administered dosage of 15 mg/kg of body weight. MILK fermented with L. helveticus CP790, containing about .3% peptides, also showed antihypertensive activity in SHR rats with 5 ml/kg of body weight (15 mg of peptide/kg); however, the milk fermented with L. helveticus CP791, a variant defective for proteinase activity, did not show this activity. Results suggested that the peptides liberated from casein by the proteinase in the culture medium showed antihypertensive effect in SHR rats.,
3) Currently, the associations between oxidative stress, inflammation, hypertension, and metabolic disturbances and non-communicable diseases are very well known. Since these risk factors show a preventable character, the searching of food peptides acting against them has become a promising strategy for the design and development of new multifunctional foods or nutraceuticals. In the present study, an integrated approach combining an in silico study and in vitro assays was used to confirm the multifunctionality of milk and meat protein-derived peptides that were similar to or shared amino acids with previously described opioid peptides. By the in silico analysis, 15 of the 27 assayed peptides were found to exert two or more activities, with Angiotensin-converting enzyme (ACE) inhibitory, antioxidant, and opioid being the most commonly found. The in vitro study confirmed ACE-inhibitory and antioxidant activities in 15 and 26 of the 27 synthetic peptides, respectively. Four fragments, RYLGYLE, YLGYLE, YFYPEL, and YPWT, also demonstrated the ability to protect Caco-2 and macrophages RAW264.7 cells from the oxidative damage caused by chemicals. The multifunctionality of these peptides makes them promising agents against oxidative stress-associated diseases."	"1) 10.1016/j.idairyj.2013.05.008,
2) 10.3168/jds.S0022-0302(94)77026-0,
3) 10.3390/foods9080991"
P02662	AYFYPE	Alpha-S1-casein	Bos taurus	158-163	Antioxidant						"1) Resistance of casein-derived bioactive peptides to simulated gastrointestinal digestion,
2) In Silico and In Vitro Analysis of Multifunctionality of Animal Food-Derived Peptides"	"1) Contreras, M. del Mar. et al.,
2) Amigo, L. et al."	"1) The resistance of six casein-derived peptides, including antihypertensive peptides RYLGY, AYFYPEL and YQKFPQY, to simulated gastrointestinal digestion and the effect on angiotensin-converting enzyme (ACE)-inhibitory activity were evaluated. After digestion, peptides RYLGY, AYFYPEL, and YQKFPQY were partly hydrolysed by the digestive enzymes. RYLGY and AYFYPEL maintained potent ACE-inhibitory activity, with IC50 values as low as 9.3 and 4.7 μg mL−1, respectively. Digestion fragments were sequenced and then synthesised to evaluate their activity. Several showed potent ACE-inhibitory activity, which could explain the in vitro activity of the digests. A notable antioxidant activity was also observed. Since AYFYPEL was less susceptible to digestion, we focused on the antihypertensive activity in spontaneously hypertensive rats of the main digestion fragments of RYLGY. Interestingly, these peptides showed moderate effects in vivo. This suggests that the undigested fraction could also contribute to the in vivo effects of RYLGY and AYFYPEL, and other minor fragments may also participate.,
2) Currently, the associations between oxidative stress, inflammation, hypertension, and metabolic disturbances and non-communicable diseases are very well known. Since these risk factors show a preventable character, the searching of food peptides acting against them has become a promising strategy for the design and development of new multifunctional foods or nutraceuticals. In the present study, an integrated approach combining an in silico study and in vitro assays was used to confirm the multifunctionality of milk and meat protein-derived peptides that were similar to or shared amino acids with previously described opioid peptides. By the in silico analysis, 15 of the 27 assayed peptides were found to exert two or more activities, with Angiotensin-converting enzyme (ACE) inhibitory, antioxidant, and opioid being the most commonly found. The in vitro study confirmed ACE-inhibitory and antioxidant activities in 15 and 26 of the 27 synthetic peptides, respectively. Four fragments, RYLGYLE, YLGYLE, YFYPEL, and YPWT, also demonstrated the ability to protect Caco-2 and macrophages RAW264.7 cells from the oxidative damage caused by chemicals. The multifunctionality of these peptides makes them promising agents against oxidative stress-associated diseases."	"1) 10.1016/j.idairyj.2013.05.008,
2) 10.3390/foods9080991"
P02662	YLEQLLR	Alpha-S1-casein	Bos taurus	109-115	Antimicrobial			MIC	B. subtilis - 53.6 E. coli NEB 5α - 241 E. coli ATCC 25922 - 40.2		Virtual screening of a milk peptide database for the identification of food-derived antimicrobial peptides	Liu, Y. et al.	"
Scope

Milk provides a wide range of bioactive substances, such as antimicrobial peptides and proteins. Our study aimed to identify novel antimicrobial peptides naturally present in milk.
Methods and results

The components of an endogenous bovine milk peptide database were virtually screened for charge, amphipathy, and predicted secondary structure. Thus, 23 of 248 screened peptides were identified as candidates for antimicrobial effects. After commercial synthesis, their antimicrobial activities were determined against Escherichia coli NEB5α, E. coli ATCC25922, and Bacillus subtilis ATCC6051. In the tested concentration range (<2 mM), bacteriostatic activity of 14 peptides was detected including nine peptides inhibiting both Gram-positive and Gram-negative bacteria. The most effective fragment was TKLTEEEKNRLNFLKKISQRYQKFΑLPQYLK corresponding to αS2-casein151–181, with minimum inhibitory concentration (MIC) of 4.0 μM against B. subtilis ATCC6051, and minimum inhibitory concentrations of 16.2 μM against both E. coli strains. Circular dichroism spectroscopy revealed conformational changes of most active peptides in a membrane-mimic environment, transitioning from an unordered to α-helical structure.
Conclusion

Screening of food peptide databases by prediction tools is an efficient method to identify novel antimicrobial food-derived peptides. Milk-derived antimicrobial peptides may have potential use as functional food ingredients and help to understand the molecular mechanisms of anti-infective milk effects."	10.1002/mnfr.201500182
P02662	VLNENLLR	Alpha-S1-casein	Bos taurus	30-37	Antimicrobial			"1) MIC,
2) MIC,
3) MIC"	"1) E. coli C. sakazakii L. innocua L. bulgaricus S. mutans,
2) C. sakazakii,
3) C. sakazakii C. muytjensii"		"1) Casein-Derived Antimicrobial Peptides Generated by Lactobacillus acidophilus DPC6026,
2) Production of the antimicrobial peptides Caseicin A and B by Bacillusisolates growing on sodium caseinate,
3) Extensive Manipulation of Caseicins A and B Highlights the Tolerance of These Antimicrobial Peptides to Change"	"1) Hayes, M. et al.,
2) Kent, RM. et al.,
3) Norberg, S. et al."	"1) Three peptides produced by a Lactobacillus acidophilus DPC6026 fermentation of sodium caseinate and showing antibacterial activity against pathogenic strains Enterobacter sakazakii ATCC 12868 and Escherichia coli DPC5063 were characterized. These peptides were all generated from bovine αs1-casein and identified as IKHQGLPQE, VLNENLLR, and SDIPNPIGSENSEK. These peptides may have bioprotective applicability and potential use in milk-based formula, which has been linked to E. sakazakii infection in neonates.,
2) 

Aims: The aim of this study was to identify Bacillus isolates capable of degrading sodium caseinate and subsequently to generate bioactive peptides with antimicrobial activity.

Methods and results: Sodium caseinate (2.5% w/v) was inoculated separately with 16 Bacillus isolates and allowed to ferment overnight. Protein breakdown in the fermentates was analysed using gel permeation-HPLC (GP-HPLC) and screened for peptides (<3-kDa) with MALDI-TOF mass spectrometry. Caseicin A (IKHQGLPQE) and caseicin B (VLNENLLR), two previously characterized antimicrobial peptides, were identified in the fermentates of both Bacillus cereus and Bacillus thuringiensis isolates. The caseicin peptides were subsequently purified by RP-HPLC and antimicrobial assays indicated that the peptides maintained the previously identified inhibitory activity against the infant formula pathogen Cronobacter sakazakii.

Conclusions: We report a new method using Bacillus sp. to generate two previously characterized antimicrobial peptides from casein.

Significance and impact of the study: This study highlights the potential to exploit Bacillus sp. or the enzymes they produce for the generation of bioactive antimicrobial peptides from bovine casein.,
3) Caseicins A and B are low-molecular-weight antimicrobial peptides which are released by proteolytic digestion of sodium caseinate. Caseicin A (IKHQGLPQE) is a nine-amino-acid cationic peptide, and caseicin B (VLNENLLR) is a neutral eight-amino-acid peptide; both have previously been shown to exhibit antibacterial activity against a number of pathogens, including Cronobacter sakazakii. Previously, four variants of each caseicin which differed subtly from their natural counterparts were generated by peptide synthesis. Antimicrobial activity assays revealed that the importance of a number of the residues within the peptides was dependent on the strain being targeted. In this study, this engineering-based approach was expanded through the creation of a larger collection of 26 peptides which are altered in a variety of ways. The investigation highlights the generally greater tolerance of caseicin B to change, the fact that changes have a more detrimental impact on anti-Gram-negative activity, and the surprising number of variants which exhibit enhanced activity against Staphylococcus aureus."	"1) 10.1128/AEM.72.3.2260-2264.2006,
2) 10.1111/j.1472-765X.2012.03271.x,
3) 10.1128/AEM.07312-11"
P02662	TTMPLW	Alpha-S1-casein	Bos taurus	209-214	ACE-inhibitory		"1) 51.0,
2) 12.0,
3) 16.0"				"1) Angiotensin I Converting Enzyme Inhibitory Peptides Derived from Bovine Milk Proteins,
2) Angiotensin-I-converting enzyme inhibitory peptides from tryptic hydrolysate of bovine αS2-casein,
3) Angiotensin I-Converting Enzyme Inhibitory Activity of the C-Terminal Hexapeptide of αs1- Casein"	"1) Pihlanto-Leppala, A. et al.,
2) Tauzin, J. et al.,
3) Maruyama, S. et al."	"1) Milk whey and casein proteins were fermented with different lactic acid starters and digestive enzymes. ACE-inhibition activity was observed only after the digestion of proteins with pepsin and trypsin. Whey proteins resulted in 35–61% inhibition and caseins 86% inhibition under the applied conditions. The hydrolysates having inhibitory activity were fractionated by size exclusion and reversed phase chromatography. Several ACE-inhibitory peptides were purified and identified by amino acid and MS-analysis. The identified peptides were α-la f105–110, β-lg f9–14, f15–20, αs1-cn f142–147, f157–164, f194–199 and β-cn f108–113, f177–183 and 193–198. Among whey hydrolysates peptides with small molecular weight (<1000 Da) were the most active inhibitors. The highest ACE-inhibitory activity was found in the peptides derived from αs1-casein.,
2) Angiotensin-I-converting enzyme (ACE) inhibitory activity of a tryptic digest of bovine αS2-casein (αS2-CN) was extensively investigated. Forty-three peptide peaks were isolated and tested. Seven casokinins (i.e. CN-derived ACE inhibitory peptides) were identified and their IC50 values were determined. Four peptides exhibited an IC50 value lower than 20 μM. Peptides αS2-CN (f174–181) and αS2-CN (f174–179) had IC50 values of 4 μM. Surprisingly, deletion of the C-terminal dipeptide of two of these casokinins did not significantly alter their inhibitory activity,
3) Thr-Thr-Met-Pro-Leu-Trp, the C-terminal hexapeptide of αsl-casein, inhibited the angiotensin I-converting enzyme (I50 = 16 μM). Z-Pro-Leu-Trp also inhibited the enzyme (I50 = 18 μM). The Pro- Leu-Trp sequence may be important for the inhibitory activity of this hexapeptide. Z-Pro-Val-Trp, which contains Val in place of Leu, inhibited the enzyme more potently (I50 =2.9 μM).

The antihypertensive activity of this hexapeptide was also investigated. This peptide, when intravenously administered to anesthetized rats at 31.8 mg/kg, tended to antagonize the rats’ pressor response to angiotensin I."	"1) 10.1016/S0958-6946(98)00048-X,
2) 10.1016/s0014-5793(02)03576-7,
3) 10.1080/00021369.1987.10868415"
P02662	TTMPLW	Alpha-S1-casein	Bos taurus	209-214	Antimicrobial			MIC	E. coli S. aureus M. luteus C. albicans		Antimicrobial activity of antihypertensive food-derived peptides and selected alanine analogues	McClean, S. et al.	This study evaluated four food-derived peptides with known antihypertensive activities for antimicrobial activity against pathogenic microorganisms, and assessed structure–function relationships using alanine analogues. The peptides (EVSLNSGYY, barley; PGTAVFK, soybean; TTMPLW, α-casein; VHLPP, α-zein) and the six alanine substitution peptides of PGTAVFK were synthesised, characterised and evaluated for antimicrobial activity using the bacteria, Escherichia coli, Staphylococcus aureus, and Micrococcus luteus and the yeast, Candida albicans. The peptides TTMPLW and PGTAVFK inhibited growth of all four microorganisms tested, with activities of a similar order of magnitude to ampicillin and ethanol controls. EVSLNSGYY inhibited the growth of the bacteria, but VHLPP showed no antimicrobial activity. The alanine analogue, PGAAVFK showed the highest overall antimicrobial activity and PGTAVFA showed no activity; overall, the activities of the analogues were consistent with their structures. Some peptides with antihypertensive activity also show antimicrobial activity, suggesting that food-derived peptides may exert beneficial effects via a number of mechanisms.	10.1016/j.foodchem.2013.09.094
P02662	SDIPNPIGSENSEK	Alpha-S1-casein	Bos taurus	195-208	Antimicrobial			MIC	L. innocua		Casein-Derived Antimicrobial Peptides Generated by Lactobacillus acidophilus DPC6026	Hayes, M. et al.	Three peptides produced by a Lactobacillus acidophilus DPC6026 fermentation of sodium caseinate and showing antibacterial activity against pathogenic strains Enterobacter sakazakii ATCC 12868 and Escherichia coli DPC5063 were characterized. These peptides were all generated from bovine αs1-casein and identified as IKHQGLPQE, VLNENLLR, and SDIPNPIGSENSEK. These peptides may have bioprotective applicability and potential use in milk-based formula, which has been linked to E. sakazakii infection in neonates.	10.1128/AEM.72.3.2260-2264.2006
P02662	RPKHPIKHQGLPQEVLNENLLRFFVAPFPEVFGKEKV	Alpha-S1-casein	Bos taurus	16-52	Antimicrobial			MIC	B. subtilis - 29 E. coli NEB 5α - 58 E. coli ATCC 25922 - 58		Virtual screening of a milk peptide database for the identification of food-derived antimicrobial peptides	Liu, Y. et al.	"
Scope

Milk provides a wide range of bioactive substances, such as antimicrobial peptides and proteins. Our study aimed to identify novel antimicrobial peptides naturally present in milk.
Methods and results

The components of an endogenous bovine milk peptide database were virtually screened for charge, amphipathy, and predicted secondary structure. Thus, 23 of 248 screened peptides were identified as candidates for antimicrobial effects. After commercial synthesis, their antimicrobial activities were determined against Escherichia coli NEB5α, E. coli ATCC25922, and Bacillus subtilis ATCC6051. In the tested concentration range (<2 mM), bacteriostatic activity of 14 peptides was detected including nine peptides inhibiting both Gram-positive and Gram-negative bacteria. The most effective fragment was TKLTEEEKNRLNFLKKISQRYQKFΑLPQYLK corresponding to αS2-casein151–181, with minimum inhibitory concentration (MIC) of 4.0 μM against B. subtilis ATCC6051, and minimum inhibitory concentrations of 16.2 μM against both E. coli strains. Circular dichroism spectroscopy revealed conformational changes of most active peptides in a membrane-mimic environment, transitioning from an unordered to α-helical structure.
Conclusion

Screening of food peptide databases by prediction tools is an efficient method to identify novel antimicrobial food-derived peptides. Milk-derived antimicrobial peptides may have potential use as functional food ingredients and help to understand the molecular mechanisms of anti-infective milk effects."	10.1002/mnfr.201500182
P02662	RPKHPIKHQGLPQEVLNENLLRFFVAPFPEVFGKEK	Alpha-S1-casein	Bos taurus	16-51	Antimicrobial			MIC	B. subtilis - 59 E. coli NEB 5α - 59 E. coli ATCC 25922 - 59		Virtual screening of a milk peptide database for the identification of food-derived antimicrobial peptides	Liu, Y. et al.	"
Scope

Milk provides a wide range of bioactive substances, such as antimicrobial peptides and proteins. Our study aimed to identify novel antimicrobial peptides naturally present in milk.
Methods and results

The components of an endogenous bovine milk peptide database were virtually screened for charge, amphipathy, and predicted secondary structure. Thus, 23 of 248 screened peptides were identified as candidates for antimicrobial effects. After commercial synthesis, their antimicrobial activities were determined against Escherichia coli NEB5α, E. coli ATCC25922, and Bacillus subtilis ATCC6051. In the tested concentration range (<2 mM), bacteriostatic activity of 14 peptides was detected including nine peptides inhibiting both Gram-positive and Gram-negative bacteria. The most effective fragment was TKLTEEEKNRLNFLKKISQRYQKFΑLPQYLK corresponding to αS2-casein151–181, with minimum inhibitory concentration (MIC) of 4.0 μM against B. subtilis ATCC6051, and minimum inhibitory concentrations of 16.2 μM against both E. coli strains. Circular dichroism spectroscopy revealed conformational changes of most active peptides in a membrane-mimic environment, transitioning from an unordered to α-helical structure.
Conclusion

Screening of food peptide databases by prediction tools is an efficient method to identify novel antimicrobial food-derived peptides. Milk-derived antimicrobial peptides may have potential use as functional food ingredients and help to understand the molecular mechanisms of anti-infective milk effects."	10.1002/mnfr.201500182
P02662	RPKHPIKHQGLPQEVLNENLLRFFVAPFPEVFGK	Alpha-S1-casein	Bos taurus	16-49	Antimicrobial			MIC	B. subtilis - 31.4 E. coli NEB 5α - 31.4 E. coli ATCC 25922 - 31.4		Virtual screening of a milk peptide database for the identification of food-derived antimicrobial peptides	Liu, Y. et al.	"
Scope

Milk provides a wide range of bioactive substances, such as antimicrobial peptides and proteins. Our study aimed to identify novel antimicrobial peptides naturally present in milk.
Methods and results

The components of an endogenous bovine milk peptide database were virtually screened for charge, amphipathy, and predicted secondary structure. Thus, 23 of 248 screened peptides were identified as candidates for antimicrobial effects. After commercial synthesis, their antimicrobial activities were determined against Escherichia coli NEB5α, E. coli ATCC25922, and Bacillus subtilis ATCC6051. In the tested concentration range (<2 mM), bacteriostatic activity of 14 peptides was detected including nine peptides inhibiting both Gram-positive and Gram-negative bacteria. The most effective fragment was TKLTEEEKNRLNFLKKISQRYQKFΑLPQYLK corresponding to αS2-casein151–181, with minimum inhibitory concentration (MIC) of 4.0 μM against B. subtilis ATCC6051, and minimum inhibitory concentrations of 16.2 μM against both E. coli strains. Circular dichroism spectroscopy revealed conformational changes of most active peptides in a membrane-mimic environment, transitioning from an unordered to α-helical structure.
Conclusion

Screening of food peptide databases by prediction tools is an efficient method to identify novel antimicrobial food-derived peptides. Milk-derived antimicrobial peptides may have potential use as functional food ingredients and help to understand the molecular mechanisms of anti-infective milk effects."	10.1002/mnfr.201500182
P02662	RPKHPIKHQGLPQEVLNENLLRFF	Alpha-S1-casein	Bos taurus	16-39	Antimicrobial			MIC	B. subtilis - 23.6 E. coli NEB 5α - 47.2 E. coli ATCC 25922 - 189		Virtual screening of a milk peptide database for the identification of food-derived antimicrobial peptides	Liu, Y. et al.	"
Scope

Milk provides a wide range of bioactive substances, such as antimicrobial peptides and proteins. Our study aimed to identify novel antimicrobial peptides naturally present in milk.
Methods and results

The components of an endogenous bovine milk peptide database were virtually screened for charge, amphipathy, and predicted secondary structure. Thus, 23 of 248 screened peptides were identified as candidates for antimicrobial effects. After commercial synthesis, their antimicrobial activities were determined against Escherichia coli NEB5α, E. coli ATCC25922, and Bacillus subtilis ATCC6051. In the tested concentration range (<2 mM), bacteriostatic activity of 14 peptides was detected including nine peptides inhibiting both Gram-positive and Gram-negative bacteria. The most effective fragment was TKLTEEEKNRLNFLKKISQRYQKFΑLPQYLK corresponding to αS2-casein151–181, with minimum inhibitory concentration (MIC) of 4.0 μM against B. subtilis ATCC6051, and minimum inhibitory concentrations of 16.2 μM against both E. coli strains. Circular dichroism spectroscopy revealed conformational changes of most active peptides in a membrane-mimic environment, transitioning from an unordered to α-helical structure.
Conclusion

Screening of food peptide databases by prediction tools is an efficient method to identify novel antimicrobial food-derived peptides. Milk-derived antimicrobial peptides may have potential use as functional food ingredients and help to understand the molecular mechanisms of anti-infective milk effects."	10.1002/mnfr.201500182
P02662	RPKHPIKHQGLPQEVLNENLLRF	Alpha-S1-casein	Bos taurus	16-38	Antimicrobial	In vivo injection Staphylococcus aureus Streptococcus pyogenes Listeria monocytogenes		MIC	E. coli - 0.2 C. sakazakii - 0.5		"1) Antibacterial and immunostimulating casein-derived substances from milk: Casecidin, isracidin peptides,
2) Antimicrobial activity of two peptides casecidin 15 and 17, found naturally in bovine colostrum"	"1) Lahov, E. et al.,
2) Birkemo, GA. et al."	"1) Apart from immunoglobulin A and G antibodies and plasma cells, milk also contains antibiotic/host protective peptides that are of value not only for maintenance of its nutritional integrity but also for protection of the newborn and, possibly, protection of the lactating mother. Among the first such peptides identified was casecidin; following chymosin digestion of casein at pH 6 or 7, casecidin inhibited in vitro staphylococci, sarcina, Bacillus subtilis, Diplococcus pneumoniae and Streptococcus pyogenes. Inhibition occurred at high concentrations, in vitro, compared with commercial antibiotics, and thus interest in casecidin languished. Work with casecidin was followed by investigation of a related refined non-immunogenic product of chymosin digestion of αs1-casein. This product consisted of the N-terminal segment (1–23) of αs1-casein B, named ‘isracidin’, and was significantly effective in vivo at concentrations that were competitive with known antibiotics, as seen in the protection of mice against lethal infection by Staphylococcus aureus strain Smith. Field trials showed that injection of isracidin into the udder gave protection against mastitis in sheep and cows. Isracidin was both therapeutic and prophylactic and responses to its therapeutic effect produced long-term immune resistance. Isracidin protected mice against Candida albicans, by stimulation of both phagocytosis and immune responses. However, like other recently described milk-derived peptides, despite its clinical value, isracidin was overlooked because of the lack of commercial interest, in the 1970s and early 1980s, in host-mediated non-specific resistance as a therapeutic approach to infection. Another problem that impeded commercial interest was the isomeric variation in isracidin peptides seen on large-scale batch production for commercial use. It is hoped that this review of previous studies of the activity of isracidin action will revive interest in milk as an antibiotic source.,
2) Aims: To isolate and characterize peptides from bovine colostrum with antimicrobial activity.

Methods and Results: Three peptides were purified from fresh colostrum by a range of chromatographic methods using antimicrobial activity against Escherichia coli DH5α to screen for the most active fractions. Two peptides, with antimicrobial activity, casecidin 17 and casecidin 15, were identical to sequences in the C‐terminal of bovine β‐casein (YQEPVLGPVRGPFPIIV and YQEPVLGPVRGPFPI) and had corresponding molecular masses of 1881·00 and 1669·06 Da, respectively. The third peptide was the known peptide isracidin which has a mass of 2763·80 Da and sequence of RPKHPIKHQGLPQEVLNENLLRF. Casecidin 17 and casecidin 15 had identical minimal inhibition concentrations (MICs) against E. coli DPC6053 of 0·4 mg ml−1. Structural modelling suggested amphiphilic structures having identical inhibitory and structural properties. The MIC value of isracidin against E. coli DPC6053 was 0·2 mg ml−1.

Conclusions: This study shows the presence of three antimicrobial peptides in colostrum which may contribute to a bioprotective role to limit pathogen contamination. Furthermore, the discovery of casecidin 17 and 15 may provide the basis for novel antimicrobial peptide design.

Significance and Impact of the Study: This is the first study to characterize peptides with antimicrobial activity present in fresh bovine colostrum."	"1) 10.1016/0278-6915(95)00097-6,
2) 10.1111/j.1365-2672.2008.03996.x"
P02662	RPKHPIKHQGLPQEVLNENLLRF	Alpha-S1-casein	Bos taurus	16-38	Immunomodulatory	Stimulated phagocytosis in mice					Antibacterial and immunostimulating casein-derived substances from milk: Casecidin, isracidin peptides	Lavoh, E. et al.	Apart from immunoglobulin A and G antibodies and plasma cells, milk also contains antibiotic/host protective peptides that are of value not only for maintenance of its nutritional integrity but also for protection of the newborn and, possibly, protection of the lactating mother. Among the first such peptides identified was casecidin; following chymosin digestion of casein at pH 6 or 7, casecidin inhibited in vitro staphylococci, sarcina, Bacillus subtilis, Diplococcus pneumoniae and Streptococcus pyogenes. Inhibition occurred at high concentrations, in vitro, compared with commercial antibiotics, and thus interest in casecidin languished. Work with casecidin was followed by investigation of a related refined non-immunogenic product of chymosin digestion of αs1-casein. This product consisted of the N-terminal segment (1–23) of αs1-casein B, named ‘isracidin’, and was significantly effective in vivo at concentrations that were competitive with known antibiotics, as seen in the protection of mice against lethal infection by Staphylococcus aureus strain Smith. Field trials showed that injection of isracidin into the udder gave protection against mastitis in sheep and cows. Isracidin was both therapeutic and prophylactic and responses to its therapeutic effect produced long-term immune resistance. Isracidin protected mice against Candida albicans, by stimulation of both phagocytosis and immune responses. However, like other recently described milk-derived peptides, despite its clinical value, isracidin was overlooked because of the lack of commercial interest, in the 1970s and early 1980s, in host-mediated non-specific resistance as a therapeutic approach to infection. Another problem that impeded commercial interest was the isomeric variation in isracidin peptides seen on large-scale batch production for commercial use. It is hoped that this review of previous studies of the activity of isracidin action will revive interest in milk as an antibiotic source.	10.1016/0278-6915(95)00097-6
P02662	RPKHPIK	Alpha-S1-casein	Bos taurus	16-22	Antimicrobial						Antibacterial Activities of Peptides from the Water-Soluble Extracts of Italian Cheese Varieties	Rizzello, CG. et al.	Water-soluble extracts of 9 Italian cheese varieties that differed mainly for type of cheese milk, starter, technology, and time of ripening were fractionated by reversed-phase fast protein liquid chromatography, and the antimicrobial activity of each fraction was first assayed toward Lactobacillus sakei A15 by well-diffusion assay. Active fractions were further analyzed by HPLC coupled to electrospray ionization-ion trap mass spectrometry, and peptide sequences were identified by comparison with a proteomic database. Parmigiano Reggiano, Fossa, and Gorgonzola water-soluble extracts did not show antibacterial peptides. Fractions of Pecorino Romano, Canestrato Pugliese, Crescenza, and Caprino del Piemonte contained a mixture of peptides with a high degree of homology. Pasta filata cheeses (Caciocavallo and Mozzarella) also had antibacterial peptides. Peptides showed high levels of homology with N-terminal, C-terminal, or whole fragments of well known antimicrobial or multifunctional peptides reported in the literature: αS1-casokinin (e.g., sheep αS1-casein (CN) f22–30 of Pecorino Romano and cow αS1-CN f24–33 of Canestrato Pugliese); isracidin (e.g., sheep αS1-CN f10–21 of Pecorino Romano); kappacin and casoplatelin (e.g., cow κ-CN f106–115 of Canestrato Pugliese and Crescenza); and β-casomorphin-11 (e.g., goat β-CN f60–68 of Caprino del Piemonte). As shown by the broth microdilution technique, most of the water-soluble fractions had a large spectrum of inhibition (minimal inhibitory concentration of 20 to 200 μg/mL) toward gram-positive and gram-negative bacterial species, including potentially pathogenic bacteria of clinical interest. Cheeses manufactured from different types of cheese milk (cow, sheep, and goat) have the potential to generate similar peptides with antimicrobial activity.	10.3168/jds.S0022-0302(05)72913-1
P02662	LRLKKYKVPQL	Alpha-S1-casein	Bos taurus	114-124	Antimicrobial			"1) MIC,
3) MIC"	"1)  B. subtilis L. innocua L. monocytogenes C. freundii E. coli S. enteritidis S. typhmirium,
3)  E. coli S. pullorum S enterica S. aureus L. monocytogenes"		"1) Isolation and characterisation of a novel antibacterial peptide from bovine αS1-casein,
2) An antimicrobial peptide screened from casein hydrolyzate bySaccharomyces cerevisiae cell membrane affinity method,
3) Broad-Spectrum Antimicrobial Activity and Low Cytotoxicity against Human Cells of a Peptide Derived from Bovine αS1-Casein"	"1) McCann, KB. et al.,
2) Tang, W. et al.,
3) Hou, J. et al."	"1) Bovine casein was hydrolysed with a range of proteolytic enzymes including pepsin, trypsin, α-chymotrypsin and β-chymotrypsin, and assessed for antibacterial activity. The pepsin digest of bovine casein, which showed antibacterial activity, was fractionated using reverse phase high performance liquid chromatography and the antibacterial peptides isolated were characterised using electrospray ionisation mass spectrometry. Two antibacterial peptides were identified, a novel peptide (Cp1) which corresponded to residues 99–109 of bovine αS1-casein and a previously reported peptide (Cp2) which corresponded to residues 183–207 of bovine αS2-casein. The minimum inhibitory concentration (MIC) of Cp1 and Cp2 were determined against a range of bacterial cultures. Cp1 exhibited an MIC of 125 μg mL−1 against all Gram-positive bacteria tested, and MIC ranging between 125 and >1000 μg mL−1 against the Gram-negative bacteria tested. Cp2 was generally far more potent against the Gram-positive bacteria, exhibiting an MIC of 21 μg mL−1, compared to MICs ranging from 332 to >664 μg mL−1 against most of the Gram-negative bacteria tested.,
2) A Saccharomyces cerevisiae cell membrane affinity screening method was developed to separate targeted antimicrobial peptides from the pepsin hydrolyzate of bovine casein. S. cerevisiae cell membranes were first immobilized on the surface of the silica gel to construct an affinity binding medium. A membrane-binding fraction was successfully screened by comparing the RP-HPLC fingerprint chromatograms of the hydrolyzate before and after adsorption with the adsorption medium. The amino acid sequence of the peptide was identified as LRLKKYKVPQL with the use of a matrix-assisted laser desorption/ionisation quadrupole time-of-flight tandem mass spectrometer. The sequence corresponded to amino acid residues 99–109 of bovine αS1-casein. The results indicated that it is feasible to target screen antimicrobial peptides from protein hydrolyzate using S. cerevisiae cell membranes. The influences of thermal treatment, pH, ions, and enzymes on the activity of the purified peptide were also determined. The activity of the peptide was relatively thermally stable and was pH dependent. It retained more than 90% of its activity in the presence of 15% Na+, K+ and pepsin. Trypsin, proteinase K, divalent cation Mg2+ and Ca2+ reduced the activity to different extents. The peptide also showed antibacterial effectiveness in fresh pear juice. These observations provide further information on the application of protein-derived antimicrobial peptides in food systems.,
3) The primary objective of this study was to improve our understanding of the antimicrobial mechanism of protein-derived peptides and to provide evidence for protein-derived peptides as food bio-preservatives by examining the antimicrobial activities, low cytotoxicity, stabilities, and mechanism of Cp1 (LRLKKYKVPQL). In this study, the protein-derived peptide Cp1 was synthesized from bovine αS1-casein, and its potential use as a food biopreservative was indicated by the higher cell selectivity shown by 11-residue peptide towards bacterial cells than human RBCs. It also showed broad-spectrum antimicrobial activity, with minimum inhibitory concentrations (MICs) of 64–640 μM against both gram-positive and gram-negative bacteria. The peptide had low hemolytic activity (23.54%, 512 μM) as well as cytotoxicity. The results of fluorescence spectroscopy, flow cytometry, and electron microscopy experiments indicated that Cp1 exerted its activity by permeabilizing the microbial membrane and destroying cell membrane integrity. We found that Cp1 had broad-spectrum antimicrobial activity, low hemolytic activity, and cytotoxicity. The results also revealed that Cp1 could cause cell death by permeabilizing the cell membrane and disrupting membrane integrity. Overall, the findings presented in this study improve our understanding of the antimicrobial potency of Cp1 and provided evidence of the antimicrobial mechanisms of Cp1. The peptide Cp1 could have potential applications as a food biopreservative."	"1) 10.1016/j.idairyj.2005.05.005,
2) 10.1016/j.foodcont.2014.09.030,
3) 10.3390/molecules23051220"
P02662	LGYLEQLLRL	Alpha-S1-casein	Bos taurus	107-116	Antimicrobial			MIC	 B. subtilis - NA E. coli NEB 5α - NA E. coli ATCC 25922 - 1356		Virtual screening of a milk peptide database for the identification of food-derived antimicrobial peptides	Liu, Y. et al.	"
Scope

Milk provides a wide range of bioactive substances, such as antimicrobial peptides and proteins. Our study aimed to identify novel antimicrobial peptides naturally present in milk.
Methods and results

The components of an endogenous bovine milk peptide database were virtually screened for charge, amphipathy, and predicted secondary structure. Thus, 23 of 248 screened peptides were identified as candidates for antimicrobial effects. After commercial synthesis, their antimicrobial activities were determined against Escherichia coli NEB5α, E. coli ATCC25922, and Bacillus subtilis ATCC6051. In the tested concentration range (<2 mM), bacteriostatic activity of 14 peptides was detected including nine peptides inhibiting both Gram-positive and Gram-negative bacteria. The most effective fragment was TKLTEEEKNRLNFLKKISQRYQKFΑLPQYLK corresponding to αS2-casein151–181, with minimum inhibitory concentration (MIC) of 4.0 μM against B. subtilis ATCC6051, and minimum inhibitory concentrations of 16.2 μM against both E. coli strains. Circular dichroism spectroscopy revealed conformational changes of most active peptides in a membrane-mimic environment, transitioning from an unordered to α-helical structure.
Conclusion

Screening of food peptide databases by prediction tools is an efficient method to identify novel antimicrobial food-derived peptides. Milk-derived antimicrobial peptides may have potential use as functional food ingredients and help to understand the molecular mechanisms of anti-infective milk effects."	10.1002/mnfr.201500182
P02662	LEQLLRLKKY	Alpha-S1-casein	Bos taurus	110-119	Antimicrobial			MIC	 B. subtilis - 1266 E. coli NEB 5α - NA E. coli ATCC 25922 - 633		Virtual screening of a milk peptide database for the identification of food-derived antimicrobial peptides	Liu, Y. et al.	"
Scope

Milk provides a wide range of bioactive substances, such as antimicrobial peptides and proteins. Our study aimed to identify novel antimicrobial peptides naturally present in milk.
Methods and results

The components of an endogenous bovine milk peptide database were virtually screened for charge, amphipathy, and predicted secondary structure. Thus, 23 of 248 screened peptides were identified as candidates for antimicrobial effects. After commercial synthesis, their antimicrobial activities were determined against Escherichia coli NEB5α, E. coli ATCC25922, and Bacillus subtilis ATCC6051. In the tested concentration range (<2 mM), bacteriostatic activity of 14 peptides was detected including nine peptides inhibiting both Gram-positive and Gram-negative bacteria. The most effective fragment was TKLTEEEKNRLNFLKKISQRYQKFΑLPQYLK corresponding to αS2-casein151–181, with minimum inhibitory concentration (MIC) of 4.0 μM against B. subtilis ATCC6051, and minimum inhibitory concentrations of 16.2 μM against both E. coli strains. Circular dichroism spectroscopy revealed conformational changes of most active peptides in a membrane-mimic environment, transitioning from an unordered to α-helical structure.
Conclusion

Screening of food peptide databases by prediction tools is an efficient method to identify novel antimicrobial food-derived peptides. Milk-derived antimicrobial peptides may have potential use as functional food ingredients and help to understand the molecular mechanisms of anti-infective milk effects."	10.1002/mnfr.201500182
P02662	IKHQGLPQEV	Alpha-S1-casein	Bos taurus	21-30	Antimicrobial			MIC	 E. coli B. subtilis		Identification of novel antibacterial peptides isolated from a commercially available casein hydrolysate by autofocusing technique	Elbarbary, H. et al.	Autofocusing, as a simple and safe technique, was used to fractionate casein hydrolysate based on the amphoteric nature of its peptides. The antibacterial activity of casein hydrolysate and its autofocusing fractions (A1–10) was examined against Escherichia coli and Bacillus subtilis. The basic fraction A9 exhibited the highest activity with minimum inhibitory concentration (MIC) of 150 μg/mL, whereas casein hydrolysate showed MIC values ranging from 2000 to 8000 μg/mL. The antibacterial peptides in A9 were purified by using a series of size exclusion and reversed phase chromatographies. Three peptides exhibited the most potent antibacterial activity with MIC values ranging from 12.5 to 100 μg/mL. These peptides were generated from αs2-casein, αs1-casein, and κ-casein and identified as K165KISQRYQKFALPQYLKTVYQHQK188, I6KHQGLPQEV15, and T136EAVESTVATL146, respectively. Therefore, the results revealed that casein hydrolysate had potent antibacterial peptides that could be isolated by autofocusing technique. © 2012 International Union of Biochemistry and Molecular Biology, Inc.	10.1002/biof.1023
P02662	IKHQGLPQE	Alpha-S1-casein	Bos taurus	21-29	Antimicrobial			"1) MIC,
2) MIC,
3) MIC"	"1)  E. coli C. sakazakii L. innocua L. bulgaricus S. mutans,
2)  C. sakazakii,
3)  C. sakazakii C. muytjensii"		"1) Casein-Derived Antimicrobial Peptides Generated by Lactobacillus acidophilus DPC6026,
2) Production of the antimicrobial peptides Caseicin A and B by Bacillusisolates growing on sodium caseinate,
3) Extensive Manipulation of Caseins A and B Highlights the Tolerance of These Antimicrobial Peptides to Change"	"1) Hayes, M. et al.,
2) Kent, RM. et al.,
3) Norberg, S. et al."	"1) Three peptides produced by a Lactobacillus acidophilus DPC6026 fermentation of sodium caseinate and showing antibacterial activity against pathogenic strains Enterobacter sakazakii ATCC 12868 and Escherichia coli DPC5063 were characterized. These peptides were all generated from bovine αs1-casein and identified as IKHQGLPQE, VLNENLLR, and SDIPNPIGSENSEK. These peptides may have bioprotective applicability and potential use in milk-based formula, which has been linked to E. sakazakii infection in neonates.,
2) 

Aims: The aim of this study was to identify Bacillus isolates capable of degrading sodium caseinate and subsequently to generate bioactive peptides with antimicrobial activity.

Methods and results: Sodium caseinate (2.5% w/v) was inoculated separately with 16 Bacillus isolates and allowed to ferment overnight. Protein breakdown in the fermentates was analysed using gel permeation-HPLC (GP-HPLC) and screened for peptides (<3-kDa) with MALDI-TOF mass spectrometry. Caseicin A (IKHQGLPQE) and caseicin B (VLNENLLR), two previously characterized antimicrobial peptides, were identified in the fermentates of both Bacillus cereus and Bacillus thuringiensis isolates. The caseicin peptides were subsequently purified by RP-HPLC and antimicrobial assays indicated that the peptides maintained the previously identified inhibitory activity against the infant formula pathogen Cronobacter sakazakii.

Conclusions: We report a new method using Bacillus sp. to generate two previously characterized antimicrobial peptides from casein.

Significance and impact of the study: This study highlights the potential to exploit Bacillus sp. or the enzymes they produce for the generation of bioactive antimicrobial peptides from bovine casein.,
3) Caseicins A and B are low-molecular-weight antimicrobial peptides which are released by proteolytic digestion of sodium caseinate. Caseicin A (IKHQGLPQE) is a nine-amino-acid cationic peptide, and caseicin B (VLNENLLR) is a neutral eight-amino-acid peptide; both have previously been shown to exhibit antibacterial activity against a number of pathogens, including Cronobacter sakazakii. Previously, four variants of each caseicin which differed subtly from their natural counterparts were generated by peptide synthesis. Antimicrobial activity assays revealed that the importance of a number of the residues within the peptides was dependent on the strain being targeted. In this study, this engineering-based approach was expanded through the creation of a larger collection of 26 peptides which are altered in a variety of ways. The investigation highlights the generally greater tolerance of caseicin B to change, the fact that changes have a more detrimental impact on anti-Gram-negative activity, and the surprising number of variants which exhibit enhanced activity against Staphylococcus aureus."	"1) 10.1128/AEM.72.3.2260-2264.2006,
2) 10.1111/j.1472-765X.2012.03271.x,
3) 10.1128/AEM.07312-11"
P02662	HIQKEDVPSERYLGYLEQLLRLKKYK	Alpha-S1-casein	Bos taurus	95-120	Antimicrobial			MIC	 B. subtilis - 42.4 E. coli NEB 5α - 169 E. coli ATCC 25922 - NA		Virtual screening of a milk peptide database for the identification of food-derived antimicrobial peptides	Liu, Y. et al.	"
Scope

Milk provides a wide range of bioactive substances, such as antimicrobial peptides and proteins. Our study aimed to identify novel antimicrobial peptides naturally present in milk.
Methods and results

The components of an endogenous bovine milk peptide database were virtually screened for charge, amphipathy, and predicted secondary structure. Thus, 23 of 248 screened peptides were identified as candidates for antimicrobial effects. After commercial synthesis, their antimicrobial activities were determined against Escherichia coli NEB5α, E. coli ATCC25922, and Bacillus subtilis ATCC6051. In the tested concentration range (<2 mM), bacteriostatic activity of 14 peptides was detected including nine peptides inhibiting both Gram-positive and Gram-negative bacteria. The most effective fragment was TKLTEEEKNRLNFLKKISQRYQKFΑLPQYLK corresponding to αS2-casein151–181, with minimum inhibitory concentration (MIC) of 4.0 μM against B. subtilis ATCC6051, and minimum inhibitory concentrations of 16.2 μM against both E. coli strains. Circular dichroism spectroscopy revealed conformational changes of most active peptides in a membrane-mimic environment, transitioning from an unordered to α-helical structure.
Conclusion

Screening of food peptide databases by prediction tools is an efficient method to identify novel antimicrobial food-derived peptides. Milk-derived antimicrobial peptides may have potential use as functional food ingredients and help to understand the molecular mechanisms of anti-infective milk effects."	10.1002/mnfr.201500182
P02662	HIQKEDVPSERYLGYLEQLLRLKK	Alpha-S1-casein	Bos taurus	95-118	Antimicrobial			MIC	 B. subtilis - 186 E. coli NEB 5α - NA E. coli ATCC 25922 - NA		Virtual screening of a milk peptide database for the identification of food-derived antimicrobial peptides	Liu, Y. et al.	"
Scope

Milk provides a wide range of bioactive substances, such as antimicrobial peptides and proteins. Our study aimed to identify novel antimicrobial peptides naturally present in milk.
Methods and results

The components of an endogenous bovine milk peptide database were virtually screened for charge, amphipathy, and predicted secondary structure. Thus, 23 of 248 screened peptides were identified as candidates for antimicrobial effects. After commercial synthesis, their antimicrobial activities were determined against Escherichia coli NEB5α, E. coli ATCC25922, and Bacillus subtilis ATCC6051. In the tested concentration range (<2 mM), bacteriostatic activity of 14 peptides was detected including nine peptides inhibiting both Gram-positive and Gram-negative bacteria. The most effective fragment was TKLTEEEKNRLNFLKKISQRYQKFΑLPQYLK corresponding to αS2-casein151–181, with minimum inhibitory concentration (MIC) of 4.0 μM against B. subtilis ATCC6051, and minimum inhibitory concentrations of 16.2 μM against both E. coli strains. Circular dichroism spectroscopy revealed conformational changes of most active peptides in a membrane-mimic environment, transitioning from an unordered to α-helical structure.
Conclusion

Screening of food peptide databases by prediction tools is an efficient method to identify novel antimicrobial food-derived peptides. Milk-derived antimicrobial peptides may have potential use as functional food ingredients and help to understand the molecular mechanisms of anti-infective milk effects."	10.1002/mnfr.201500182
P02662	HIQKEDVPSERYLGYLEQLLRLK	Alpha-S1-casein	Bos taurus	95-117	Antimicrobial			MIC	 B. subtilis - 292 E. coli NEB 5α - 292 E. coli ATCC 25922 - 584		Virtual screening of a milk peptide database for the identification of food-derived antimicrobial peptides	Liu, Y. et al.	"
Scope

Milk provides a wide range of bioactive substances, such as antimicrobial peptides and proteins. Our study aimed to identify novel antimicrobial peptides naturally present in milk.
Methods and results

The components of an endogenous bovine milk peptide database were virtually screened for charge, amphipathy, and predicted secondary structure. Thus, 23 of 248 screened peptides were identified as candidates for antimicrobial effects. After commercial synthesis, their antimicrobial activities were determined against Escherichia coli NEB5α, E. coli ATCC25922, and Bacillus subtilis ATCC6051. In the tested concentration range (<2 mM), bacteriostatic activity of 14 peptides was detected including nine peptides inhibiting both Gram-positive and Gram-negative bacteria. The most effective fragment was TKLTEEEKNRLNFLKKISQRYQKFΑLPQYLK corresponding to αS2-casein151–181, with minimum inhibitory concentration (MIC) of 4.0 μM against B. subtilis ATCC6051, and minimum inhibitory concentrations of 16.2 μM against both E. coli strains. Circular dichroism spectroscopy revealed conformational changes of most active peptides in a membrane-mimic environment, transitioning from an unordered to α-helical structure.
Conclusion

Screening of food peptide databases by prediction tools is an efficient method to identify novel antimicrobial food-derived peptides. Milk-derived antimicrobial peptides may have potential use as functional food ingredients and help to understand the molecular mechanisms of anti-infective milk effects."	10.1002/mnfr.201500182
P02662	YK	Alpha-S1-casein	Bos taurus	119-120	Anticancer	Cytotoxic for leukemic T and B cells					Isolation and characterization of cytotoxic small peptides, α-casecidins, from bovine αs1-casein digested with bovine trypsin	Otani, H. et al.	Cytotoxic peptides were isolated from a trypsin digest of bovine αs1-casein by a combination of ion-exchange column chromatography and reversed-phase high-performance liquid chromatography as an indicator of cytotoxicity toward mouse spleen cells. Amino acids of the isolated peptides were sequenced as arginyl-proly-lysine, leucyl-lysyl-lysine and tyrosyl-lysine, being compatible with sequences 1–3, 101–103 and 104–105 of bovine αs1-casein, respectively. The isolated peptides displayed cytotoxicity toward healthy mouse T and B cells and human leukemic T and B cell lines in a commercially available serum-free medium for lymphocytes, Celgrosser-P, and were named α-casecidins. Similar cytotoxicity was confirmed in chemically synthesized peptides corresponding to sequences 1–3, 101–103 and 100–105 of bovine αs1-casein. The cytotoxicity induced by α-casecidins was concluded to be because of necrosis, and was diminished in the presence of bovine serum albumin.	10.1046/j.1344-3941.2003.00135.x
P02662	RYLGYLE	Alpha-S1-casein	Bos taurus	105-111	Anticancer	decreased breastcancer cell proliferation					Antiproliferative and receptor binding properties of α- and β-casomorphins in the T47D human breast cancer cell line	Hatzoglou, A. et al.	In previous studies, we have shown that opioid agonists ([d-Ala2,d-Leu5]enkephalin (DADLE), [d-Ser2,Leu5]enkephalin-Thr6 (DSLET), ethylketocyclazocine and etorphine) bind to opioid binding sites and decrease cell proliferation of human T47D breast cancer cells. Furthermore, we provided evidence about a cross-reaction, also in the T47D human breast cancer cell line, of μ-acting opioids with type-II somatostatin receptors. Since a potential source of opioid activity in the breast might be casomorphin peptides (produced by the enzymatic degradation of α-casein and β-casein), we investigated the antiproliferative action of five different casomorphin peptides: α-casein-(90–95), α-casein-(90–96), β-casomorphin, β-casomorphin-(1–5) and morphiceptin. We show that all five peptides decreased, in a dose-dependent manner, cell proliferation. The general antagonist diprenorphine produced only a partial reversal of their action. Furthermore, we provide evidence that all peptides (except for morphiceptin) bind to δ- and κ-opioid binding sites of T47D cells with different selectivity. Finally, we show that these peptides are also partial competitors at the somatostatin receptors present in the same cell line.	10.1016/0014-2999(96)00339-1
P02662	RYLGYLE	Alpha-S1-casein	Bos taurus	105-111	Antioxidant						In Silico and In Vitro Analysis of Multifunctionality of Animal Food-Derived Peptides	Amigo, L. et al.	Currently, the associations between oxidative stress, inflammation, hypertension, and metabolic disturbances and non-communicable diseases are very well known. Since these risk factors show a preventable character, the searching of food peptides acting against them has become a promising strategy for the design and development of new multifunctional foods or nutraceuticals. In the present study, an integrated approach combining an in silico study and in vitro assays was used to confirm the multifunctionality of milk and meat protein-derived peptides that were similar to or shared amino acids with previously described opioid peptides. By the in silico analysis, 15 of the 27 assayed peptides were found to exert two or more activities, with Angiotensin-converting enzyme (ACE) inhibitory, antioxidant, and opioid being the most commonly found. The in vitro study confirmed ACE-inhibitory and antioxidant activities in 15 and 26 of the 27 synthetic peptides, respectively. Four fragments, RYLGYLE, YLGYLE, YFYPEL, and YPWT, also demonstrated the ability to protect Caco-2 and macrophages RAW264.7 cells from the oxidative damage caused by chemicals. The multifunctionality of these peptides makes them promising agents against oxidative stress-associated diseases.	10.3390/foods9080991
P02662	RPK	Alpha-S1-casein	Bos taurus	16-18	ACE-inhibitory		91.8				Bioactive Peptides in Ovine and Caprine Cheeselike Systems Prepared with Proteases from Cynara cardunculus	Silva, SV. et al.	The potential angiotensin-converting enzyme (ACE)–inhibitory and antioxidant activities of peptides in water-soluble extracts, obtained from raw and sterilized ovine and caprine cheeselike systems coagulated with enzymes from the plant Cynara cardunculus, were assessed. Prior to the assay, the 3,000-Da permeate from 45-d-old cheeselike systems was fractionated by tandem chromatographic techniques. Several peaks were obtained in each chromatogram, but only some were associated with ACE-inhibitory or antioxidant activity or both. Peptides Tyr-Gln-Glu-Pro, Val-Pro-Lys-Val-Lys, and Tyr-Gln-Glu-Pro-Val-Leu-Gly-Pro-* from β-casein, as well as Arg-Pro-Lys and Arg-Pro-Lys-His-Pro-Ile-Lys-His-* from αs1-casein exhibited ACE-inhibitory activity. Peptides released upon cleavage of the peptide bond Leu190-Tyr191 (either in ovine or caprine β-casein), and corresponding to the β-casein sequence Tyr-Gln-Glu-Pro-*, possessed antioxidant activity.	10.3168/jds.S0022-0302(06)72370-0
P02662	RPK	Alpha-S1-casein	Bos taurus	16-18	Anticancer	Cytotoxic for leukemic T and B cells					Isolation and characterization of cytotoxic small peptides, α-casecidins, from bovine αs1-casein digested with bovine trypsin	Otani, H. et al.	Cytotoxic peptides were isolated from a trypsin digest of bovine αs1-casein by a combination of ion-exchange column chromatography and reversed-phase high-performance liquid chromatography as an indicator of cytotoxicity toward mouse spleen cells. Amino acids of the isolated peptides were sequenced as arginyl-proly-lysine, leucyl-lysyl-lysine and tyrosyl-lysine, being compatible with sequences 1–3, 101–103 and 104–105 of bovine αs1-casein, respectively. The isolated peptides displayed cytotoxicity toward healthy mouse T and B cells and human leukemic T and B cell lines in a commercially available serum-free medium for lymphocytes, Celgrosser-P, and were named α-casecidins. Similar cytotoxicity was confirmed in chemically synthesized peptides corresponding to sequences 1–3, 101–103 and 100–105 of bovine αs1-casein. The cytotoxicity induced by α-casecidins was concluded to be because of necrosis, and was diminished in the presence of bovine serum albumin.	10.1046/j.1344-3941.2003.00135.x
P02662	LKK	Alpha-S1-casein	Bos taurus	116-118	Anticancer	Cytotoxic for leukemic T and B cells					Isolation and characterization of cytotoxic small peptides, α-casecidins, from bovine αs1-casein digested with bovine trypsin	Otani, H. et al.	Cytotoxic peptides were isolated from a trypsin digest of bovine αs1-casein by a combination of ion-exchange column chromatography and reversed-phase high-performance liquid chromatography as an indicator of cytotoxicity toward mouse spleen cells. Amino acids of the isolated peptides were sequenced as arginyl-proly-lysine, leucyl-lysyl-lysine and tyrosyl-lysine, being compatible with sequences 1–3, 101–103 and 104–105 of bovine αs1-casein, respectively. The isolated peptides displayed cytotoxicity toward healthy mouse T and B cells and human leukemic T and B cell lines in a commercially available serum-free medium for lymphocytes, Celgrosser-P, and were named α-casecidins. Similar cytotoxicity was confirmed in chemically synthesized peptides corresponding to sequences 1–3, 101–103 and 100–105 of bovine αs1-casein. The cytotoxicity induced by α-casecidins was concluded to be because of necrosis, and was diminished in the presence of bovine serum albumin.	10.1046/j.1344-3941.2003.00135.x
P02662	YY	Alpha-S1-casein	Bos taurus	180-181	ACE-inhibitory		9.0				Characterization of New Milk-derived Inhibitors of Angiotensin Converting Enzyme In Vitro and In Vivo	Fuglsang, A. et al.	inhibition of angiotensin converting enzyme (ACE) has been observed with a variety of different peptides, and peptide fragments with inhibitory capabilities have been identified within many different proteins, including milk proteins. The purpose of this study therefore was to identify new short peptides with inhibitory properties from the primary structure of milk proteins and to characterize them in vitro and in vivo, since no milk derived ACE inhibitors have previously been evaluated for their ability to inhibit ACE in vivo. In vitro, 8 of 9 dipeptides were found to be competitive inhibitors of ACE. The IC50 was significantly lower when an angiotensin I-like substrate was used, than when a bradykinin-like substrate was used. Using three different in vivo models for ACE inhibition, a very moderate effect was observed for three of the new peptides, but only for up to 6 or 12 minutes. Nothing was observed with two reference compounds that are reported to be hypotensive ACE-inhibitors derived from milk proteins. This raises the question whether the mechanism of hypotensive action is straightforward inhibition of ACE in vivo.	10.1080/1475636031000138723
P02662	YL	Alpha-S1-casein	Bos taurus	106-107, 109-110	ACE-inhibitory		122.1				Synthetic Peptides Corresponding to α-Lactalbumin and β-Lactoglobulin Sequences with Angiotensin-l-Converting Enzyme Inhibitory Activity	Mullally, M. et al.	Novel  angiotensin-l-converting  enzyme  (ACE) inhib-itory  activities  were  detected  in  synthetic  peptidescorresponding  to  sequences  of  ß-lactoglobulin and-lactalbumin and which are known  to possess opioidactivity.  Using  hippuryl-histidyl-leucine  as  substrate,the  tetrapeptides  ß-lactorphin  (Tyr-Leu-Leu-Phe),  a-lactorphin  (Tyr-Gly-Leu-Phe)  and  ß-lactotensin  (His-Ile-Arg-Leu) were shown to  have  IC50 values of  171.8,733.3 and 1153.2        , respectively. Related dipeptidesalso  inhibited ACE, with  Tyr-Leu  being  the  most  po-tent, having an IC50 value  of 122.1  	10.1515/bchm3.1996.377.4.259
P02662	YKVPQL	Alpha-S1-casein	Bos taurus	119-124	ACE-inhibitory		22.0				Identification of an Antihypertensive Peptide from Casein Hydrolysate Produced by a Proteinase from Lactobacillus helveticus CP790	Maeno, M. et al.	Casein hydrolysate, produced by an extracellular proteinase from Lactobacillus helveticus CP790, was fractionated by two-step reverse-phase HPLC. Only one fraction showed antihypertensive activity as measured by systolic blood pressure in spontaneously hypertensive rats after oral administration. Ten peptides in the fraction were further purified and identified by analysis of amino acid sequences. Each identified peptide was chemically synthesized, and the antihypertensive activity of each peptide was evaluated in spontaneously hypertensive rats. The synthetic peptide with a sequence of Lys-Val-Leu-Pro-Val-Pro-Gln, found in beta-casein, indicated strong antihypertensive activity from 2 to 10 h after oral administration of 2 mg of peptide/kg of BW, and the effect was maximal at 6 h after oral administration (-31.5 +/- 5.6 mm Hg). Moreover, the antihypertensive effect of the peptide was dependent on the dosage of peptide from 0.5 to 2 mg of peptide/kg of BW. Interestingly, the antihypertensive peptide showed lower inhibitory activity of angiotensin I-converting enzyme, but the activity was increased after pancreatin digestion.	10.3168/jds.S0022-0302(96)76487-1
P02662	TTMP	Alpha-S1-casein	Bos taurus	209-212	ACE-inhibitory		51.0				Casein Fermentate of Lactobacillus animalisDPC6134 Contains a Range of Novel Propeptide Angiotensin-Converting Enzyme Inhibitors	Hayes, M. et al.	This work evaluated the angiotensin-converting-enzyme (ACE)-inhibitory activities of a bovine sodium caseinate fermentate generated using the proteolytic capabilities of the porcine small intestinal isolate Lactobacillus animalis DPC6134 (NCIMB deposit 41355). The crude 10-kDa L. animalis DPC6134 fermentate exhibited ACE-inhibitory activity of 85.51% (±15%) and had a 50% inhibitory concentration (IC50) of 0.8 mg protein/ml compared to captopril, which had an IC50 value of 0.005 mg/ml. Fractionation of the crude L. animalis DPC6134 fermentate by membrane filtration and reversed-phase high-performance liquid chromatography (HPLC) generated three bioactive fractions from a total of 72 fractions. Fractions 10, 19, and 43 displayed ACE-inhibitory activity percentages of 67.53 (±15), 83.71 (±19), and 42.36 (±11), respectively, where ACE inhibition was determined with 80 μl of the fractions with protein concentrations of 0.5 mg/ml. HPLC and mass spectrometry analysis identified 25 distinct peptide sequences derived from α-, β-, and κ-caseins. In silico predictions, based on the C-terminal tetrapeptide sequences, suggested that peptide NIPPLTQTPVVVPPFIQ, corresponding to β-casein f(73-89); peptide IGSENSEKTTMP, corresponding to αs1-casein f(201212); peptide SQSKVLPVPQ, corresponding to β-casein f(166-175); peptide MPFPKYPVEP, corresponding to β-casein f(124133); and peptide EPVLGPVRGPFP, corresponding to β-casein f(210-221), contained ACE-inhibitory activities. These peptides were chosen for chemical synthesis to confirm the ACE-inhibitory activity of the fractions. Chemically synthesized peptides displayed IC50 values in the range of 92 μM to 790 μM. Additionally, a simulated gastrointestinal digestion confirmed that the ACE-inhibitory 10-kDa L. animalis DPC6134 fermentation was resistant to a cocktail of digestive enzymes found in the gastrointestinal tract.	10.1128/AEM.00096-07
P02662	RPKHPIKHQ	Alpha-S1-casein	Bos taurus	16-24	ACE-inhibitory		13.4				Isolation and Structural Analysis of Antihypertensive Peptides That Exist Naturally in Gouda Cheese	Saito, T. et al.	Seven kinds of ripened cheeses (8-mo-aged and 24-mo-aged Gouda, Emmental, Blue, Camembert, Edam, and Havarti) were homogenized with distilled water, and water-soluble peptides were prepared by C-18 hydrophobic chromatography. The inhibitory activity to angiotensin I-converting enzyme and decrease in the systolic blood pressure in spontaneously hypertensive rats were measured before and after oral administration of each peptide sample. The strongest depressive effect in the systolic blood pressure (-24.7 mm Hg) and intensive inhibitory activity to angiotensin I-converting enzyme (75.7%) were detected in the peptides from 8-mo-aged Gouda cheese. Four peptides were isolated by HPLC with reverse-phase and gel filtration modes. Their chemical structures and origins, clarified by combination analyses of protein sequencing, amino acid composition, and mass spectrometry, were as follows: peptide A, Arg-Pro-Lys-His-Pro-Ile-Lys-His-Gln [alpha(s1)-casein (CN), B-8P; f 1-9]; peptide B, Arg-Pro-Lys-His-Pro-Ile-Lys-His-Gln-Gly-Leu-Pro-Gln (alpha(s1)-CN, B-8P; f 1-13); peptide F, Tyr-Pro-Phe-Pro-Gly-Pro-Ile-Pro-Asn (beta-CN, A2-5P; f 60-68); and peptide G, Met-Pro-Phe-Pro-Lys-Tyr-Pro-Val-Gln-Pro-Phe (beta-CN, A2-5P; f 109-119). Peptides A and F, which were chemically synthesized, showed potent angiotensin I-converting enzyme inhibitory activity with little antihypertensive effects.	10.3168/jds.S0022-0302(00)75013-2
P02662	PKHP	Alpha-S1-casein	Bos taurus	17-20	ACE-inhibitory		709.1				Identification of ACE-inhibitory peptides in different Spanish cheeses by tandem mass spectrometry	Gomez-Ruiz, JA. et al.	A total of 75 peptides included in the fraction with molecular mass below 3000 from an 8-month-old Manchego cheese could be identified using HPLC coupled on line to an ion trap mass spectrometer. Some previously described peptides with antihypertensive and/or angiotensin-converting enzyme (ACE)-inhibitory activity were detected. The formation of five active sequences was followed during cheese ripening in four different batches of Manchego cheese. Two experimental batches of Manchego cheese elaborated with selected bacterial strains with the aim of improve the organoleptic characteristics demonstrated also a good performance in the formation of peptides with ACE-inhibitory activity during cheese ripening.	10.1016/j.chroma.2004.05.022
P02662	NENLLRFFVAPFPEVFG	Alpha-S1-casein	Bos taurus	32-48	ACE-inhibitory		55.0				Identification of Angiotensin-I-Converting Enzyme Inhibitory Peptides Derived from Sodium Caseinate Hydrolysates Produced by Lactobacillus helveticus NCC 2765	Robert, M-C. et al.	Angiotensin-I-converting enzyme (ACE) inhibitory activity was identified in milk proteins fermented with Lactobacillus (Lb.) helveticus NCC 2765 (Nestlé Culture Collection, Vers-chez-les-Blanc, Switzerland). Hydrolyzing sodium caseinate for 1 and 2 h inhibited ACE activity, as measured by an in vitro ACE inhibition test. The hydrolysates with the highest ACE inhibitory potential were fractionated by gel permeation chromatography and their low molecular weight fractions collected. These fractions were subsequently subfractionated by reverse-phase high-pressure liquid chromatography. Several hydrophobic subfractions showed high ACE inhibitory potential, and their peptide composition was determined using an ion trap mass spectrometer equipped with an elctrospray ionization source. Analysis of the low molecular weight fraction identified 14 peptides with known antihypertensive activity and 1 with previously described opioid activity. On the basis of the peptide composition of active subfractions, two potentially active novel sequences were defined, and the following synthetic peptides were synthesized:  FVAPFPEVFG (αS1 39−48), ENLLRFFVAPFPEVFG (αS1 33−48), NENLLRFFVAPFPEVFG (αS1 32−48), LNENLLRFFVAPFPEVFG (αS1 31−48), NLHLPLPLL (β 147−155), ENLHLPLPLL (β 146−155), and VENLHLPLPLL (β 145−155). The ACE inhibitory potential of these synthetic peptides was assessed, and IC50 values were determined. NLHLPLPLL (β 147−155), which was the only synthetic peptide also present in the sodium caseinate hydrolysates, and NENLLRFFVAPFPEVFG (αS1 32−48) showed the highest inhibition of ACE activity, with IC50 values of 15 and 55 μM, respectively. Furthermore, the stability of all synthetic peptides was assessed using an in vitro model simulating gastric digestion. The β-casein-derived peptides remained intact following the successive hydrolysis by pepsin and pancreatin, whereas αS1-casein-derived peptides were degraded by pepsin.	10.1021/jf049510t
P02662	NENLLRFFVAPFPEVFG	Alpha-S1-casein	Bos taurus	32-48	Immunomodulatory	Reduces activity of MMP-9					Peptides from Lactobacillus Hydrolysates of Bovine Milk Caseins Inhibit Prolyl-peptidases of Human Colon Cells	Lucienne J-J. et al.	Prolyl-rich peptides derived from hydrolysates of bovine caseins have been previously shown to inhibit angiotensin converting enzyme (ACE) activity, suggesting that they may also be able to inhibit the enzymatic activities of prolyl-specific peptidases. This study shows that peptides derived from αS1-casein and β-casein inhibited the enzymatic activities of purified recombinant matrix metalloprotease (MMP)-2, MMP-7, and MMP-9. The inhibitory efficacy was sequence-dependent. These peptides also selectively inhibited the enzymatic activities of prolyl-amino-peptidases, prolyl-amino-dipeptidases, and prolyl-endopeptidases in extracts of HT-29 and SW480 human colon carcinoma cells, but not in intact cells. They were not cytotoxic or growth inhibitory for these cells. Thus, the prolyl-rich selected peptides were good and selective inhibitors of MMPs and post-proline-cleaving proteases, demonstrating their potential to control inadequate proteolytic activity in the human digestive tract, without inducing cytotoxic effects.	10.1021/jf102803a
P02662	LW	Alpha-S1-casein	Bos taurus	213-214	ACE-inhibitory		"1) 15.0,
2) 50.0"				"1) Characterization of New Milk-derived Inhibitors of Angiotensin Converting Enzyme In Vitro and In Vivo,
2) Angiotensin I-Converting Enzyme Inhibitory Activity of the C-Terminal Hexapeptide of αs1- Casein"	"1) Fuglsang, A. et al.,
2) Maruyama, S. et al."	"1) inhibition of angiotensin converting enzyme (ACE) has been observed with a variety of different peptides, and peptide fragments with inhibitory capabilities have been identified within many different proteins, including milk proteins. The purpose of this study therefore was to identify new short peptides with inhibitory properties from the primary structure of milk proteins and to characterize them in vitro and in vivo, since no milk derived ACE inhibitors have previously been evaluated for their ability to inhibit ACE in vivo. In vitro, 8 of 9 dipeptides were found to be competitive inhibitors of ACE. The IC50 was significantly lower when an angiotensin I-like substrate was used, than when a bradykinin-like substrate was used. Using three different in vivo models for ACE inhibition, a very moderate effect was observed for three of the new peptides, but only for up to 6 or 12 minutes. Nothing was observed with two reference compounds that are reported to be hypotensive ACE-inhibitors derived from milk proteins. This raises the question whether the mechanism of hypotensive action is straightforward inhibition of ACE in vivo.,
2) Thr-Thr-Met-Pro-Leu-Trp, the C-terminal hexapeptide of αsl-casein, inhibited the angiotensin I-converting enzyme (I50 = 16 μM). Z-Pro-Leu-Trp also inhibited the enzyme (I50 = 18 μM). The Pro- Leu-Trp sequence may be important for the inhibitory activity of this hexapeptide. Z-Pro-Val-Trp, which contains Val in place of Leu, inhibited the enzyme more potently (I50 =2.9 μM).

The antihypertensive activity of this hexapeptide was also investigated. This peptide, when intravenously administered to anesthetized rats at 31.8 mg/kg, tended to antagonize the rats’ pressor response to angiotensin I."	"1) 10.1080/1475636031000138723,
2) 10.1080/00021369.1987.10868415"
P02662	LRFF	Alpha-S1-casein	Bos taurus	36-39	ACE-inhibitory		116.9				Purification and identification of novel peptides with inhibitory effect against angiotensin I-converting enzyme and optimization of process conditions in milk fermented with the yeast Kluyveromyces marxianus	Li, Y. et al.	Angiotensin-converting enzyme (ACE) inhibitory peptides from milk fermented with the yeast Kluyveromyces marxianus Z17 were identified. The optimum process conditions for the production of bioactive peptides were also established. Two novel peptides exhibiting ACE-inhibitory activity were identified from the fermented milk using Sephadex G-15 gel filtration, reversed phase-high performance liquid chromatography and MALDI/TOF-TOF MS/MS. The sequences of the two novel peptides were VLSRYP and LRFF with IC50 values of 36.7 and 116.9 µM, respectively. Lineweaver–Burk plots revealed that both peptides behaved as competitive ACE inhibitors. Response surface methodology was used to determine the optimum process conditions for the production of ACE-inhibitory peptides. The results showed that the most significant factors affecting ACE inhibition were fermentation temperature, inoculum level and rotation speed. The maximum ACE-inhibitory activity (81.23%) was observed at temperature 32 °C, initial pH 6.5, inoculum level 6% and rotation speed of 189 rpm. The peptide content and peptidase activity (carboxypeptidase and aminopeptidase) had a significant positive effect on ACE inhibition, while endoproteinase activity showed an insignificant effect. The results of this study may contribute to the development of a functional beverage with antihypertensive effects.	10.1016/j.jff.2015.04.043
P02662	LNENLLRFFVAPFPEVFG	Alpha-S1-casein	Bos taurus	31-48	ACE-inhibitory		280.0				Identification of Angiotensin-I-Converting Enzyme Inhibitory Peptides Derived from Sodium Caseinate Hydrolysates Produced by Lactobacillus helveticus NCC 2765	Robert, M-C. et al.	Angiotensin-I-converting enzyme (ACE) inhibitory activity was identified in milk proteins fermented with Lactobacillus (Lb.) helveticus NCC 2765 (Nestlé Culture Collection, Vers-chez-les-Blanc, Switzerland). Hydrolyzing sodium caseinate for 1 and 2 h inhibited ACE activity, as measured by an in vitro ACE inhibition test. The hydrolysates with the highest ACE inhibitory potential were fractionated by gel permeation chromatography and their low molecular weight fractions collected. These fractions were subsequently subfractionated by reverse-phase high-pressure liquid chromatography. Several hydrophobic subfractions showed high ACE inhibitory potential, and their peptide composition was determined using an ion trap mass spectrometer equipped with an elctrospray ionization source. Analysis of the low molecular weight fraction identified 14 peptides with known antihypertensive activity and 1 with previously described opioid activity. On the basis of the peptide composition of active subfractions, two potentially active novel sequences were defined, and the following synthetic peptides were synthesized:  FVAPFPEVFG (αS1 39−48), ENLLRFFVAPFPEVFG (αS1 33−48), NENLLRFFVAPFPEVFG (αS1 32−48), LNENLLRFFVAPFPEVFG (αS1 31−48), NLHLPLPLL (β 147−155), ENLHLPLPLL (β 146−155), and VENLHLPLPLL (β 145−155). The ACE inhibitory potential of these synthetic peptides was assessed, and IC50 values were determined. NLHLPLPLL (β 147−155), which was the only synthetic peptide also present in the sodium caseinate hydrolysates, and NENLLRFFVAPFPEVFG (αS1 32−48) showed the highest inhibition of ACE activity, with IC50 values of 15 and 55 μM, respectively. Furthermore, the stability of all synthetic peptides was assessed using an in vitro model simulating gastric digestion. The β-casein-derived peptides remained intact following the successive hydrolysis by pepsin and pancreatin, whereas αS1-casein-derived peptides were degraded by pepsin.	10.1021/jf049510t
P02662	LAYFYP	Alpha-S1-casein	Bos taurus	157-162	ACE-inhibitory		65.0				Angiotensin I Converting Enzyme Inhibitory Peptides Derived from Bovine Milk Proteins	Pihlanto-Leppala, A. et al.	Milk whey and casein proteins were fermented with different lactic acid starters and digestive enzymes. ACE-inhibition activity was observed only after the digestion of proteins with pepsin and trypsin. Whey proteins resulted in 35–61% inhibition and caseins 86% inhibition under the applied conditions. The hydrolysates having inhibitory activity were fractionated by size exclusion and reversed phase chromatography. Several ACE-inhibitory peptides were purified and identified by amino acid and MS-analysis. The identified peptides were α-la f105–110, β-lg f9–14, f15–20, αs1-cn f142–147, f157–164, f194–199 and β-cn f108–113, f177–183 and 193–198. Among whey hydrolysates peptides with small molecular weight (<1000 Da) were the most active inhibitors. The highest ACE-inhibitory activity was found in the peptides derived from αs1-casein.	10.1016/S0958-6946(98)00048-X
P02662	IVP	Alpha-S1-casein	Bos taurus	86-88, 126-128	ACE-inhibitory		49.7				Screening milk-derived antihypertensive peptides using quantitative structure activity relationship (QSAR) modelling and in vitro/in vivo studies on their bioactivity	Jing, P. et al.	In this study, we constructed a quantitative structure activity relationship (QSAR) model of angiotensin I-converting enzyme (ACE) inhibitory tripeptides from published data (R2 = 0.8437; Q2 = 0.649) and applied the model to screen 27 tripeptides derived from cow milk protein sequences. Potential ACE inhibitory tripeptides were synthesised and evaluated in in vitro/in vivo studies. Results showed that ACE inhibitory activities of tripeptides followed the order (p < 0.05): isoleucine-proline-proline (IPP, commercial) > valine-isoleucine-proline (VIP) > isoleucine-valine-proline (IVP) based on concentrations (7.57–49.72 μm) that decreased 50% of ACE activity. Lowering systolic blood pressure (SBP) effect of tripeptides in rats (1.5 mg kg−1 body weight dosage) followed the order according to relative lowering SBP rates: IVP (24%) > IPP (17%) > VIP (12%), consistent with results on mRNA levels of sarcoplasmic reticulum Ca2+, Mg2+ -ATPase gene in rat hearts (p < 0.05). IPP and IVP showed no negative effects on blood glycometabolism.	10.1016/j.idairyj.2013.10.009
P02662	IGSENSEKTTMP	Alpha-S1-casein	Bos taurus	201-212	ACE-inhibitory		773.1				Casein Fermentate of Lactobacillus animalisDPC6134 Contains a Range of Novel Propeptide Angiotensin-Converting Enzyme Inhibitors	Hayes, M. et al.	This work evaluated the angiotensin-converting-enzyme (ACE)-inhibitory activities of a bovine sodium caseinate fermentate generated using the proteolytic capabilities of the porcine small intestinal isolate Lactobacillus animalis DPC6134 (NCIMB deposit 41355). The crude 10-kDa L. animalis DPC6134 fermentate exhibited ACE-inhibitory activity of 85.51% (±15%) and had a 50% inhibitory concentration (IC50) of 0.8 mg protein/ml compared to captopril, which had an IC50 value of 0.005 mg/ml. Fractionation of the crude L. animalis DPC6134 fermentate by membrane filtration and reversed-phase high-performance liquid chromatography (HPLC) generated three bioactive fractions from a total of 72 fractions. Fractions 10, 19, and 43 displayed ACE-inhibitory activity percentages of 67.53 (±15), 83.71 (±19), and 42.36 (±11), respectively, where ACE inhibition was determined with 80 μl of the fractions with protein concentrations of 0.5 mg/ml. HPLC and mass spectrometry analysis identified 25 distinct peptide sequences derived from α-, β-, and κ-caseins. In silico predictions, based on the C-terminal tetrapeptide sequences, suggested that peptide NIPPLTQTPVVVPPFIQ, corresponding to β-casein f(73-89); peptide IGSENSEKTTMP, corresponding to αs1-casein f(201212); peptide SQSKVLPVPQ, corresponding to β-casein f(166-175); peptide MPFPKYPVEP, corresponding to β-casein f(124133); and peptide EPVLGPVRGPFP, corresponding to β-casein f(210-221), contained ACE-inhibitory activities. These peptides were chosen for chemical synthesis to confirm the ACE-inhibitory activity of the fractions. Chemically synthesized peptides displayed IC50 values in the range of 92 μM to 790 μM. Additionally, a simulated gastrointestinal digestion confirmed that the ACE-inhibitory 10-kDa L. animalis DPC6134 fermentation was resistant to a cocktail of digestive enzymes found in the gastrointestinal tract.	10.1128/AEM.00096-07
P02662	GTQYTDAPSFSDIPNPIGSENSEKTTMPLW	Alpha-S1-casein	Bos taurus	185-214	ACE-inhibitory		346.0				Antihypertensive Effect of the Peptides Derived from Casein by an Extracellular Proteinase from Lactobacillus helveticus CP790	Yamamoto, N. et al.	Peptides derived from alpha s1- and beta-caseins by the Lactobacillus helveticus CP790 proteinase were investigated for their inhibitory activities against angiotensin I-converting enzyme. The antihypertensive effect of casein hydrolysates in strain SHR spontaneously hypertensive rats was also investigated. Both alpha s1- and beta-casein hydrolysates inhibited this enzyme. Some of these peptides showed enzyme inhibitory activity, and one of them from beta-casein inhibited the enzyme greatly; the concentration of an angiotensin I-converting enzyme inhibitor needed to inhibit 50% of the enzyme activity was 4 microM. The hydrolysate of casein demonstrated antihypertensive activity in spontaneously hypertensive rats at an orally administered dosage of 15 mg/kg of body weight. MILK fermented with L. helveticus CP790, containing about .3% peptides, also showed antihypertensive activity in SHR rats with 5 ml/kg of body weight (15 mg of peptide/kg); however, the milk fermented with L. helveticus CP791, a variant defective for proteinase activity, did not show this activity. Results suggested that the peptides liberated from casein by the proteinase in the culture medium showed antihypertensive effect in SHR rats.	10.3168/jds.S0022-0302(94)77026-0
P02662	GAW	Alpha-S1-casein	Bos taurus	177-179	ACE-inhibitory		240.0				Purification of angiotensin I-converting enzyme inhibitory peptides and antihypertensive effect of milk produced by protease-facilitated lactic fermentation	Chen, G-W. et al.	Fresh low-fat milk was fermented with five mixed lactic acid bacteria for up to 30 h at 42 °C. A protease, prozyme 6, was added 5 h after the beginning of fermentation. The whey was separated from the fermented milk and freeze-dried. As the fermentation time extended to 30 h, soluble protein content increased from 30.9 to 195.9 mg g−1, free amino acid content increased from 2.8 to 192.8 mg g−1, peptide content increased from 6.4 to 402.8 mg g−1 and γ-aminobutyric acid (GABA) increased from 0 to 80.6 mg 100 g−1, while inhibition of angiotensin I-converting enzyme (ACE) increased as indicated by a decrease of IC50 from 1.18 to 0.24 mg mL−1, respectively. The amino acid sequences of two ACE inhibitory peptides were Gly–Thr–Trp and Gly–Val–Trp, of which the IC50 values were 464.4 and 240.0 μm, respectively. The systolic blood pressure and diastolic blood pressure of spontaneously hypertensive rat (SHR) were reduced 22 and 21.5 mm Hg, respectively, after 8 weeks of oral administration of diluted whey (peptide concentration 5 mg mL−1) from the 30 h fermentation.	10.1016/j.idairyj.2006.07.004
P02662	FVAPFPEVFG	Alpha-S1-casein	Bos taurus	39-48	ACE-inhibitory		650.0				Identification of Angiotensin-I-Converting Enzyme Inhibitory Peptides Derived from Sodium Caseinate Hydrolysates Produced by Lactobacillus helveticus NCC 2765	Robert, M-C. et al.	Angiotensin-I-converting enzyme (ACE) inhibitory activity was identified in milk proteins fermented with Lactobacillus (Lb.) helveticus NCC 2765 (Nestlé Culture Collection, Vers-chez-les-Blanc, Switzerland). Hydrolyzing sodium caseinate for 1 and 2 h inhibited ACE activity, as measured by an in vitro ACE inhibition test. The hydrolysates with the highest ACE inhibitory potential were fractionated by gel permeation chromatography and their low molecular weight fractions collected. These fractions were subsequently subfractionated by reverse-phase high-pressure liquid chromatography. Several hydrophobic subfractions showed high ACE inhibitory potential, and their peptide composition was determined using an ion trap mass spectrometer equipped with an elctrospray ionization source. Analysis of the low molecular weight fraction identified 14 peptides with known antihypertensive activity and 1 with previously described opioid activity. On the basis of the peptide composition of active subfractions, two potentially active novel sequences were defined, and the following synthetic peptides were synthesized:  FVAPFPEVFG (αS1 39−48), ENLLRFFVAPFPEVFG (αS1 33−48), NENLLRFFVAPFPEVFG (αS1 32−48), LNENLLRFFVAPFPEVFG (αS1 31−48), NLHLPLPLL (β 147−155), ENLHLPLPLL (β 146−155), and VENLHLPLPLL (β 145−155). The ACE inhibitory potential of these synthetic peptides was assessed, and IC50 values were determined. NLHLPLPLL (β 147−155), which was the only synthetic peptide also present in the sodium caseinate hydrolysates, and NENLLRFFVAPFPEVFG (αS1 32−48) showed the highest inhibition of ACE activity, with IC50 values of 15 and 55 μM, respectively. Furthermore, the stability of all synthetic peptides was assessed using an in vitro model simulating gastric digestion. The β-casein-derived peptides remained intact following the successive hydrolysis by pepsin and pancreatin, whereas αS1-casein-derived peptides were degraded by pepsin.	10.1021/jf049510t
P02662	FPEVFGK	Alpha-S1-casein	Bos taurus	43-49	ACE-inhibitory		140.0				Studies on the Active Site and Antihypertensive Activity of Angiotensin I-Converting Enzyme Inhibitors Derived from Casein	Maruyama, S. et al.	"The fragment-peptides of angiotensin I-converting enzyme inhibitors (CEI12, CEI5 and CEIβ7) derived from an enzymatic hydrolysate of casein were synthesized. Val-Ala-Pro, the C-terminal tripeptide of CEI5 (Phe-Phe-Val-Ala-Pro), exhibited more potent inhibitory activity (I50 = 2.0μm) than CEI5 (I50 = 6.0μm). However, d-Val-Ala-Pro showed lower inhibitory activity (I50 = 550μm). Val-Ala-Pro may be important for the inhibitory activity of CEI5. The C-terminal heptapeptide of CEI12 (Phe-Phe-Val-Ala-Pro-Phe-Pro-Glu-Val-Phe-Gly-Lys) and the short fragments of CEIβ7 (Ala-Val-Pro-Tyr-Pro-Gln-Arg) showed lower inhibitory activities than the full-length peptides.

Also, the antihypertensive activity of CEI12 and CEI5 was investigated. CEI12, intravenously administered to anesthetized rats at 14.2 mg/kg, antagonized the rats’ pressor response to angiotensin I."	10.1080/00021369.1987.10868244
P02662	FFVAPFPEVFGK	Alpha-S1-casein	Bos taurus	38-49	ACE-inhibitory		"1) 52.0,
2) 77.0,
3) 18.0"				"1) Antihypertensive effect of the bovine casein-derived peptide Met-Lys-Pro,
2) A Peptide Inhibitor of Angiotensin I Converting Enzyme in the Tryptic Hydrolysate of Casein,
3) Angiotensin-I-converting enzyme inhibitory peptides from tryptic hydrolysate of bovine αS2-casein"	"1) Yamada, A. et al.,
2) Maruyama, S. et al.,
3) Tauzin, J. et al."	"1) The antihypertensive effect of the bovine casein-derived peptide Met-Lys-Pro (MKP) was examined in vitro and in vivo. MKP showed angiotensin I-converting enzyme (ACE)-inhibitory activity in vitro (IC50 = 0.43 μM). An in vivo kinetics study using radiolabeled Met-[1-14C]Lys-Pro (14C-MKP) showed that orally administered 14C-MKP to spontaneously hypertensive rats (SHRs) was absorbed and moved into the plasma. In vitro vasoconstriction of thoracic aorta preparations, which was induced by adding angiotensin I, was reduced by prior exposure of MKP. A single oral dose of MKP lowered systolic blood pressure (SBP) of SHRs, and repeated oral administration of MKP for 28 days significantly lowered SBP of SHRs. The results obtained in the present study suggest that orally administrated MKP can be absorbed into the plasma and its ACE-inhibitory activity may contribute to induce the antihypertensive effect in vivo.,
2) Angiotensin converting enzyme (ACE) is a peptidyldipeptide hydrolase (EC 3.4.15.1) which cleaves dipeptides from the Jree COOH-terminal of peptides. The enzyme hydrolyzes both angiotensin I and bradykinin, generating the potent vasoconstrictor angiotensin II fiom angiotensin I, and vasoinactive peptides from the vasodilator bradykinin. Inhibitors of ACE were first obtained from the venom of snakes such as Bothrops jararacal ) and Agkistrodon halys blomhoffii) Later, Oshima et a/. found peptide inhibitors of ACE in digests of gelafin with bacterial collagenase) A characteristic of these inhibitors is that they have a Pro-Pro, Ala-Pro or Ala-Hyp sequence at their COOH-terminal. We have observed that a peptide contained in the tryptic hydrolysate of casein inhibits ACE markedly. In this communication, we want to report the purification and determination of the amino acid sequence of an inhibitor in the tryptic hydrolysate of casein.,
3) Angiotensin-I-converting enzyme (ACE) inhibitory activity of a tryptic digest of bovine αS2-casein (αS2-CN) was extensively investigated. Forty-three peptide peaks were isolated and tested. Seven casokinins (i.e. CN-derived ACE inhibitory peptides) were identified and their IC50 values were determined. Four peptides exhibited an IC50 value lower than 20 μM. Peptides αS2-CN (f174–181) and αS2-CN (f174–179) had IC50 values of 4 μM. Surprisingly, deletion of the C-terminal dipeptide of two of these casokinins did not significantly alter their inhibitory activity"	"1) 10.1016/j.foodchem.2014.09.098,
2) 10.1080/00021369.1982.10865255,
3) 10.1016/s0014-5793(02)03576-7"
P02662	FFVAP	Alpha-S1-casein	Bos taurus	38-42	ACE-inhibitory		6.0				"1) Angiotensin I-Converting Enzyme Inhibitor Derived from an Enzymatic Hydrolysate of Casein II Isolation and Bradykinin-potentiating Activity on the Uterus and the Ileum of Rats,
2) Characterization of casein-derived peptide bioactivity: Differential effects on angiotensin-converting enzyme inhibition and cytokine and nitric oxide production"	"1) Maruyama, S. et al.,
2) Adams, C. et al."	"1) Inhibitors of angiotensin I-converting enzyme were isolated from an enzymatic hydrolysate of bovine casein. The amino acid sequences of these inhibitors were Phe-Phe-Val-Ala-Pro-Phe-Pro- Glu-Val-Phe-Gly-Lys (CEI12), Phe-Phe-Val-Ala-Pro (CEI5), and Ala-Val-Pro-Tyr-Pro-Gln-Arg (CEIβ7). CEI5 is a penta-peptide derived from the hydrolysate of CEI12 with proline-specific endopeptidase, and CEIβ7 is a hepta-peptide derived from β-casein. These inhibitors potentiated bradykinin in the contraction of the uterus and the ileum of rats. The ileum was more sensitive to these inhibitors than the uterus. The bradykinin-potentiating activity of these inhibitors on the ileum lasted for more than 90 min even after washing the organ.,
2) Lactic acid bacteria (LAB) are used as starter cultures in the production of fermented dairy products and have the potential to confer bioactivity relevant to cardiovascular health, as they possess extensive proteolytic systems that liberate small bioactive peptides from larger milk proteins. Certain casein-derived peptides released by various LAB strains during fermentation have been shown to reduce hypertension and to modulate the immune system. We investigated the growth and peptide production of 2 LAB strains, Lactobacillus helveticus R0389 and Lactocaseibacillus rhamnosus R0011, their immunomodulatory activities, as well as their abilities to inhibit the angiotensin-converting enzyme (ACE). Peptide fractions collected from the cell-free supernatant of both medium-grown and milk fermentation cultures were assessed for ACE-inhibitory activity and their effects on the production of proinflammatory and regulatory cytokines by human THP-1 monocytes. Cultures were grown in medium, with or without supplementation with 0.1% casein, or in 3.25% milk fermented with each LAB strain. Casein supplementation increased the growth rate of both LAB strains, and significantly increased ACE-inhibitory activity of peptide fractions collected from both L. helveticus R0389 and L. rhamnosus R0011 cultures grown for 12 h. Fermentation peptide fractions of L. rhamnosus R0011 showed comparable ACE-inhibitory activity to known ACE inhibiting peptides Val-Pro-Pro and Ile-Pro-Pro (up to 79% inhibition) with a significant difference between culture peptide fractions and acidified and nonacidified control fractions collected after 6 d of fermentation. Many milk and casein-derived peptides reported in previous studies have been identified as part of a larger bioactive fraction. We synthesized a group of these peptides to individually assess both ACE-inhibitory and immunomodulatory activity. The known ACE inhibitors Val-Pro-Pro and Ile-Pro-Pro showed similar ACE inhibition to previously published results, while also inducing the production of the regulatory cytokine IL-10 by monocytes in the presence and absence of a proinflammatory stimulant. These synthesized peptides could also induce the production of nitric oxide (NO), a potent vasodilator, in human endothelial cell cultures. Investigating the relationships among these bioactive properties could improve the use of probiotic organisms and their secreted products in the food industry."	"1) 10.1080/00021369.1985.10866901,
2) 10.3168/jds.2019-17976"
P02662	ENLLRFFVAPFPEVFG	Alpha-S1-casein	Bos taurus	33-48	ACE-inhibitory		250.0				Identification of Angiotensin-I-Converting Enzyme Inhibitory Peptides Derived from Sodium Caseinate Hydrolysates Produced by Lactobacillus helveticus NCC 2765	Robert, M-C. et al.	Angiotensin-I-converting enzyme (ACE) inhibitory activity was identified in milk proteins fermented with Lactobacillus (Lb.) helveticus NCC 2765 (Nestlé Culture Collection, Vers-chez-les-Blanc, Switzerland). Hydrolyzing sodium caseinate for 1 and 2 h inhibited ACE activity, as measured by an in vitro ACE inhibition test. The hydrolysates with the highest ACE inhibitory potential were fractionated by gel permeation chromatography and their low molecular weight fractions collected. These fractions were subsequently subfractionated by reverse-phase high-pressure liquid chromatography. Several hydrophobic subfractions showed high ACE inhibitory potential, and their peptide composition was determined using an ion trap mass spectrometer equipped with an elctrospray ionization source. Analysis of the low molecular weight fraction identified 14 peptides with known antihypertensive activity and 1 with previously described opioid activity. On the basis of the peptide composition of active subfractions, two potentially active novel sequences were defined, and the following synthetic peptides were synthesized:  FVAPFPEVFG (αS1 39−48), ENLLRFFVAPFPEVFG (αS1 33−48), NENLLRFFVAPFPEVFG (αS1 32−48), LNENLLRFFVAPFPEVFG (αS1 31−48), NLHLPLPLL (β 147−155), ENLHLPLPLL (β 146−155), and VENLHLPLPLL (β 145−155). The ACE inhibitory potential of these synthetic peptides was assessed, and IC50 values were determined. NLHLPLPLL (β 147−155), which was the only synthetic peptide also present in the sodium caseinate hydrolysates, and NENLLRFFVAPFPEVFG (αS1 32−48) showed the highest inhibition of ACE activity, with IC50 values of 15 and 55 μM, respectively. Furthermore, the stability of all synthetic peptides was assessed using an in vitro model simulating gastric digestion. The β-casein-derived peptides remained intact following the successive hydrolysis by pepsin and pancreatin, whereas αS1-casein-derived peptides were degraded by pepsin.	10.1021/jf049510t
P02662	DAYPSGAW	Alpha-S1-casein	Bos taurus	172-179	ACE-inhibitory		98.0				Angiotensin I Converting Enzyme Inhibitory Peptides Derived from Bovine Milk Proteins	Pihlanto-Leppala, A. et al.	Milk whey and casein proteins were fermented with different lactic acid starters and digestive enzymes. ACE-inhibition activity was observed only after the digestion of proteins with pepsin and trypsin. Whey proteins resulted in 35–61% inhibition and caseins 86% inhibition under the applied conditions. The hydrolysates having inhibitory activity were fractionated by size exclusion and reversed phase chromatography. Several ACE-inhibitory peptides were purified and identified by amino acid and MS-analysis. The identified peptides were α-la f105–110, β-lg f9–14, f15–20, αs1-cn f142–147, f157–164, f194–199 and β-cn f108–113, f177–183 and 193–198. Among whey hydrolysates peptides with small molecular weight (<1000 Da) were the most active inhibitors. The highest ACE-inhibitory activity was found in the peptides derived from αs1-casein.	10.1016/S0958-6946(98)00048-X
P02662	LAYFYPEL	Alpha-S1-casein	Bos taurus	157-164	Immunomodulatory						Enhancement of Antigen-Speciï¬c IFNg Production from CD81 T Cells by a Single Amino Acid-Substituted Peptide Derived from Bovine	Mamoru, T. et al.	Modulation of CD8+T-cell responses specific for an exogenous antigen by epitope variants would be advantageous to develop a novel means of antigen-specific immune regulation. We have analyzed CD8+T-cell responses to single amino acid-substituted variants of a peptide corresponding to residues 142–149 (p142-149; LAYFYPEL) of αs1-casein, a major milk allergen, which is a dominant determinant restricted by H-2Kb. An analog peptide L142I with a substitution of Ile for Leu at the nonanchor N-terminal residue induced more IFN-γ secretion than p142-149 from specific CD8+T cells. Furthermore, L142I could prime CD8+T cells more efficientlyin vivo,and these L142I-primed cells secreted more IFN-γ than p142-149-primed CD8+T cells upon stimulation with p142-149in vitro.These findings are mainly explained by the greater ability of L142I to form stable Kb–peptide complexes. These findings indicate that appropriate analog peptides may be useful as efficient inducers of CD8+T cells which recognize the parent peptide and secrete IFN-γ, a potent inhibitor of Th2-dependent events, including IgE production.	10.1006/clin.1998.4585
P02662	QMEAESISSSEEIVPNSVEQK	Alpha-S1-casein	Bos taurus	74-94	Immunomodulatory	Stimulated IgG, IgM, IgA production					Identification of a phosphopeptide in bovine α s1-casein digest as a factor influencing proliferation and immunoglobulin production in lymphocyte cultures	Hata, I. et al.	Digestion of bovine αs1-casein with bovine trypsin produced peptide(s) with an inhibitory effect on concanavalin A-induced proliferation of mouse spleen cells. One of these peptides was isolated from the αs1-casein digest following ultrafiltration, hydroxyapatite chromatography and reversed-phase HPLC, and amino acid composition and sequence analyses showed it to be sequence 59–79 from the phosphoserine-rich region of αs1-casein. The isolated peptide significantly inhibited the concanavalin A-induced proliferation of mouse spleen cells and rabbit Peyer's patch cells, whereas it enhanced the lipopolysaccharide- and phytohaemagglutinin-induced proliferation of both cells. The peptide displayed mitogenic activity in the cell cultures without the commercial mitogen, and significantly enhanced immunoglobulin production. Moreover, residues 1–25 from the phosphoserine-rich region of bovine β-casein had a similar effect on the proliferation of mouse spleen cells and rabbit Peyer's patch cells stimulated or not stimulated by the commercial mitogen. These results indicate that caseinophosphopeptides may act as a humoral immunostimulator in cell cultures.	10.1017/s0022029998003136
P02662	VAPFPE	Alpha-S1-casein	Bos taurus	40-45	Cholesterol regulation	Inhibition of cholesterol solubility					Novel milk casein derived peptides decrease cholesterol micellar solubility and cholesterol intestinal absorption in Caco-2 cells	Jiang, X. et al.	This study sought to assess the cholesterol-lowering activity of peptides obtained from milk casein hydrolyzed with neutrase. The bioactive peptides were separated using a Sephadex G-10 chromatographic column (Amersham Pharmacia Biotech, Uppsala, Sweden) after ultrafiltration using a 1-kDa molecular mass cutoff membrane. Via ultra-performance liquid chromatography-electrospray ionization-tandem mass spectrometry, we determined that peptides Thr-Asp-Val-Glu-Asn [TDVEN; β-casein f(143–147)], Leu-Gln-Pro-Glu [LQPE; β-casein f(103–106)], Val-Ala-Pro-Phe-Pro-Glu [VAPFPE; αS1-casein f(40–45)], and Val-Leu-Pro-Val-Pro-Gln [VLPVPQ β-casein f(185–190)] reduced micellar cholesterol solubility. After Caco-2 cells were treated with LQPE, VLPVPQ, and VAPFPE, the Niemann-Pick C1-Like 1 (NPC1L1) protein levels decreased by (means ± SEM) 19.33 ± 2.47%, 52.1 ± 3.77%, and 23.09 ± 8.52%, respectively, compared with the control group. Treatment with each peptide induced significant upregulation of ATP binding cassette subfamily G member 8 antibody (ABCG8) mRNA expression by 398.1 ± 23.27%, 86.4 ± 27.07%, and 92.8 ± 8.49%. We found that VLPVPQ and LQPE significantly upregulated ATP-binding cassette transporter A1 (ABCA1) transcription by 203.9 ± 8.44% and 220.8 ± 36.42% respectively, whereas VLPVPQ significantly decreased mRNA expression of acetyl-CoA-acetyltransferase 2 (ACAT2) and microsomal triacylglycerols (MTP). The cholesterol-lowering action of milk-derived peptides may be induced by suppression of micellar cholesterol solubility and affects the expression of cholesterol absorption–related proteins and enzymes in intestinal epithelial cells. This research discovers new milk-derived peptides with decreasing cholesterol micellar solubility and provides a theoretical basis of in vitro cholesterol-lowering effects of peptides.	10.3168/jds.2019-17586
P02662	PFPEVFGKE	Alpha-S1-casein	Bos taurus	42-50	Antioxidant						Identification of New Peptides from Fermented Milk Showing Antioxidant Properties: Mechanism of Action	Tonolo, F. et al.	Due to their beneficial properties, fermented foods are considered important constituents of the human diet. They also contain bioactive peptides, health-promoting compounds studied for a wide range of effects. In this work, several antioxidant peptides extracted from fermented milk proteins were investigated. First, enriched peptide fractions were purified and analysed for their antioxidant capacity in vitro and in a cellular model. Subsequently, from the most active fractions, 23 peptides were identified by mass spectrometry MS/MS), synthesized and tested. Peptides N-15-M, E-11-F, Q-14-R and A-17-E were selected for their antioxidant effects on Caco-2 cells both in the protection against oxidative stress and inhibition of ROS production. To define their action mechanism, the activation of the Kelch-like ECH-associated protein 1/nuclear factor erythroid 2-related factor 2(Keap1/Nrf2) pathway was studied evaluating the translocation of Nrf2 from cytosol to nucleus. In cells treated with N-15-M, Q-14-R and A-17-E, a higher amount of Nrf2 was found in the nucleus with respect to the control. In addition, the three active peptides, through the activation of Keap1/Nrf2 pathway, led to overexpression and increased activity of antioxidant enzymes. Molecular docking analysis confirmed the potential ability of N-15-M, Q-14-R and A-17-E to bind Keap1, showing their destabilizing effect on Keap1/Nrf2 interaction.	10.3390/antiox9020117
P02662	KHQGLPQEVLNENLL	Alpha-S1-casein	Bos taurus	22-36	Antioxidant						Identification of New Peptides from Fermented Milk Showing Antioxidant Properties: Mechanism of Action	Tonolo, F. et al.	Due to their beneficial properties, fermented foods are considered important constituents of the human diet. They also contain bioactive peptides, health-promoting compounds studied for a wide range of effects. In this work, several antioxidant peptides extracted from fermented milk proteins were investigated. First, enriched peptide fractions were purified and analysed for their antioxidant capacity in vitro and in a cellular model. Subsequently, from the most active fractions, 23 peptides were identified by mass spectrometry MS/MS), synthesized and tested. Peptides N-15-M, E-11-F, Q-14-R and A-17-E were selected for their antioxidant effects on Caco-2 cells both in the protection against oxidative stress and inhibition of ROS production. To define their action mechanism, the activation of the Kelch-like ECH-associated protein 1/nuclear factor erythroid 2-related factor 2(Keap1/Nrf2) pathway was studied evaluating the translocation of Nrf2 from cytosol to nucleus. In cells treated with N-15-M, Q-14-R and A-17-E, a higher amount of Nrf2 was found in the nucleus with respect to the control. In addition, the three active peptides, through the activation of Keap1/Nrf2 pathway, led to overexpression and increased activity of antioxidant enzymes. Molecular docking analysis confirmed the potential ability of N-15-M, Q-14-R and A-17-E to bind Keap1, showing their destabilizing effect on Keap1/Nrf2 interaction.	10.3390/antiox9020117
P02662	APSFSDIPNPIGSENSE	Alpha-S1-casein	Bos taurus	191-207	Antioxidant						Identification of New Peptides from Fermented Milk Showing Antioxidant Properties: Mechanism of Action	Tonolo, F. et al.	Due to their beneficial properties, fermented foods are considered important constituents of the human diet. They also contain bioactive peptides, health-promoting compounds studied for a wide range of effects. In this work, several antioxidant peptides extracted from fermented milk proteins were investigated. First, enriched peptide fractions were purified and analysed for their antioxidant capacity in vitro and in a cellular model. Subsequently, from the most active fractions, 23 peptides were identified by mass spectrometry MS/MS), synthesized and tested. Peptides N-15-M, E-11-F, Q-14-R and A-17-E were selected for their antioxidant effects on Caco-2 cells both in the protection against oxidative stress and inhibition of ROS production. To define their action mechanism, the activation of the Kelch-like ECH-associated protein 1/nuclear factor erythroid 2-related factor 2(Keap1/Nrf2) pathway was studied evaluating the translocation of Nrf2 from cytosol to nucleus. In cells treated with N-15-M, Q-14-R and A-17-E, a higher amount of Nrf2 was found in the nucleus with respect to the control. In addition, the three active peptides, through the activation of Keap1/Nrf2 pathway, led to overexpression and increased activity of antioxidant enzymes. Molecular docking analysis confirmed the potential ability of N-15-M, Q-14-R and A-17-E to bind Keap1, showing their destabilizing effect on Keap1/Nrf2 interaction.	10.3390/antiox9020117
P02662	PFPEVFGK	Alpha-S1-casein	Bos taurus	42-49	ACE-inhibitory		108.0				Short communication: Measuring the angiotensin-converting enzyme inhibitory activity of an 8-amino acid (8mer) fragment of the C12 antihypertensive peptide	Paul, M. et al.	An 8-AA (8mer) fragment (PFPEVFGK) of a known antihypertensive peptide derived from bovine αS1-casein (C12 antihypertensive peptide) was synthesized by microwave-assisted solid-phase peptide synthesis and purified by reverse phase HPLC. Its ability to inhibit angiotensin-converting enzyme (ACE) was assessed and compared with that of the parent 12mer peptide (FFVAPFPEVFGK) to determine the effect of truncating the sequence on overall hypotensive activity. The activity of the truncated 8mer peptide was found to be almost 1.5 times less active than that of the 12mer, with ACE-inhibiting IC50 (half-maximal inhibitory concentration) values of 108 and 69 μM, for the 8mer and 12mer, respectively. Although the 8mer peptide is less active than the original 12mer peptide, its overall activity is comparable to activities reported for other small proteins that elicit physiological responses within humans. These results suggest that microbial degradation of the 12mer peptide would not result in a complete loss of antihypertensive activity if used to supplement fermented foods and that the stable 8mer peptide could have potential as a blood pressure–lowering agent for use in functional foods.	10.3168/jds.2015-10437
P02662	YKVPQLEIVPNSAEER	Alpha-S1-casein	Bos taurus	119-134	Increase calcium uptake					1 phosphorylation	Bioactive Peptides Isolated from Casein Phosphopeptides Enhance Calcium and Magnesium Uptake in Caco-2 Cell Monolayers	Cao, Y. et al.	The ability of casein phosphopeptides (CPPs) to bind and transport minerals has been previously studied. However, the single bioactive peptides responsible for the effects of CPPs have not been identified. This study was to purify calcium-binding peptides from CPPs and to determine their effects on calcium and magnesium uptake by Caco-2 cell monolayers. Five monomer peptides designated P1 to P5 were isolated and the amino acid sequences were determined using LC-MS/MS. Compared with the CPP-free control, all five monomeric peptides exhibited significant enhancing effects on the uptake of calcium and magnesium (P < 0.05). Interestingly, when calcium and magnesium were presented simultaneously with P5, magnesium was taken up with priority over calcium in the Caco-2 cell monolayers. For example, at 180 min, the amount of transferred magnesium and calcium was 78.4 ± 0.95 μg/well and 2.56 ± 0.64 μg/well, respectively, showing a more than 30-fold difference in the amount of transport caused by P5. These results provide novel insight into the mineral transport activity of phosphopeptides obtained from casein.	10.1021/acs.jafc.6b05711
P02662	DIGSESTEDQAMEDIK	Alpha-S1-casein	Bos taurus	58-73	Increase calcium uptake					2 phosphorylations	Bioactive Peptides Isolated from Casein Phosphopeptides Enhance Calcium and Magnesium Uptake in Caco-2 Cell Monolayers	Cao, Y. et al.	The ability of casein phosphopeptides (CPPs) to bind and transport minerals has been previously studied. However, the single bioactive peptides responsible for the effects of CPPs have not been identified. This study was to purify calcium-binding peptides from CPPs and to determine their effects on calcium and magnesium uptake by Caco-2 cell monolayers. Five monomer peptides designated P1 to P5 were isolated and the amino acid sequences were determined using LC-MS/MS. Compared with the CPP-free control, all five monomeric peptides exhibited significant enhancing effects on the uptake of calcium and magnesium (P < 0.05). Interestingly, when calcium and magnesium were presented simultaneously with P5, magnesium was taken up with priority over calcium in the Caco-2 cell monolayers. For example, at 180 min, the amount of transferred magnesium and calcium was 78.4 ± 0.95 μg/well and 2.56 ± 0.64 μg/well, respectively, showing a more than 30-fold difference in the amount of transport caused by P5. These results provide novel insight into the mineral transport activity of phosphopeptides obtained from casein.	10.1021/acs.jafc.6b05711
P02662	YFYP	Alpha-S1-casein	Bos taurus	159-162	Antioxidant						Antioxidant Activity of Novel Casein-Derived Peptides with Microbial Proteases as Characterized via Keap1-Nrf2 Pathway in HepG2 Cells	Zhao, X. et al.	Casein-derived antioxidant peptides by using microbial proteases have gained increasing attention. Combination of two microbial proteases, Protin SD-NY10 and Protease A “Amano” 2SD, was employed to hydrolyze casein to obtain potential antioxidant peptides that were identified by LCMS/ MS, chemically synthesized and characterized in a oxidatively damaged HepG2 cell model. Four peptides, YQLD, FSDIPNPIGSEN, FSDIPNPIGSE, YFYP were found to possess high 1,1-diphenyl-2-picrylhydrazyl (DPPH) scavenging ability. Evaluation with HepG2 cells showed that the 4 peptides at low concentrations (< 1.0 mg/ml) protected the cells against oxidative damage. The 4 peptides exhibited different levels of antioxidant activity by stimulating mRNA and protein expression of the antioxidant enzymes such as superoxide dismutase (SOD), catalase (CAT) and glutathione peroxidase (GSH-Px), as well as nuclear factor erythroid-2-related factor 2 (Nrf2), but decreasing the mRNA expression of Kelch-like ECH-associated protein 1 (Keap1). Furthermore, these peptides decreased production of reactive oxygen species (ROS) and malondialdehyde (MDA), but increased glutathione (GSH) production in HepG2 cells. Therefore, the 4 casein-derived peptides obtained by using microbial proteases exhibited different antioxidant activity by activating the Keap1-Nrf2 signaling pathway, and they could serve as potential antioxidant agents in functional foods or pharmaceutic preparation.	10.4014/jmb.2104.04013
P02662	FSDIPNPIGSE	Alpha-S1-casein	Bos taurus	194-204	Antioxidant						Antioxidant Activity of Novel Casein-Derived Peptides with Microbial Proteases as Characterized via Keap1-Nrf2 Pathway in HepG2 Cells	Zhao, X. et al.	Casein-derived antioxidant peptides by using microbial proteases have gained increasing attention. Combination of two microbial proteases, Protin SD-NY10 and Protease A “Amano” 2SD, was employed to hydrolyze casein to obtain potential antioxidant peptides that were identified by LCMS/ MS, chemically synthesized and characterized in a oxidatively damaged HepG2 cell model. Four peptides, YQLD, FSDIPNPIGSEN, FSDIPNPIGSE, YFYP were found to possess high 1,1-diphenyl-2-picrylhydrazyl (DPPH) scavenging ability. Evaluation with HepG2 cells showed that the 4 peptides at low concentrations (< 1.0 mg/ml) protected the cells against oxidative damage. The 4 peptides exhibited different levels of antioxidant activity by stimulating mRNA and protein expression of the antioxidant enzymes such as superoxide dismutase (SOD), catalase (CAT) and glutathione peroxidase (GSH-Px), as well as nuclear factor erythroid-2-related factor 2 (Nrf2), but decreasing the mRNA expression of Kelch-like ECH-associated protein 1 (Keap1). Furthermore, these peptides decreased production of reactive oxygen species (ROS) and malondialdehyde (MDA), but increased glutathione (GSH) production in HepG2 cells. Therefore, the 4 casein-derived peptides obtained by using microbial proteases exhibited different antioxidant activity by activating the Keap1-Nrf2 signaling pathway, and they could serve as potential antioxidant agents in functional foods or pharmaceutic preparation.	10.4014/jmb.2104.04013
P02662	FSDIPNPIGSEN	Alpha-S1-casein	Bos taurus	194-205	Antioxidant						Antioxidant Activity of Novel Casein-Derived Peptides with Microbial Proteases as Characterized via Keap1-Nrf2 Pathway in HepG2 Cells	Zhao, X. et al.	Casein-derived antioxidant peptides by using microbial proteases have gained increasing attention. Combination of two microbial proteases, Protin SD-NY10 and Protease A “Amano” 2SD, was employed to hydrolyze casein to obtain potential antioxidant peptides that were identified by LCMS/ MS, chemically synthesized and characterized in a oxidatively damaged HepG2 cell model. Four peptides, YQLD, FSDIPNPIGSEN, FSDIPNPIGSE, YFYP were found to possess high 1,1-diphenyl-2-picrylhydrazyl (DPPH) scavenging ability. Evaluation with HepG2 cells showed that the 4 peptides at low concentrations (< 1.0 mg/ml) protected the cells against oxidative damage. The 4 peptides exhibited different levels of antioxidant activity by stimulating mRNA and protein expression of the antioxidant enzymes such as superoxide dismutase (SOD), catalase (CAT) and glutathione peroxidase (GSH-Px), as well as nuclear factor erythroid-2-related factor 2 (Nrf2), but decreasing the mRNA expression of Kelch-like ECH-associated protein 1 (Keap1). Furthermore, these peptides decreased production of reactive oxygen species (ROS) and malondialdehyde (MDA), but increased glutathione (GSH) production in HepG2 cells. Therefore, the 4 casein-derived peptides obtained by using microbial proteases exhibited different antioxidant activity by activating the Keap1-Nrf2 signaling pathway, and they could serve as potential antioxidant agents in functional foods or pharmaceutic preparation.	10.4014/jmb.2104.04013
P02662	LHSMK	Alpha-S1-casein	Bos taurus	135-139	Antioxidant						Production  and  transepithelial  transportation  of  casein-derived  peptides  and  identification  a  novel  antioxidant LHSMK	Liu, M.  et al.	In this study, casein derived peptides were hydrolyzed with trypsin and then transported across Caco-2 cell monolayers to choose intestinal absorbable antioxidant peptides. E/S ratio at 5.45 %, pH at 7.13 and temperature at 51.99 °C were found to be the optimal conditions for enzymatic hydrolysis of casein by trypsin by Response Surface Method. The fraction below 10 kDa purified by the hollow fiber ultrafiltration membrane was applied to Sephadex G-10 gel filtration chromatography, and the obtained components were transported across the Caco-2 cell monolayer. The transported peptides were detected on the basolateral side of the Caco-2 cell monolayer using ultra-performance liquid chromatography-tandem mass spectrometry. It was found that LHSMK was an unreported pentapeptide. The synthetic peptide LHSMK had free radical scavenging ability, and the antioxidant activity exhibited a dose-dependent increase. Furthermore, LHSMK can also regulate antioxidant enzymes activity in oxidative-damage cells. This study provides a method for the preparation of intestinal absorbable peptides, and provides basic research for the development of functional food market.	10.1016/j.lwt.2021.112194
P02662	YQLD	Alpha-S1-casein	Bos taurus	169-172	Antioxidant						Antioxidant  Activity  of  Novel  Casein-Derived  Peptides  with  Microbial  Proteases  as  Characterized  via  Keap1-Nrf2  Pathway  in  HepG2  Cells	Zhao, X.  et al.	Casein-derived antioxidant peptides by using microbial proteases have gained increasing attention. Combination of two microbial proteases, Protin SD-NY10 and Protease A “Amano” 2SD, was employed to hydrolyze casein to obtain potential antioxidant peptides that were identified by LCMS/ MS, chemically synthesized and characterized in a oxidatively damaged HepG2 cell model. Four peptides, YQLD, FSDIPNPIGSEN, FSDIPNPIGSE, YFYP were found to possess high 1,1-diphenyl-2-picrylhydrazyl (DPPH) scavenging ability. Evaluation with HepG2 cells showed that the 4 peptides at low concentrations (< 1.0 mg/ml) protected the cells against oxidative damage. The 4 peptides exhibited different levels of antioxidant activity by stimulating mRNA and protein expression of the antioxidant enzymes such as superoxide dismutase (SOD), catalase (CAT) and glutathione peroxidase (GSH-Px), as well as nuclear factor erythroid-2-related factor 2 (Nrf2), but decreasing the mRNA expression of Kelch-like ECH-associated protein 1 (Keap1). Furthermore, these peptides decreased production of reactive oxygen species (ROS) and malondialdehyde (MDA), but increased glutathione (GSH) production in HepG2 cells. Therefore, the 4 casein-derived peptides obtained by using microbial proteases exhibited different antioxidant activity by activating the Keap1-Nrf2 signaling pathway, and they could serve as potential antioxidant agents in functional foods or pharmaceutic preparation.	10.4014/jmb.2104.04013
"#Advanced search parameters:	Protein ID: P02662,	Species: bos taurus"
