Protein ID	Peptide	Protein description	Species	Intervals	Function	Additional details	IC50 (μM)	Inhibition type	Inhibited microorganisms	PTM	Title	Authors	Abstract	DOI
P02666	VPP	Beta-casein	Bos taurus	99-101	ACE-inhibitory		"1) 8.4,
2) 23.9,
3) 4.5,
4) 9.0"				"1) ACE-inhibitory activity of probiotic yoghurt,
2) Screening milk-derived antihypertensive peptides using quantitative structure activity relationship (QSAR) modelling and in vitro/in vivo studies on their bioactivity,
3) Antihypertensive effect of the bovine casein-derived peptide Met-Lys-Pro,
4) Purification and Characterization of Angiotensin I-Converting Enzyme Inhibitors from Sour Milk,
5) Biological effects of casein-derived tripeptide powders are not affected by fermentation process,
6) Hemodynamic Effects of Lactotripeptides from Casein Hydrolysate in Mediterranean Normotensive Subjects and Patients with High-Normal Blood Pressure: A Randomized, Double-Blind, Crossover Clinical Trial,
7) Characterization of casein-derived peptide bioactivity: Differential effects on angiotensin-converting enzyme inhibition and cytokine and nitric oxide production"	"1) Donkor, ON. et al.,
2) Jing, P. et al.,
3) Yamada, A. et al.,
4) Nakamura, Y. et al.,
5) Jakala, P. et al.,
6) Cicero, AFG. et al.,
7) Adams, C. et al."	"1) In this study, the in vitro angiotensin-converting enzyme (ACE)-inhibitory (ACE-I) activity of peptide fractions from different yoghurt batches was assessed. Inhibition of ACE activity resulted in an overall antihypertensive effect. Yoghurts were prepared either using a sole yoghurt culture including Lactobacillus delbrueckii ssp. bulgaricus Lb1466 and Streptococcus thermophilus St1342, or L. acidophilus L10, L. casei L26 and Bifidobacterium lactis B94 in addition to yoghurt culture. ACE-I activity was determined at weekly intervals during 28 days of cold storage. Peptide fractions showing high ACE-I activity were further purified using multiple-steps of RP-HPLC. All probiotic yoghurts showed appreciable ACE-I activity during initial stages of storage compared with the control yoghurt, with a significant (p<0.05) decrease afterwards. The ACE-I activity ranged from IC50 of 103.30–27.79 μg mL−1 with the greatest ACE inhibition achieved during first and third week of storage. The in vitro ACE-I activity could be related to the peptide liberation via degradation of caseins. In total, 8 ACE-I peptides were characterized originating from αs2-casein (1), κ-casein (2) and β-casein, of which two well-known ACE-inhibiting peptides, namely Val–Pro–Pro (VPP) and Ile–Pro–Pro (IPP), were identified. These peptides are already used in commercial products.,
2) In this study, we constructed a quantitative structure activity relationship (QSAR) model of angiotensin I-converting enzyme (ACE) inhibitory tripeptides from published data (R2 = 0.8437; Q2 = 0.649) and applied the model to screen 27 tripeptides derived from cow milk protein sequences. Potential ACE inhibitory tripeptides were synthesised and evaluated in in vitro/in vivo studies. Results showed that ACE inhibitory activities of tripeptides followed the order (p < 0.05): isoleucine-proline-proline (IPP, commercial) > valine-isoleucine-proline (VIP) > isoleucine-valine-proline (IVP) based on concentrations (7.57–49.72 μm) that decreased 50% of ACE activity. Lowering systolic blood pressure (SBP) effect of tripeptides in rats (1.5 mg kg−1 body weight dosage) followed the order according to relative lowering SBP rates: IVP (24%) > IPP (17%) > VIP (12%), consistent with results on mRNA levels of sarcoplasmic reticulum Ca2+, Mg2+ -ATPase gene in rat hearts (p < 0.05). IPP and IVP showed no negative effects on blood glycometabolism.,
3) The antihypertensive effect of the bovine casein-derived peptide Met-Lys-Pro (MKP) was examined in vitro and in vivo. MKP showed angiotensin I-converting enzyme (ACE)-inhibitory activity in vitro (IC50 = 0.43 μM). An in vivo kinetics study using radiolabeled Met-[1-14C]Lys-Pro (14C-MKP) showed that orally administered 14C-MKP to spontaneously hypertensive rats (SHRs) was absorbed and moved into the plasma. In vitro vasoconstriction of thoracic aorta preparations, which was induced by adding angiotensin I, was reduced by prior exposure of MKP. A single oral dose of MKP lowered systolic blood pressure (SBP) of SHRs, and repeated oral administration of MKP for 28 days significantly lowered SBP of SHRs. The results obtained in the present study suggest that orally administrated MKP can be absorbed into the plasma and its ACE-inhibitory activity may contribute to induce the antihypertensive effect in vivo.,
4) The inhibitory activity of angiotensin I-converting enzyme in milk increased during fermentation with the Calpis sour milk starter containing Lactobacillus helveticus and Saccharomyces cerevisiae. Two kinds of peptides inhibitory to angiotensin I-converting enzyme were purified from the sour milk by using four-step HPLC. The amino acid sequences of these inhibitors were identified as Val-Pro-Pro and Ile-Pro-Pro. The concentrations of peptides providing 50% inhibition of angiotensin I-converting enzyme were 9 and 5 microM, respectively. Most of the inhibitory activity in sour milk was attributed to these two peptides.,
5) Milk casein-derived biologically active tripeptides isoleucine–proline–proline and valine–proline–proline have shown antihypertensive effects both in animal and clinical studies. Contradictory findings from clinical intervention studies may be related to different manufacturing processes. The present study aimed to compare cardiovascular effects of two different tripeptide powders in spontaneously hypertensive rat (SHR). Rats received tripeptide powders produced either by Lactobacillus helveticus fermentation (A) or Lb. helveticus plus proline specific endoprotease (B) in drinking fluid for 8 weeks. Systolic blood pressure was recorded weekly. At the end, blood and tissue samples were collected and arterial responses studied. Blood pressure was 13.6 and 14.2 mmHg lower in the groups A and B, respectively, versus the water group (P < 0.01). Vascular responses of aorta and mesenteric artery did not differ between the groups. Both tripeptide products increased urinary cGMP (P < 0.001) and decreased albumin (P < 0.05). The fermentation process did not influence the cardiovascular effects of the tripeptide powders.,
6) Contrasting data partially support a certain antihypertensive efficacy of lactotripeptides derived from enzymatic treatment of casein hydrolysate. We carried out a randomized, double-blind, crossover clinical study to investigate the antihypertensive efficacy of a short-term treatment with lactotripeptides in Mediterranean subjects with normal or high-normal blood pressure (BP). We consecutively enrolled 55 untreated subjects (men:women = 30:25), 40.3 ± 9.8 years old, with normal or high-normal BP. After 4 weeks of dietary standardization, they were allocated to treatment with a fruit juice containing 3 mg of added Ile-Pro-Pro/Val-Pro-Pro lactotripeptides or with placebo for 4 weeks. After a 4-week washout period, they were then assigned to the alternative treatment for a further period of 4 weeks. Overall, no significant difference has been observed in office BP comparing baseline data with those posttreatment. Repeating the analysis by basal BP level, a mild but significant reduction in systolic BP (−1.7 ± 2.3 mm Hg; t = 3.5, P = .002) has been observed only in subjects with high-normal BP after treatment with lactotripeptides. With regard to 24-hour BP measurement, after lactotripeptide treatment only, the subjects experienced a significant reduction in diurnal diastolic BP (−1.6 ± 5.4 mm Hg; P = .042), diurnal mean BP (−2.1 ± 5.9 mm Hg; P = .19), and 24-hour (−5.4 ± 14.2 mm Hg; P = .011) and diurnal (−7.1 ± 19.2%; P = .014) diastolic BP value measurements relative to normal values. No modification has been observed in relation to plasma renin activity and aldosteronemia. In conclusion, diurnal diastolic BP is significantly reduced by lactrotripeptide supplementation in untreated Mediterranean subjects with normal or high-normal BP. Office systolic BP is reduced only in subjects with high-normal BP.,
7) Lactic acid bacteria (LAB) are used as starter cultures in the production of fermented dairy products and have the potential to confer bioactivity relevant to cardiovascular health, as they possess extensive proteolytic systems that liberate small bioactive peptides from larger milk proteins. Certain casein-derived peptides released by various LAB strains during fermentation have been shown to reduce hypertension and to modulate the immune system. We investigated the growth and peptide production of 2 LAB strains, Lactobacillus helveticus R0389 and Lactocaseibacillus rhamnosus R0011, their immunomodulatory activities, as well as their abilities to inhibit the angiotensin-converting enzyme (ACE). Peptide fractions collected from the cell-free supernatant of both medium-grown and milk fermentation cultures were assessed for ACE-inhibitory activity and their effects on the production of proinflammatory and regulatory cytokines by human THP-1 monocytes. Cultures were grown in medium, with or without supplementation with 0.1% casein, or in 3.25% milk fermented with each LAB strain. Casein supplementation increased the growth rate of both LAB strains, and significantly increased ACE-inhibitory activity of peptide fractions collected from both L. helveticus R0389 and L. rhamnosus R0011 cultures grown for 12 h. Fermentation peptide fractions of L. rhamnosus R0011 showed comparable ACE-inhibitory activity to known ACE inhibiting peptides Val-Pro-Pro and Ile-Pro-Pro (up to 79% inhibition) with a significant difference between culture peptide fractions and acidified and nonacidified control fractions collected after 6 d of fermentation. Many milk and casein-derived peptides reported in previous studies have been identified as part of a larger bioactive fraction. We synthesized a group of these peptides to individually assess both ACE-inhibitory and immunomodulatory activity. The known ACE inhibitors Val-Pro-Pro and Ile-Pro-Pro showed similar ACE inhibition to previously published results, while also inducing the production of the regulatory cytokine IL-10 by monocytes in the presence and absence of a proinflammatory stimulant. These synthesized peptides could also induce the production of nitric oxide (NO), a potent vasodilator, in human endothelial cell cultures. Investigating the relationships among these bioactive properties could improve the use of probiotic organisms and their secreted products in the food industry."	"1) 10.1016/j.idairyj.2007.02.009,
2) 10.1016/j.idairyj.2013.10.009,
3) 10.1016/j.foodchem.2014.09.098,
4) 10.3168/jds.S0022-0302(95)76689-9,
5) 10.1016/j.idairyj.2009.11.017,
6) 10.1089/jmf.2009.0253,
7) 10.3168/jds.2019-17976"
P02666	VPP	Beta-casein	Bos taurus	99-101	Antioxidant						Milk-derived tripeptides IPP (Ile-Pro-Pro) and VPP (Val-Pro-Pro) differentially modulate angiotensin II effects on vascular smooth muscle cells	Chakrabarti, S. et al.	Hyperactivity of the Renin-Angiotensin System (RAS) is a hallmark of hypertension. Angiotensin II (AngII), the active component of RAS, not only promotes vasoconstriction but also contributes to proliferation, inflammation and oxidative stress in vascular smooth muscle cells (VSMC) that predispose to atherosclerosis. Milk derived bioactive peptides IPP (Ile-Pro-Pro) and VPP (Val-Pro-Pro) exert anti-hypertensive effects through RAS modulation. Here we evaluated the ability of these peptides to attenuate the effects of AngII on cultured VSMC. We found that VPP significantly inhibited AngII induced cell proliferation, inflammation and oxidative stress while IPP only showed anti-oxidant actions. Both peptides abolished AngII mediated activation of pro-inflammatory nuclear factor kappa B (NF-κB) pathway but only VPP could attenuate activation of extracellular signal regulated kinases (ERK) 1/2. These results demonstrate differential modulation of AngII actions on VSMC by anti-hypertensive milk peptides and indicate the potential for VPP in mitigating the vascular complications of hypertension.	10.1016/j.jff.2016.12.022
P02666	VPP	Beta-casein	Bos taurus	99-101	Enhance insulin signaling						Milk-Derived Tripeptides IPP (Ile-Pro-Pro) and VPP (Val-Pro-Pro) Enhance Insulin Sensitivity and Prevent Insulin Resistance in 3T3-F442A Preadipocytes	Chakrabarti, S. et al.	There is great interest in developing naturally derived compounds, especially bioactive peptides with potential insulin sensitizing effects and/or preventing insulin resistance. Previously, we showed adipogenic and insulin mimetic actions of IPP (Ile-Pro-Pro) and VPP (Val-Pro-Pro), the milk-derived tripeptides on cultured preadipocytes, in addition to their previously characterized antihypertensive and anti-inflammatory functions. However, the effect of these peptides on insulin signaling is not known. Therefore, we examined IPP and VPP effects on insulin signaling in preadipocytes, a well-established model for studying insulin signaling. Our results suggested both peptides enhanced insulin signaling and contributed toward the prevention of insulin resistance in the presence of tumor necrosis factor (TNF). Inhibition of inflammatory mediator NF-kB under TNF stimulation was a likely contributor to the prevention of insulin resistance. VPP further enhanced the expression of glucose transporter 4 (GLUT4) in adipocytes and restored glucose uptake in TNF-treated adipocytes. Our data suggested the potential of these peptides in the management of conditions associated with impairments in insulin signaling.	10.1021/acs.jafc.8b02051
P02666	VPP	Beta-casein	Bos taurus	99-101	Immunomodulatory	"1) Anti-inflammatory,
2) Anti-inflammatory,
3) Anti-inflammatory"					"1) Milk-Derived Tripeptides IPP (Ile-Pro-Pro) and VPP (Val-Pro-Pro) Promote Adipocyte Differentiation and Inhibit Inflammation in 3T3-F442A Cells,
2) Oral administration of the milk casein-derived tripeptide Val-Pro-Pro attenuates high-fat diet-induced adipose tissue inflammation in mice,
3) Characterization of casein derived peptide bioactivity: Differential effects on angiotensin-converting enzyme inhibition and cytokine and nitric oxide production"	"1) Chakrabarti, S. et al.,
2) Aihara, K. et al.,
3) Adams, C. et al."	"1) Milk derived tripeptides IPP (Ile-Pro-Pro) and VPP (Val-Pro-Pro) have shown promise as anti-hypertensive agents due to their inhibitory effects on angiotensin converting enzyme (ACE). Due to the key inter-related roles of hypertension, chronic inflammation and insulin resistance in the pathogenesis of metabolic syndrome, there is growing interest in investigating established anti-hypertensive agents for their effects on insulin sensitivity and inflammation. In this study, we examined the effects of IPP and VPP on 3T3-F442A murine pre-adipocytes, a widely used model for studying metabolic diseases. We found that both IPP and VPP induced beneficial adipogenic differentiation as manifested by intracellular lipid accumulation, upregulation of peroxisome proliferator-activated receptor gamma (PPARγ) and secretion of the protective lipid hormone adiponectin by these cells. The observed effects were similar to those induced by insulin, suggesting potential benefits in the presence of insulin resistance. IPP and VPP also inhibited cytokine induced pro-inflammatory changes such as reduction in adipokine levels and activation of the nuclear factor kappa B (NF-κB) pathway. Taken together, our findings suggest that IPP and VPP exert insulin-mimetic adipogenic effects and prevent inflammatory changes in adipocytes, which may offer protection against metabolic disease,
2) Inflammation of adipose tissue triggers the metabolic syndrome, atherosclerosis and CHD. In the present study, we investigated whether the milk casein-derived tripeptide valine-proline-proline (VPP) has an anti-inflammatory effect on the adipose tissue of high-fat diet (HFD)-fed mice. Male C57BL/6J mice (7 weeks of age) were fed ad libitum with either a HFD and plain tap water (HFD group) or a HFD and water containing 0·3 mg VPP/ml (HFD+VPP group) for 10 weeks. The results showed that the expression level of CD18 in the peripheral blood monocytes of the HFD+VPP group was significantly decreased compared with the level observed in those of the HFD group. Activated monocytes and pro-inflammatory macrophages were accumulated in the stromal vascular fractions of the adipose tissue from HFD-fed mice, which were significantly decreased in those supplemented with VPP. The formation of crown-like structures rich in pro-inflammatory macrophages was also significantly reduced in the adipose tissue of mice administered with VPP. Real-time PCR analysis revealed that the expression of monocyte chemoattractant protein-1 and that of the pro-inflammatory cytokine IL-6 in adipose tissue tend to be lower in the HFD+VPP group than in the HFD group. These observations indicate that oral administration of VPP exerts an anti-inflammatory effect on the adipose tissue of HFD-fed mice, which may eventually lead to the primary prevention of chronic inflammation-related diseases.,
3) Lactic acid bacteria (LAB) are used as starter cultures in the production of fermented dairy products and have the potential to confer bioactivity relevant to cardiovascular health, as they possess extensive proteolytic systems that liberate small bioactive peptides from larger milk proteins. Certain casein-derived peptides released by various LAB strains during fermentation have been shown to reduce hypertension and to modulate the immune system. We investigated the growth and peptide production of 2 LAB strains, Lactobacillus helveticus R0389 and Lactocaseibacillus rhamnosus R0011, their immunomodulatory activities, as well as their abilities to inhibit the angiotensin-converting enzyme (ACE). Peptide fractions collected from the cell-free supernatant of both medium-grown and milk fermentation cultures were assessed for ACE-inhibitory activity and their effects on the production of proinflammatory and regulatory cytokines by human THP-1 monocytes. Cultures were grown in medium, with or without supplementation with 0.1% casein, or in 3.25% milk fermented with each LAB strain. Casein supplementation increased the growth rate of both LAB strains, and significantly increased ACE-inhibitory activity of peptide fractions collected from both L. helveticus R0389 and L. rhamnosus R0011 cultures grown for 12 h. Fermentation peptide fractions of L. rhamnosus R0011 showed comparable ACE-inhibitory activity to known ACE inhibiting peptides Val-Pro-Pro and Ile-Pro-Pro (up to 79% inhibition) with a significant difference between culture peptide fractions and acidified and nonacidified control fractions collected after 6 d of fermentation. Many milk and casein-derived peptides reported in previous studies have been identified as part of a larger bioactive fraction. We synthesized a group of these peptides to individually assess both ACE-inhibitory and immunomodulatory activity. The known ACE inhibitors Val-Pro-Pro and Ile-Pro-Pro showed similar ACE inhibition to previously published results, while also inducing the production of the regulatory cytokine IL-10 by monocytes in the presence and absence of a proinflammatory stimulant. These synthesized peptides could also induce the production of nitric oxide (NO), a potent vasodilator, in human endothelial cell cultures. Investigating the relationships among these bioactive properties could improve the use of probiotic organisms and their secreted products in the food industry."	"1) 10.1371/journal.pone.0117492,
2) 10.1017/S0007114514001147,
3) 10.3168/jds.2019-17976"
P02666	VPP	Beta-casein	Bos taurus	99-101	Nitric oxide liberation						Characterization of casein derived peptide bioactivity: Differential effects on angiotensin-converting enzyme inhibition and cytokine and nitric oxide production	Adams, C. et al.	Lactic acid bacteria (LAB) are used as starter cultures in the production of fermented dairy products and have the potential to confer bioactivity relevant to cardiovascular health, as they possess extensive proteolytic systems that liberate small bioactive peptides from larger milk proteins. Certain casein-derived peptides released by various LAB strains during fermentation have been shown to reduce hypertension and to modulate the immune system. We investigated the growth and peptide production of 2 LAB strains, Lactobacillus helveticus R0389 and Lactocaseibacillus rhamnosus R0011, their immunomodulatory activities, as well as their abilities to inhibit the angiotensin-converting enzyme (ACE). Peptide fractions collected from the cell-free supernatant of both medium-grown and milk fermentation cultures were assessed for ACE-inhibitory activity and their effects on the production of proinflammatory and regulatory cytokines by human THP-1 monocytes. Cultures were grown in medium, with or without supplementation with 0.1% casein, or in 3.25% milk fermented with each LAB strain. Casein supplementation increased the growth rate of both LAB strains, and significantly increased ACE-inhibitory activity of peptide fractions collected from both L. helveticus R0389 and L. rhamnosus R0011 cultures grown for 12 h. Fermentation peptide fractions of L. rhamnosus R0011 showed comparable ACE-inhibitory activity to known ACE inhibiting peptides Val-Pro-Pro and Ile-Pro-Pro (up to 79% inhibition) with a significant difference between culture peptide fractions and acidified and nonacidified control fractions collected after 6 d of fermentation. Many milk and casein-derived peptides reported in previous studies have been identified as part of a larger bioactive fraction. We synthesized a group of these peptides to individually assess both ACE-inhibitory and immunomodulatory activity. The known ACE inhibitors Val-Pro-Pro and Ile-Pro-Pro showed similar ACE inhibition to previously published results, while also inducing the production of the regulatory cytokine IL-10 by monocytes in the presence and absence of a proinflammatory stimulant. These synthesized peptides could also induce the production of nitric oxide (NO), a potent vasodilator, in human endothelial cell cultures. Investigating the relationships among these bioactive properties could improve the use of probiotic organisms and their secreted products in the food industry.	10.3168/jds.2019-17976
P02666	VPP	Beta-casein	Bos taurus	99-101	Osteoanabolic	"1) stimulates trabecular bone growth,
2) Reduces bone loss"					"1) Effects of Lactobacillus helveticus fermented milk and its bioactive peptides on bone parameters in spontaneously hypertensive rats,
2) Effects of Bioactive Peptide, Valyl-Prolyl-Proline (VPP), and Lactobacillus helveticus Fermented Milk Containing VPP on Bone Loss in Ovariectomized Rats"	"1) Narva, M. et al.,
2) Narva, M. et al."	"1) Lactobacillus (L.) helveticus fermented milk attenuates the development of hypertension through its bioactive peptides. The aim of the present study was to clarify whether L. helveticus and its components affect bone in spontaneously hypertensive rats (SHR). Male SHR (n = 10/group) received either 1) L. helveticus fermented milk high in isoleucyl-prolyl-proline (IPP) and valyl-prolyl-proline (VPP) peptides, 2) normal sour milk, 3) synthesised IPP and VPP peptides in water, or 4) water, ad libitum for 12 weeks. After the intervention, bone mineral density and bone mineral content were measured of the right femur by dual energy X-ray absorptiometry. Ash weight, and calcium and phosphate content of the ashes were measured. Static histomorphometrical measurements were taken from the tibia. The L. helveticus group showed 34% higher bone volume than the water group (p = 0.066). The trabecular thickness was 17% higher in the L. helveticus group (p = 0.025) and 10% higher in the peptide group (p = 0.025) than in the water group. There was no difference in the bone mineral density between the L. helveticus and the water group. Long-term feeding with L. helveticus fermented milk supports trabecular bone in growing SHR. This effect may be dependent on the bioactive peptides formed during fermentation.,
2) Valyl-prolyl-proline (VPP), a bioactive peptide formed during the fermentation with Lactobacillus helveticus LBK-16H (L. helveticus), has been shown to increase bone formation in vitro. The aim of the study was to determine whether VPP and L. helveticus fermented milk prevent bone loss in ovariectomized (OVX) rats. Methods: During the 12-week intervention study, the OVX rats received VPP in water or L. helveticus fermented milk, containing VPP. Sham-operated rats receiving water acted as controls. The trabecular and cortical bone mineral density were determined by peripheral quantitative computed tomography before the operation and at 4 and 12 weeks. The mechanical testing and ash weight analysis as well as the static and dynamic histomorphometrical parameters were assessed at the end of the intervention. Results: VPP given in water showed no clear effect on bone loss. L. helveticus fermented milk prevented bone loss by decreasing bone turnover and increasing the bone mineral density. Ovariectomycaused a 57% loss in the trabecular bone, which was attenuated by 16% in the L. helveticus group. Conclusions: VPP peptide did not prevent ovariectomy-induced bone loss, which could be due to the poor bioavailability of VPP from water solution. L. helveticus fermented milk prevented bone loss, whether this is due to the VPP peptide cannot be concluded."	"1) N/A,
2) 10.1159/000100823"
P02666	YPFPGPI	Beta-casein	Bos taurus	75-81	ACE-inhibitory		"1) 500.0,
2) 685.91"				"1) Release of angiotensin converting enzyme-inhibitory peptides by simulated gastrointestinal digestion of infant formulas,
2) In Silico and In Vitro Analysis of Multifunctionality of Animal Food-Derived Peptides"	"1) Hernandez-Ledesma, B. et al.,
2) Amigo, L. et al."	"1) The angiotensin converting enzyme (ACE)-inhibitory activity of several infant formulas was evaluated. Most of these products showed moderate inhibitory activity, but two exceptions that corresponded to an extensively hydrolysed whey formula and an extensively hydrolysed casein formula were detected. Two products (a non-hydrolysed milk protein-based formula and an extensively hydrolysed whey formula) were subjected to a two-stage in vitro enzymatic procedure, which simulates physiological digestion, in order to study the impact of digestion on ACE-inhibitory activity. The ACE-inhibitory activity of the non-hydrolysed formula increased during simulated gastrointestinal digestion, while no significant change was observed in the activity of the hydrolysed whey formula prior to and after, digestion. The peptides generated from these two products during simulated physiological digestion were sequenced by tandem spectrometry. At the end of the digestion, most peptides found in the non-hydrolysed milk protein-based formula were formed during incubation with the pancreatic extract, but, in the hydrolysed whey formula, many peptides present in the undigested product survived simulated digestion. The potential ACE-inhibitory activity of these peptides is discussed with regard to their amino-acid sequences.,
2) Currently, the associations between oxidative stress, inflammation, hypertension, and metabolic disturbances and non-communicable diseases are very well known. Since these risk factors show a preventable character, the searching of food peptides acting against them has become a promising strategy for the design and development of new multifunctional foods or nutraceuticals. In the present study, an integrated approach combining an in silico study and in vitro assays was used to confirm the multifunctionality of milk and meat protein-derived peptides that were similar to or shared amino acids with previously described opioid peptides. By the in silico analysis, 15 of the 27 assayed peptides were found to exert two or more activities, with Angiotensin-converting enzyme (ACE) inhibitory, antioxidant, and opioid being the most commonly found. The in vitro study confirmed ACE-inhibitory and antioxidant activities in 15 and 26 of the 27 synthetic peptides, respectively. Four fragments, RYLGYLE, YLGYLE, YFYPEL, and YPWT, also demonstrated the ability to protect Caco-2 and macrophages RAW264.7 cells from the oxidative damage caused by chemicals. The multifunctionality of these peptides makes them promising agents against oxidative stress-associated diseases."	"1) 10.1016/j.idairyj.2004.02.011,
2) 10.3390/foods9080991"
P02666	YPFPGPI	Beta-casein	Bos taurus	75-81	Antianxiety						Comparative analysis of neurotropic activity of exorphines, derivatives of dietary proteins	Dubynin, VA. et al.	The effects of wheat gluten fragments, hemoglobin, and milk β-caseins (exorphine C, hemorphine-6, and β-casomorphine-7) on nociceptive sensitivity and behavior were studied in albino rats. Hemorphine-6 and exorphine C induced hyperalgesia and increased anxiety; β-casomorphine-7 decreased anxiety and nociceptive sensitivity. All peptides partially decreased motor activity and the orientative-exploring reaction. In contrast to β-casomorphine-7, exorphine C and hemorphine-6 did not exhibit neurotropic activity intrinsic to opioids and can be characterized as functional antagonists of endogenous opioid peptides.	10.1007/BF02496839
P02666	YPFPGPI	Beta-casein	Bos taurus	75-81	Anticancer	decreased breastcancer cell proliferation					Antiproliferative and receptor binding properties of α- and β-casomorphins in the T47D human breast cancer cell line	Hatzoglou, A. et al.	In previous studies, we have shown that opioid agonists ([d-Ala2,d-Leu5]enkephalin (DADLE), [d-Ser2,Leu5]enkephalin-Thr6 (DSLET), ethylketocyclazocine and etorphine) bind to opioid binding sites and decrease cell proliferation of human T47D breast cancer cells. Furthermore, we provided evidence about a cross-reaction, also in the T47D human breast cancer cell line, of μ-acting opioids with type-II somatostatin receptors. Since a potential source of opioid activity in the breast might be casomorphin peptides (produced by the enzymatic degradation of α-casein and β-casein), we investigated the antiproliferative action of five different casomorphin peptides: α-casein-(90–95), α-casein-(90–96), β-casomorphin, β-casomorphin-(1–5) and morphiceptin. We show that all five peptides decreased, in a dose-dependent manner, cell proliferation. The general antagonist diprenorphine produced only a partial reversal of their action. Furthermore, we provide evidence that all peptides (except for morphiceptin) bind to δ- and κ-opioid binding sites of T47D cells with different selectivity. Finally, we show that these peptides are also partial competitors at the somatostatin receptors present in the same cell line.	10.1016/0014-2999(96)00339-1
P02666	YPFPGPI	Beta-casein	Bos taurus	75-81	Antioxidant	Reduces pancreas MDA level					"1) β-Casomorphin-7 Cause Decreasing in Oxidative Stress and Inhibiting NF-kappaB-iNOS-NO Signal Pathway in Pancreas of Diabetes Rats,
2) In Silico and In Vitro Analysis of Multifunctionality of Animal Food-Derived Peptides"	"1) Yin, H. et al.,
2) Amigo, L. et al."	"1) β-Casomorphin-7 (β-CM-7) is a milk biological active peptide. The present study is aimed to investigate the protective effects of β-CM-7, against oxidative stress in pancreas of streptozotocin-induced diabetic rats by assaying malondialdehyde (MDA), nitric oxide (NO) level, the activity of enzymatic antioxidants such as superoxide dismutase (SOD), catalase, glutathione peroxidase (GSH-Px), and NF-κB, inducible nitric oxide synthase (iNOS) gene expression. A significant increase in the level of oxidative stress was observed in pancreas of the diabetic rats when compared to control rats. After 15 d oral administration of β-CM-7 (7.5 × 10−8mol/d), the pancreas MDA level was markedly reduced. Oral administration of β-CM-7 to diabetic rats showed an obviously increase in the activity of catalase in pancreas, oral administration of β-CM-7 to the diabetic group of rats also showed a reduction of NF-κB and iNOS gene expression in pancreas. The elevated pancreas NO level was markedly reduced by the oral administration of β-CM-7. Thus, the results of the present study suggest that β-CM-7 may cause protective effects such as pronounced decreasing in oxidative stress and inhibiting NF-κB-iNOS-NO signal pathway in pancreas of diabetes rats.,
2) Currently, the associations between oxidative stress, inflammation, hypertension, and metabolic disturbances and non-communicable diseases are very well known. Since these risk factors show a preventable character, the searching of food peptides acting against them has become a promising strategy for the design and development of new multifunctional foods or nutraceuticals. In the present study, an integrated approach combining an in silico study and in vitro assays was used to confirm the multifunctionality of milk and meat protein-derived peptides that were similar to or shared amino acids with previously described opioid peptides. By the in silico analysis, 15 of the 27 assayed peptides were found to exert two or more activities, with Angiotensin-converting enzyme (ACE) inhibitory, antioxidant, and opioid being the most commonly found. The in vitro study confirmed ACE-inhibitory and antioxidant activities in 15 and 26 of the 27 synthetic peptides, respectively. Four fragments, RYLGYLE, YLGYLE, YFYPEL, and YPWT, also demonstrated the ability to protect Caco-2 and macrophages RAW264.7 cells from the oxidative damage caused by chemicals. The multifunctionality of these peptides makes them promising agents against oxidative stress-associated diseases."	"1) 10.1111/j.1750-3841.2011.02577.x,
2) 10.3390/foods9080991"
P02666	YPFPGPI	Beta-casein	Bos taurus	75-81	Immunomodulatory	induce inflammatory immune response in gut					Consumption of β-casomorphins-7/5 induce inflammatory immune response in mice gut through Th-2 pathway	Ul Haq, MR. et al.	β-Casomorphins are opioid like bioactive peptides released on digestion of β-casein of milk. In the present study in vivo impact of consumption of β-casomorphins (BCM-7/5) was evaluated on immune response of murine gut. The peptides were given to mice through oral intubation at a dose of 7.5 × 10−8 mol/day/animal for 15 days. Oral administration of both peptides individually increased (p <0.01) phenotypic expression of inflammation associated molecules (MPO, MCP-1, IL-4 and histamine), humoral immune response (IgE, IgG, IgG1/IgG2a), infiltration of leucocytes in intestinal villi and mRNA expression of toll like receptors (TLR-2 and TLR-4) in mice gut. However, no changes in sIgA, IgA+ and goblet cell numbers were recorded. These results clearly indicate that consumption of β-casein derived peptides BCM-7/5 induce inflammatory immune response in gut, most likely through Th2 pathway.	10.1016/j.jff.2014.03.018
P02666	YPFPGPI	Beta-casein	Bos taurus	75-81	Increase mucin secretion	"1) Increase MUC expression,
2) prevents naloxone mucus inhibition"					"1) β-Casomorphin-7 regulates the secretion and expression of gastrointestinal mucins through a u-opioid pathway,
2) Milk Bioactive Peptides and -Casomorphins Induce Mucus Release in Rat Jejunum,
3) Effects of peptides derived from dietary proteins on mucus secretion in rat jejunum"	"1) Zoghbi, S. et al.,
2) Trompette, A. et al.,
3) Claustre, J. et al."	"1) We have recently shown that β-casomorphin-7, a milk opioid peptide, strongly stimulates mucin secretion in the rat jejunum through a nervous pathway and opioid receptor activation. In this study, the hypothesis that β-casomorphin-7 may also act directly on intestinal goblet cells was investigated in vitro in rat and human intestinal mucin-producing cells (DHE and HT29-MTX) using quantitative and semiquantitative RT-PCR and ELISA. The presence of μ-opioid receptors was demonstrated in rat goblet cells in the upper half of the colonic crypt and in the two cell lines by immunohistochemistry and RT-PCR. In rat DHE cells, β-casomorphin-7 increased the expression of rat mucin (rMuc)2 and rMuc3 but not rMuc1, rMuc4, and rMuc5AC. This effect was time and dose dependent, with the maximum of increase in transcripts being noticed for a concentration of 10−4 M after 2 h of stimulation for rMuc2 (225% of controls) and 4 h of stimulation for rMuc3 (208% of controls). Mucin secretion was maximally increased after 8 h of stimulation. Interestingly, these effects were prevented by pretreatment of the cells with the μ-opioid antagonist cyprodime. In human HT29-MTX cells, β-casomorphin-7 (10−4 M) also increased MUC5AC mRNA levels (219% after 24 h of stimulation) and the secretion of this mucin (169% of controls). In conclusion, β-casomorphin-7 may contribute significantly to mucin production via a direct effect on intestinal goblet cells and the activation of μ-opioid receptors. Because intestinal mucins have a crucial mucosal protective function, dairy products containing β-casomorphin-7 may improve intestinal protection and could have dietary and health applications.,
2) Intestinal mucus is critically involved in the protection of the mucosa. An enzymatic casein hydrolysate and beta-casomorphin-7, a mu-opioid peptide generated in the intestine during bovine casein digestion, markedly induce mucus discharge. Because shorter mu-opioid peptides have been described, the effects of the opioid peptides in casein, beta-casomorphin-7, -6, -4, -4NH2 and -3, and of opioid neuropeptides met-enkephalin, dynorphin A and (D-Ala2,N-Me-Phe4,glycinol5)enkephalin (DAMGO) on intestinal mucus secretion were investigated. The experiments were conducted with isolated perfused rat jejunum. Mucus secretion under the influence of beta-casomorphins and opioid neuropeptides administered intraluminally or intra-arterially was evaluated using an ELISA for rat intestinal mucus. Luminal administration of beta-casomorphin-7 (1.2 x 10(-4) mol/L) provoked a mucus discharge (500% of controls) that was inhibited by naloxone, a specific opiate receptor antagonist. Luminal beta-casomorphin-6, -4 and -4NH2 did not modify basal mucus secretion, whereas intra-arterial administration of beta-casomorphin-4 (1.2 x 10(-6) mol/L) induced a mucus discharge. In contrast, intra-arterial administration of the nonopioid peptide beta-casomorphin-3 did not release mucus. Among the opioid neuropeptides, intra-arterial infusion of Met-enkephalin or dynorphin-A did not provoke mucus secretion. In contrast, beta-endorphin (1.2 x 10(-8) to 1.2 x 10(-6) mol/L) induced a dose-dependent release of mucus (maximal response at 500% of controls). DAMGO (1.2 x 10(-6) mol/L), a mu-receptor agonist, also evoked a potent mucus discharge. Our findings suggest that mu-opioid neuropeptides, as well as beta-casomorphins after absorption, modulate intestinal mucus discharge. Milk opioid-derived peptides may thus be involved in defense against noxious agents and could have dietary and health applications.,
3) The hypothesis that dietary proteins or their hydrolysates may regulate intestinal mucin discharge was investigated in the isolated vascularly perfused rat jejunum using an enzyme-linked immunosorbent assay for rat intestinal mucins. On luminal administration, casein hydrolysate [0.05–5% (wt/vol)] stimulated mucin secretion in rat jejunum (maximal response at 417% of controls). Lactalbumin hydrolysate (5%) also evoked mucin discharge. In contrast, casein, and a mixture of amino acids was without effect. Chicken egg albumin and its hydrolysate or meat hydrolysate also did not modify mucin release. Interestingly, casein hydrolysate-induced mucin secretion was abolished by intra-arterial TTX or naloxone (an opioid antagonist). β-Casomorphin-7, an opioid peptide released from β-casein on milk ingestion, induced a strong mucin secretion (response at 563% of controls) that was inhibited by naloxone. Intra-arterial β-casomorphin-7 also markedly increased mucin secretion (410% of controls). In conclusion, two enzymatic milk protein hydrolysates (casein and lactalbumin hydrolysates) and β-casomorphin-7, specifically, induced mucin release in rat jejunum. The casein hydrolysate-induced mucin secretion is triggered by a neural pathway and mediated by opioid receptor activation."	"1) 10.1152/ajpgi.00455.2005,
2) 10.1093/jn/133.11.3499 ,
3) 10.1152/ajpgi.00535.2001"
P02666	YPFPGPI	Beta-casein	Bos taurus	75-81	Opioid						"1) Effects of peptides derived from dietary proteins on mucus secretion in rat jejunum,
2) Food-Derived Peptides Stimulate Mucin Secretion and Gene Expression in Intestinal Cells,
3) Contents of agonistic and antagonistic opioid peptides in different cheese varieties,
4) Biologically active peptides in milk proteins,
5) Milk Bioactive Peptides and β-Casomorphins Induce Mucus Release in Rat Jejunum"	"1) Claustre, J. et al.,
2) Martinez-Maqueda, D. et al.,
3) Sienkiewicz-Szłapka, E. et al.,
4) Meisel, H. et al.,
5) Trompette, A. et al."	"1) The hypothesis that dietary proteins or their hydrolysates may regulate intestinal mucin discharge was investigated in the isolated vascularly perfused rat jejunum using an enzyme-linked immunosorbent assay for rat intestinal mucins. On luminal administration, casein hydrolysate [0.05–5% (wt/vol)] stimulated mucin secretion in rat jejunum (maximal response at 417% of controls). Lactalbumin hydrolysate (5%) also evoked mucin discharge. In contrast, casein, and a mixture of amino acids was without effect. Chicken egg albumin and its hydrolysate or meat hydrolysate also did not modify mucin release. Interestingly, casein hydrolysate-induced mucin secretion was abolished by intra-arterial TTX or naloxone (an opioid antagonist). β-Casomorphin-7, an opioid peptide released from β-casein on milk ingestion, induced a strong mucin secretion (response at 563% of controls) that was inhibited by naloxone. Intra-arterial β-casomorphin-7 also markedly increased mucin secretion (410% of controls). In conclusion, two enzymatic milk protein hydrolysates (casein and lactalbumin hydrolysates) and β-casomorphin-7, specifically, induced mucin release in rat jejunum. The casein hydrolysate-induced mucin secretion is triggered by a neural pathway and mediated by opioid receptor activation.,
2) In this study, the hypothesis that food-derived opioid peptides besides β-casomorphin 7 might modulate the production of mucin via a direct action on epithelial goblet cells was investigated in HT29-MTX cells used as a model of human colonic epithelium. Seven milk whey or casein peptides, a human milk peptide, and a wheat gluten-derived peptide with proved or probable ability to bind μ- or δ-opioid receptors were tested on the cell culture. Significantly increased secretion of mucins was found after exposure to six of the assayed peptides, besides the previously described β-casomorphin 7, as measured by an enzyme-linked lectin assay (ELLA). Human β-casomorphin 5 and α-lactorphin were selected to study the expression of mucin 5AC gene (MUC5AC), the HT29-MTX major secreted mucin gene. α-Lactorphin showed increased expression of MUC5AC from 4 to 24 h (up to 1.6-fold over basal level expression), although differences were statistically different only after 24 h of exposure. However, this increased expression of MUC5AC did not reach significance after cell treatment with human β-casomorphin 5. In conclusion, six food-derived peptides have been identifed with described or probable opioid activity that induce mucin secretion in HT29-MTX cells. Concretely, α-lactorphin is able to up-regulate the expression of the major secreted mucin gene encoded by these cells.,
3) Two opioid peptides with agonistic (β-casomorphin-5 and β-casomorphin-7) and three with antagonistic (casoxin-6, casoxin-C and lactoferroxin A) activity were determined in three semi-hard cheeses (Edamski, Gouda and Kasztelan) and in two ripening mould cheeses (Brie and Rokpol). β-Casomorphins (BCMs) were found at a higher level in the mould cheeses, whereas the opioid peptides with antagonistic activity were identified at a higher level in the semi-hard cheeses. The opioid activities of the peptide extracts from the cheeses were confirmed using isolated rabbit ileum.,
4) Bioactive peptides have been identified as digestion products of several food proteins. All the bioactive sequences are hidden in an inactive state inside the polypeptide chain of the larger protein. Milk proteins are a rich source of biologically active peptides such as exorphins (casomorphins), phosphopeptides and immunopeptides. Such peptides are released during intestinal digestion of caseins and whey proteins. They may be involved in regulation of nutrient entry and influence the postprandial metabolism via stimulation of the secretion of hormones. Furthermore, they may exert a stimulating effect on the immune system. These findings offer new aspects for evaluating the nutritive value of food proteins. Moreover, bioactive peptides have already found interesting applications as dietary supplements and as pharmaceutical preparations.,
5) Intestinal mucus is critically involved in the protection of the mucosa. An enzymatic casein hydrolysate and beta-casomorphin-7, a mu-opioid peptide generated in the intestine during bovine casein digestion, markedly induce mucus discharge. Because shorter mu-opioid peptides have been described, the effects of the opioid peptides in casein, beta-casomorphin-7, -6, -4, -4NH2 and -3, and of opioid neuropeptides met-enkephalin, dynorphin A and (D-Ala2,N-Me-Phe4,glycinol5)enkephalin (DAMGO) on intestinal mucus secretion were investigated. The experiments were conducted with isolated perfused rat jejunum. Mucus secretion under the influence of beta-casomorphins and opioid neuropeptides administered intraluminally or intra-arterially was evaluated using an ELISA for rat intestinal mucus. Luminal administration of beta-casomorphin-7 (1.2 x 10(-4) mol/L) provoked a mucus discharge (500% of controls) that was inhibited by naloxone, a specific opiate receptor antagonist. Luminal beta-casomorphin-6, -4 and -4NH2 did not modify basal mucus secretion, whereas intra-arterial administration of beta-casomorphin-4 (1.2 x 10(-6) mol/L) induced a mucus discharge. In contrast, intra-arterial administration of the nonopioid peptide beta-casomorphin-3 did not release mucus. Among the opioid neuropeptides, intra-arterial infusion of Met-enkephalin or dynorphin-A did not provoke mucus secretion. In contrast, beta-endorphin (1.2 x 10(-8) to 1.2 x 10(-6) mol/L) induced a dose-dependent release of mucus (maximal response at 500% of controls). DAMGO (1.2 x 10(-6) mol/L), a mu-receptor agonist, also evoked a potent mucus discharge. Our findings suggest that mu-opioid neuropeptides, as well as beta-casomorphins after absorption, modulate intestinal mucus discharge. Milk opioid-derived peptides may thus be involved in defense against noxious agents and could have dietary and health applications."	"1) 10.1152/ajpgi.00535.2001,
2) 10.1021/jf301279k,
3) 10.1016/j.idairyj.2008.10.011,
4) 10.1007/BF02019390,
5) 10.1093/jn/133.11.3499 "
P02666	YPFPGPI	Beta-casein	Bos taurus	75-81	Satiety	induces CCK-8 (satiety)					In vitro transport and satiety of a β-lactoglobulin dipeptide and β-casomorphin-7 and its metabolites	Osborne, S. et al.	Understanding the digestive behaviour and biological activities of dairy proteins may help to develop model dairy products with targeted health outcomes including increased satiety and healthy weight maintenance. Caseins and whey proteins constitute over 95% of milk proteins with consumption of these proteins associated with increased satiety and a decreased prevalence of metabolic disorders. To investigate the in vitro digestive behaviour and satiety of dairy proteins at the intestinal epithelium, the in vitro transport and hydrolysis of 500–2000 μM β-casomorphin-7 (YPFPGPI or β-CM7) and a β-lactoglobulin (β-Lg) dipeptide (YL) was measured using Caco-2 cell monolayers grown on transwells as a model of the intestinal epithelium. Transport of YL was concentration dependent and ranged from 0.37–5.26 × 10−6 cm s−1, whereas transport of β-CM7 was only detected at 2000 μM and was significantly lower at 0.13 × 10−6 cm s−1. Rapid hydrolysis of β-CM7 in the apical chamber by the Caco-2 cells produced three peptide metabolites: YP, GPI and FPGPI. All of these metabolites were detected in the basolateral chamber after 30 min with both the YP and GPI peptides transporting at a higher rate than intact β-CM7. In vitro satiety was indicated by the secretion of cholecystokinin [26–33] (CCK-8) and glucagon-like peptide 1 (GLP-17–36NH2) in the STC-1 enteroendocrine cell model. CCK-8 secretion was highest in response to β-CM7 followed by the β-CM7 metabolite FPGPI. CCK-8 secretion however was not significantly stimulated by the tri- or dipeptides. Secretion of GLP-1 was not significantly stimulated by β-CM7 or YL. These in vitro results suggest that dairy peptide size enhances CCK-8 secretion, whilst limiting transport across Caco-2 monolayers.	10.1039/c4fo00164h
P02666	GVSKVKEAMAPKHKEMPFPKYPVEPFTESQ	Beta-casein	Bos taurus	109-138	Increase mucin secretion	"1) Increase MUC4 expression; Increase small intestinal goblet cell density,
2) Increase MUC2 expression"					"1) A novel bioactive peptide from yoghurts modulates expression of the gel-forming MUC2 mucin as well as population of goblet cells and Paneth cells along the small intestine,
2) β-Casein(94-123)-derived peptides differently modulate production of mucins in intestinal goblet cells"	"1) Plaisancie, P. et al.,
2) Plaisancie, P. et al."	"1) Several studies demonstrated that fermented milks may provide a large number of bioactive peptides into the gastrointestinal tract. We previously showed that beta-casomorphin-7, an opioid-like peptide produced from bovine β-casein, strongly stimulates intestinal mucin production in ex vivo and in vitro models, suggesting the potential benefit of milk bioactive peptides on intestinal protection. In the present study, we tested the hypothesis that the total peptide pool (TPP) from a fermented milk (yoghurt) may act on human intestinal mucus-producing cells (HT29-MTX) to induce mucin expression. Our aim was then to identify the peptide(s) carrying the biological activity and to study its impact in vivo on factors involved in gut protection after oral administration to rat pups (once a day, 9 consecutive days). TPP stimulated MUC2 and MUC4 gene expression as well as mucin secretion in HT29-MTX cells. Among the four peptide fractions that were separated by preparative reversed-phase high-performance liquid chromatography, only the C2 fraction was able to mimic the in vitro effect of TPP. Interestingly, the sequence [94-123] of β-casein, present only in C2 fraction, also regulated mucin production in HT29-MTX cells. Oral administration of this peptide to rat pups enhanced the number of goblet cells and Paneth cells along the small intestine. These effects were associated with a higher expression of intestinal mucins (Muc2 and Muc4) and of antibacterial factors (lysozyme, rdefa5). We conclude that the peptide β-CN(94-123) present in yoghurts may maintain or restore intestinal homeostasis and could play an important role in protection against damaging agents of the intestinal lumen.,
2) We recently reported the identification of a peptide from yoghurts with promising potential for intestinal health: the sequence (94-123) of bovine β-casein. This peptide, composed of 30 amino acid residues, maintains intestinal homoeostasis through production of the secreted mucin MUC2 and of the transmembrane-associated mucin MUC4. Our study aimed to search for the minimal sequence responsible for the biological activity of β-CN(94-123) by using several strategies based on (i) known bioactive peptides encrypted in β-CN(94-123), (ii) in silico prediction of peptides reactivity and (iii) digestion of β-CN(94-123) by enzymes of intestinal brush border membranes. The revealed sequences were tested in vitro on human intestinal mucus-producing HT29-MTX cells. We demonstrated that β-CN(108-113) (an ACE-inhibitory peptide) and β-CN(114-119) (an opioid peptide named neocasomorphin-6) up-regulated MUC4 expression whereas levels of the secreted mucins MUC2 and MUC5AC remained unchanged. The digestion of β-CN(94-123) by intestinal enzymes showed that the peptides β-CN(94-108) and β-CN(117-123) were present throughout 1·5 to 3 h of digestion, respectively. These two peptides raised MUC5AC expression while β-CN(117-123) also induced a decrease in the level of MUC2 mRNA and protein. In addition, this inhibitory effect was reproduced in airway epithelial cells. In conclusion, β-CN(94-123) is a multifunctional molecule but only the sequence of 30 amino acids has a stimulating effect on the production of MUC2, a crucial factor of intestinal protection."	"1) 10.1016/j.jnutbio.2012.05.004,
2) 10.1017/S0022029914000533"
P02666	GVSKVKEAMAPKHKEMPFPKYPVEPFTESQ	Beta-casein	Bos taurus	109-138	Opioid						A novel bioactive peptide from yoghurts modulates expression of the gel-forming MUC2 mucin as well as population of goblet cells and Paneth cells along the small intestine	Plaisancie, P. et al.	Several studies demonstrated that fermented milks may provide a large number of bioactive peptides into the gastrointestinal tract. We previously showed that beta-casomorphin-7, an opioid-like peptide produced from bovine β-casein, strongly stimulates intestinal mucin production in ex vivo and in vitro models, suggesting the potential benefit of milk bioactive peptides on intestinal protection. In the present study, we tested the hypothesis that the total peptide pool (TPP) from a fermented milk (yoghurt) may act on human intestinal mucus-producing cells (HT29-MTX) to induce mucin expression. Our aim was then to identify the peptide(s) carrying the biological activity and to study its impact in vivo on factors involved in gut protection after oral administration to rat pups (once a day, 9 consecutive days). TPP stimulated MUC2 and MUC4 gene expression as well as mucin secretion in HT29-MTX cells. Among the four peptide fractions that were separated by preparative reversed-phase high-performance liquid chromatography, only the C2 fraction was able to mimic the in vitro effect of TPP. Interestingly, the sequence [94-123] of β-casein, present only in C2 fraction, also regulated mucin production in HT29-MTX cells. Oral administration of this peptide to rat pups enhanced the number of goblet cells and Paneth cells along the small intestine. These effects were associated with a higher expression of intestinal mucins (Muc2 and Muc4) and of antibacterial factors (lysozyme, rdefa5). We conclude that the peptide β-CN(94-123) present in yoghurts may maintain or restore intestinal homeostasis and could play an important role in protection against damaging agents of the intestinal lumen.	10.1016/j.jnutbio.2012.05.004
P02666	GVSKVKEAMAPKHKEMPFPKYPVEPFTESQ	Beta-casein	Bos taurus	109-138	Wound healing						Protective effects of β-casofensin, a bioactive peptide from bovine β-casein, against indomethacin-induced intestinal lesions in rats	Bessette, C. et al.	"
Scope

β-casofensin, also known as peptide β-CN(94-123), is a milk bioactive peptide that modulates the intestinal barrier through its action on goblet cells. Here, we evaluated whether oral administration of β-casofensin can prevent indomethacin-induced injury of the jejunum in rats.
Methods and results

Rats received β-casofensin (0.01–100 μM) or tap water by daily gavage (4 μL/g) for eight days, then two subcutaneous injections of indomethacin (10 mg/kg, days 9 and 10) and were euthanized on day 12. In vitro, we investigated the effects of β-casofensin on the restitution of a wounded monolayer. Preventive administration of β-casofensin (100 μM) reduced intestinal macroscopic and microscopic damage induced by indomethacin. β-casofensin also prevented the depletion of goblet cells and increased myeloperoxidase activity, as well as tumor necrosis factor-ɑ (TNF-ɑ) expression and immunostaining of active caspase-3 in the jejunum of rats treated with indomethacin. In wound healing experiments, β-casofensin promoted epithelial restitution with no effect on cell proliferation. This effect was inhibited by pre-incubation with an anti-CC chemokine receptor 6 (CCR6) neutralizing antibody.
Conclusions

β-casofensin exerts protective effects in indomethacin-induced enteritis through preservation of goblet cells and improvement in wound healing. β-casofensin could therefore become vital in nutritional programs for the prevention of intestinal diseases."	10.1002/mnfr.201500680
P02666	YPFPG	Beta-casein	Bos taurus	75-79	Anticancer						Antiproliferative and receptor binding properties of α- and β-casomorphins in the T47D human breast cancer cell line	Hatzoglou, A. et al.	In previous studies, we have shown that opioid agonists ([d-Ala2,d-Leu5]enkephalin (DADLE), [d-Ser2,Leu5]enkephalin-Thr6 (DSLET), ethylketocyclazocine and etorphine) bind to opioid binding sites and decrease cell proliferation of human T47D breast cancer cells. Furthermore, we provided evidence about a cross-reaction, also in the T47D human breast cancer cell line, of μ-acting opioids with type-II somatostatin receptors. Since a potential source of opioid activity in the breast might be casomorphin peptides (produced by the enzymatic degradation of α-casein and β-casein), we investigated the antiproliferative action of five different casomorphin peptides: α-casein-(90–95), α-casein-(90–96), β-casomorphin, β-casomorphin-(1–5) and morphiceptin. We show that all five peptides decreased, in a dose-dependent manner, cell proliferation. The general antagonist diprenorphine produced only a partial reversal of their action. Furthermore, we provide evidence that all peptides (except for morphiceptin) bind to δ- and κ-opioid binding sites of T47D cells with different selectivity. Finally, we show that these peptides are also partial competitors at the somatostatin receptors present in the same cell line.	10.1016/0014-2999(96)00339-1
P02666	YPFPG	Beta-casein	Bos taurus	75-79	Immunomodulatory	Induce inflammatory immune response in gut					Consumption of β-casomorphins-7/5 induce inflammatory immune response in mice gut through Th-2 pathway	Ul Haq, MR. et al.	β-Casomorphins are opioid like bioactive peptides released on digestion of β-casein of milk. In the present study in vivo impact of consumption of β-casomorphins (BCM-7/5) was evaluated on immune response of murine gut. The peptides were given to mice through oral intubation at a dose of 7.5 × 10−8 mol/day/animal for 15 days. Oral administration of both peptides individually increased (p <0.01) phenotypic expression of inflammation associated molecules (MPO, MCP-1, IL-4 and histamine), humoral immune response (IgE, IgG, IgG1/IgG2a), infiltration of leucocytes in intestinal villi and mRNA expression of toll like receptors (TLR-2 and TLR-4) in mice gut. However, no changes in sIgA, IgA+ and goblet cell numbers were recorded. These results clearly indicate that consumption of β-casein derived peptides BCM-7/5 induce inflammatory immune response in gut, most likely through Th2 pathway.	10.1016/j.jff.2014.03.018
P02666	YPFPG	Beta-casein	Bos taurus	75-79	Improves cognition	"1) Promote neurite outgrowth,
2) improves learning and memory"					"1) Neurite Outgrowth-stimulating Activities of β-Casomorphins in Neuro-2a Mouse Neuroblastoma Cells,
2) Effects of systemic administration of β-casomorphin-5 on learning and memory in mice"	"1) Sakaguchi, M. et al.,
2) Sakaguchi, M. et al."	"1) Endogenous opioid peptides and opiate drugs are known to affect the development of the nervous system. β-Casomorphins (β-CMs) belong to a family of exogenous opioid peptides derived from the milk protein β-casein by proteolytic fragmentation. We investigated the effects of various fragments and analogues of β-CM on neurite outgrowth in Neuro-2a mouse neuroblastoma cells. The fragments β-CM-5 to -9 and β-CM-5 amide stimulated neurite outgrowth. Fragments shorter than β-CM-5 (β-CM-3, -4, and β-CM-4 amide) and longer than β-CM-9 (β-CM-13 and -21) had no effects. The activity of β-CMs to promote neurite outgrowth does not correlate with their opioid activity in guinea-pig ileum. The effect of the most potent fragment, β-CM-5, was prevented by the μ-opioid receptor-selectiveantagonist D-Phe-Cys2-Tyr3-D-Trp-Orn5-Thr6-Pen7- Thr8-NH2 (CTOP), or by pretreatment with pertussis toxin. These results suggest that the stimulatory effects of β-CMs on neurite outgrowth were mediated through G protein-coupled μ-opioid receptors.,
2) The effects of systemic administration of bovine β-casomorphin-5 (Tyr-Pro-Phe-Pro-Gly), a μ-opioid receptor agonist derived from milk β-casein, on spontaneous alternation behavior in the Y-maze (spatial short-term memory) and step-down-type passive avoidance response (non-spatial long-term memory) were investigated in mice. Intraperitoneal (i.p.) administration of β-casomorphin-5 (0.1–20 mg/kg) did not have a significant effect on either spontaneous alternation behavior or passive avoidance response. However, a low dose (1 mg/kg, i.p.) of β-casomorphin-5 improved scopolamine (1 mg/kg, s.c.)-induced impairment of spontaneous alternation behavior and passive avoidance response. Pretreatment with intracerebroventricular injections of β-funaltrexamine (a μ-opioid receptor antagonist, 0.1 μg/mouse) and naloxonazine (a μ1-opioid antagonist, 5 μg/mouse), which did not improve scopolamine-induced impairment, prevented the ameliorating effect of β-casomorphin-5 on scopolamine-induced impairment of passive avoidance response. These results indicated that systemic administration of a low dose (1 mg/kg, i.p.) of β-casomorphin-5 improves the disturbance of learning and memory resulting from cholinergic dysfunction through central mediation involving μ1-opioid receptors."	"1) 10.1271/bbb.67.2541,
2) 10.1016/j.ejphar.2005.11.014"
P02666	YPFPG	Beta-casein	Bos taurus	75-79	Increase intestinal motility						An in vitro rat model of colonic motility to determine the effect of β-casomorphin-5 on propagating contractions	Dalziel, J E. et al.	Beta-casomorphin-5 (βCM-5) is a milk-derived bioactive peptide that slows gastro-intestinal transit (GIT) in vivo and blocks the peristaltic reflex in the guinea pig colon in vitro. We wanted to establish an in vitro model system in which effects of dairy-derived substances containing opioid peptides on intestinal motility can be assessed and used to predict in vivo outcomes. Because βCM-5 is an opioid agonist that acts on enteric neurons, we used this substance to compare two different isolated colonic tissue preparations to determine which would more closely mimic the in vivo response previously reported in the literature. We compared and characterized the effects of βCM-5 on spontaneous contractions in isolated segments of distal colon (1 cm length) compared with propagating contractions along the isolated intact large intestine (22 cm length). In short segments of distal colon, βCM-5 increased the tension and frequency of spontaneous contractions in a concentration-dependent manner. At 20 μM βCM-5 tension increased by 71 ± 17% and the frequency doubled (n = 9), effects inhibited by naloxone (n = 7) and therefore mediated by opioid receptors. In contrast 20 μM βCM-5 disrupted propagating contractions in the large intestine preparation. At 20 μM βCM-5 reduced the proportion of contractions initiated in the proximal colon reaching the rectum by 83 ± 11% (n = 5) and this effect was also inhibited by naloxone, consistent with altered GIT reported in vivo. Our results demonstrate that the isolated whole large intestine provides an ideal preparation that mimics the reduced propagation of GIT in vivo in response to an opioid agonist, whereas short colon segments did not. The findings of the current study reveal that preserving large segments of intact large intestine, and hence intact enteric neural circuitry provides an ideal in vitro model to investigate the effect of opioid receptor modulators on intestinal transit.	10.1039/c4fo00193a
P02666	YPFPG	Beta-casein	Bos taurus	75-79	Opioid						Contents of agonistic and antagonistic opioid peptides in different cheese varieties	Sienkiewicz-Szłapka, E. et al.	Two opioid peptides with agonistic (β-casomorphin-5 and β-casomorphin-7) and three with antagonistic (casoxin-6, casoxin-C and lactoferroxin A) activity were determined in three semi-hard cheeses (Edamski, Gouda and Kasztelan) and in two ripening mould cheeses (Brie and Rokpol). β-Casomorphins (BCMs) were found at a higher level in the mould cheeses, whereas the opioid peptides with antagonistic activity were identified at a higher level in the semi-hard cheeses. The opioid activities of the peptide extracts from the cheeses were confirmed using isolated rabbit ileum.	10.1016/j.idairyj.2008.10.011
P02666	VYPFPGPIP	Beta-casein	Bos taurus	74-82	Prolyl endopeptidase-inhibitory		50.0				Inhibition of prolyl endopeptidase by synthetic β-casein peptides and their derivatives with a C-terminal prolinol or prolinal	Asano, M. et al.	Recently, some physiological significance of peptide fragments derived from milk proteins has been suggested. 1) It has recently been reported that synthetic peptide inhibitors of prolyl endopeptidase (PEP) possibly act as anti-amnestic agents. 2 ) In our previous paper,3) we described the synthesis of a number of peptide fragments of human β-casein, and found that PEP activity was inhibited by the synthetic pep tides within amino acid redidues 49-59 (Leu-Ile-Tyr-Pro-Phe-Val-Glu-Pro-Ile-Pro-Tyr) of β-casein, and the most potent inhibitor was Ile-Tyr-Pro-Phe-Val-GluPro-Ile (50-57, IC50 = 8 11M)	10.1271/bbb.56.976
P02666	VYPFPGPI	Beta-casein	Bos taurus	74-81	Prolyl endopeptidase-inhibitory		110.0				Inhibition of prolyl endopeptidase by synthetic β-casein peptides and their derivatives with a C-terminal prolinol or prolinal	Asano, M. et al.	Recently, some physiological significance of peptide fragments derived from milk proteins has been suggested. 1) It has recently been reported that synthetic peptide inhibitors of prolyl endopeptidase (PEP) possibly act as anti-amnestic agents. 2 ) In our previous paper,3) we described the synthesis of a number of peptide fragments of human β-casein, and found that PEP activity was inhibited by the synthetic pep tides within amino acid redidues 49-59 (Leu-Ile-Tyr-Pro-Phe-Val-Glu-Pro-Ile-Pro-Tyr) of β-casein, and the most potent inhibitor was Ile-Tyr-Pro-Phe-Val-GluPro-Ile (50-57, IC50 = 8 11M)	10.1271/bbb.56.976
P02666	IHPFAQTQ	Beta-casein	Bos taurus	64-71	Prolyl endopeptidase-inhibitory		150.0				"1) Biologically active peptides in milk proteins,
2) Inhibition of prolyl endopeptidase by synthetic β-casein peptides and their derivatives with a C-terminal prolinol or prolinal"	"1) Meisel, H. et al.,
2) Asano, M. et al."	"1) Bioactive peptides have been identified as digestion products of several food proteins. All the bioactive sequences are hidden in an inactive state inside the polypeptide chain of the larger protein. Milk proteins are a rich source of biologically active peptides such as exorphins (casomorphins), phosphopeptides and immunopeptides. Such peptides are released during intestinal digestion of caseins and whey proteins. They may be involved in regulation of nutrient entry and influence the postprandial metabolism via stimulation of the secretion of hormones. Furthermore, they may exert a stimulating effect on the immune system. These findings offer new aspects for evaluating the nutritive value of food proteins. Moreover, bioactive peptides have already found interesting applications as dietary supplements and as pharmaceutical preparations.,
2) Recently, some physiological significance of peptide fragments derived from milk proteins has been suggested. 1) It has recently been reported that synthetic peptide inhibitors of prolyl endopeptidase (PEP) possibly act as anti-amnestic agents. 2 ) In our previous paper,3) we described the synthesis of a number of peptide fragments of human β-casein, and found that PEP activity was inhibited by the synthetic pep tides within amino acid redidues 49-59 (Leu-Ile-Tyr-Pro-Phe-Val-Glu-Pro-Ile-Pro-Tyr) of β-casein, and the most potent inhibitor was Ile-Tyr-Pro-Phe-Val-GluPro-Ile (50-57, IC50 = 8 11M)"	"1) 10.1007/BF02019390,
2) 10.1271/bbb.56.976"
P02666	YPVEPF	Beta-casein	Bos taurus	129-134	Antimicrobial						Two New Secreted Proteases Generate a Casein derived Antimicrobial Peptide in Bacillus cereus Food Born Isolate Leading to Bacterial Competition in Milk	Ouertani, A. et al.	Milk and dairy products harbor a wide variety of bacterial species that compete for both limited resources and space. Under these competitive conditions, bacteria develop specialized mechanisms to protect themselves during niche colonization and nutrient acquisition processes. The bacterial antagonism mechanisms include the production of antimicrobial agents or molecules that facilitate competitor dispersal. In the present work, a bacterial strain designated RC6 was isolated from Ricotta and identified as Bacillus cereus. It generates antimicrobial peptide (AMP) when grown in the presence of casein. The AMP was active against several species of Bacillus and Listeria monocytogenes. MALDI-TOF analysis of the RP-HPLC purified fractions and amino acid sequencing revealed a molecular mass of 751 Da comprised of a 6-residue sequence, YPVEPF. BLAST analysis showed that the AMP corresponds to the fractions 114–119 of bovine β-casein and represents the product of a specific proteolysis. Analysis of the purified proteolytic fractions from the B. cereus RC6 culture supernatant indicated that the presence of at least two different endoproteases is crucial for the generation of the AMP. Indeed, we were able to identify two new candidate endoproteases by means of genome sequencing and functional assignment using a 3D structural model and molecular docking of misannotated hypothetical proteins. In this light, the capacity of B. cereus RC6 to generate antimicrobial peptides from casein, through the production of extracellular enzymes, presents a new model of antagonistic competition leading to niche colonization. Hence, as a dairy product contaminant, this strategy may enable proteolytic B. cereus RC6 niche specialization in milk matrices.	10.3389/fmicb.2018.01148
P02666	YPVEPF	Beta-casein	Bos taurus	129-134	Antioxidant						In Silico and In Vitro Analysis of Multifunctionality of Animal Food-Derived Peptides	Amigo, L. et al.	Currently, the associations between oxidative stress, inflammation, hypertension, and metabolic disturbances and non-communicable diseases are very well known. Since these risk factors show a preventable character, the searching of food peptides acting against them has become a promising strategy for the design and development of new multifunctional foods or nutraceuticals. In the present study, an integrated approach combining an in silico study and in vitro assays was used to confirm the multifunctionality of milk and meat protein-derived peptides that were similar to or shared amino acids with previously described opioid peptides. By the in silico analysis, 15 of the 27 assayed peptides were found to exert two or more activities, with Angiotensin-converting enzyme (ACE) inhibitory, antioxidant, and opioid being the most commonly found. The in vitro study confirmed ACE-inhibitory and antioxidant activities in 15 and 26 of the 27 synthetic peptides, respectively. Four fragments, RYLGYLE, YLGYLE, YFYPEL, and YPWT, also demonstrated the ability to protect Caco-2 and macrophages RAW264.7 cells from the oxidative damage caused by chemicals. The multifunctionality of these peptides makes them promising agents against oxidative stress-associated diseases.	10.3390/foods9080991
P02666	YPVEPF	Beta-casein	Bos taurus	129-134	DPP-IV Inhibitory		"1) 124.7,
2) 138.0"				"1) Structure activity relationship modelling of milk protein-derived peptides with dipeptidyl peptidase IV (DPP-IV) inhibitory activity,
2) Identiï¬cation of novel dipeptidyl peptidase IV (DPP-IV) inhibitory peptides in camel milk protein hydrolysates"	"1) Nongonierma, A. et al.,
2) Nongonierma, A. et al."	"1) Quantitative structure activity type models were developed in an attempt to predict the key features of peptide sequences having dipeptidyl peptidase IV (DPP-IV) inhibitory activity. The models were then employed to help predict the potential of peptides, which are currently reported in the literature to be present in the intestinal tract of humans following milk/dairy product ingestion, to act as inhibitors of DPP-IV. Two models (z- and v-scale) for short (2–5 amino acid residues) bovine milk peptides, behaving as competitive inhibitors of DPP-IV, were developed. The z- and the v-scale models (p < 0.05, R2 of 0.829 and 0.815, respectively) were then applied to 56 milk protein-derived peptides previously reported in the literature to be found in the intestinal tract of humans which possessed a structural feature of DPP-IV inhibitory peptides (P at the N2 position). Ten of these peptides were synthetized and tested for their in vitro DPP-IV inhibitory properties. There was no agreement between the predicted and experimentally determined DPP-IV half maximal inhibitory concentrations (IC50) for the competitive peptide inhibitors. However, the ranking for DPP-IV inhibitory potency of the competitive peptide inhibitors was conserved. Furthermore, potent in vitro DPP-IV inhibitory activity was observed with two peptides, LPVPQ (IC50 = 43.8 ± 8.8 μM) and IPM (IC50 = 69.5 ± 8.7 μM). Peptides present within the gastrointestinal tract of human may have promise for the development of natural DPP-IV inhibitors for the management of serum glucose.,
2) Nine novel dipeptidyl peptidase IV (DPP-IV) inhibitory peptides (FLQY, FQLGASPY, ILDKEGIDY, ILELA, LLQLEAIR, LPVP, LQALHQGQIV, MPVQA and SPVVPF) were identified in camel milk proteins hydrolysed with trypsin. This was achieved using a sequential approach combining liquid chromatography tandem mass spectrometry (LC-MS/MS), qualitative/quantitative structure activity relationship (QSAR) and confirmatory studies with synthetic peptides. The most potent camel milk protein-derived DPP-IV inhibitory peptides, LPVP and MPVQA, had DPP-IV half maximal inhibitory concentrations (IC50) of 87.0 ± 3.2 and 93.3 ± 8.0 µM, respectively. DPP-IV inhibitory peptide sequences identified within camel and bovine milk protein hydrolysates generated under the same hydrolysis conditions differ. This was linked to differences in enzyme selectivity for peptide bond cleavage of camel and bovine milk proteins as well as dissimilarities in their amino acid sequences. Camel milk proteins contain novel DPP-IV inhibitory peptides which may play a role in the regulation of glycaemia in humans."	"1) 10.1016/j.peptides.2016.03.005,
2) 10.1016/j.foodchem.2017.10.033"
P02666	YPVEPF	Beta-casein	Bos taurus	129-134	Increase mucin secretion	Increase MUC4 expression					β-Casein(94-123)-derived peptides differently modulate production of mucins in intestinal goblet cells	Plaisancie, P. et al.	We recently reported the identification of a peptide from yoghurts with promising potential for intestinal health: the sequence (94-123) of bovine β-casein. This peptide, composed of 30 amino acid residues, maintains intestinal homoeostasis through production of the secreted mucin MUC2 and of the transmembrane-associated mucin MUC4. Our study aimed to search for the minimal sequence responsible for the biological activity of β-CN(94-123) by using several strategies based on (i) known bioactive peptides encrypted in β-CN(94-123), (ii) in silico prediction of peptides reactivity and (iii) digestion of β-CN(94-123) by enzymes of intestinal brush border membranes. The revealed sequences were tested in vitro on human intestinal mucus-producing HT29-MTX cells. We demonstrated that β-CN(108-113) (an ACE-inhibitory peptide) and β-CN(114-119) (an opioid peptide named neocasomorphin-6) up-regulated MUC4 expression whereas levels of the secreted mucins MUC2 and MUC5AC remained unchanged. The digestion of β-CN(94-123) by intestinal enzymes showed that the peptides β-CN(94-108) and β-CN(117-123) were present throughout 1·5 to 3 h of digestion, respectively. These two peptides raised MUC5AC expression while β-CN(117-123) also induced a decrease in the level of MUC2 mRNA and protein. In addition, this inhibitory effect was reproduced in airway epithelial cells. In conclusion, β-CN(94-123) is a multifunctional molecule but only the sequence of 30 amino acids has a stimulating effect on the production of MUC2, a crucial factor of intestinal protection.	10.1017/S0022029914000533
P02666	YPVEPF	Beta-casein	Bos taurus	129-134	Opioid						"1) Enzymatic release of neocasomorphin and  β-casomorphin from bovine  β-casein,
2) β-Casein(94-123)-derived peptides differently modulate production of mucins in intestinal goblet cells"	"1) Jinsmaa, Y.den. et al.,
2) Plaisancie, P. et al."	"1) Conditions for the release of β-casomorphin-7 from bovine β-casein by gastrointestinal proteases in vitro were investigated. β-Casomorphin-7 was released only from a genetic variant of β-casein containing a His residue at the 67th position of the peptide chain. Elastase cleaved the peptide bond between Ile66 and His67, releasing the carboxyl terminus of β-casomorphin-7. Pepsin and leucine aminopeptidase were required to release the amino terminus of this peptide. β-Casomorphin-9, -13, and -21 also were isolated, and their opioid activities were measured. In this study, we also isolated a novel opioid peptide neocasomorphin-6 (Tyr-Pro-Val-Glu-Pro-Phe), which was released by action of trypsin or pepsin and chymotrypsin.,
2) We recently reported the identification of a peptide from yoghurts with promising potential for intestinal health: the sequence (94-123) of bovine β-casein. This peptide, composed of 30 amino acid residues, maintains intestinal homoeostasis through production of the secreted mucin MUC2 and of the transmembrane-associated mucin MUC4. Our study aimed to search for the minimal sequence responsible for the biological activity of β-CN(94-123) by using several strategies based on (i) known bioactive peptides encrypted in β-CN(94-123), (ii) in silico prediction of peptides reactivity and (iii) digestion of β-CN(94-123) by enzymes of intestinal brush border membranes. The revealed sequences were tested in vitro on human intestinal mucus-producing HT29-MTX cells. We demonstrated that β-CN(108-113) (an ACE-inhibitory peptide) and β-CN(114-119) (an opioid peptide named neocasomorphin-6) up-regulated MUC4 expression whereas levels of the secreted mucins MUC2 and MUC5AC remained unchanged. The digestion of β-CN(94-123) by intestinal enzymes showed that the peptides β-CN(94-108) and β-CN(117-123) were present throughout 1·5 to 3 h of digestion, respectively. These two peptides raised MUC5AC expression while β-CN(117-123) also induced a decrease in the level of MUC2 mRNA and protein. In addition, this inhibitory effect was reproduced in airway epithelial cells. In conclusion, β-CN(94-123) is a multifunctional molecule but only the sequence of 30 amino acids has a stimulating effect on the production of MUC2, a crucial factor of intestinal protection."	"1) 10.1016/s0196-9781(99)00088-1,
2) 10.1017/S0022029914000533"
P02666	YPFPGP	Beta-casein	Bos taurus	75-80	DPP-IV Inhibitory		749.2				Structure activity relationship modelling of milk protein-derived peptides with dipeptidyl peptidase IV (DPP-IV) inhibitory activity	Nongonierma, A. et al.	Quantitative structure activity type models were developed in an attempt to predict the key features of peptide sequences having dipeptidyl peptidase IV (DPP-IV) inhibitory activity. The models were then employed to help predict the potential of peptides, which are currently reported in the literature to be present in the intestinal tract of humans following milk/dairy product ingestion, to act as inhibitors of DPP-IV. Two models (z- and v-scale) for short (2–5 amino acid residues) bovine milk peptides, behaving as competitive inhibitors of DPP-IV, were developed. The z- and the v-scale models (p < 0.05, R2 of 0.829 and 0.815, respectively) were then applied to 56 milk protein-derived peptides previously reported in the literature to be found in the intestinal tract of humans which possessed a structural feature of DPP-IV inhibitory peptides (P at the N2 position). Ten of these peptides were synthetized and tested for their in vitro DPP-IV inhibitory properties. There was no agreement between the predicted and experimentally determined DPP-IV half maximal inhibitory concentrations (IC50) for the competitive peptide inhibitors. However, the ranking for DPP-IV inhibitory potency of the competitive peptide inhibitors was conserved. Furthermore, potent in vitro DPP-IV inhibitory activity was observed with two peptides, LPVPQ (IC50 = 43.8 ± 8.8 μM) and IPM (IC50 = 69.5 ± 8.7 μM). Peptides present within the gastrointestinal tract of human may have promise for the development of natural DPP-IV inhibitors for the management of serum glucose.	10.1016/j.peptides.2016.03.005
P02666	YPFPGP	Beta-casein	Bos taurus	75-80	Opioid						Biologically active peptides in milk proteins	Meisel, H. et al.	Bioactive peptides have been identified as digestion products of several food proteins. All the bioactive sequences are hidden in an inactive state inside the polypeptide chain of the larger protein. Milk proteins are a rich source of biologically active peptides such as exorphins (casomorphins), phosphopeptides and immunopeptides. Such peptides are released during intestinal digestion of caseins and whey proteins. They may be involved in regulation of nutrient entry and influence the postprandial metabolism via stimulation of the secretion of hormones. Furthermore, they may exert a stimulating effect on the immune system. These findings offer new aspects for evaluating the nutritive value of food proteins. Moreover, bioactive peptides have already found interesting applications as dietary supplements and as pharmaceutical preparations.	10.1007/BF02019390
P02666	YPFP	Beta-casein	Bos taurus	75-78	Anticancer	decreased breastcancer cell proliferation					Antiproliferative and receptor binding properties of α- and β-casomorphins in the T47D human breast cancer cell line	Hatzoglou, A. et al.	In previous studies, we have shown that opioid agonists ([d-Ala2,d-Leu5]enkephalin (DADLE), [d-Ser2,Leu5]enkephalin-Thr6 (DSLET), ethylketocyclazocine and etorphine) bind to opioid binding sites and decrease cell proliferation of human T47D breast cancer cells. Furthermore, we provided evidence about a cross-reaction, also in the T47D human breast cancer cell line, of μ-acting opioids with type-II somatostatin receptors. Since a potential source of opioid activity in the breast might be casomorphin peptides (produced by the enzymatic degradation of α-casein and β-casein), we investigated the antiproliferative action of five different casomorphin peptides: α-casein-(90–95), α-casein-(90–96), β-casomorphin, β-casomorphin-(1–5) and morphiceptin. We show that all five peptides decreased, in a dose-dependent manner, cell proliferation. The general antagonist diprenorphine produced only a partial reversal of their action. Furthermore, we provide evidence that all peptides (except for morphiceptin) bind to δ- and κ-opioid binding sites of T47D cells with different selectivity. Finally, we show that these peptides are also partial competitors at the somatostatin receptors present in the same cell line.	10.1016/0014-2999(96)00339-1
P02666	YPFP	Beta-casein	Bos taurus	75-78	Opioid						"1) Synthesis and biological evaluation of novel peripherally active morphiceptin analogs,
2) Biologically active peptides in milk proteins"	"1) Gach, K. et al.,
2) Meisel, H. et al."	"1) Morphiceptin (Tyr-Pro-Phe-Pro-NH2), a tetrapeptide present in the enzymatic digest of bovine β-casein, is a selective ligand of the μ-opioid receptor. In the present study, we describe the synthesis of a series of novel morphiceptin analogs modified in positions 1–3. Two of the obtained analogs, [Dmt1, d-Ala2, d-1-Nal3]morphiceptin and [Dmt1, d-NMeAla2, d-1-Nal3]morphiceptin (Dmt—2′,6′-dimethyltyrosine and d-1-Nal—3-(1-naphthyl)-d-alanine)) displayed very high μ-receptor affinity, resistance to enzymatic degradation, and remarkable supraspinally mediated analgesia, as shown in the hot-plate test after intracerebroventricular but not intravenous administration, which indicated that they could not cross the blood–brain barrier. Therefore, these two analogs were further tested in vitro and in vivo towards their possible peripheral analgesic activity and inhibitory effect on gastrointestinal (GI) motility. We report that both peptides showed strong antinociceptive effect in the writhing test after intraperitoneal administration, inhibited smooth muscle contractility in vitro and GI motility in vivo. Taken together, these findings indicate that the novel morphiceptin analogs which induce peripheral, but not central antinociception, inhibit GI transit, and possess exceptional metabolic stability, may provide an interesting approach to the development of peripherally restricted agents for the treatment of GI motility disorders, such as diarrhea or diarrhea-predominant irritable bowel syndrome.,
2) Bioactive peptides have been identified as digestion products of several food proteins. All the bioactive sequences are hidden in an inactive state inside the polypeptide chain of the larger protein. Milk proteins are a rich source of biologically active peptides such as exorphins (casomorphins), phosphopeptides and immunopeptides. Such peptides are released during intestinal digestion of caseins and whey proteins. They may be involved in regulation of nutrient entry and influence the postprandial metabolism via stimulation of the secretion of hormones. Furthermore, they may exert a stimulating effect on the immune system. These findings offer new aspects for evaluating the nutritive value of food proteins. Moreover, bioactive peptides have already found interesting applications as dietary supplements and as pharmaceutical preparations."	"1) 10.1016/j.peptides.2010.04.018,
2) 10.1007/BF02019390"
P02666	EMPFPK	Beta-casein	Bos taurus	123-128	ACE-inhibitory		565.58				Angiotensin I Converting Enzyme Inhibitory Peptides Derived from Bovine Milk Proteins	Pihlanto-Leppala, A. et al.	Milk whey and casein proteins were fermented with different lactic acid starters and digestive enzymes. ACE-inhibition activity was observed only after the digestion of proteins with pepsin and trypsin. Whey proteins resulted in 35–61% inhibition and caseins 86% inhibition under the applied conditions. The hydrolysates having inhibitory activity were fractionated by size exclusion and reversed phase chromatography. Several ACE-inhibitory peptides were purified and identified by amino acid and MS-analysis. The identified peptides were α-la f105–110, β-lg f9–14, f15–20, αs1-cn f142–147, f157–164, f194–199 and β-cn f108–113, f177–183 and 193–198. Among whey hydrolysates peptides with small molecular weight (<1000 Da) were the most active inhibitors. The highest ACE-inhibitory activity was found in the peptides derived from αs1-casein.	10.1016/S0958-6946(98)00048-X
P02666	EMPFPK	Beta-casein	Bos taurus	123-128	Antimicrobial				Gram negative		Isolation and identification of some antibacterial peptides in the plasmin-digest of β-casein	Sedaghati, H. et al.	This study was an attempt to explore the antibacterial properties of plasmin and plasmin generated peptides from bovine β-casein, and then to identify active peptides using RP-HPLC. The target bacteria were Escherichia coli, Staphylococcus aureus (both pathogenic), Lactobacillus casei, and Lactobacillus acidophilus (both probiotic). Eight of the peptides (βC1, βC3, βC5, βC6, βC8, βC11, βC12, and βC14) exhibited antibacterial activity, with βC8, βC12, and βC14 being the most active. The plasmin digest of bovine β-casein was found to be one of the best compounds in terms of antibacterial potential. Measurement of the minimum inhibitory concentration (MIC) revealed the Gram-positive bacteria to be generally more sensitive to antibacterial activity than the Gram-negative bacteria. The eight antibacterial peptides were identified using LC-Mass. The molecular masses of βC1, βC3, βC5, βC6, βC8, βC11, βC12, and βC14 were corresponded to the f(100–105), f(108–113), f(177–183), f(170–176), f(98–105), f(106–113), f(100–107), and f(170–183) regions of bovine β-casein, respectively. It was also found that the hydrophobicity of a peptide greatly contributes to its antibacterial activity, but positive charge does not. This study showed that the plasmin digest of β-casein can be regarded as a natural antibacterial agent in the food chain.	10.1016/j.lwt.2015.12.019
P02666	EMPFPK	Beta-casein	Bos taurus	123-128	Bradykinin-Potentiating						Biochemical and Pharmacological Aspects of Two Bradykinin-Potentiating Peptides Obtained from Tryptic Hydrolysis of Casein	Perpetuo, EA. et al.	Peptides that display bradykinin-potentiating activity have been obtained from a number of distinct sources, such as snake venoms, fibrinogen, and casein. This paper describes the characterization of two new peptides generated by tryptic hydrolysis of casein. No homology was found with other known vasoactive or vasopotentiating peptides, especially by the lack of Ile-Pro-Pro motif. The peptides EMPFPK and YPVEPFTE, corresponding to the gamma casein sequence (108–113 and 114–121, respectively), displayed a selective potentiating activity on isolated guinea pig ileum for bradykinin. Besides, the octapeptide YPVEPFTE showed an in vitro competitive inhibitor effect on angiotensin-converting enzyme and thimet oligopeptidase and presented an opiate-like activity, increasing two times the latence time in the hot-plate assay. The results suggest that the isolated bioactive peptides act on conversion and/or inactivation of endogenous peptides by enzymes such as angiotensin-converting enzyme and thimet oligopeptidase by modifying several systemic responses such as blood-pressure regulation and in pain response.	10.1023/b:jopc.0000008724.98339.ff
P02666	EMPFPK	Beta-casein	Bos taurus	123-128	Increase mucin secretion	Increase MUC4 expression					β-Casein(94-123)-derived peptides differently modulate production of mucins in intestinal goblet cells	Plaisancie, P. et al.	We recently reported the identification of a peptide from yoghurts with promising potential for intestinal health: the sequence (94-123) of bovine β-casein. This peptide, composed of 30 amino acid residues, maintains intestinal homoeostasis through production of the secreted mucin MUC2 and of the transmembrane-associated mucin MUC4. Our study aimed to search for the minimal sequence responsible for the biological activity of β-CN(94-123) by using several strategies based on (i) known bioactive peptides encrypted in β-CN(94-123), (ii) in silico prediction of peptides reactivity and (iii) digestion of β-CN(94-123) by enzymes of intestinal brush border membranes. The revealed sequences were tested in vitro on human intestinal mucus-producing HT29-MTX cells. We demonstrated that β-CN(108-113) (an ACE-inhibitory peptide) and β-CN(114-119) (an opioid peptide named neocasomorphin-6) up-regulated MUC4 expression whereas levels of the secreted mucins MUC2 and MUC5AC remained unchanged. The digestion of β-CN(94-123) by intestinal enzymes showed that the peptides β-CN(94-108) and β-CN(117-123) were present throughout 1·5 to 3 h of digestion, respectively. These two peptides raised MUC5AC expression while β-CN(117-123) also induced a decrease in the level of MUC2 mRNA and protein. In addition, this inhibitory effect was reproduced in airway epithelial cells. In conclusion, β-CN(94-123) is a multifunctional molecule but only the sequence of 30 amino acids has a stimulating effect on the production of MUC2, a crucial factor of intestinal protection.	10.1017/S0022029914000533
P02666	YQEPVLGPVRGPFPIIV	Beta-casein	Bos taurus	208-224	ACE-inhibitory		101.0				Antihypertensive Effect of the Peptides Derived from Casein by an Extracellular Proteinase from Lactobacillus helveticus CP790	Yamamoto, N. et al.	Peptides derived from alpha s1- and beta-caseins by the Lactobacillus helveticus CP790 proteinase were investigated for their inhibitory activities against angiotensin I-converting enzyme. The antihypertensive effect of casein hydrolysates in strain SHR spontaneously hypertensive rats was also investigated. Both alpha s1- and beta-casein hydrolysates inhibited this enzyme. Some of these peptides showed enzyme inhibitory activity, and one of them from beta-casein inhibited the enzyme greatly; the concentration of an angiotensin I-converting enzyme inhibitor needed to inhibit 50% of the enzyme activity was 4 microM. The hydrolysate of casein demonstrated antihypertensive activity in spontaneously hypertensive rats at an orally administered dosage of 15 mg/kg of body weight. MILK fermented with L. helveticus CP790, containing about .3% peptides, also showed antihypertensive activity in SHR rats with 5 ml/kg of body weight (15 mg of peptide/kg); however, the milk fermented with L. helveticus CP791, a variant defective for proteinase activity, did not show this activity. Results suggested that the peptides liberated from casein by the proteinase in the culture medium showed antihypertensive effect in SHR rats.	10.3168/jds.S0022-0302(94)77026-0
P02666	YQEPVLGPVRGPFPIIV	Beta-casein	Bos taurus	208-224	Anticancer						Antioxidant peptides isolated from synbiotic yoghurt exhibit antiproliferative activities against HT-29 colon cancer cells	B.N.P. Sah. et al.	Milk proteins are considered a reservoir of peptides possessing various bioactivities. Using ultrafiltration followed by reversed phase-high performance liquid chromatography, antioxidant peptides were purified from crude peptide extract of probiotic yoghurt supplemented with pineapple peel powder stored for 28 days at 4 °C. Two β-casein-derived peptides, 193YQEPVLGPVRGPFPIIV209 and 69SLPQNIPPLTQTPVVVPPF87 (designated P17 and P19, respectively), were identified and their antioxidant and anticancer activities assessed. P17 showed high scavenging activity against 2,2′-azino-bis(3-ethyl benzothiazoline-6-sulphonic acid) radicals, with an IC50 of 29.88 μg mL−1, compared with P19 (IC50 1.44 mg mL−1). Furthermore, the proliferation of HT-29 colon cancer cell line was inhibited (41.49% and 38.55%, respectively, by P17 and P19 at 3 mg mL−1) via inducing apoptosis and cell cycle arrest in G2/M-phase. In vitro gastrointestinal digestion of peptides resulted in increased bioactivities. These findings indicate a potential for utilising both of these peptides to manage oxidative stress mediated diseases and disorders including cancers.	10.1016/j.idairyj.2016.08.003
P02666	YQEPVLGPVRGPFPIIV	Beta-casein	Bos taurus	208-224	Antimicrobial			MIC	E. coli		Antimicrobial activity of two peptides casecidin 15 and 17, found naturally in bovine colostrum	Birkemo, GA. et al.	"Aims: To isolate and characterize peptides from bovine colostrum with antimicrobial activity.

Methods and Results: Three peptides were purified from fresh colostrum by a range of chromatographic methods using antimicrobial activity against Escherichia coli DH5α to screen for the most active fractions. Two peptides, with antimicrobial activity, casecidin 17 and casecidin 15, were identical to sequences in the C‐terminal of bovine β‐casein (YQEPVLGPVRGPFPIIV and YQEPVLGPVRGPFPI) and had corresponding molecular masses of 1881·00 and 1669·06 Da, respectively. The third peptide was the known peptide isracidin which has a mass of 2763·80 Da and sequence of RPKHPIKHQGLPQEVLNENLLRF. Casecidin 17 and casecidin 15 had identical minimal inhibition concentrations (MICs) against E. coli DPC6053 of 0·4 mg ml−1. Structural modelling suggested amphiphilic structures having identical inhibitory and structural properties. The MIC value of isracidin against E. coli DPC6053 was 0·2 mg ml−1.

Conclusions: This study shows the presence of three antimicrobial peptides in colostrum which may contribute to a bioprotective role to limit pathogen contamination. Furthermore, the discovery of casecidin 17 and 15 may provide the basis for novel antimicrobial peptide design.

Significance and Impact of the Study: This is the first study to characterize peptides with antimicrobial activity present in fresh bovine colostrum."	10.1111/j.1365-2672.2008.03996.x
P02666	YQEPVLGPVRGPFPIIV	Beta-casein	Bos taurus	208-224	Antithrombotic						Antithrombotic and angiotensin-converting enzyme inhibitory properties of peptides released from bovine casein by Lactobacillus casei Shirota	Rojas-Ronquillo, R. et al.	Inhibition of angiotensin-converting enzyme (ACE) and antithrombotic properties of peptides released from bovine caseins during fermentation by Lactobacillus casei Shirota and Streptococcus thermophilus were determined. Both species released ACE inhibitory peptides, whereas only Lb. casei Shirota produced antithrombotic activity. The highest thrombin inhibitory activity, 80.7%, was observed at 27 h of fermentation by Lb. casei Shirota. Active peptides were purified by HPLC; seven peptides were obtained, and their resistance to digestive enzymes, pepsin and trypsin, was evaluated. The most active peptide even after the hydrolysis was identified as YQEPVLGPVRGPFPIIV (fragment 193–209 of β-casein): it had an inhibition efficiency ratio for ACE of 0.14%/peptide concentration (μg mL−1), and a thrombin inhibition efficiency ratio of 4.6%/peptide concentration (μg mL−1). This peptide had been previously reported as an ACE-inhibitor, but this is the first time that it is evaluated for its thrombin inhibition activity.	10.1016/j.idairyj.2012.05.002
P02666	YQEPVLGPVRGPFPIIV	Beta-casein	Bos taurus	208-224	Immunomodulatory	Bone Marrow-Derived Macrophages					A peptide derived from bovine β-casein modulates functional properties of bone marrow-derived macrophages from germfree and human flora-associated mice	Sandre, C. et al.	The purpose of this study was to evaluate the immunomodulatory activity of a peptide derived from bovine beta-casein (beta-CN), the beta-CN (193-209) peptide, on mouse macrophages that were obtained either from germfree (GF) or from human flora-associated (HF) mice. Macrophages were derived from bone marrow (BMDM) in the presence of recombinant macrophage colony-stimulating factor and exposed to the peptide or lipopolysaccharide (LPS). Membrane marker expression [F4/80, Mac-1, major histocompatibility complex (MHC) class II antigens] and phagocytic activity were assessed by flow cytometry. Production of tumor necrosis factor-alpha and interleukin (IL)-6 was measured by bioassays and production of IL-1alpha, IL-1beta and IL-12 by ELISA. The expression of cytokine mRNA was determined using semi-quantitative reverse transcription-polymerase chain reaction. The beta-CN (193-209) peptide up-regulated MHC class II antigen expression and phagocytic activity of BMDM from GF and HF mice. Its enhancing effect on phagocytosis was greater than that after LPS stimulation (P < 0.01). The peptide induced notable levels of cytokine mRNA in BMDM from GF and HF mice, but it was a significantly weaker inducer of cytokine secretion than LPS. Nevertheless, although flora implantation had no stimulatory influence on basal MHC class II and basal cytokine levels, cells from HF mice were more susceptible than those from GF mice to the peptide effects on these variables. These results indicate that the beta-CN (193-209) peptide could enhance antimicrobial activity of macrophages without proinflammatory effects.	10.1093/jn/131.11.2936 
P02666	QEPVL	Beta-casein	Bos taurus	209-213	Immunomodulatory						Immunomodulating effects of casein-derived peptides QEPVL and QEPV on lymphocytes in vitro and in vivo	Jiehui, Z. et al.	Lymphocytes serve an important function in mediating specific immune responses. When the body is stimulated by internal or external antigens, activated lymphocytes proliferate to clear pathogens by secreting antibodies or cytokines. Some bioactive peptides were isolated from fermented milk in previous studies. One of the peptides, Gln-Glu-Pro-Val-Leu (QEPVL), was synthesized and used in this experiment. Results show that QEPVL can significantly activate lymphocytes both in vitro and in vivo. QEPVL can also increase the lymphocyte proliferation rate and cyclic AMP levels. This positive regulation had a dose–effect relationship within certain concentration ranges. QEPVL can also inhibit LPS-induced inflammation by regulating nitric oxide release and the production of the cytokines IL-4, IL-10, IFN-γ, and TNF-α in vivo. Digesting QEPVL in artificial gastrointestinal juice yields the digestion product Gln-Glu-Pro-Val (QEPV), which exhibits bioactivities similar to those of QEPVL in vitro. Overall, QEPVL has significant immunomodulating effects on lymphocytes and contributes to inflammation treatment through the oral route as a functional food ingredient.	10.1039/c3fo60657k
P02666	QEPV	Beta-casein	Bos taurus	209-212	Immunomodulatory						Immunomodulating effects of casein-derived peptides QEPVL and QEPV on lymphocytes in vitro and in vivo	Jiehui, Z. et al.	Lymphocytes serve an important function in mediating specific immune responses. When the body is stimulated by internal or external antigens, activated lymphocytes proliferate to clear pathogens by secreting antibodies or cytokines. Some bioactive peptides were isolated from fermented milk in previous studies. One of the peptides, Gln-Glu-Pro-Val-Leu (QEPVL), was synthesized and used in this experiment. Results show that QEPVL can significantly activate lymphocytes both in vitro and in vivo. QEPVL can also increase the lymphocyte proliferation rate and cyclic AMP levels. This positive regulation had a dose–effect relationship within certain concentration ranges. QEPVL can also inhibit LPS-induced inflammation by regulating nitric oxide release and the production of the cytokines IL-4, IL-10, IFN-γ, and TNF-α in vivo. Digesting QEPVL in artificial gastrointestinal juice yields the digestion product Gln-Glu-Pro-Val (QEPV), which exhibits bioactivities similar to those of QEPVL in vitro. Overall, QEPVL has significant immunomodulating effects on lymphocytes and contributes to inflammation treatment through the oral route as a functional food ingredient.	10.1039/c3fo60657k
P02666	PGPIPN	Beta-casein	Bos taurus	78-83	ACE-inhibitory						Characterization of casein-derived peptide bioactivity: Differential effects on angiotensin-converting enzyme inhibition and cytokine and nitric oxide production	Adams, C. et al.	Lactic acid bacteria (LAB) are used as starter cultures in the production of fermented dairy products and have the potential to confer bioactivity relevant to cardiovascular health, as they possess extensive proteolytic systems that liberate small bioactive peptides from larger milk proteins. Certain casein-derived peptides released by various LAB strains during fermentation have been shown to reduce hypertension and to modulate the immune system. We investigated the growth and peptide production of 2 LAB strains, Lactobacillus helveticus R0389 and Lactocaseibacillus rhamnosus R0011, their immunomodulatory activities, as well as their abilities to inhibit the angiotensin-converting enzyme (ACE). Peptide fractions collected from the cell-free supernatant of both medium-grown and milk fermentation cultures were assessed for ACE-inhibitory activity and their effects on the production of proinflammatory and regulatory cytokines by human THP-1 monocytes. Cultures were grown in medium, with or without supplementation with 0.1% casein, or in 3.25% milk fermented with each LAB strain. Casein supplementation increased the growth rate of both LAB strains, and significantly increased ACE-inhibitory activity of peptide fractions collected from both L. helveticus R0389 and L. rhamnosus R0011 cultures grown for 12 h. Fermentation peptide fractions of L. rhamnosus R0011 showed comparable ACE-inhibitory activity to known ACE inhibiting peptides Val-Pro-Pro and Ile-Pro-Pro (up to 79% inhibition) with a significant difference between culture peptide fractions and acidified and nonacidified control fractions collected after 6 d of fermentation. Many milk and casein-derived peptides reported in previous studies have been identified as part of a larger bioactive fraction. We synthesized a group of these peptides to individually assess both ACE-inhibitory and immunomodulatory activity. The known ACE inhibitors Val-Pro-Pro and Ile-Pro-Pro showed similar ACE inhibition to previously published results, while also inducing the production of the regulatory cytokine IL-10 by monocytes in the presence and absence of a proinflammatory stimulant. These synthesized peptides could also induce the production of nitric oxide (NO), a potent vasodilator, in human endothelial cell cultures. Investigating the relationships among these bioactive properties could improve the use of probiotic organisms and their secreted products in the food industry.	10.3168/jds.2019-17976
P02666	PGPIPN	Beta-casein	Bos taurus	78-83	Anticancer	Inhibits SKOV3 ovarian cancer cell growth					"1) PGPIPN, a Therapeutic Hexapeptide, Suppressed Human Ovarian Cancer Growth by Targeting BCL2,
2) Bioactive Hexapeptide Reduced the Resistance of Ovarian Cancer Cells to DDP by Affecting HSF1-HSP70 Signaling Pathway"	"1) Wang, W. et al.,
2) Ruowen, G. et al."	"1) Bioactive peptides, either derived from nature resources or synthesized by rational design, have been demonstrated potential for therapeutic agents against numerous human diseases, including cancer. However, the mechanism of therapeutic peptides against cancer has not been well elucidated. Here we show that PGPIPN, a hexapeptide derived from bovine β-casein, inhibited the proliferation of human ovarian cancer cells line SKOV3 as well as the primary ovarian cancer cells in vitro. Consistently, PGPIPIN also decreased tumor growth rate in xenograft ovarian cancer model mice in a dose-dependent manner. Further study demonstrated that the anti-tumor effect of PGPIPN is partially through promoting cell apoptosis by inhibiting BCL2 pathway. Thus, our study suggests that PGPIPN is a potential therapeutic agent for the treatment of ovarian cancer or other types of cancer.,
2) Ovarian cancer is the leading cause of death in gynecologic malignancies. Ovarian cancer as a metastatic malignant tumor is highly recurrent and prone to drug resistance. Bioactive peptides are an emerging area of biomedical research in reducing resistance of tumor cell to drugs. In this paper, we investigated the effects and mechanisms of bioactive hexapeptide (PGPIPN) derived in milk protein on the sensitivity of ovarian cancer cells to cis-dichlorodiammine platinum (DDP). Human ovarian cancer cell lines (SKOV3 and COC1), their DDP-resistant sublines (SKOV3/DDP and COC1/DDP) and human primary ovarian cancer cells were cultured in vitro under the combined treatment of DDP (close to IC50) and different concentrations of PGPIPN. The viabilities, apoptosis and cell cycle changes were respectively measured by WST-8 and flow cytometry. The mRNA and protein expression levels of HSF1, HSP70, MDR1, ERCC1 and β-actin gene were respectively assayed by RT-qPCR and western blotting. The results showed that PGPIPN significantly increased the sensitivity of human ovarian cancer cells to DDP in inhibiting viability and inducing apoptosis in vitro. But the effects in sensitive cells were lower than DDP-resistant cells. PGPIPN significantly changed the cell cycles in all human ovarian cancer cells, which leaded to a significant increase in the percentage of cells blocked at G2/M phase and decrease the percentage of cells at G1 phases in a dose-dependent manner. PGPIPN affected the expression levels of HSF1, HSP70, MDR1 and ERCC1 genes. Compared with cells in DDP treatment alone, the expression levels of HSF1 and HSP70 in human ovarian cancer cells treated with DDP and PGPIPN together significantly decreased in dose-dependent manner. PGPIPN significantly decreased MDR1 and ERCC1 of drug-resistant ovarian cancer cell lines and human primary ovarian cancer cell in a dose-dependent manner. Pifithrin-μ (PFTμ, HSP70 inhibitor) decreased or removed the effects of peptide in increasing the sensitivity of ovarian cancer cells to DDP. This suggests that PGPIPN enhanced the sensitivity of ovarian cancer cells to DDP partially via reducing the activity of HSF1/HSP70 signaling pathway, thus inducing cell apoptosis and decreasing repairment of DNA damage."	"1) 10.1371/journal.pone.0060701,
2) 10.7150/jca.62285 "
P02666	PGPIPN	Beta-casein	Bos taurus	78-83	Immunomodulatory	"1) prevents and attenuates acute alcoholic liver injury,
3) Anti-inflammatory"					"1) Casein, a prohormone with an immunomodulating role for the newborn,
2) Milk-derived hexapeptide PGPIPN prevents and attenuates acute alcoholic liver injury in mice by reducing endoplasmic reticulum stress,
3) Characterization of casein derived peptide bioactivity: Differential effects on angiotensin-converting enzyme inhibition and cytokine and nitric oxide production"	"1) Migliore-Samour, D. et al.,
2) Xu, Q. et al.,
3) Adams, C. et al."	"1) Maternal colostrum and milk, the earliest food of the newborn, should not only be considered as supplying nutrients, but also as agents providing protection against aggressions from the new environment. Indeed by enzymatic digestion of the main milk proteins, the caseins, biologically active peptides are released; they may be implicated in the stimulation of the newborn's immune system. From this point of view a ‘strategic active zone’ has been characterized in β-casein. A possible role of casein as a ‘prohormone’ for the newborn is suggested.,
2) Bioactive peptides are an emerging area of biomedical research in the study of numerous human diseases, including acute alcoholic liver injury (AALI). To study the role and mechanism of the milk‑derived hexapeptide Pro‑Gly‑Pro‑Ile‑Pro‑Asn (PGPIPN) in preventing and reducing AALI, the present study established a mouse model of AALI. PGPIPN was used as a therapeutic drug, and glutathione (GSH) was used as a positive control. The body and liver weights of mice were measured, and the liver indexes were calculated to observe mice health. The pathological morphology of liver tissues stained with hematoxylin and eosin were examined to analyze hepatic injury, and hepatocyte apoptosis was measured with a TUNEL assay. The concentrations or activities of alanine aminotransferase (ALT), aspartate aminotransferase, tumor necrosis factor‑α, interleukin (IL)‑1β, IL‑6, triglyceride, total cholesterol, malondialdehyde, superoxide dismutase and GSH peroxidase (GSH‑PX) were detected in serum and/or liver homogenates. The 78 kDa glucose‑regulated protein (GRP78), protein kinase R‑like (PKR) endoplasmic reticulum kinase (PERK), phosphorylated (p)‑PERK, eukaryotic initiation factor 2α (eIF‑2α), p-eIF-2α, inositol‑requiring enzyme 1α (IRE‑1α), spliced X‑box binding protein 1 (XBP‑1s), C/EBP homologous protein (CHOP), caspase‑3 and cleaved caspase‑3 proteins associated with endoplasmic reticulum stress in hepatocytes were assessed by western blotting, and RNA levels of XBP‑1s, CHOP and caspase‑3 genes were assessed by reverse transcription‑quantitative PCR. The results suggested that PGPIPN attenuated alcoholic hepatocyte damage in animal models and reduced hepatocyte oxidative stress in a dose‑dependent manner. Moreover, PGPIPN reduced endoplasmic reticulum stress by regulating the expression levels of p‑PERK, p‑eIF‑2α, XBP‑1s, CHOP, caspase‑3 and cleaved caspase‑3. Collectively, the present results indicated that PGPIPN, as a potential therapeutic drug for AALI, exerted a protective effect on the liver and could reduce liver damage.,
3) Lactic acid bacteria (LAB) are used as starter cultures in the production of fermented dairy products and have the potential to confer bioactivity relevant to cardiovascular health, as they possess extensive proteolytic systems that liberate small bioactive peptides from larger milk proteins. Certain casein-derived peptides released by various LAB strains during fermentation have been shown to reduce hypertension and to modulate the immune system. We investigated the growth and peptide production of 2 LAB strains, Lactobacillus helveticus R0389 and Lactocaseibacillus rhamnosus R0011, their immunomodulatory activities, as well as their abilities to inhibit the angiotensin-converting enzyme (ACE). Peptide fractions collected from the cell-free supernatant of both medium-grown and milk fermentation cultures were assessed for ACE-inhibitory activity and their effects on the production of proinflammatory and regulatory cytokines by human THP-1 monocytes. Cultures were grown in medium, with or without supplementation with 0.1% casein, or in 3.25% milk fermented with each LAB strain. Casein supplementation increased the growth rate of both LAB strains, and significantly increased ACE-inhibitory activity of peptide fractions collected from both L. helveticus R0389 and L. rhamnosus R0011 cultures grown for 12 h. Fermentation peptide fractions of L. rhamnosus R0011 showed comparable ACE-inhibitory activity to known ACE inhibiting peptides Val-Pro-Pro and Ile-Pro-Pro (up to 79% inhibition) with a significant difference between culture peptide fractions and acidified and nonacidified control fractions collected after 6 d of fermentation. Many milk and casein-derived peptides reported in previous studies have been identified as part of a larger bioactive fraction. We synthesized a group of these peptides to individually assess both ACE-inhibitory and immunomodulatory activity. The known ACE inhibitors Val-Pro-Pro and Ile-Pro-Pro showed similar ACE inhibition to previously published results, while also inducing the production of the regulatory cytokine IL-10 by monocytes in the presence and absence of a proinflammatory stimulant. These synthesized peptides could also induce the production of nitric oxide (NO), a potent vasodilator, in human endothelial cell cultures. Investigating the relationships among these bioactive properties could improve the use of probiotic organisms and their secreted products in the food industry."	"1) 10.1007/BF01941703,
2) 10.3892/ijmm.2020.4643,
3) 10.3168/jds.2019-17976"
P02666	YPFPGPIPN	Beta-casein	Bos taurus	75-83	ACE-inhibitory		"1) 14.8,
2) 378.65"				"1) Isolation and Structural Analysis of Antihypertensive Peptides That Exist Naturally in Gouda Cheese,
2) In Silico and In Vitro Analysis of Multifunctionality of Animal Food-Derived Peptides"	"1) Saito, T. et al.,
2) Amigo, L. et al."	"1) Seven kinds of ripened cheeses (8-mo-aged and 24-mo-aged Gouda, Emmental, Blue, Camembert, Edam, and Havarti) were homogenized with distilled water, and water-soluble peptides were prepared by C-18 hydrophobic chromatography. The inhibitory activity to angiotensin I-converting enzyme and decrease in the systolic blood pressure in spontaneously hypertensive rats were measured before and after oral administration of each peptide sample. The strongest depressive effect in the systolic blood pressure (-24.7 mm Hg) and intensive inhibitory activity to angiotensin I-converting enzyme (75.7%) were detected in the peptides from 8-mo-aged Gouda cheese. Four peptides were isolated by HPLC with reverse-phase and gel filtration modes. Their chemical structures and origins, clarified by combination analyses of protein sequencing, amino acid composition, and mass spectrometry, were as follows: peptide A, Arg-Pro-Lys-His-Pro-Ile-Lys-His-Gln [alpha(s1)-casein (CN), B-8P; f 1-9]; peptide B, Arg-Pro-Lys-His-Pro-Ile-Lys-His-Gln-Gly-Leu-Pro-Gln (alpha(s1)-CN, B-8P; f 1-13); peptide F, Tyr-Pro-Phe-Pro-Gly-Pro-Ile-Pro-Asn (beta-CN, A2-5P; f 60-68); and peptide G, Met-Pro-Phe-Pro-Lys-Tyr-Pro-Val-Gln-Pro-Phe (beta-CN, A2-5P; f 109-119). Peptides A and F, which were chemically synthesized, showed potent angiotensin I-converting enzyme inhibitory activity with little antihypertensive effects.,
2) Currently, the associations between oxidative stress, inflammation, hypertension, and metabolic disturbances and non-communicable diseases are very well known. Since these risk factors show a preventable character, the searching of food peptides acting against them has become a promising strategy for the design and development of new multifunctional foods or nutraceuticals. In the present study, an integrated approach combining an in silico study and in vitro assays was used to confirm the multifunctionality of milk and meat protein-derived peptides that were similar to or shared amino acids with previously described opioid peptides. By the in silico analysis, 15 of the 27 assayed peptides were found to exert two or more activities, with Angiotensin-converting enzyme (ACE) inhibitory, antioxidant, and opioid being the most commonly found. The in vitro study confirmed ACE-inhibitory and antioxidant activities in 15 and 26 of the 27 synthetic peptides, respectively. Four fragments, RYLGYLE, YLGYLE, YFYPEL, and YPWT, also demonstrated the ability to protect Caco-2 and macrophages RAW264.7 cells from the oxidative damage caused by chemicals. The multifunctionality of these peptides makes them promising agents against oxidative stress-associated diseases."	"1) 10.3168/jds.S0022-0302(00)75013-2,
2) 10.3390/foods9080991"
P02666	YPFPGPIPN	Beta-casein	Bos taurus	75-83	Antioxidant						In Silico and In Vitro Analysis of Multifunctionality of Animal Food-Derived Peptides	Amigo, L. et al.	Currently, the associations between oxidative stress, inflammation, hypertension, and metabolic disturbances and non-communicable diseases are very well known. Since these risk factors show a preventable character, the searching of food peptides acting against them has become a promising strategy for the design and development of new multifunctional foods or nutraceuticals. In the present study, an integrated approach combining an in silico study and in vitro assays was used to confirm the multifunctionality of milk and meat protein-derived peptides that were similar to or shared amino acids with previously described opioid peptides. By the in silico analysis, 15 of the 27 assayed peptides were found to exert two or more activities, with Angiotensin-converting enzyme (ACE) inhibitory, antioxidant, and opioid being the most commonly found. The in vitro study confirmed ACE-inhibitory and antioxidant activities in 15 and 26 of the 27 synthetic peptides, respectively. Four fragments, RYLGYLE, YLGYLE, YFYPEL, and YPWT, also demonstrated the ability to protect Caco-2 and macrophages RAW264.7 cells from the oxidative damage caused by chemicals. The multifunctionality of these peptides makes them promising agents against oxidative stress-associated diseases.	10.3390/foods9080991
P02666	YPFPGPIPN	Beta-casein	Bos taurus	75-83	DPP-IV Inhibitory		670.0				Isolation and identification of casein-derived dipeptidyl-peptidase 4 (DPP-4)-inhibitory peptide LPQNIPPL from gouda-type cheese and its effect on plasma glucose in rats	Uenishi, H. et al.	A water-soluble extract of a gouda-type cheese showed dipeptidyl-peptidase 4 (DPP-4)-inhibitory activity, which should improve glucose tolerance in type 2 diabetes. With liquid chromatography, we obtained four active fractions from the water-soluble extract and analysed the constituent peptides with liquid chromatography/mass spectrometry. Four peptides with the X–Pro-structure showed IC50 values of <200 μm. β-Casein peptide residues 70–77 (β-CN f70–77; LPQNIPPL) showed the highest DPP-4-inhibitory activity, which increased during the ripening period. Glucose tolerance tests were performed in rats orally administered synthesized LPQNIPPL (30 mg 100 g−1 rat weight) with a cross-over experimental design. The post-prandial area under the blood glucose curve was significantly reduced (P < 0.02) in the LPQNIPPL-administered group compared with that in the placebo-treated group. This is the first report that has identified DPP-4-inhibitory casein-derived peptides from gouda-type cheese with an effect on plasma glucose in a rat model.	10.1016/j.idairyj.2011.08.002
P02666	VPGEIVE	Beta-casein	Bos taurus	23-29	DPP-IV Inhibitory		224.5				Structure activity relationship modelling of milk protein-derived peptides with dipeptidyl peptidase IV (DPP-IV) inhibitory activity	Nongonierma, A. et al.	Quantitative structure activity type models were developed in an attempt to predict the key features of peptide sequences having dipeptidyl peptidase IV (DPP-IV) inhibitory activity. The models were then employed to help predict the potential of peptides, which are currently reported in the literature to be present in the intestinal tract of humans following milk/dairy product ingestion, to act as inhibitors of DPP-IV. Two models (z- and v-scale) for short (2–5 amino acid residues) bovine milk peptides, behaving as competitive inhibitors of DPP-IV, were developed. The z- and the v-scale models (p < 0.05, R2 of 0.829 and 0.815, respectively) were then applied to 56 milk protein-derived peptides previously reported in the literature to be found in the intestinal tract of humans which possessed a structural feature of DPP-IV inhibitory peptides (P at the N2 position). Ten of these peptides were synthetized and tested for their in vitro DPP-IV inhibitory properties. There was no agreement between the predicted and experimentally determined DPP-IV half maximal inhibitory concentrations (IC50) for the competitive peptide inhibitors. However, the ranking for DPP-IV inhibitory potency of the competitive peptide inhibitors was conserved. Furthermore, potent in vitro DPP-IV inhibitory activity was observed with two peptides, LPVPQ (IC50 = 43.8 ± 8.8 μM) and IPM (IC50 = 69.5 ± 8.7 μM). Peptides present within the gastrointestinal tract of human may have promise for the development of natural DPP-IV inhibitors for the management of serum glucose.	10.1016/j.peptides.2016.03.005
P02666	VLGP	Beta-casein	Bos taurus	212-215	ACE-inhibitory		153.5				Characterisation of the hydrolytic specificity of Aspergillus niger derived prolyl endoproteinase on bovine β-casein and determination of ACE inhibitory activity	Norris, R. et al.	The hydrolytic specificity of Aspergillus niger prolyl endoproteinase (An-PEP) on purified β-casein (β-CN) was assessed. This analysis confirmed cleavage at the C-terminal side of Pro residues. An-PEP also had the ability to cleave at the C-terminal side of Ala, Glu, Gly, Ser, Lys and Leu. Incubation of purified β-CN with An-PEP resulted in the generation of highly potent angiotensin converting enzyme (ACE) inhibitory hydrolysates. The most potent hydrolysate was obtained after 24 h incubation (ACE IC50 = 16.41 ± 6.06 μg/mL). Fourteen β-CN derived C-terminal Pro-containing di-, tri, and tetrapeptides which were predicted in silico to be released following An-PEP hydrolysis or which were detected by ultra-performance liquid chromatography–mass spectrometry (UPLC–MS/MS) in the 24 h hydrolysate were synthesised and characterised for their ACE inhibitory activity. The most potent inhibitory peptides were Ile-Gln-Ala (β-CN f187–189) and Val-Glu-Pro (β-CN f116–118) having ACE IC50 values of 32.9 ± 9.2 and 63.7 ± 12.0 μM, respectively. The hydrolysates generated appear to have the most potent ACE IC50 values reported for a food derived hydrolysate to date.	10.1016/j.foodchem.2014.01.056
P02666	VLGP	Beta-casein	Bos taurus	212-215	DPP-IV Inhibitory		580.4				Inhibition of dipeptidyl peptidase IV (DPP-IV) by proline containing casein-derived peptides	Nongonierma, A. et al.	Dipeptides with a C terminal Pro inhibit dipeptidyl peptidase IV (DPP-IV), a key enzyme in incretin hormone processing. It was hypothesised that tri- and tetrapeptides with a proline at the C-terminus may also be DPP-IV inhibitors. Therefore, an in silico hydrolysis approach was used to release short (4 ⩽ amino acids) C terminal Pro peptides from the individual caseins which constitute Pro rich substrates. This was achieved using theoretical digestion of caseins with a prolyl oligopeptidase activity. Fifteen peptides were subsequently selected for in vitro DPP-IV inhibitory analysis. Stability of these peptides to gastrointestinal enzymes was also evaluated in silico and the predicted breakdown peptides were assessed for their DPP-IV inhibitory and antioxidant potential. New DPP-IV inhibitors were identified, the most potent being Phe-Leu-Gln-Pro (IC50 65.3 ± 3.5 μM). A low in vitro antioxidant (2,2-diphenyl-1-picrylhydrazyl (DPPH) scavenging) activity was also associated with the peptides studied. The strategy presented highlights the utility of employing an in silico approach for the prediction of food-derived peptides with a potential role in glycaemic management for subsequent development of functional foods.	10.1016/j.jff.2013.09.012
P02666	PQNIPPL	Beta-casein	Bos taurus	86-92	DPP-IV Inhibitory		1500.0				Isolation and identification of casein-derived dipeptidyl-peptidase 4 (DPP-4)-inhibitory peptide LPQNIPPL from gouda-type cheese and its effect on plasma glucose in rats	Uenishi, H. et al.	A water-soluble extract of a gouda-type cheese showed dipeptidyl-peptidase 4 (DPP-4)-inhibitory activity, which should improve glucose tolerance in type 2 diabetes. With liquid chromatography, we obtained four active fractions from the water-soluble extract and analysed the constituent peptides with liquid chromatography/mass spectrometry. Four peptides with the X–Pro-structure showed IC50 values of <200 μm. β-Casein peptide residues 70–77 (β-CN f70–77; LPQNIPPL) showed the highest DPP-4-inhibitory activity, which increased during the ripening period. Glucose tolerance tests were performed in rats orally administered synthesized LPQNIPPL (30 mg 100 g−1 rat weight) with a cross-over experimental design. The post-prandial area under the blood glucose curve was significantly reduced (P < 0.02) in the LPQNIPPL-administered group compared with that in the placebo-treated group. This is the first report that has identified DPP-4-inhibitory casein-derived peptides from gouda-type cheese with an effect on plasma glucose in a rat model.	10.1016/j.idairyj.2011.08.002
P02666	PGPIPNS	Beta-casein	Bos taurus	78-84	DPP-IV Inhibitory		1000.0				Isolation and identification of casein-derived dipeptidyl-peptidase 4 (DPP-4)-inhibitory peptide LPQNIPPL from gouda-type cheese and its effect on plasma glucose in rats	Uenishi, H. et al.	A water-soluble extract of a gouda-type cheese showed dipeptidyl-peptidase 4 (DPP-4)-inhibitory activity, which should improve glucose tolerance in type 2 diabetes. With liquid chromatography, we obtained four active fractions from the water-soluble extract and analysed the constituent peptides with liquid chromatography/mass spectrometry. Four peptides with the X–Pro-structure showed IC50 values of <200 μm. β-Casein peptide residues 70–77 (β-CN f70–77; LPQNIPPL) showed the highest DPP-4-inhibitory activity, which increased during the ripening period. Glucose tolerance tests were performed in rats orally administered synthesized LPQNIPPL (30 mg 100 g−1 rat weight) with a cross-over experimental design. The post-prandial area under the blood glucose curve was significantly reduced (P < 0.02) in the LPQNIPPL-administered group compared with that in the placebo-treated group. This is the first report that has identified DPP-4-inhibitory casein-derived peptides from gouda-type cheese with an effect on plasma glucose in a rat model.	10.1016/j.idairyj.2011.08.002
P02666	LPVPQ	Beta-casein	Bos taurus	186-190	DPP-IV Inhibitory		43.8				Structure activity relationship modelling of milk protein-derived peptides with dipeptidyl peptidase IV (DPP-IV) inhibitory activity	Nongonierma, A. et al.	Quantitative structure activity type models were developed in an attempt to predict the key features of peptide sequences having dipeptidyl peptidase IV (DPP-IV) inhibitory activity. The models were then employed to help predict the potential of peptides, which are currently reported in the literature to be present in the intestinal tract of humans following milk/dairy product ingestion, to act as inhibitors of DPP-IV. Two models (z- and v-scale) for short (2–5 amino acid residues) bovine milk peptides, behaving as competitive inhibitors of DPP-IV, were developed. The z- and the v-scale models (p < 0.05, R2 of 0.829 and 0.815, respectively) were then applied to 56 milk protein-derived peptides previously reported in the literature to be found in the intestinal tract of humans which possessed a structural feature of DPP-IV inhibitory peptides (P at the N2 position). Ten of these peptides were synthetized and tested for their in vitro DPP-IV inhibitory properties. There was no agreement between the predicted and experimentally determined DPP-IV half maximal inhibitory concentrations (IC50) for the competitive peptide inhibitors. However, the ranking for DPP-IV inhibitory potency of the competitive peptide inhibitors was conserved. Furthermore, potent in vitro DPP-IV inhibitory activity was observed with two peptides, LPVPQ (IC50 = 43.8 ± 8.8 μM) and IPM (IC50 = 69.5 ± 8.7 μM). Peptides present within the gastrointestinal tract of human may have promise for the development of natural DPP-IV inhibitors for the management of serum glucose.	10.1016/j.peptides.2016.03.005
P02666	LPQNIPPLT	Beta-casein	Bos taurus	85-93	DPP-IV Inhibitory		205.2				Structure activity relationship modelling of milk protein-derived peptides with dipeptidyl peptidase IV (DPP-IV) inhibitory activity	Nongonierma, A. et al.	Quantitative structure activity type models were developed in an attempt to predict the key features of peptide sequences having dipeptidyl peptidase IV (DPP-IV) inhibitory activity. The models were then employed to help predict the potential of peptides, which are currently reported in the literature to be present in the intestinal tract of humans following milk/dairy product ingestion, to act as inhibitors of DPP-IV. Two models (z- and v-scale) for short (2–5 amino acid residues) bovine milk peptides, behaving as competitive inhibitors of DPP-IV, were developed. The z- and the v-scale models (p < 0.05, R2 of 0.829 and 0.815, respectively) were then applied to 56 milk protein-derived peptides previously reported in the literature to be found in the intestinal tract of humans which possessed a structural feature of DPP-IV inhibitory peptides (P at the N2 position). Ten of these peptides were synthetized and tested for their in vitro DPP-IV inhibitory properties. There was no agreement between the predicted and experimentally determined DPP-IV half maximal inhibitory concentrations (IC50) for the competitive peptide inhibitors. However, the ranking for DPP-IV inhibitory potency of the competitive peptide inhibitors was conserved. Furthermore, potent in vitro DPP-IV inhibitory activity was observed with two peptides, LPVPQ (IC50 = 43.8 ± 8.8 μM) and IPM (IC50 = 69.5 ± 8.7 μM). Peptides present within the gastrointestinal tract of human may have promise for the development of natural DPP-IV inhibitors for the management of serum glucose.	10.1016/j.peptides.2016.03.005
P02666	LPQNIPP	Beta-casein	Bos taurus	85-91	DPP-IV Inhibitory		160.0				Isolation and identification of casein-derived dipeptidyl-peptidase 4 (DPP-4)-inhibitory peptide LPQNIPPL from gouda-type cheese and its effect on plasma glucose in rats	Uenishi, H. et al.	A water-soluble extract of a gouda-type cheese showed dipeptidyl-peptidase 4 (DPP-4)-inhibitory activity, which should improve glucose tolerance in type 2 diabetes. With liquid chromatography, we obtained four active fractions from the water-soluble extract and analysed the constituent peptides with liquid chromatography/mass spectrometry. Four peptides with the X–Pro-structure showed IC50 values of <200 μm. β-Casein peptide residues 70–77 (β-CN f70–77; LPQNIPPL) showed the highest DPP-4-inhibitory activity, which increased during the ripening period. Glucose tolerance tests were performed in rats orally administered synthesized LPQNIPPL (30 mg 100 g−1 rat weight) with a cross-over experimental design. The post-prandial area under the blood glucose curve was significantly reduced (P < 0.02) in the LPQNIPPL-administered group compared with that in the placebo-treated group. This is the first report that has identified DPP-4-inhibitory casein-derived peptides from gouda-type cheese with an effect on plasma glucose in a rat model.	10.1016/j.idairyj.2011.08.002
P02666	LPQ	Beta-casein	Bos taurus	85-87	DPP-IV Inhibitory		82.0				Isolation and identification of casein-derived dipeptidyl-peptidase 4 (DPP-4)-inhibitory peptide LPQNIPPL from gouda-type cheese and its effect on plasma glucose in rats	Uenishi, H. et al.	A water-soluble extract of a gouda-type cheese showed dipeptidyl-peptidase 4 (DPP-4)-inhibitory activity, which should improve glucose tolerance in type 2 diabetes. With liquid chromatography, we obtained four active fractions from the water-soluble extract and analysed the constituent peptides with liquid chromatography/mass spectrometry. Four peptides with the X–Pro-structure showed IC50 values of <200 μm. β-Casein peptide residues 70–77 (β-CN f70–77; LPQNIPPL) showed the highest DPP-4-inhibitory activity, which increased during the ripening period. Glucose tolerance tests were performed in rats orally administered synthesized LPQNIPPL (30 mg 100 g−1 rat weight) with a cross-over experimental design. The post-prandial area under the blood glucose curve was significantly reduced (P < 0.02) in the LPQNIPPL-administered group compared with that in the placebo-treated group. This is the first report that has identified DPP-4-inhibitory casein-derived peptides from gouda-type cheese with an effect on plasma glucose in a rat model.	10.1016/j.idairyj.2011.08.002
P02666	LPLPLL	Beta-casein	Bos taurus	150-155	ACE-inhibitory						Novel angiotensin I-converting enzyme inhibitory peptides from protease hydrolysates of Qula casein Quantitative structure-activity relationship modeling and molecular docking study	Lin, K. et al.	Qula casein derived from yak milk was hydrolysed using various enzymes. Hydrolysates were withdrawn at different hydrolysis phases and were determined to their degree of hydrolysis (DH) and ACE (angiotensin I-converting enzyme) inhibitory (ACEI) activities. Using a 3 kDa ultra-filtration membrane, hydrolysates were fractioned into two ranges of molecular weight and permeated fractions were further investigated. A Lineweaver-Burk plot was used to explore the ACEI kinetics of the hydrolysates. Additionally, the peptides in the hydrolysates were identified using LC-MS/MS. We established four quantitative structure-activity relationship (QSAR) models for predicting potential ACEI peptides. Using in silico analysis, four novel ACEI peptides were identified and a molecular docking study further explored the potential ACEI activities. Based on the docking results, three new peptides (PFPGPIPN, KYIPIQ and LPLPLL) were chemically synthesized and their IC50 values were determined. In conclusion, our study suggests that Qula casein may be a valuable source of ACEI peptides.	10.1016/j.jff.2017.03.008
P02666	LPLPLL	Beta-casein	Bos taurus	150-155	DPP-IV Inhibitory		371.5				Structure activity relationship modelling of milk protein-derived peptides with dipeptidyl peptidase IV (DPP-IV) inhibitory activity	Nongonierma, A. et al.	Quantitative structure activity type models were developed in an attempt to predict the key features of peptide sequences having dipeptidyl peptidase IV (DPP-IV) inhibitory activity. The models were then employed to help predict the potential of peptides, which are currently reported in the literature to be present in the intestinal tract of humans following milk/dairy product ingestion, to act as inhibitors of DPP-IV. Two models (z- and v-scale) for short (2–5 amino acid residues) bovine milk peptides, behaving as competitive inhibitors of DPP-IV, were developed. The z- and the v-scale models (p < 0.05, R2 of 0.829 and 0.815, respectively) were then applied to 56 milk protein-derived peptides previously reported in the literature to be found in the intestinal tract of humans which possessed a structural feature of DPP-IV inhibitory peptides (P at the N2 position). Ten of these peptides were synthetized and tested for their in vitro DPP-IV inhibitory properties. There was no agreement between the predicted and experimentally determined DPP-IV half maximal inhibitory concentrations (IC50) for the competitive peptide inhibitors. However, the ranking for DPP-IV inhibitory potency of the competitive peptide inhibitors was conserved. Furthermore, potent in vitro DPP-IV inhibitory activity was observed with two peptides, LPVPQ (IC50 = 43.8 ± 8.8 μM) and IPM (IC50 = 69.5 ± 8.7 μM). Peptides present within the gastrointestinal tract of human may have promise for the development of natural DPP-IV inhibitors for the management of serum glucose.	10.1016/j.peptides.2016.03.005
P02666	LPLPL	Beta-casein	Bos taurus	150-154	DPP-IV Inhibitory		"1) 325.0,
2) 325.0"				"1) Susceptibility of milk protein-derived peptides to dipeptidyl peptidase IV (DPP-IV) hydrolysis,
2) Structure activity relationship modelling of milk protein-derived peptides with dipeptidyl peptidase IV (DPP-IV) inhibitory activity"	"1) Nongonierma, A. et al.,
2) Nongonierma, A. et al."	"1) In silico digestion of milk protein-derived peptides with gastrointestinal enzyme activities was used to predict the release of peptides with a Pro residue at position 2 from the N terminus. These peptides are known to act as preferred dipeptidyl peptidase IV (DPP-IV) substrates. Five casein-derived synthetic peptides (Ile-Pro-Ile-Gln-Tyr, Leu-Pro-Leu-Pro-Leu, Tyr-Pro-Tyr-Tyr, Leu-Pro-Tyr-Pro-Tyr and Ile-Pro-Ile) and a casein (CasH), whey (WPH) and lactoferrin hydrolysate (LFH) generated with gastrointestinal enzymes were incubated with DPP-IV at 37 °C for 18 or 24 h. Peptide breakdown was evident following incubation with DPP-IV. Different modes of DPP-IV inhibition were observed depending on the test compound. Ile-Pro-Ile-Gln-Tyr, Tyr-Pro-Tyr-Tyr and Leu-Pro-Tyr-Pro-Tyr were substrate-, Leu-Pro-Leu-Pro-Leu and CasH were prodrug- while WPH and LFH were true DPP-IV inhibitors. These results are relevant for the bioactivity and bioavailability of functional foods targeting DPP-IV inhibition with potential blood glucose regulatory properties in humans.,
2) Quantitative structure activity type models were developed in an attempt to predict the key features of peptide sequences having dipeptidyl peptidase IV (DPP-IV) inhibitory activity. The models were then employed to help predict the potential of peptides, which are currently reported in the literature to be present in the intestinal tract of humans following milk/dairy product ingestion, to act as inhibitors of DPP-IV. Two models (z- and v-scale) for short (2–5 amino acid residues) bovine milk peptides, behaving as competitive inhibitors of DPP-IV, were developed. The z- and the v-scale models (p < 0.05, R2 of 0.829 and 0.815, respectively) were then applied to 56 milk protein-derived peptides previously reported in the literature to be found in the intestinal tract of humans which possessed a structural feature of DPP-IV inhibitory peptides (P at the N2 position). Ten of these peptides were synthetized and tested for their in vitro DPP-IV inhibitory properties. There was no agreement between the predicted and experimentally determined DPP-IV half maximal inhibitory concentrations (IC50) for the competitive peptide inhibitors. However, the ranking for DPP-IV inhibitory potency of the competitive peptide inhibitors was conserved. Furthermore, potent in vitro DPP-IV inhibitory activity was observed with two peptides, LPVPQ (IC50 = 43.8 ± 8.8 μM) and IPM (IC50 = 69.5 ± 8.7 μM). Peptides present within the gastrointestinal tract of human may have promise for the development of natural DPP-IV inhibitors for the management of serum glucose."	"1) 10.1016/j.foodchem.2013.08.097,
2) 10.1016/j.peptides.2016.03.005"
P02666	LPL	Beta-casein	Bos taurus	150-152	DPP-IV Inhibitory		241.4				Susceptibility of milk protein-derived peptides to dipeptidyl peptidase IV (DPP-IV) hydrolysis	Nongonierma, A. et al.	In silico digestion of milk protein-derived peptides with gastrointestinal enzyme activities was used to predict the release of peptides with a Pro residue at position 2 from the N terminus. These peptides are known to act as preferred dipeptidyl peptidase IV (DPP-IV) substrates. Five casein-derived synthetic peptides (Ile-Pro-Ile-Gln-Tyr, Leu-Pro-Leu-Pro-Leu, Tyr-Pro-Tyr-Tyr, Leu-Pro-Tyr-Pro-Tyr and Ile-Pro-Ile) and a casein (CasH), whey (WPH) and lactoferrin hydrolysate (LFH) generated with gastrointestinal enzymes were incubated with DPP-IV at 37 °C for 18 or 24 h. Peptide breakdown was evident following incubation with DPP-IV. Different modes of DPP-IV inhibition were observed depending on the test compound. Ile-Pro-Ile-Gln-Tyr, Tyr-Pro-Tyr-Tyr and Leu-Pro-Tyr-Pro-Tyr were substrate-, Leu-Pro-Leu-Pro-Leu and CasH were prodrug- while WPH and LFH were true DPP-IV inhibitors. These results are relevant for the bioactivity and bioavailability of functional foods targeting DPP-IV inhibition with potential blood glucose regulatory properties in humans.	10.1016/j.foodchem.2013.08.097
P02666	IPPLTQT	Beta-casein	Bos taurus	89-95	DPP-IV Inhibitory		465.1				Structure activity relationship modelling of milk protein-derived peptides with dipeptidyl peptidase IV (DPP-IV) inhibitory activity	Nongonierma, A. et al.	Quantitative structure activity type models were developed in an attempt to predict the key features of peptide sequences having dipeptidyl peptidase IV (DPP-IV) inhibitory activity. The models were then employed to help predict the potential of peptides, which are currently reported in the literature to be present in the intestinal tract of humans following milk/dairy product ingestion, to act as inhibitors of DPP-IV. Two models (z- and v-scale) for short (2–5 amino acid residues) bovine milk peptides, behaving as competitive inhibitors of DPP-IV, were developed. The z- and the v-scale models (p < 0.05, R2 of 0.829 and 0.815, respectively) were then applied to 56 milk protein-derived peptides previously reported in the literature to be found in the intestinal tract of humans which possessed a structural feature of DPP-IV inhibitory peptides (P at the N2 position). Ten of these peptides were synthetized and tested for their in vitro DPP-IV inhibitory properties. There was no agreement between the predicted and experimentally determined DPP-IV half maximal inhibitory concentrations (IC50) for the competitive peptide inhibitors. However, the ranking for DPP-IV inhibitory potency of the competitive peptide inhibitors was conserved. Furthermore, potent in vitro DPP-IV inhibitory activity was observed with two peptides, LPVPQ (IC50 = 43.8 ± 8.8 μM) and IPM (IC50 = 69.5 ± 8.7 μM). Peptides present within the gastrointestinal tract of human may have promise for the development of natural DPP-IV inhibitors for the management of serum glucose.	10.1016/j.peptides.2016.03.005
P02666	FPGPIPN	Beta-casein	Bos taurus	77-83	DPP-IV Inhibitory		260.0				Isolation and identification of casein-derived dipeptidyl-peptidase 4 (DPP-4)-inhibitory peptide LPQNIPPL from gouda-type cheese and its effect on plasma glucose in rats	Uenishi, H. et al.	A water-soluble extract of a gouda-type cheese showed dipeptidyl-peptidase 4 (DPP-4)-inhibitory activity, which should improve glucose tolerance in type 2 diabetes. With liquid chromatography, we obtained four active fractions from the water-soluble extract and analysed the constituent peptides with liquid chromatography/mass spectrometry. Four peptides with the X–Pro-structure showed IC50 values of <200 μm. β-Casein peptide residues 70–77 (β-CN f70–77; LPQNIPPL) showed the highest DPP-4-inhibitory activity, which increased during the ripening period. Glucose tolerance tests were performed in rats orally administered synthesized LPQNIPPL (30 mg 100 g−1 rat weight) with a cross-over experimental design. The post-prandial area under the blood glucose curve was significantly reduced (P < 0.02) in the LPQNIPPL-administered group compared with that in the placebo-treated group. This is the first report that has identified DPP-4-inhibitory casein-derived peptides from gouda-type cheese with an effect on plasma glucose in a rat model.	10.1016/j.idairyj.2011.08.002
P02666	FLQP	Beta-casein	Bos taurus	102-105	ACE-inhibitory		68.7				Characterisation of the hydrolytic specificity of Aspergillus niger derived prolyl endoproteinase on bovine β-casein and determination of ACE inhibitory activity	Norris, R. et al.	The hydrolytic specificity of Aspergillus niger prolyl endoproteinase (An-PEP) on purified β-casein (β-CN) was assessed. This analysis confirmed cleavage at the C-terminal side of Pro residues. An-PEP also had the ability to cleave at the C-terminal side of Ala, Glu, Gly, Ser, Lys and Leu. Incubation of purified β-CN with An-PEP resulted in the generation of highly potent angiotensin converting enzyme (ACE) inhibitory hydrolysates. The most potent hydrolysate was obtained after 24 h incubation (ACE IC50 = 16.41 ± 6.06 μg/mL). Fourteen β-CN derived C-terminal Pro-containing di-, tri, and tetrapeptides which were predicted in silico to be released following An-PEP hydrolysis or which were detected by ultra-performance liquid chromatography–mass spectrometry (UPLC–MS/MS) in the 24 h hydrolysate were synthesised and characterised for their ACE inhibitory activity. The most potent inhibitory peptides were Ile-Gln-Ala (β-CN f187–189) and Val-Glu-Pro (β-CN f116–118) having ACE IC50 values of 32.9 ± 9.2 and 63.7 ± 12.0 μM, respectively. The hydrolysates generated appear to have the most potent ACE IC50 values reported for a food derived hydrolysate to date.	10.1016/j.foodchem.2014.01.056
P02666	FLQP	Beta-casein	Bos taurus	102-105	DPP-IV Inhibitory		65.3				Inhibition of dipeptidyl peptidase IV (DPP-IV) by proline containing casein-derived peptides	Nongonierma, A. et al.	Dipeptides with a C terminal Pro inhibit dipeptidyl peptidase IV (DPP-IV), a key enzyme in incretin hormone processing. It was hypothesised that tri- and tetrapeptides with a proline at the C-terminus may also be DPP-IV inhibitors. Therefore, an in silico hydrolysis approach was used to release short (4 ⩽ amino acids) C terminal Pro peptides from the individual caseins which constitute Pro rich substrates. This was achieved using theoretical digestion of caseins with a prolyl oligopeptidase activity. Fifteen peptides were subsequently selected for in vitro DPP-IV inhibitory analysis. Stability of these peptides to gastrointestinal enzymes was also evaluated in silico and the predicted breakdown peptides were assessed for their DPP-IV inhibitory and antioxidant potential. New DPP-IV inhibitors were identified, the most potent being Phe-Leu-Gln-Pro (IC50 65.3 ± 3.5 μM). A low in vitro antioxidant (2,2-diphenyl-1-picrylhydrazyl (DPPH) scavenging) activity was also associated with the peptides studied. The strategy presented highlights the utility of employing an in silico approach for the prediction of food-derived peptides with a potential role in glycaemic management for subsequent development of functional foods.	10.1016/j.jff.2013.09.012
P02666	EPVLGPVRGP	Beta-casein	Bos taurus	210-219	Cytomodulatory						Characterization of a bioactive peptide with cytomodulatory effect released from casein	Zhao, HF. et al.	To obtain a bioactive peptide released from casein and investigate the cytomodulatory effect of this bioactive peptide, Lactobacillus helveticus CICC 22171, isolated from traditional Chinese dairy product, was directly used to hydrolyze casein (5 %) at 37 C for 48 h. Ultrafiltration, Sephadex column chromatography and high-speed counter-current chromatography were used to purify the peptide. After obtaining the peptide (named as β-Casobapt-ZW), a battery assays, including acridine orange/ethidium bromide (AO/EB) staining, TUNEL assay and flow cytometry analysis, were used to determine the cytomodulatory effect on Caco-2 and IEC-6 cells. The results showed that β-Casobapt-ZW could induce Caco-2 cell shrinkage, chromosome aggregation and apoptotic. The apoptotic rate could reach to 20.36 %. However, the effects were not obvious for IEC-6 cell, and the apoptotic rate was only 3.1 %. β-Casobapt-ZW showed obvious effect on inducing Caco-2 cells apoptosis and could not have significant influence on the growth of IEC-6 cells. The molecular weight of this peptide was about 1,020 Da, and the amino acid sequence was EPVLGPVRGP. It belonged to a fragment of β-casein (β-CN, f210–219).	10.1007/s00217-013-2106-7
P02666	PFPGPI	Beta-casein	Bos taurus	76-81	Cathepsin B Inhibitory						Cathepsin B inhibitory peptides derived from β-casein	Lee, HY. Sook. et al.	Two cathepsin B inhibitory peptides were isolated from a commercial pancreatic digest of casein. The peptides were identified as the Pro-Phe-Pro-Gly-Pro-Ile and the Gly-Pro-Phe-Pro-Ile corresponding to the sequence 61–66 and 203–207 of bovine β-casein. These peptides showed competitive inhibition for cathepsin B with the Ki values of 2.31 and 3.30 mM, respectively. Two related analogues, Tyr-Pro-Phe-Pro-Gly-Pro-Ile and Val-Tyr-Pro-Phe-Pro-Gly-Pro-Ile, were synthesized but their cathepsin B inhibitory activity was not detected.	10.1016/s0196-9781(00)00212-6
P02666	GPFPI	Beta-casein	Bos taurus	218-222	Cathepsin B Inhibitory						Cathepsin B inhibitory peptides derived from β-casein	Lee, HY. Sook. et al.	Two cathepsin B inhibitory peptides were isolated from a commercial pancreatic digest of casein. The peptides were identified as the Pro-Phe-Pro-Gly-Pro-Ile and the Gly-Pro-Phe-Pro-Ile corresponding to the sequence 61–66 and 203–207 of bovine β-casein. These peptides showed competitive inhibition for cathepsin B with the Ki values of 2.31 and 3.30 mM, respectively. Two related analogues, Tyr-Pro-Phe-Pro-Gly-Pro-Ile and Val-Tyr-Pro-Phe-Pro-Gly-Pro-Ile, were synthesized but their cathepsin B inhibitory activity was not detected.	10.1016/s0196-9781(00)00212-6
P02666	YPVEPFTE	Beta-casein	Bos taurus	129-136	Bradykinin-Potentiating						Biochemical and Pharmacological Aspects of Two Bradykinin-Potentiating Peptides Obtained from Tryptic Hydrolysis of Casein	Perpetuo, EA. et al.	Peptides that display bradykinin-potentiating activity have been obtained from a number of distinct sources, such as snake venoms, fibrinogen, and casein. This paper describes the characterization of two new peptides generated by tryptic hydrolysis of casein. No homology was found with other known vasoactive or vasopotentiating peptides, especially by the lack of Ile-Pro-Pro motif. The peptides EMPFPK and YPVEPFTE, corresponding to the gamma casein sequence (108–113 and 114–121, respectively), displayed a selective potentiating activity on isolated guinea pig ileum for bradykinin. Besides, the octapeptide YPVEPFTE showed an in vitro competitive inhibitor effect on angiotensin-converting enzyme and thimet oligopeptidase and presented an opiate-like activity, increasing two times the latence time in the hot-plate assay. The results suggest that the isolated bioactive peptides act on conversion and/or inactivation of endogenous peptides by enzymes such as angiotensin-converting enzyme and thimet oligopeptidase by modifying several systemic responses such as blood-pressure regulation and in pain response.	10.1023/b:jopc.0000008724.98339.ff
P02666	VYPFPGPIPN	Beta-casein	Bos taurus	74-83	ACE-inhibitory		325.0				Bioactive peptides generated in an enzyme membrane reactor using Bacillus lentus alkaline peptidase	Eisele, T. et al.	Bacillus lentus alkaline peptidase (BLAP) was used for casein (CN) hydrolysis in an enzyme membrane reactor (EMR) because it was found that BLAP was competitively inhibited by its products. The employed membranes had different molecular weight cut-offs (MWCO 1, 5 and 10 kDa). It was shown that the productivity of the EMR could be significantly improved (28 %) in comparison with batch hydrolysis under the same conditions after 20 h. All resulting EMR peptide mixtures showed a homogenous peptide pattern in HPLC–UV analysis. The obtained peptide mixtures exhibited Angiotensin-I-converting enzyme (ACE) inhibitory and antioxidative activity. The ACE inhibition of the peptide mixtures was dependent on the MWCO of the membranes. The resulting apparent IC50 values were 115, 131 and 420 μg ml−1 for the 1, 5 and 10 kDa MWCO membranes, respectively. In kinetic studies, a mixed-type inhibition was observed for the three peptide mixtures. The radical scavenging activity was determined with the ABTS assay, and IC50 values between 20 and 25 μg ml−1 were obtained for the generated peptide mixtures. In addition, the identified VYPFPGPIPN peptide exhibited ACE inhibition and antioxidant activity with IC50 values of 325 and 6.2 μM, respectively. The peptide YQEPVLGPVRGPFPIIV exhibited radical scavenging activity with an IC50 value of 5.2 μM.	10.1007/s00217-012-1894-5
P02666	VYPFPGPIPN	Beta-casein	Bos taurus	74-83	Antioxidant		6.2				"1) Bioactive peptides generated in an enzyme membrane reactor using Bacillus lentus alkaline peptidase,
2) Identification of New Peptides from Fermented Milk Showing Antioxidant Properties: Mechanism of Action"	"1) Eisele, T. et al.,
2) Tonolo, F. et al."	"1) Bacillus lentus alkaline peptidase (BLAP) was used for casein (CN) hydrolysis in an enzyme membrane reactor (EMR) because it was found that BLAP was competitively inhibited by its products. The employed membranes had different molecular weight cut-offs (MWCO 1, 5 and 10 kDa). It was shown that the productivity of the EMR could be significantly improved (28 %) in comparison with batch hydrolysis under the same conditions after 20 h. All resulting EMR peptide mixtures showed a homogenous peptide pattern in HPLC–UV analysis. The obtained peptide mixtures exhibited Angiotensin-I-converting enzyme (ACE) inhibitory and antioxidative activity. The ACE inhibition of the peptide mixtures was dependent on the MWCO of the membranes. The resulting apparent IC50 values were 115, 131 and 420 μg ml−1 for the 1, 5 and 10 kDa MWCO membranes, respectively. In kinetic studies, a mixed-type inhibition was observed for the three peptide mixtures. The radical scavenging activity was determined with the ABTS assay, and IC50 values between 20 and 25 μg ml−1 were obtained for the generated peptide mixtures. In addition, the identified VYPFPGPIPN peptide exhibited ACE inhibition and antioxidant activity with IC50 values of 325 and 6.2 μM, respectively. The peptide YQEPVLGPVRGPFPIIV exhibited radical scavenging activity with an IC50 value of 5.2 μM.,
2) Due to their beneficial properties, fermented foods are considered important constituents of the human diet. They also contain bioactive peptides, health-promoting compounds studied for a wide range of effects. In this work, several antioxidant peptides extracted from fermented milk proteins were investigated. First, enriched peptide fractions were purified and analysed for their antioxidant capacity in vitro and in a cellular model. Subsequently, from the most active fractions, 23 peptides were identified by mass spectrometry MS/MS), synthesized and tested. Peptides N-15-M, E-11-F, Q-14-R and A-17-E were selected for their antioxidant effects on Caco-2 cells both in the protection against oxidative stress and inhibition of ROS production. To define their action mechanism, the activation of the Kelch-like ECH-associated protein 1/nuclear factor erythroid 2-related factor 2(Keap1/Nrf2) pathway was studied evaluating the translocation of Nrf2 from cytosol to nucleus. In cells treated with N-15-M, Q-14-R and A-17-E, a higher amount of Nrf2 was found in the nucleus with respect to the control. In addition, the three active peptides, through the activation of Keap1/Nrf2 pathway, led to overexpression and increased activity of antioxidant enzymes. Molecular docking analysis confirmed the potential ability of N-15-M, Q-14-R and A-17-E to bind Keap1, showing their destabilizing effect on Keap1/Nrf2 interaction."	"1) 10.1007/s00217-012-1894-5,
2) 10.3390/antiox9020117"
P02666	VLPVPQK	Beta-casein	Bos taurus	185-191	ACE-inhibitory		15.0				Transepithelial transport of milk derived bioactive peptide VLPVPQK	Vij, R. et al.	The transepithelial transport of an antioxidative and ACE inhibitory peptide, VLPVPQK (named peptide C) derived from casein hydrolysates was investigated along with extensively studied opioid peptide β-casomorphin using a human intestinal cell (Caco-2) monolayer. The susceptibility to the brush-border peptidases and route of transepithelial transport were observed to be the primary factors influencing the transport of these peptides. The apical to basal transport mechanism was studied using bradykinin as control as it shows resistance to cellular peptidases and its route of transepithelial transport had been established. VLPVPQK and BCM 5 were hydrolyzed by cellular peptidases while bradykinin was found intact. The transport of VLPVPQK (1.0%) was found to be relatively much higher than BCM 5 (0.03%) and bradykinin (0.1%). Interestingly the effect of some inhibitors on the transport of VLPVPQK suggested involvement of PepT1 like transporters/SOPT2 while BCM 5, its hydrolytic product and bradykinin were suggested to be transported mainly via the intracellular transcytosis pathway.	10.1016/j.foodchem.2015.05.121
P02666	VLPVPQK	Beta-casein	Bos taurus	185-191	Antiapoptotic effect						 Anti-apoptotic effect of buffalo milk casein-derived bioactive peptide by directing Nrf2 regulation in starving fibroblasts	Kumar, N. et al.	Starvation conditions cause cell injury or ulcers from reactive oxygen species generation and, ultimately, lead to cell death or apoptosis. Milk has many bioactive peptides with cytoprotective potential. One such peptide is the buffalo milk β-casein derived antioxidative peptide, VLPVPQK. It was found to have cytoprotective action during oxidative stress. However, the protective role of the peptide in natural aging induced apoptosis has not been studied. In the present study, the anti-apoptotic effect of the peptide was analyzed by establishing an in vitro model of skin fibroblast cells with serum starved conditions similar to aging. Cell survivability and cytotoxicity were measured using MTT and LDH assays, respectively. Cell death rate was determined using propidium iodide staining. In addition, gene level expression of anti-apoptotic markers’ such as Nrf2, Keap-1, Bcl-2, Bax and HO-1 were analyzed using quantitative real time-PCR. While nuclear transmigration of Nrf2 at the protein level was analyzed using western blots. The peptide treatment led to inhibition of cell death as observed using PI, DCFH-DA staining and improvement in cell survival through the activation of transcription factor, Nrf2. The activation of Nrf2 stimulated the expression of cytoprotective signals from HO-1. Moreover, the peptide augmented the cellular protection by inhibiting the expression of the Nrf2 inhibitor (Keap1), pro-apoptotic markers (Bax) and stimulating anti-apoptotic (Bcl-2) gene expression. In addition, a pronounced reduction in the activity of the cell injury marker, LDH was observed. Hence, this study showed that the antioxidative peptide, VLPVPQK also showed an anti-apoptotic effect.	10.1016/j.fbio.2020.100566
P02666	VLPVPQK	Beta-casein	Bos taurus	185-191	Antimicrobial				Gram negative		Isolation and identification of some antibacterial peptides in the plasmin-digest of β-casein	Sedaghati, H. et al.	This study was an attempt to explore the antibacterial properties of plasmin and plasmin generated peptides from bovine β-casein, and then to identify active peptides using RP-HPLC. The target bacteria were Escherichia coli, Staphylococcus aureus (both pathogenic), Lactobacillus casei, and Lactobacillus acidophilus (both probiotic). Eight of the peptides (βC1, βC3, βC5, βC6, βC8, βC11, βC12, and βC14) exhibited antibacterial activity, with βC8, βC12, and βC14 being the most active. The plasmin digest of bovine β-casein was found to be one of the best compounds in terms of antibacterial potential. Measurement of the minimum inhibitory concentration (MIC) revealed the Gram-positive bacteria to be generally more sensitive to antibacterial activity than the Gram-negative bacteria. The eight antibacterial peptides were identified using LC-Mass. The molecular masses of βC1, βC3, βC5, βC6, βC8, βC11, βC12, and βC14 were corresponded to the f(100–105), f(108–113), f(177–183), f(170–176), f(98–105), f(106–113), f(100–107), and f(170–183) regions of bovine β-casein, respectively. It was also found that the hydrophobicity of a peptide greatly contributes to its antibacterial activity, but positive charge does not. This study showed that the plasmin digest of β-casein can be regarded as a natural antibacterial agent in the food chain.	10.1016/j.lwt.2015.12.019
P02666	VLPVPQK	Beta-casein	Bos taurus	185-191	Antioxidant						"1) Antioxidative peptide derived from enzymatic digestion of buffalo casein,
2) C-terminal sequence deletion effect on antioxidative characteristics of VLPVPQK bioactive peptide from buffalo milk casein"	"1) Shanmugam, VP. et al.,
2) Devi, S. et al."	"1) Bioactive peptides have been defined as specific protein fragments that have a positive impact on body functions or conditions and may ultimately influence health. We scrutinised the antioxidative property of peptides from buffalo casein digested with pepsin, trypsin, chymotrypsin alone and in combinations. Casein hydrolysates were subjected to ultrafiltration followed by reversed phase-high performance liquid chromatography (RP-HPLC). The antioxidant properties of casein, its hydrolysates and synthetic peptides, was assessed using 2,2′-azino-bis(3-ethylbenzothiazoline-6-sulphonic acid). The fraction with highest Trolox equivalent antioxidant capacity (TEAC) was selected for further study. TEAC of casein was 0.862 ± 0.11 μmol mg−1, while it is highest for pepsin-trypsin hydrolysates. The 1 kDa permeate of pepsin-trypsin hydrolysates possessed the highest antioxidant activity and it was resolved into 16 fractions by RP-HPLC. Antioxidant activity fraction 11 was highest and on custom sequencing yielded 4 peptides, of which the synthetic peptide VLPVPQK possessed the highest TEAC (5.71 ± 0.59 μmol mg−1).,
2) In the recent time, demand for nontoxic antioxidative substances such as peptides has boomed among pharmacologists. In the present investigation, peptides, VLPVPQ and VLPVP were generated from parent antioxidative peptide, VLPVPQK. Initially, all these peptides were studied in-silico for biophysical properties like hydrophobicity, structure, Extinction coefficient, isoelectric point, grand average hydropathy value and Wimley White whole residue hydrophobicity. Inspite of this, homology relationship among organisms, taxonomy, digestibility assessment for proteases, solubility, melting temperature index, half-life time in-vitro and in-vivo, instability index and aliphatic index was compared in-silico. Further, based on these properties, VLPVP was compared with parent peptide, VLPVPQK for antioxidative potential. VLPVP exhibited lesser antioxidative potential by chemical method and in-vitro hydrogen peroxide induced oxidative stress conditions generated in fibroblast cells compared to VLPVPQK. The proliferative potential, cell injury marker, nitric oxide production and pro-inflammatory, Tumor Necrosis Factor-α was measured to compare cytoprotective antioxidative potential. The results displayed the cytoprotective potential of VLPVPQK. In addition, the present study suggested that glutamine and lysine are responsible for the c-terminal sequence based response and cytoprotective potential of milk bioactive peptide, VLPVPQK. Other than this, hydrophobic amino acids and positive charge of the VLPVPQK is also responsible for the cytoprotective potential."	"1) 10.1016/j.idairyj.2014.11.001,
2) 10.1016/j.lwt.2019.108816"
P02666	VLPVPQK	Beta-casein	Bos taurus	185-191	Osteoanabolic						"1) Effect of buffalo casein derived novel bioactive peptides on osteoblast differentiation,
2) Repertoire of Structure-Activity-Based Novel Modified Peptides Elicits Enhanced Osteogenic Potential"	"1) Reddi, S. et al.,
2) Upadhyay, D. et al."	"1) Epidemiological and intervention studies show that milk consumption in childhood and during adolescence is related to higher bone mineral density. Milk and milk products prevent the bone loss in pre- and postmenopausal women. Apart from calcium, there are other biologically active compounds in milk such as bioactive peptides which may play a role in promoting bone health. Casein is the major protein in milk which has also been reported to have numerous biological active peptides within it. The hypothesis of the present study was to identify the key peptides behind osteoanabolic nature of the milk protein, which further can be used to prepare functional foods to alleviate bone diseases like osteoporosis. Hence, this study was carried out to investigate osteogenic nature of four novel bioactive peptides [PEP1 (EDVPSER), PEP2 (NAVPITPTL), PEP3 (VLPVPQK) and PEP4 (HPHPHLSF)] derived from buffalo casein by in vitro osteoblast differentiation model.,
2) Biologically active peptides in milk proteins can be used as effective dietary supplements for management of bone-associated issues including osteoporosis. A bioactive peptide derived from milk, viz. VLPVPQK/PepC, has been validated previously from our lab for its osteoanabolic action. In this study, we report 14 novel variants of PepC, designed in silico, based on the structure–activity relationship, aiming to enhance its osteogenic effect that holds tremendous therapeutic utility for bone-related injuries. PepC was computationally modified at seven positions of its original sequence, resulting in 14 modified synthetic peptides for functional predictions and in vitro assessment by comparative analysis of modified peptides by PepC for improved ability in osteogenic functional assays (proliferation potential, antioxidant ability, gene and protein expression, cytotoxic effect, bone mineralization) using calvarial osteoblasts. For most peptides with the highest Peptide7 response relative to PepC (p < 0.05), enhanced osteoanabolic response was observed. Further observations on Peptide7 have therefore been investigated in depth (qPCR, immunoblotting, LCMS/MS, and PCA analysis). Peptide7 displayed a rise in the expression of osteogenes (Osterix, Opg, Bmp2, and Runx2, p < 0.05) and protein (Runx2 and Bmp2, p < 0.05). Besides, LCMS/MS findings suggest Peptide7 escapes intestinal peptidases degradation. Experimental evidence supports an improved osteological reaction to newly modified peptides and hence exploitation in the preparation of functional foods or supplements."	"1) 10.1007/s00394-016-1346-2,
2) 10.1021/acs.jafc.0c03385"
P02666	VLPVPQK	Beta-casein	Bos taurus	185-191	Wound healing						Nrf2 dependent antiaging effect of milk derived bioactive peptide in old fibroblasts	Kumar, N. et al.	Prolonged passaging of primary fibroblast cells totally shapes the natural biological phenomena and leads to the appearance of features related to senescence. As a result, it is a good natural tool to delineate the molecular mechanism of cellular aging. The present investigation revealed the antiaging effect of milk-derived novel bioactive peptide (VLPVPQK). The peptide played an important role in downregulating apoptosis-related markers in late passages of cultured fibroblast cells. The peptide treatment to aged fibroblasts caused enhancement in cell migration, DNA integrity, and decrease in the lipid peroxidation, reactive oxygen species, nitric oxide production as well as pro-inflammatory cytokines, TNF-α and IL-6. Moreover, the peptide decreased the expression of apoptotic caspases, Bax, and senescence-associated β-galactosidase (SA-β-gal) proteins. The peptide pretreatment also enhanced the extracellular collagen protein and antiapoptotic, Bcl-xL. In addition, the peptide treatment reversed the senescence-related activity in fibroblasts by stimulating Nrf2 mediated antioxidative defense system and inhibiting the action of NFkB/p38MAPK signaling, similar to the commercially available inhibitor (SB203580) of p38MAPK. Thus, the peptide exhibits the antiaging effect in dermal fibroblast cells.	10.1002/jcb.28246
P02666	VKEAMAPK	Beta-casein	Bos taurus	113-120	Antimicrobial				Gram negative		Isolation and identification of some antibacterial peptides in the plasmin-digest of β-casein	Sedaghati, H. et al.	This study was an attempt to explore the antibacterial properties of plasmin and plasmin generated peptides from bovine β-casein, and then to identify active peptides using RP-HPLC. The target bacteria were Escherichia coli, Staphylococcus aureus (both pathogenic), Lactobacillus casei, and Lactobacillus acidophilus (both probiotic). Eight of the peptides (βC1, βC3, βC5, βC6, βC8, βC11, βC12, and βC14) exhibited antibacterial activity, with βC8, βC12, and βC14 being the most active. The plasmin digest of bovine β-casein was found to be one of the best compounds in terms of antibacterial potential. Measurement of the minimum inhibitory concentration (MIC) revealed the Gram-positive bacteria to be generally more sensitive to antibacterial activity than the Gram-negative bacteria. The eight antibacterial peptides were identified using LC-Mass. The molecular masses of βC1, βC3, βC5, βC6, βC8, βC11, βC12, and βC14 were corresponded to the f(100–105), f(108–113), f(177–183), f(170–176), f(98–105), f(106–113), f(100–107), and f(170–183) regions of bovine β-casein, respectively. It was also found that the hydrophobicity of a peptide greatly contributes to its antibacterial activity, but positive charge does not. This study showed that the plasmin digest of β-casein can be regarded as a natural antibacterial agent in the food chain.	10.1016/j.lwt.2015.12.019
P02666	VKEAMAPK	Beta-casein	Bos taurus	113-120	Antioxidant						Caseins and Casein Hydrolysates 2 Antioxidative Properties and Relevance to Lipoxygenase Inhibition	Rival, S. et al.	The antioxidant activity of caseins and casein-derived peptides was evaluated by using three free radical producing reactionsthe lipoxygenase- and AAPH-catalyzed oxidation of linoleic acid and the hemoglobin-catalyzed oxidation of linoleic acid hydroperoxide. Caseins and casein-derived peptides were able to inhibit enzymatic and nonenzymatic lipid peroxidation, suggesting they were preferred targets for the free radical intermediates. The antioxidative feature was not lost with the dephosphorylation or the proteolysis of the proteins. The fractionation of the tryptic β-casein digest yielded peptides with antioxidant activity. A structure−function relationship between the amino acid sequence and the antioxidant capacity and effectiveness is proposed. In addition, indirect evidence suggested that the trapping of free radicals by the proteins/peptides was accompanied by the oxidation of proteins/peptides, according to a sequence-specific mechanism.	10.1021/jf0003911
P02666	TQTPVVVPPFLQPE	Beta-casein	Bos taurus	93-106	Antioxidant						Antioxidant activity of yoghurt peptides: Part 1-in vitro assays and evaluation in n-3 enriched milk	Farvin, K. et al.	The aim of the present study was to investigate important factors contributing to the high oxidative stability of fish-oil-enriched yoghurt, with particular emphasis on the possible antioxidative effects of peptides released during yoghurt fermentation. Yoghurt samples were stripped from sugars and lactic acid and subsequently fractionated by ultrafiltration using membranes with cut off sizes of 30 kDa, 10 kDa and 3 kDa. The fractions were tested for antioxidant activity by investigating the inhibition of oxidation in liposome model system, 1,1-diphenyl-2-picrylhydrazyl radical-scavenging activity, iron-chelating activity, and reducing power. The lower molecular weight fractions were found to be more effective antioxidants than higher molecular weight fractions. The lower molecular fractions were further tested as antioxidants in fish-oil-enriched milk. On the basis of peroxide value, volatiles, tocopherol and sensory characteristics, the lower molecular weight fractions 3–10 kDa and <3 kDa showed protection against oxidation of fish oil to the same extent as caseinophosphopeptides. The oxygen content of the yoghurt was also found to be lower than that of milk. Thus our findings suggests that the higher oxidative stability of yoghurt might be due to antioxidant peptides released during the fermentation of milk by lactic acid bacteria and/or by the lower oxygen content of yoghurt, which subsequently reduces the oxidative stress of fish oil incorporated in the yoghurt. The results show that antioxidant peptides may be used as an ingredient in foods enriched with fish oils to increase their oxidative stability.	10.1016/j.foodchem.2010.05.067
P02666	AVPYPQR	Beta-casein	Bos taurus	192-198	ACE-inhibitory		"1) 15.0,
2) 274.0"				"1) Angiotensin I-Converting Enzyme Inhibitor Derived from an Enzymatic Hydrolysate of Casein II Isolation and Bradykinin-potentiating Activity on the Uterus and the Ileum of Rats,
2) Angiotensin I Converting Enzyme Inhibitory Peptides Derived from Bovine Milk Proteins"	"1) Maruyama, S. et al.,
2) Pihlanto-Leppala, A. et al."	"1) Inhibitors of angiotensin I-converting enzyme were isolated from an enzymatic hydrolysate of bovine casein. The amino acid sequences of these inhibitors were Phe-Phe-Val-Ala-Pro-Phe-Pro- Glu-Val-Phe-Gly-Lys (CEI12), Phe-Phe-Val-Ala-Pro (CEI5), and Ala-Val-Pro-Tyr-Pro-Gln-Arg (CEIβ7). CEI5 is a penta-peptide derived from the hydrolysate of CEI12 with proline-specific endopeptidase, and CEIβ7 is a hepta-peptide derived from β-casein. These inhibitors potentiated bradykinin in the contraction of the uterus and the ileum of rats. The ileum was more sensitive to these inhibitors than the uterus. The bradykinin-potentiating activity of these inhibitors on the ileum lasted for more than 90 min even after washing the organ.,
2) Milk whey and casein proteins were fermented with different lactic acid starters and digestive enzymes. ACE-inhibition activity was observed only after the digestion of proteins with pepsin and trypsin. Whey proteins resulted in 35–61% inhibition and caseins 86% inhibition under the applied conditions. The hydrolysates having inhibitory activity were fractionated by size exclusion and reversed phase chromatography. Several ACE-inhibitory peptides were purified and identified by amino acid and MS-analysis. The identified peptides were α-la f105–110, β-lg f9–14, f15–20, αs1-cn f142–147, f157–164, f194–199 and β-cn f108–113, f177–183 and 193–198. Among whey hydrolysates peptides with small molecular weight (<1000 Da) were the most active inhibitors. The highest ACE-inhibitory activity was found in the peptides derived from αs1-casein."	"1) 10.1080/00021369.1985.10866901,
2) 10.1016/S0958-6946(98)00048-X"
P02666	AVPYPQR	Beta-casein	Bos taurus	192-198	Antimicrobial			MIC	"1) E. coli B. subtilis,
2) Gram negative"		"1) Identification of novel antibacterial peptides isolated from a commercially available casein hydrolysate by autofocusing technique,
2) Isolation and identification of some antibacterial peptides in the plasmin-digest of β-casein"	"1) Elbarbary, H. et al.,
2) Sedaghati, H. et al."	"1) Autofocusing, as a simple and safe technique, was used to fractionate casein hydrolysate based on the amphoteric nature of its peptides. The antibacterial activity of casein hydrolysate and its autofocusing fractions (A1–10) was examined against Escherichia coli and Bacillus subtilis. The basic fraction A9 exhibited the highest activity with minimum inhibitory concentration (MIC) of 150 μg/mL, whereas casein hydrolysate showed MIC values ranging from 2000 to 8000 μg/mL. The antibacterial peptides in A9 were purified by using a series of size exclusion and reversed phase chromatographies. Three peptides exhibited the most potent antibacterial activity with MIC values ranging from 12.5 to 100 μg/mL. These peptides were generated from αs2-casein, αs1-casein, and κ-casein and identified as K165KISQRYQKFALPQYLKTVYQHQK188, I6KHQGLPQEV15, and T136EAVESTVATL146, respectively. Therefore, the results revealed that casein hydrolysate had potent antibacterial peptides that could be isolated by autofocusing technique. © 2012 International Union of Biochemistry and Molecular Biology, Inc.,
2) This study was an attempt to explore the antibacterial properties of plasmin and plasmin generated peptides from bovine β-casein, and then to identify active peptides using RP-HPLC. The target bacteria were Escherichia coli, Staphylococcus aureus (both pathogenic), Lactobacillus casei, and Lactobacillus acidophilus (both probiotic). Eight of the peptides (βC1, βC3, βC5, βC6, βC8, βC11, βC12, and βC14) exhibited antibacterial activity, with βC8, βC12, and βC14 being the most active. The plasmin digest of bovine β-casein was found to be one of the best compounds in terms of antibacterial potential. Measurement of the minimum inhibitory concentration (MIC) revealed the Gram-positive bacteria to be generally more sensitive to antibacterial activity than the Gram-negative bacteria. The eight antibacterial peptides were identified using LC-Mass. The molecular masses of βC1, βC3, βC5, βC6, βC8, βC11, βC12, and βC14 were corresponded to the f(100–105), f(108–113), f(177–183), f(170–176), f(98–105), f(106–113), f(100–107), and f(170–183) regions of bovine β-casein, respectively. It was also found that the hydrophobicity of a peptide greatly contributes to its antibacterial activity, but positive charge does not. This study showed that the plasmin digest of β-casein can be regarded as a natural antibacterial agent in the food chain."	"1) 10.1002/biof.1023,
2) 10.1016/j.lwt.2015.12.019"
P02666	AVPYPQR	Beta-casein	Bos taurus	192-198	Antioxidant						"1) Caseins and Casein Hydrolysates 2 Antioxidative Properties and Relevance to Lipoxygenase Inhibition,
2) Milk-derived bioactive peptides exhibit antioxidant activity through the Keap1-Nrf2 signaling pathway"	"1) Rival, S. et al.,
2) Tonolo, F. et al."	"1) The antioxidant activity of caseins and casein-derived peptides was evaluated by using three free radical producing reactionsthe lipoxygenase- and AAPH-catalyzed oxidation of linoleic acid and the hemoglobin-catalyzed oxidation of linoleic acid hydroperoxide. Caseins and casein-derived peptides were able to inhibit enzymatic and nonenzymatic lipid peroxidation, suggesting they were preferred targets for the free radical intermediates. The antioxidative feature was not lost with the dephosphorylation or the proteolysis of the proteins. The fractionation of the tryptic β-casein digest yielded peptides with antioxidant activity. A structure−function relationship between the amino acid sequence and the antioxidant capacity and effectiveness is proposed. In addition, indirect evidence suggested that the trapping of free radicals by the proteins/peptides was accompanied by the oxidation of proteins/peptides, according to a sequence-specific mechanism.,
2) Bioactive peptides are relevant nutritional factors that exhibit many functions including antioxidant, antihypertensive, anticancer and antimicrobial properties. In this paper, four synthetic peptides ARHPHPHLSFM (A-11-M), AVPYPQR (A-7-R), NPYVPR (N-6-R) and KVLPVPEK (K-8-K) with sequences present in milk proteins were examined for their antioxidant properties. The compounds show moderate free radical scavenging activity in the ABTS and crocin assays (A-7-R and N-6-R) and lipid peroxidation inhibition in Caco-2 cells (N-6-R and K-8-K). All peptides, in particular K-8-K, activate the Keap1-Nrf2 system by allowing the translocation of the transcription factor Nrf2 from the cytosol to nucleus. This activation triggers the overexpression of the antioxidant enzymes Trx1, TrxR1, GR, NQO1 and SOD1. Furthermore, molecular modeling shows that K-8-K is able to hinder the interaction of Nrf2 with Keap1. The reported results show that the antioxidant action in cells of these bioactive peptides is mostly due to the activation of Keap1-Nrf2 signaling pathway."	"1) 10.1021/jf0003911,
2) 10.1016/j.jff.2019.103696"
P02666	VPYPQRDMPIQAFL	Beta-casein	Bos taurus	193-206	Antimicrobial			MIC	B. subtilis - NA E. coli NEB 5α - 493 E. coli ATCC 25922 - NAα		Virtual screening of a milk peptide database for the identification of food-derived antimicrobial peptides	Liu, Y. et al.	"
Scope

Milk provides a wide range of bioactive substances, such as antimicrobial peptides and proteins. Our study aimed to identify novel antimicrobial peptides naturally present in milk.
Methods and results

The components of an endogenous bovine milk peptide database were virtually screened for charge, amphipathy, and predicted secondary structure. Thus, 23 of 248 screened peptides were identified as candidates for antimicrobial effects. After commercial synthesis, their antimicrobial activities were determined against Escherichia coli NEB5α, E. coli ATCC25922, and Bacillus subtilis ATCC6051. In the tested concentration range (<2 mM), bacteriostatic activity of 14 peptides was detected including nine peptides inhibiting both Gram-positive and Gram-negative bacteria. The most effective fragment was TKLTEEEKNRLNFLKKISQRYQKFΑLPQYLK corresponding to αS2-casein151–181, with minimum inhibitory concentration (MIC) of 4.0 μM against B. subtilis ATCC6051, and minimum inhibitory concentrations of 16.2 μM against both E. coli strains. Circular dichroism spectroscopy revealed conformational changes of most active peptides in a membrane-mimic environment, transitioning from an unordered to α-helical structure.
Conclusion

Screening of food peptide databases by prediction tools is an efficient method to identify novel antimicrobial food-derived peptides. Milk-derived antimicrobial peptides may have potential use as functional food ingredients and help to understand the molecular mechanisms of anti-infective milk effects."	10.1002/mnfr.201500182
P02666	VLPVPQKAVPYPQR	Beta-casein	Bos taurus	185-198	Antimicrobial				Gram negative		Isolation and identification of some antibacterial peptides in the plasmin-digest of β-casein	Sedaghati, H. et al.	This study was an attempt to explore the antibacterial properties of plasmin and plasmin generated peptides from bovine β-casein, and then to identify active peptides using RP-HPLC. The target bacteria were Escherichia coli, Staphylococcus aureus (both pathogenic), Lactobacillus casei, and Lactobacillus acidophilus (both probiotic). Eight of the peptides (βC1, βC3, βC5, βC6, βC8, βC11, βC12, and βC14) exhibited antibacterial activity, with βC8, βC12, and βC14 being the most active. The plasmin digest of bovine β-casein was found to be one of the best compounds in terms of antibacterial potential. Measurement of the minimum inhibitory concentration (MIC) revealed the Gram-positive bacteria to be generally more sensitive to antibacterial activity than the Gram-negative bacteria. The eight antibacterial peptides were identified using LC-Mass. The molecular masses of βC1, βC3, βC5, βC6, βC8, βC11, βC12, and βC14 were corresponded to the f(100–105), f(108–113), f(177–183), f(170–176), f(98–105), f(106–113), f(100–107), and f(170–183) regions of bovine β-casein, respectively. It was also found that the hydrophobicity of a peptide greatly contributes to its antibacterial activity, but positive charge does not. This study showed that the plasmin digest of β-casein can be regarded as a natural antibacterial agent in the food chain.	10.1016/j.lwt.2015.12.019
P02666	RINKK	Beta-casein	Bos taurus	40-44	ACE-inhibitory		18.32				ACE-inhibitory activity of probiotic yoghurt	Donkor, ON. et al.	In this study, the in vitro angiotensin-converting enzyme (ACE)-inhibitory (ACE-I) activity of peptide fractions from different yoghurt batches was assessed. Inhibition of ACE activity resulted in an overall antihypertensive effect. Yoghurts were prepared either using a sole yoghurt culture including Lactobacillus delbrueckii ssp. bulgaricus Lb1466 and Streptococcus thermophilus St1342, or L. acidophilus L10, L. casei L26 and Bifidobacterium lactis B94 in addition to yoghurt culture. ACE-I activity was determined at weekly intervals during 28 days of cold storage. Peptide fractions showing high ACE-I activity were further purified using multiple-steps of RP-HPLC. All probiotic yoghurts showed appreciable ACE-I activity during initial stages of storage compared with the control yoghurt, with a significant (p<0.05) decrease afterwards. The ACE-I activity ranged from IC50 of 103.30–27.79 μg mL−1 with the greatest ACE inhibition achieved during first and third week of storage. The in vitro ACE-I activity could be related to the peptide liberation via degradation of caseins. In total, 8 ACE-I peptides were characterized originating from αs2-casein (1), κ-casein (2) and β-casein, of which two well-known ACE-inhibiting peptides, namely Val–Pro–Pro (VPP) and Ile–Pro–Pro (IPP), were identified. These peptides are already used in commercial products.	10.1016/j.idairyj.2007.02.009
P02666	RINKK	Beta-casein	Bos taurus	40-44	Antimicrobial			log(N0/Nf)	E. coli		Identification of antibacterial peptides from bovine kappa-casein	Lopez-Exposito, I. et al.	The objective of the present study was to identify antimicrobial peptides present in several digests of commercial caseins with gastric enzymes. The most active hydrolysate against Escherichia coli ATCC 25922 and Listeria innocua CECT 910T corresponded to a pepsin digest of bovine kappa-casein. The protein digest was first separated by semipreparative high-performance liquid chromatography (HPLC), and the most active fractions were again subjected to a second chromatographic step. Finally, identification of the active peptides was carried out by online and offline HPLC-electrospray ionization-tandem mass spectrometry. By means of this technique, 21 peptides were identified in the active HPLC fractions. Although most were derived from bovine kappa-casein, some of the identified fragments corresponded to beta-casein and alpha(s)-casein fragments, a result of the presence of small amounts of these proteins in the preparation of kappa-casein. Some of the peptides identified were chemically synthesized and showed antibacterial effects against several gram-positive and gram-negative bacteria. Among the synthesized peptides, kappa-casein f(18-24), f(30-32), and f(139-146) were most effective against all bacteria tested. The antibacterial effect of these peptides is discussed in relation to their amino acid sequences.	10.4315/0362-028x-69.12.2992 
P02666	HKEMPFPK	Beta-casein	Bos taurus	121-128	Antimicrobial						Isolation and identification of some antibacterial peptides in the plasmin-digest of β-casein	Sedaghati, H. et al.	This study was an attempt to explore the antibacterial properties of plasmin and plasmin generated peptides from bovine β-casein, and then to identify active peptides using RP-HPLC. The target bacteria were Escherichia coli, Staphylococcus aureus (both pathogenic), Lactobacillus casei, and Lactobacillus acidophilus (both probiotic). Eight of the peptides (βC1, βC3, βC5, βC6, βC8, βC11, βC12, and βC14) exhibited antibacterial activity, with βC8, βC12, and βC14 being the most active. The plasmin digest of bovine β-casein was found to be one of the best compounds in terms of antibacterial potential. Measurement of the minimum inhibitory concentration (MIC) revealed the Gram-positive bacteria to be generally more sensitive to antibacterial activity than the Gram-negative bacteria. The eight antibacterial peptides were identified using LC-Mass. The molecular masses of βC1, βC3, βC5, βC6, βC8, βC11, βC12, and βC14 were corresponded to the f(100–105), f(108–113), f(177–183), f(170–176), f(98–105), f(106–113), f(100–107), and f(170–183) regions of bovine β-casein, respectively. It was also found that the hydrophobicity of a peptide greatly contributes to its antibacterial activity, but positive charge does not. This study showed that the plasmin digest of β-casein can be regarded as a natural antibacterial agent in the food chain.	10.1016/j.lwt.2015.12.019
P02666	EAMAPKHK	Beta-casein	Bos taurus	115-122	Antimicrobial				Gram negative		Isolation and identification of some antibacterial peptides in the plasmin-digest of β-casein	Sedaghati, H. et al.	This study was an attempt to explore the antibacterial properties of plasmin and plasmin generated peptides from bovine β-casein, and then to identify active peptides using RP-HPLC. The target bacteria were Escherichia coli, Staphylococcus aureus (both pathogenic), Lactobacillus casei, and Lactobacillus acidophilus (both probiotic). Eight of the peptides (βC1, βC3, βC5, βC6, βC8, βC11, βC12, and βC14) exhibited antibacterial activity, with βC8, βC12, and βC14 being the most active. The plasmin digest of bovine β-casein was found to be one of the best compounds in terms of antibacterial potential. Measurement of the minimum inhibitory concentration (MIC) revealed the Gram-positive bacteria to be generally more sensitive to antibacterial activity than the Gram-negative bacteria. The eight antibacterial peptides were identified using LC-Mass. The molecular masses of βC1, βC3, βC5, βC6, βC8, βC11, βC12, and βC14 were corresponded to the f(100–105), f(108–113), f(177–183), f(170–176), f(98–105), f(106–113), f(100–107), and f(170–183) regions of bovine β-casein, respectively. It was also found that the hydrophobicity of a peptide greatly contributes to its antibacterial activity, but positive charge does not. This study showed that the plasmin digest of β-casein can be regarded as a natural antibacterial agent in the food chain.	10.1016/j.lwt.2015.12.019
P02666	EAMAPK	Beta-casein	Bos taurus	115-120	Antimicrobial				Gram negative		Isolation and identification of some antibacterial peptides in the plasmin-digest of β-casein	Sedaghati, H. et al.	This study was an attempt to explore the antibacterial properties of plasmin and plasmin generated peptides from bovine β-casein, and then to identify active peptides using RP-HPLC. The target bacteria were Escherichia coli, Staphylococcus aureus (both pathogenic), Lactobacillus casei, and Lactobacillus acidophilus (both probiotic). Eight of the peptides (βC1, βC3, βC5, βC6, βC8, βC11, βC12, and βC14) exhibited antibacterial activity, with βC8, βC12, and βC14 being the most active. The plasmin digest of bovine β-casein was found to be one of the best compounds in terms of antibacterial potential. Measurement of the minimum inhibitory concentration (MIC) revealed the Gram-positive bacteria to be generally more sensitive to antibacterial activity than the Gram-negative bacteria. The eight antibacterial peptides were identified using LC-Mass. The molecular masses of βC1, βC3, βC5, βC6, βC8, βC11, βC12, and βC14 were corresponded to the f(100–105), f(108–113), f(177–183), f(170–176), f(98–105), f(106–113), f(100–107), and f(170–183) regions of bovine β-casein, respectively. It was also found that the hydrophobicity of a peptide greatly contributes to its antibacterial activity, but positive charge does not. This study showed that the plasmin digest of β-casein can be regarded as a natural antibacterial agent in the food chain.	10.1016/j.lwt.2015.12.019
P02666	DMPIQAFLLYQEPVLGPVR	Beta-casein	Bos taurus	199-217	Immunomodulatory	Anti-inflammatory			Gram negative		Identification of a NFkappaB inhibitory peptide from tryptic β-casein hydrolysate	Malinowski, J. et al.	Several bioactive peptides are encrypted within the sequence of major milk proteins, requiring enzymatic proteolysis for release and activation. The present study aimed at the identification of potential anti-inflammatory activities in tryptic hydrolysates of bovine β-casein. Inflammatory processes involve in most cases an activation of Nuclear factor Kappa-light-chain enhancer of activated B cells (NFκB), which is a pro-inflammatory transcription factor of several genes. Hence, a NFκB reporter cell line was established, and TNF-α mediated activation of NFκB was used as a measurement. Bovine β-casein (β-CN) was hydrolysed by trypsin and fractionated by ultrafiltration. Total proteolysate as well as the fraction containing peptides between 1 and 5 kDa showed an inhibitory effect in the cell-based assay, while the fraction containing molecules smaller than 1 kDa did not. This anti-inflammatory effect was ascribed to a group of large, hydrophobic peptides, which were identified using LC–MS. The main peptide was synthesised and showed a significant anti-inflammatory effect in HEKnfkb-RE-cells. Thus, for the first time, a casein-derived peptide having an anti-inflammatory effect in vitro has been identified.	10.1016/j.foodchem.2014.05.075
P02666	INKKI	Beta-casein	Bos taurus	41-45	Anticancer	Cytoxic for B16F10 melanoma cells					Antitumor Effect of Cationic INKKI Peptide from Bovine β-Casein on Melanoma B16F10	Azeveda, RA. et al.	Cationic peptide with the sequence INKKI 41-45 was isolated from bovine β-casein after tryptic hydrolysis and synthetized. The aim of this work was to evaluate the antiproliferative activity in vitro and antitumor effect in animal model. The in vitro cytotoxicity was evaluated on B16F10 melanoma cells by MTT assay. Detection of apoptosis was measured using the annexin V/PI double staining and cell cycle analysis performed flow cytometry. Caspase-3 activity was analyzed with substrate specific fluorogenic DEVD-MCA. In vivo, antitumor activity was evaluated in B16F10 melanoma tumor-bearing C57BL/6J mice. The animals were treated with 55 mg/kg INKKI administered into peritumoral region, while control group received saline solution. The following antitumor parameters were examined: tumor volume, number of metastases, tumor delayed time, tumor doubling time. Histological analyses were performed with H & E staining. The results showed that INKKI induced dose-response cytotoxicity selective for B16F10 melanoma cells (IC50 1.7 μM) and did not present cytotoxic effects for FN1 fibroblast cells. INKKI-induced apoptosis detected trough of annexin V/PI assay and it was accompanied with an increase of sub-G1 apoptotic fractions and significant increase of caspase-3 cleavage. The tumor-bearing mice treated with INKKI showed a significant reduction in tumor volume of 72.62% and decreased of metastasis number loci. In addition, INKKI caused a significant delay in tumor growth and prolonged the tumor doubling time. Histological analysis revealed an increased of necrosis areas and reduction of tumor cells in tumor treated with INKKI, it was a many hallmark of its antitumor effects observed from in vivo experiments. In conclusion, we show that INKKI is a peptide that could be considered a new putative candidate development to anticancer therapy drug.	10.4236/jct.2012.34034
P02666	YQEPVLGPVR	Beta-casein	Bos taurus	208-217	ACE-inhibitory		300.0				Angiotensin-I-converting enzyme-inhibitory peptides in commercial Wisconsin Cheddar cheeses of different ages	Lu, Y. et al.	Bioactive peptides, including angiotensin-I-converting enzyme-inhibitory (ACEI) peptides, were investigated in commercially produced Wisconsin Cheddar cheeses that ranged in age from ≤6 d to more than 2 yr. The ACEI activity of cheese was determined in water-soluble extracts (WSE) that were fractionated for components with molecular weight (MW) ≤3,000 Da, and peptides identified using HPLC and tandem mass spectrometry. The number of types of bioactive peptides increased with an increase in ripening time. Six of the identified ACEI peptides, Ile-Pro-Pro (IPP), Val-Pro-Pro (VPP), Glu-Lys-Asp-Glu-Arg-Phe (EKDERF), Val-Arg-Tyr-Leu (VRYL), Tyr-Pro-Phe-Pro-Gly-Pro-Ile-Pro-Asn (YPFPGPIPN), and Phe-Phe-Val-Ala-Pro (FFVAP), with known high ACEI activity (low IC50 values, the concentration needed to inhibit ACE to 50% of its original activity) were synthesized and used to quantify the amounts of these peptides in various cheese extracts. The concentrations of these 6 ACEI peptides increased up to a certain stage of ripening. The maximum contents of IPP, VPP, and EKDERF were 2.8, 7.4, and 5.3 mg/100 g of cheese, respectively, and these levels were found in a 1-yr-old Cheddar cheese sample. The maximum content of VRYL (7.5 mg/100 g of cheese) was found in a 2-yr-old Cheddar cheese sample, whereas the maximum content of YPFPGPIPN (6.8 mg/100 g of cheese) was found in a 6-mo-old Cheddar cheese sample. Trace amounts of FFVAP were found in these cheeses. Aged Cheddar cheese was found to be a rich source of ACEI peptides even though large differences exist between cheeses from different manufacturers.	10.3168/jds.2015-9569
P02666	YQEPVLGPVR	Beta-casein	Bos taurus	208-217	Antioxidant						 Buffalo Milk Casein Derived Decapeptide (YQEPVLGPVR) Having Bifunctional Anti-inflammatory and Antioxidative Features Under Cellular Milieu	Kandukuri, S. et al.	Antioxidants having anti-inflammatory potential will be useful in reducing the progression of many lifestyle associated diseases. Under present investigation, buffalo casein derived decapeptide (YQEPVLGPVR) displayed anti-inflammatory response by suppressed (p < 0.01) murine splenocytes proliferation, reduced inflammatory cytokine levels (Interferon-γ) besides elevated levels of regulatory cytokines (Interleukin-10 and Transforming Growth Factor-β) in splenocyte culture supernatant. Decapeptide also improved the phagocytosis (p < 0.01) of peritoneal macrophages. Subsequently, antioxidative feature of the peptide was also identified by efficient (p < 0.01) free radical scavenging using chemical assays (ABTS: 2,2′-azino-bis(3-ethylbenzothiazoline-6-sulphonic acid and ORAC: oxygen radical absorption capacity methods) which was later confirmed for protective action against H2O2 mediated oxidative stress on intestinal epithelial cells by inhibition (p < 0.01) of cellular ROS generation, oxidative products formation along with elevated (p < 0.01) activities of antioxidative enzymes (catalase and glutathione peroxidase). Declined (p < 0.01) mRNA expression of a transcription factor (Nuclear factor erythroid 2-related factor: Nrf-2) involved in redox signalling further established the protective effect of peptide against oxidative stress induced injury	10.1007/s10989-018-9708-7
P02666	YQEPVLGPVR	Beta-casein	Bos taurus	208-217	Antithrombotic						An anticoagulant peptide from β-casein identification, structure and molecular mechanism	Liu, H. et al.	Various bioactive peptides are identified from casein hydrolysates. YQEPVLGPVR (PICA), a novel antithrombotic peptide derived from beta-casein (fragment 193-202), was identified by high-performance liquid chromatography - liquid chromatography-mass spectrometry/mass spectrometry. The anticoagulation activity assay showed that this peptide has a strong anticoagulant activity. It was proved that the peptide did not interact with the active site of thrombin to inhibit thrombin, and that it inhibited thrombin activity by binding the exosite-1 of thrombin, which was also confirmed by the fibrinogen clotting time assay. It was shown that PICA prolonged fibrinogen clotting time in a dose-dependent manner. Secondary structures of the thrombin-PICA complex were also measured by circular dichroism to prove that PICA can combine with thrombin. Moreover, Discovery Studio 2017 R2 software was used for molecular docking to provide the potential mechanism for the antithrombotic activity of the peptide. These results suggested that PICA probably can be used as an antithrombotic ingredient in the functional food industry.	10.1039/c8fo02235f
P02666	YQEPVLGPVR	Beta-casein	Bos taurus	208-217	Immunomodulatory	"1) Low concentrations inhibited lymphocyte proliferation, high concentrations stimulated lymphocyte proliferation,
2) Low concentrations inhibited lymphocyte proliferation, high concentrations stimulated lymphocyte proliferation,
3) Anti-inflammatory"					"1) Stimulation of human peripheral blood lymphocytes by bioactive peptides derived from bovine milk proteins,
2) Stimulation of human peripheral blood lymphocytes by bioactive peptides derived from bovine milk proteins,
3)  Buffalo Milk Casein-derived Decapeptide (YQEPVLGPVR) Having Bifunctional Anti-inflammatory and Antioxidative Features Under Cellular Milieu"	"1) Kayser, H. et al.,
2) Kayser, H. et al.,
3) Kandukuri, S. et al."	"1) The in vitro modulation of the proliferation of human peripheral blood lymphocytes of different synthetic peptides derived from milk proteins was investigated. Therefore, proliferation changes were followed up after incorporation of BrdU into the DNA, and the influence on protein biosynthesis was measured using the [3H]leucine incorporation test. Tyr-Gly and Tyr-Gly-Gly significantly enhanced (maximal 90 and 35%, respectively) the proliferation of PBL. For β-casomorphin-7 and β-casokinin-10, lymphocyte proliferation was suppressed at lower concentrations, but stimulated at higher concentrations (≥10−7 mol/l). Protein synthesis was stimulated (maxima at 25%) only with Tyr-Gly and Tyr-Gly-Gly. The findings point to a need for further studies on the possible function of peptides derived from milk proteins as orally bioavailable immunopotentiatory compounds.,
2) The in vitro modulation of the proliferation of human peripheral blood lymphocytes of different synthetic peptides derived from milk proteins was investigated. Therefore, proliferation changes were followed up after incorporation of BrdU into the DNA, and the influence on protein biosynthesis was measured using the [3H]leucine incorporation test. Tyr-Gly and Tyr-Gly-Gly significantly enhanced (maximal 90 and 35%, respectively) the proliferation of PBL. For β-casomorphin-7 and β-casokinin-10, lymphocyte proliferation was suppressed at lower concentrations, but stimulated at higher concentrations (≥10−7 mol/l). Protein synthesis was stimulated (maxima at 25%) only with Tyr-Gly and Tyr-Gly-Gly. The findings point to a need for further studies on the possible function of peptides derived from milk proteins as orally bioavailable immunopotentiatory compounds.,
3) Antioxidants having anti-inflammatory potential will be useful in reducing the progression of many lifestyle associated diseases. Under present investigation, buffalo casein derived decapeptide (YQEPVLGPVR) displayed anti-inflammatory response by suppressed (p < 0.01) murine splenocytes proliferation, reduced inflammatory cytokine levels (Interferon-γ) besides elevated levels of regulatory cytokines (Interleukin-10 and Transforming Growth Factor-β) in splenocyte culture supernatant. Decapeptide also improved the phagocytosis (p < 0.01) of peritoneal macrophages. Subsequently, antioxidative feature of the peptide was also identified by efficient (p < 0.01) free radical scavenging using chemical assays (ABTS: 2,2′-azino-bis(3-ethylbenzothiazoline-6-sulphonic acid and ORAC: oxygen radical absorption capacity methods) which was later confirmed for protective action against H2O2 mediated oxidative stress on intestinal epithelial cells by inhibition (p < 0.01) of cellular ROS generation, oxidative products formation along with elevated (p < 0.01) activities of antioxidative enzymes (catalase and glutathione peroxidase). Declined (p < 0.01) mRNA expression of a transcription factor (Nuclear factor erythroid 2-related factor: Nrf-2) involved in redox signalling further established the protective effect of peptide against oxidative stress induced injury"	"1) 10.1016/0014-5793(96)00207-4,
2) 10.1016/0014-5793(96)00207-4,
3) 10.1007/s10989-018-9708-7"
P02666	YQEPVL	Beta-casein	Bos taurus	208-213	ACE-inhibitory		"1) 280.0,
2) 8.14"				"1) Angiotensin I Converting Enzyme Inhibitory Peptides Derived from Bovine Milk Proteins,
2) ACE-inhibitory activity of probiotic yoghurt"	"1) Pihlanto-Leppala, A. et al.,
2) Donkor, ON. et al."	"1) Milk whey and casein proteins were fermented with different lactic acid starters and digestive enzymes. ACE-inhibition activity was observed only after the digestion of proteins with pepsin and trypsin. Whey proteins resulted in 35–61% inhibition and caseins 86% inhibition under the applied conditions. The hydrolysates having inhibitory activity were fractionated by size exclusion and reversed phase chromatography. Several ACE-inhibitory peptides were purified and identified by amino acid and MS-analysis. The identified peptides were α-la f105–110, β-lg f9–14, f15–20, αs1-cn f142–147, f157–164, f194–199 and β-cn f108–113, f177–183 and 193–198. Among whey hydrolysates peptides with small molecular weight (<1000 Da) were the most active inhibitors. The highest ACE-inhibitory activity was found in the peptides derived from αs1-casein.,
2) In this study, the in vitro angiotensin-converting enzyme (ACE)-inhibitory (ACE-I) activity of peptide fractions from different yoghurt batches was assessed. Inhibition of ACE activity resulted in an overall antihypertensive effect. Yoghurts were prepared either using a sole yoghurt culture including Lactobacillus delbrueckii ssp. bulgaricus Lb1466 and Streptococcus thermophilus St1342, or L. acidophilus L10, L. casei L26 and Bifidobacterium lactis B94 in addition to yoghurt culture. ACE-I activity was determined at weekly intervals during 28 days of cold storage. Peptide fractions showing high ACE-I activity were further purified using multiple-steps of RP-HPLC. All probiotic yoghurts showed appreciable ACE-I activity during initial stages of storage compared with the control yoghurt, with a significant (p<0.05) decrease afterwards. The ACE-I activity ranged from IC50 of 103.30–27.79 μg mL−1 with the greatest ACE inhibition achieved during first and third week of storage. The in vitro ACE-I activity could be related to the peptide liberation via degradation of caseins. In total, 8 ACE-I peptides were characterized originating from αs2-casein (1), κ-casein (2) and β-casein, of which two well-known ACE-inhibiting peptides, namely Val–Pro–Pro (VPP) and Ile–Pro–Pro (IPP), were identified. These peptides are already used in commercial products."	"1) 10.1016/S0958-6946(98)00048-X,
2) 10.1016/j.idairyj.2007.02.009"
P02666	VYPFPGPIPNSLPQNIPP	Beta-casein	Bos taurus	74-91	ACE-inhibitory		87.0				Fractionation and identification of ACE-inhibitory peptides from α-Lactalbumin and β-casein produced by thermolysin-catalysed hydrolysis	Otte, J. et al.	The thermolysin catalysed hydrolysates of α-lactalbumin and β-casein were fractionated by size-exclusion chromatography (SEC) and reversed-phase high performance liquid chromatography (RP-HPLC) in order to identify the peptides responsible for the high ACE-inhibitory activity of these hydrolysates. The SEC fractionation separated many co-eluting peptides into different fractions allowing individual peptides to be isolated in one or two subsequent semi-preparative RP-HPLC fractionation steps. Five potent ACE-inhibitory peptides from α-lactalbumin were isolated. They all contained the C-terminal sequence -PEW, corresponding to amino acid residues 24–26 in α-lactalbumin, and had IC50 values of 1–5 μm. From one SEC fraction of the β-casein hydrolysate two potent ACE-inhibitory peptides were isolated and identified as f58-76 and f59-76 of β-casein A2. They both contained IPP as the C-terminal sequence and had IC50 values of 4 and 5 μm. From another SEC fraction a new but less ACE-inhibitory peptide from β-casein was identified (f192–196; LYQQP).	10.1016/j.idairyj.2007.04.008
P02666	VYPFPG	Beta-casein	Bos taurus	74-79	ACE-inhibitory		221.0				Structural analysis of new antihypertensive peptides derived from cheese whey protein by proteinase K digestion	Abubakar, A. et al.	Whey protein was digested with one of seven kinds of proteases at 37 degrees C (trypsin, proteinase K, actinase E, thermolysin, or papain) or at 25 degrees C (pepsin or chymotrypsin) for 24 h. The digested samples were assayed for the inhibitory activity of angiotensin-converting enzyme and for changes in the systolic blood pressure caused in spontaneously hypertensive rats after gastric intubation. The strongest depressive effect on the systolic blood pressure (-55 mm Hg) was observed at 6 h after gastric intubation of the whey protein that was digested by proteinase K. Finally, six peptides were chromatographically isolated from the proteinase K digest by a combination of hydrophobic reversed-phase HPLC and gel filtration. The amino acid sequences and their origins were clarified as follows: Val-Tyr-Pro-Phe-Pro-Gly [beta-casein (CN); f 59-64], Gly-Lys-Pro (beta 2-microglobulin; f 18-20), Ile-Pro-Ala (beta-lactoglobulin; f 78-80), Phe-Pro (serum albumin; f 221-222; beta-CN, f 62-63, f 157-158, and f 205-206), Val-Tyr-Pro (beta-CN; f 59-61), and Thr-Pro-Val-Val-Val-Pro-Pro-Phe-Leu-Gln-Pro (beta-CN; f 80-90). Chemical synthesis of these six peptides confirmed that all peptides, except an undecapeptide, have antihypertensive activity in spontaneously hypertensive rats. The synthetic tripeptide Ile-Pro-Ala, originating from beta-lactoglobulin, showed the strongest antihypertensive activity (-31 mm Hg).	10.3168/jds.S0022-0302(98)75878-3
P02666	VYP	Beta-casein	Bos taurus	74-76	ACE-inhibitory		288.0				Structural analysis of new antihypertensive peptides derived from cheese whey protein by proteinase K digestion	Abubakar, A. et al.	Whey protein was digested with one of seven kinds of proteases at 37 degrees C (trypsin, proteinase K, actinase E, thermolysin, or papain) or at 25 degrees C (pepsin or chymotrypsin) for 24 h. The digested samples were assayed for the inhibitory activity of angiotensin-converting enzyme and for changes in the systolic blood pressure caused in spontaneously hypertensive rats after gastric intubation. The strongest depressive effect on the systolic blood pressure (-55 mm Hg) was observed at 6 h after gastric intubation of the whey protein that was digested by proteinase K. Finally, six peptides were chromatographically isolated from the proteinase K digest by a combination of hydrophobic reversed-phase HPLC and gel filtration. The amino acid sequences and their origins were clarified as follows: Val-Tyr-Pro-Phe-Pro-Gly [beta-casein (CN); f 59-64], Gly-Lys-Pro (beta 2-microglobulin; f 18-20), Ile-Pro-Ala (beta-lactoglobulin; f 78-80), Phe-Pro (serum albumin; f 221-222; beta-CN, f 62-63, f 157-158, and f 205-206), Val-Tyr-Pro (beta-CN; f 59-61), and Thr-Pro-Val-Val-Val-Pro-Pro-Phe-Leu-Gln-Pro (beta-CN; f 80-90). Chemical synthesis of these six peptides confirmed that all peptides, except an undecapeptide, have antihypertensive activity in spontaneously hypertensive rats. The synthetic tripeptide Ile-Pro-Ala, originating from beta-lactoglobulin, showed the strongest antihypertensive activity (-31 mm Hg).	10.3168/jds.S0022-0302(98)75878-3
P02666	VVPP	Beta-casein	Bos taurus	98-101	ACE-inhibitory		258.21				A Novel Angiotensin I Converting Enzyme Inhibitory Peptide from the Milk Casein: Virtual Screening and Docking Studies	Wang, Z-L. et al.	Angiotensin I converting enzyme (ACE) plays an important physiological role in the regulation of hypertension. In this study, we applied virtual screening to discover a novel angiotensin I converting enzyme inhibitory peptides from milk casein. One potential hit was identified based on docking scores, subsequently confirmed by activity studies in vitro (IC50=20.85 μmol L−1). The proposed peptide in this study contains a unique sequence, Lys-Val-Leu-Ile-Leu-Ala. Moreover, we performed the docking studies to understand the binding mode between the enzyme and peptide hit.	10.1016/S1671-2927(11)60026-6
P02666	VRGPFPIIV	Beta-casein	Bos taurus	216-224	ACE-inhibitory		600.0				"1) Identification of novel antihypertensive peptides in milk fermented with Enterococcus faecalis,
2) Antihypertensive Effect of Peptides Obtained from Enterococcus faecalis-Fermented Milk in Rats"	"1) Quiros, A. et al.,
2) Miguel, M. et al."	"1) Several novel peptides with demonstrated antihypertensive activity have been identified in milk fermented with Enterococcus faecalis CECT 5727. Two of the identified peptides, corresponding to β-casein f(133–138) (LHLPLP) and β-casein f(58–76) (LVYPFPGPIPNSLPQNIPP), showed angiotensin converting enzyme-inhibitory (ACEI) activity (IC50) values as low as 5 μm. These peptides demonstrated antihypertensive activity when they were orally administered to spontaneously hypertensive rats. In particular, β-casein f(133–138), yielded a significant antihypertensive effect in these animals. The maximal decreases in systolic blood pressure (21.87±4.51 mmHg, ) and diastolic blood pressure (28.5±3.20 mmHg, ) were observed 4 and 2 h, respectively, after the administration of 2 mg kg−1 of this peptide. The presence of these antihypertensive peptides in fermented milk prepared with other selected strains of E. faecalis (CECT 5728, 5826 and 5827) was confirmed by HPLC-MS.,
2) Previous studies have demonstrated that milk fermented with Enterococcus faecalis decreases the systolic blood pressure (SBP) and the diastolic blood pressure (DBP) of spontaneously hypertensive rats. In this study, we evaluated the antihypertensive activity of the following peptide sequences: LHLPLP, LHLPLPL, LVYPFPGPIPNSLPQNIPP, VLGPVRGPFP, and VRGPFPIIV. These peptides isolated from E. faecalis-fermented milk showed in vitro angiotensin I-converting enzyme-inhibitory activity. Because the most potent angiotensin I-converting enzyme-inhibitory sequences were LHLPLP and LVYPFPGPIPNSLPQ-NIPP, we administered different doses of these peptides to spontaneously hypertensive rats. High doses of the remaining sequences were also administered to these animals. Water served as a negative control and captopril as a positive control. All products were administered orally. The SBP and DBP were measured before administration and also at 2, 4, 6, 8, and 24 h after administration. Before administration of the different products, spontaneously hypertensive rats showed SBP and DBP values of 218 ± 2.5 and 157 ± 5.9 mmHg, respectively (n = 30). The sequences LHLPLP, LVYPF-PGPIPNSLPQNIPP, VLGPVRGPFP, and VRGPFPIIV caused clear and significant decreases in SBP, DBP, or both in the animals. In particular, the antihypertensive effect could be clearly established when 2 or 3 mg/kg of LHLPLP was administered. These 2 doses of LHLPLP showed similar antihypertensive properties. Four hours after administration of captopril or the highest doses of the different peptides, the decreases in the SBP and the DBP (mmHg) were as follows: captopril (SBP = 52 ± 5.8, DBP = 38.8 ± 3.8), 3 mg/kg of LHLPLP (SBP = 25.3 ± 8.2, DBP = 29.5 ± 7.6), 6 mg/kg of LVYPFPGPIP-NSLPQNIPP (SBP = 14.9 ± 3.7, DBP = 8.7 ± 4.4), 10 mg/kg of LHLPLPL (SBP = 7.7 ± 4.1, DBP = 9.4 ± 3.1), 10 mg/kg of VLGPVRGPFP (SBP = 16.2 ± 5.8, DBP = 21.64 ± 3.2), and 10 mg/kg of VRGPFPIIV (SBP = 16.05 ± 2.74, DBP = 9.19 ± 3.49). The results obtained suggest that the sequences LHLPLP, LVYPFPGPIPNSLPQ-NIPP, VLGPVRGPFP, and VRGPFPIIV could be responsible, at least in part, for the antihypertensive properties described for E. faecalis-fermented milk."	"1) 10.1016/j.idairyj.2005.12.011,
2) 10.3168/jds.S0022-0302(06)72372-4"
P02666	VP	Beta-casein	Bos taurus	23-24, 99-100, 188-189, 193-194	ACE-inhibitory		420.0				Characterisation of the hydrolytic specificity of Aspergillus niger derived prolyl endoproteinase on bovine β-casein and determination of ACE inhibitory activity	Norris, R. et al.	The hydrolytic specificity of Aspergillus niger prolyl endoproteinase (An-PEP) on purified β-casein (β-CN) was assessed. This analysis confirmed cleavage at the C-terminal side of Pro residues. An-PEP also had the ability to cleave at the C-terminal side of Ala, Glu, Gly, Ser, Lys and Leu. Incubation of purified β-CN with An-PEP resulted in the generation of highly potent angiotensin converting enzyme (ACE) inhibitory hydrolysates. The most potent hydrolysate was obtained after 24 h incubation (ACE IC50 = 16.41 ± 6.06 μg/mL). Fourteen β-CN derived C-terminal Pro-containing di-, tri, and tetrapeptides which were predicted in silico to be released following An-PEP hydrolysis or which were detected by ultra-performance liquid chromatography–mass spectrometry (UPLC–MS/MS) in the 24 h hydrolysate were synthesised and characterised for their ACE inhibitory activity. The most potent inhibitory peptides were Ile-Gln-Ala (β-CN f187–189) and Val-Glu-Pro (β-CN f116–118) having ACE IC50 values of 32.9 ± 9.2 and 63.7 ± 12.0 μM, respectively. The hydrolysates generated appear to have the most potent ACE IC50 values reported for a food derived hydrolysate to date.	10.1016/j.foodchem.2014.01.056
P02666	VLGPVRGPFP	Beta-casein	Bos taurus	212-221	ACE-inhibitory		137.0				"1) Identification of novel antihypertensive peptides in milk fermented with Enterococcus faecalis,
2) Antihypertensive Effect of Peptides Obtained from Enterococcus faecalis-Fermented Milk in Rats"	"1) Quiros, A. et al.,
2) Miguel, M. et al."	"1) Several novel peptides with demonstrated antihypertensive activity have been identified in milk fermented with Enterococcus faecalis CECT 5727. Two of the identified peptides, corresponding to β-casein f(133–138) (LHLPLP) and β-casein f(58–76) (LVYPFPGPIPNSLPQNIPP), showed angiotensin converting enzyme-inhibitory (ACEI) activity (IC50) values as low as 5 μm. These peptides demonstrated antihypertensive activity when they were orally administered to spontaneously hypertensive rats. In particular, β-casein f(133–138), yielded a significant antihypertensive effect in these animals. The maximal decreases in systolic blood pressure (21.87±4.51 mmHg, ) and diastolic blood pressure (28.5±3.20 mmHg, ) were observed 4 and 2 h, respectively, after the administration of 2 mg kg−1 of this peptide. The presence of these antihypertensive peptides in fermented milk prepared with other selected strains of E. faecalis (CECT 5728, 5826 and 5827) was confirmed by HPLC-MS.,
2) Previous studies have demonstrated that milk fermented with Enterococcus faecalis decreases the systolic blood pressure (SBP) and the diastolic blood pressure (DBP) of spontaneously hypertensive rats. In this study, we evaluated the antihypertensive activity of the following peptide sequences: LHLPLP, LHLPLPL, LVYPFPGPIPNSLPQNIPP, VLGPVRGPFP, and VRGPFPIIV. These peptides isolated from E. faecalis-fermented milk showed in vitro angiotensin I-converting enzyme-inhibitory activity. Because the most potent angiotensin I-converting enzyme-inhibitory sequences were LHLPLP and LVYPFPGPIPNSLPQ-NIPP, we administered different doses of these peptides to spontaneously hypertensive rats. High doses of the remaining sequences were also administered to these animals. Water served as a negative control and captopril as a positive control. All products were administered orally. The SBP and DBP were measured before administration and also at 2, 4, 6, 8, and 24 h after administration. Before administration of the different products, spontaneously hypertensive rats showed SBP and DBP values of 218 ± 2.5 and 157 ± 5.9 mmHg, respectively (n = 30). The sequences LHLPLP, LVYPF-PGPIPNSLPQNIPP, VLGPVRGPFP, and VRGPFPIIV caused clear and significant decreases in SBP, DBP, or both in the animals. In particular, the antihypertensive effect could be clearly established when 2 or 3 mg/kg of LHLPLP was administered. These 2 doses of LHLPLP showed similar antihypertensive properties. Four hours after administration of captopril or the highest doses of the different peptides, the decreases in the SBP and the DBP (mmHg) were as follows: captopril (SBP = 52 ± 5.8, DBP = 38.8 ± 3.8), 3 mg/kg of LHLPLP (SBP = 25.3 ± 8.2, DBP = 29.5 ± 7.6), 6 mg/kg of LVYPFPGPIP-NSLPQNIPP (SBP = 14.9 ± 3.7, DBP = 8.7 ± 4.4), 10 mg/kg of LHLPLPL (SBP = 7.7 ± 4.1, DBP = 9.4 ± 3.1), 10 mg/kg of VLGPVRGPFP (SBP = 16.2 ± 5.8, DBP = 21.64 ± 3.2), and 10 mg/kg of VRGPFPIIV (SBP = 16.05 ± 2.74, DBP = 9.19 ± 3.49). The results obtained suggest that the sequences LHLPLP, LVYPFPGPIPNSLPQ-NIPP, VLGPVRGPFP, and VRGPFPIIV could be responsible, at least in part, for the antihypertensive properties described for E. faecalis-fermented milk."	"1) 10.1016/j.idairyj.2005.12.011,
2) 10.3168/jds.S0022-0302(06)72372-4"
P02666	VEP	Beta-casein	Bos taurus	131-133	ACE-inhibitory		63.7				Characterisation of the hydrolytic specificity of Aspergillus niger derived prolyl endoproteinase on bovine β-casein and determination of ACE inhibitory activity	Norris, R. et al.	The hydrolytic specificity of Aspergillus niger prolyl endoproteinase (An-PEP) on purified β-casein (β-CN) was assessed. This analysis confirmed cleavage at the C-terminal side of Pro residues. An-PEP also had the ability to cleave at the C-terminal side of Ala, Glu, Gly, Ser, Lys and Leu. Incubation of purified β-CN with An-PEP resulted in the generation of highly potent angiotensin converting enzyme (ACE) inhibitory hydrolysates. The most potent hydrolysate was obtained after 24 h incubation (ACE IC50 = 16.41 ± 6.06 μg/mL). Fourteen β-CN derived C-terminal Pro-containing di-, tri, and tetrapeptides which were predicted in silico to be released following An-PEP hydrolysis or which were detected by ultra-performance liquid chromatography–mass spectrometry (UPLC–MS/MS) in the 24 h hydrolysate were synthesised and characterised for their ACE inhibitory activity. The most potent inhibitory peptides were Ile-Gln-Ala (β-CN f187–189) and Val-Glu-Pro (β-CN f116–118) having ACE IC50 values of 32.9 ± 9.2 and 63.7 ± 12.0 μM, respectively. The hydrolysates generated appear to have the most potent ACE IC50 values reported for a food derived hydrolysate to date.	10.1016/j.foodchem.2014.01.056
P02666	VENLHLPLPLL	Beta-casein	Bos taurus	145-155	ACE-inhibitory		175.0				Identification of Angiotensin-I-Converting Enzyme Inhibitory Peptides Derived from Sodium Caseinate Hydrolysates Produced by Lactobacillus helveticus NCC 2765	Robert, M-C. et al.	Angiotensin-I-converting enzyme (ACE) inhibitory activity was identified in milk proteins fermented with Lactobacillus (Lb.) helveticus NCC 2765 (Nestlé Culture Collection, Vers-chez-les-Blanc, Switzerland). Hydrolyzing sodium caseinate for 1 and 2 h inhibited ACE activity, as measured by an in vitro ACE inhibition test. The hydrolysates with the highest ACE inhibitory potential were fractionated by gel permeation chromatography and their low molecular weight fractions collected. These fractions were subsequently subfractionated by reverse-phase high-pressure liquid chromatography. Several hydrophobic subfractions showed high ACE inhibitory potential, and their peptide composition was determined using an ion trap mass spectrometer equipped with an elctrospray ionization source. Analysis of the low molecular weight fraction identified 14 peptides with known antihypertensive activity and 1 with previously described opioid activity. On the basis of the peptide composition of active subfractions, two potentially active novel sequences were defined, and the following synthetic peptides were synthesized:  FVAPFPEVFG (αS1 39−48), ENLLRFFVAPFPEVFG (αS1 33−48), NENLLRFFVAPFPEVFG (αS1 32−48), LNENLLRFFVAPFPEVFG (αS1 31−48), NLHLPLPLL (β 147−155), ENLHLPLPLL (β 146−155), and VENLHLPLPLL (β 145−155). The ACE inhibitory potential of these synthetic peptides was assessed, and IC50 values were determined. NLHLPLPLL (β 147−155), which was the only synthetic peptide also present in the sodium caseinate hydrolysates, and NENLLRFFVAPFPEVFG (αS1 32−48) showed the highest inhibition of ACE activity, with IC50 values of 15 and 55 μM, respectively. Furthermore, the stability of all synthetic peptides was assessed using an in vitro model simulating gastric digestion. The β-casein-derived peptides remained intact following the successive hydrolysis by pepsin and pancreatin, whereas αS1-casein-derived peptides were degraded by pepsin.	10.1021/jf049510t
P02666	TQSLVYP	Beta-casein	Bos taurus	70-76	ACE-inhibitory		64.0				Inhibition of angiotensin-converting enzyme by synthetic peptide fragments of various β-caseins	Kohmura, M. et al.	Enzymatic hydrolyses of milk proteins have produced various biologically active peptides such as opioid peptides, immunostimulating peptides, and angiotensin-converting enzyme (ACE) inhibitors, and recently, the physiological significance of such peptides has been suggested by several groups.1J If the occurrence of such peptides in milk proteins is not a casual event but has a physiological meaning, mammalian organisms should have a common mechanism to produce these peptides from the parent proteins and deliver them to each specific site. In general, physiologically important amino acid residues are conserved. If such latent peptides would be present in milk proteins, endogenous enzymes, as the first step, should recognize the amino acid residues of the peptides in the same manner throughout all species, and therefore, the sequence of such latent peptides should have a high degree of homology between all species and the same types of amino acids in the charge or hydrophobicity. Therefore, we have noted homologous sequences between various pcaseins in the stu	10.1271/bbb1961.54.1101
P02666	TPVVVPPFLQP	Beta-casein	Bos taurus	95-105	ACE-inhibitory		749.0				Structural analysis of new antihypertensive peptides derived from cheese whey protein by proteinase K digestion	Abubakar, A. et al.	Whey protein was digested with one of seven kinds of proteases at 37 degrees C (trypsin, proteinase K, actinase E, thermolysin, or papain) or at 25 degrees C (pepsin or chymotrypsin) for 24 h. The digested samples were assayed for the inhibitory activity of angiotensin-converting enzyme and for changes in the systolic blood pressure caused in spontaneously hypertensive rats after gastric intubation. The strongest depressive effect on the systolic blood pressure (-55 mm Hg) was observed at 6 h after gastric intubation of the whey protein that was digested by proteinase K. Finally, six peptides were chromatographically isolated from the proteinase K digest by a combination of hydrophobic reversed-phase HPLC and gel filtration. The amino acid sequences and their origins were clarified as follows: Val-Tyr-Pro-Phe-Pro-Gly [beta-casein (CN); f 59-64], Gly-Lys-Pro (beta 2-microglobulin; f 18-20), Ile-Pro-Ala (beta-lactoglobulin; f 78-80), Phe-Pro (serum albumin; f 221-222; beta-CN, f 62-63, f 157-158, and f 205-206), Val-Tyr-Pro (beta-CN; f 59-61), and Thr-Pro-Val-Val-Val-Pro-Pro-Phe-Leu-Gln-Pro (beta-CN; f 80-90). Chemical synthesis of these six peptides confirmed that all peptides, except an undecapeptide, have antihypertensive activity in spontaneously hypertensive rats. The synthetic tripeptide Ile-Pro-Ala, originating from beta-lactoglobulin, showed the strongest antihypertensive activity (-31 mm Hg).	10.3168/jds.S0022-0302(98)75878-3
P02666	SQSKVLPVPQ	Beta-casein	Bos taurus	181-190	ACE-inhibitory		92.0				Casein Fermentate of Lactobacillus animalisDPC6134 Contains a Range of Novel Propeptide Angiotensin-Converting Enzyme Inhibitors	Hayes, M. et al.	This work evaluated the angiotensin-converting-enzyme (ACE)-inhibitory activities of a bovine sodium caseinate fermentate generated using the proteolytic capabilities of the porcine small intestinal isolate Lactobacillus animalis DPC6134 (NCIMB deposit 41355). The crude 10-kDa L. animalis DPC6134 fermentate exhibited ACE-inhibitory activity of 85.51% (±15%) and had a 50% inhibitory concentration (IC50) of 0.8 mg protein/ml compared to captopril, which had an IC50 value of 0.005 mg/ml. Fractionation of the crude L. animalis DPC6134 fermentate by membrane filtration and reversed-phase high-performance liquid chromatography (HPLC) generated three bioactive fractions from a total of 72 fractions. Fractions 10, 19, and 43 displayed ACE-inhibitory activity percentages of 67.53 (±15), 83.71 (±19), and 42.36 (±11), respectively, where ACE inhibition was determined with 80 μl of the fractions with protein concentrations of 0.5 mg/ml. HPLC and mass spectrometry analysis identified 25 distinct peptide sequences derived from α-, β-, and κ-caseins. In silico predictions, based on the C-terminal tetrapeptide sequences, suggested that peptide NIPPLTQTPVVVPPFIQ, corresponding to β-casein f(73-89); peptide IGSENSEKTTMP, corresponding to αs1-casein f(201212); peptide SQSKVLPVPQ, corresponding to β-casein f(166-175); peptide MPFPKYPVEP, corresponding to β-casein f(124133); and peptide EPVLGPVRGPFP, corresponding to β-casein f(210-221), contained ACE-inhibitory activities. These peptides were chosen for chemical synthesis to confirm the ACE-inhibitory activity of the fractions. Chemically synthesized peptides displayed IC50 values in the range of 92 μM to 790 μM. Additionally, a simulated gastrointestinal digestion confirmed that the ACE-inhibitory 10-kDa L. animalis DPC6134 fermentation was resistant to a cocktail of digestive enzymes found in the gastrointestinal tract.	10.1128/AEM.00096-07
P02666	SLVYP	Beta-casein	Bos taurus	72-76	ACE-inhibitory		40.0				Inhibition of angiotensin-converting enzyme by synthetic peptide fragments of various β-caseins	Kohmura, M. et al.	Enzymatic hydrolyses of milk proteins have produced various biologically active peptides such as opioid peptides, immunostimulating peptides, and angiotensin-converting enzyme (ACE) inhibitors, and recently, the physiological significance of such peptides has been suggested by several groups.1J If the occurrence of such peptides in milk proteins is not a casual event but has a physiological meaning, mammalian organisms should have a common mechanism to produce these peptides from the parent proteins and deliver them to each specific site. In general, physiologically important amino acid residues are conserved. If such latent peptides would be present in milk proteins, endogenous enzymes, as the first step, should recognize the amino acid residues of the peptides in the same manner throughout all species, and therefore, the sequence of such latent peptides should have a high degree of homology between all species and the same types of amino acids in the charge or hydrophobicity. Therefore, we have noted homologous sequences between various pcaseins in the stu	10.1271/bbb1961.54.1101
P02666	SLPQN	Beta-casein	Bos taurus	84-88	ACE-inhibitory		9.49				ACE-inhibitory activity of probiotic yoghurt	Donkor, ON. et al.	In this study, the in vitro angiotensin-converting enzyme (ACE)-inhibitory (ACE-I) activity of peptide fractions from different yoghurt batches was assessed. Inhibition of ACE activity resulted in an overall antihypertensive effect. Yoghurts were prepared either using a sole yoghurt culture including Lactobacillus delbrueckii ssp. bulgaricus Lb1466 and Streptococcus thermophilus St1342, or L. acidophilus L10, L. casei L26 and Bifidobacterium lactis B94 in addition to yoghurt culture. ACE-I activity was determined at weekly intervals during 28 days of cold storage. Peptide fractions showing high ACE-I activity were further purified using multiple-steps of RP-HPLC. All probiotic yoghurts showed appreciable ACE-I activity during initial stages of storage compared with the control yoghurt, with a significant (p<0.05) decrease afterwards. The ACE-I activity ranged from IC50 of 103.30–27.79 μg mL−1 with the greatest ACE inhibition achieved during first and third week of storage. The in vitro ACE-I activity could be related to the peptide liberation via degradation of caseins. In total, 8 ACE-I peptides were characterized originating from αs2-casein (1), κ-casein (2) and β-casein, of which two well-known ACE-inhibiting peptides, namely Val–Pro–Pro (VPP) and Ile–Pro–Pro (IPP), were identified. These peptides are already used in commercial products.	10.1016/j.idairyj.2007.02.009
P02666	SKVLPVPQ	Beta-casein	Bos taurus	183-190	ACE-inhibitory		39.0				Antihypertensive Effect of the Peptides Derived from Casein by an Extracellular Proteinase from Lactobacillus helveticus CP790	Yamamoto, N. et al.	Peptides derived from alpha s1- and beta-caseins by the Lactobacillus helveticus CP790 proteinase were investigated for their inhibitory activities against angiotensin I-converting enzyme. The antihypertensive effect of casein hydrolysates in strain SHR spontaneously hypertensive rats was also investigated. Both alpha s1- and beta-casein hydrolysates inhibited this enzyme. Some of these peptides showed enzyme inhibitory activity, and one of them from beta-casein inhibited the enzyme greatly; the concentration of an angiotensin I-converting enzyme inhibitor needed to inhibit 50% of the enzyme activity was 4 microM. The hydrolysate of casein demonstrated antihypertensive activity in spontaneously hypertensive rats at an orally administered dosage of 15 mg/kg of body weight. MILK fermented with L. helveticus CP790, containing about .3% peptides, also showed antihypertensive activity in SHR rats with 5 ml/kg of body weight (15 mg of peptide/kg); however, the milk fermented with L. helveticus CP791, a variant defective for proteinase activity, did not show this activity. Results suggested that the peptides liberated from casein by the proteinase in the culture medium showed antihypertensive effect in SHR rats.	10.3168/jds.S0022-0302(94)77026-0
P02666	RDMPIQAF	Beta-casein	Bos taurus	198-205	ACE-inhibitory		209.0				Antihypertensive Effect of the Peptides Derived from Casein by an Extracellular Proteinase from Lactobacillus helveticus CP790	Yamamoto, N. et al.	Peptides derived from alpha s1- and beta-caseins by the Lactobacillus helveticus CP790 proteinase were investigated for their inhibitory activities against angiotensin I-converting enzyme. The antihypertensive effect of casein hydrolysates in strain SHR spontaneously hypertensive rats was also investigated. Both alpha s1- and beta-casein hydrolysates inhibited this enzyme. Some of these peptides showed enzyme inhibitory activity, and one of them from beta-casein inhibited the enzyme greatly; the concentration of an angiotensin I-converting enzyme inhibitor needed to inhibit 50% of the enzyme activity was 4 microM. The hydrolysate of casein demonstrated antihypertensive activity in spontaneously hypertensive rats at an orally administered dosage of 15 mg/kg of body weight. MILK fermented with L. helveticus CP790, containing about .3% peptides, also showed antihypertensive activity in SHR rats with 5 ml/kg of body weight (15 mg of peptide/kg); however, the milk fermented with L. helveticus CP791, a variant defective for proteinase activity, did not show this activity. Results suggested that the peptides liberated from casein by the proteinase in the culture medium showed antihypertensive effect in SHR rats.	10.3168/jds.S0022-0302(94)77026-0
P02666	QTQSLVYP	Beta-casein	Bos taurus	69-76	ACE-inhibitory		73.0				Inhibition of angiotensin-converting enzyme by synthetic peptide fragments of various β-caseins	Kohmura, M. et al.	Enzymatic hydrolyses of milk proteins have produced various biologically active peptides such as opioid peptides, immunostimulating peptides, and angiotensin-converting enzyme (ACE) inhibitors, and recently, the physiological significance of such peptides has been suggested by several groups.1J If the occurrence of such peptides in milk proteins is not a casual event but has a physiological meaning, mammalian organisms should have a common mechanism to produce these peptides from the parent proteins and deliver them to each specific site. In general, physiologically important amino acid residues are conserved. If such latent peptides would be present in milk proteins, endogenous enzymes, as the first step, should recognize the amino acid residues of the peptides in the same manner throughout all species, and therefore, the sequence of such latent peptides should have a high degree of homology between all species and the same types of amino acids in the charge or hydrophobicity. Therefore, we have noted homologous sequences between various pcaseins in the stu	10.1271/bbb1961.54.1101
P02666	QSLVYP	Beta-casein	Bos taurus	71-76	ACE-inhibitory		41.0				Inhibition of angiotensin-converting enzyme by synthetic peptide fragments of various β-caseins	Kohmura, M. et al.	Enzymatic hydrolyses of milk proteins have produced various biologically active peptides such as opioid peptides, immunostimulating peptides, and angiotensin-converting enzyme (ACE) inhibitors, and recently, the physiological significance of such peptides has been suggested by several groups.1J If the occurrence of such peptides in milk proteins is not a casual event but has a physiological meaning, mammalian organisms should have a common mechanism to produce these peptides from the parent proteins and deliver them to each specific site. In general, physiologically important amino acid residues are conserved. If such latent peptides would be present in milk proteins, endogenous enzymes, as the first step, should recognize the amino acid residues of the peptides in the same manner throughout all species, and therefore, the sequence of such latent peptides should have a high degree of homology between all species and the same types of amino acids in the charge or hydrophobicity. Therefore, we have noted homologous sequences between various pcaseins in the stu	10.1271/bbb1961.54.1101
P02666	QEPVLGPVRGPFPIIV	Beta-casein	Bos taurus	209-224	ACE-inhibitory		600.0				Angiotensin-I-converting enzyme-inhibitory peptides in commercial Wisconsin Cheddar cheeses of different ages	Lu, Y. et al.	Bioactive peptides, including angiotensin-I-converting enzyme-inhibitory (ACEI) peptides, were investigated in commercially produced Wisconsin Cheddar cheeses that ranged in age from ≤6 d to more than 2 yr. The ACEI activity of cheese was determined in water-soluble extracts (WSE) that were fractionated for components with molecular weight (MW) ≤3,000 Da, and peptides identified using HPLC and tandem mass spectrometry. The number of types of bioactive peptides increased with an increase in ripening time. Six of the identified ACEI peptides, Ile-Pro-Pro (IPP), Val-Pro-Pro (VPP), Glu-Lys-Asp-Glu-Arg-Phe (EKDERF), Val-Arg-Tyr-Leu (VRYL), Tyr-Pro-Phe-Pro-Gly-Pro-Ile-Pro-Asn (YPFPGPIPN), and Phe-Phe-Val-Ala-Pro (FFVAP), with known high ACEI activity (low IC50 values, the concentration needed to inhibit ACE to 50% of its original activity) were synthesized and used to quantify the amounts of these peptides in various cheese extracts. The concentrations of these 6 ACEI peptides increased up to a certain stage of ripening. The maximum contents of IPP, VPP, and EKDERF were 2.8, 7.4, and 5.3 mg/100 g of cheese, respectively, and these levels were found in a 1-yr-old Cheddar cheese sample. The maximum content of VRYL (7.5 mg/100 g of cheese) was found in a 2-yr-old Cheddar cheese sample, whereas the maximum content of YPFPGPIPN (6.8 mg/100 g of cheese) was found in a 6-mo-old Cheddar cheese sample. Trace amounts of FFVAP were found in these cheeses. Aged Cheddar cheese was found to be a rich source of ACEI peptides even though large differences exist between cheeses from different manufacturers.	10.3168/jds.2015-9569
P02666	PPQSVLSLSQSKVLPVPQ	Beta-casein	Bos taurus	173-190	ACE-inhibitory		25.0				Antihypertensive Effect of the Peptides Derived from Casein by an Extracellular Proteinase from Lactobacillus helveticus CP790	Yamamoto, N. et al.	Peptides derived from alpha s1- and beta-caseins by the Lactobacillus helveticus CP790 proteinase were investigated for their inhibitory activities against angiotensin I-converting enzyme. The antihypertensive effect of casein hydrolysates in strain SHR spontaneously hypertensive rats was also investigated. Both alpha s1- and beta-casein hydrolysates inhibited this enzyme. Some of these peptides showed enzyme inhibitory activity, and one of them from beta-casein inhibited the enzyme greatly; the concentration of an angiotensin I-converting enzyme inhibitor needed to inhibit 50% of the enzyme activity was 4 microM. The hydrolysate of casein demonstrated antihypertensive activity in spontaneously hypertensive rats at an orally administered dosage of 15 mg/kg of body weight. MILK fermented with L. helveticus CP790, containing about .3% peptides, also showed antihypertensive activity in SHR rats with 5 ml/kg of body weight (15 mg of peptide/kg); however, the milk fermented with L. helveticus CP791, a variant defective for proteinase activity, did not show this activity. Results suggested that the peptides liberated from casein by the proteinase in the culture medium showed antihypertensive effect in SHR rats.	10.3168/jds.S0022-0302(94)77026-0
P02666	PFP	Beta-casein	Bos taurus	76-78, 125-127, 219-221	ACE-inhibitory		144.4				Identification of ACE-inhibitory peptides in different Spanish cheeses by tandem mass spectrometry	Gomez-Ruiz, JA. et al.	A total of 75 peptides included in the fraction with molecular mass below 3000 from an 8-month-old Manchego cheese could be identified using HPLC coupled on line to an ion trap mass spectrometer. Some previously described peptides with antihypertensive and/or angiotensin-converting enzyme (ACE)-inhibitory activity were detected. The formation of five active sequences was followed during cheese ripening in four different batches of Manchego cheese. Two experimental batches of Manchego cheese elaborated with selected bacterial strains with the aim of improve the organoleptic characteristics demonstrated also a good performance in the formation of peptides with ACE-inhibitory activity during cheese ripening.	10.1016/j.chroma.2004.05.022
P02666	NSLP	Beta-casein	Bos taurus	83-86	ACE-inhibitory		755.1				Characterisation of the hydrolytic specificity of Aspergillus niger derived prolyl endoproteinase on bovine β-casein and determination of ACE inhibitory activity	Norris, R. et al.	The hydrolytic specificity of Aspergillus niger prolyl endoproteinase (An-PEP) on purified β-casein (β-CN) was assessed. This analysis confirmed cleavage at the C-terminal side of Pro residues. An-PEP also had the ability to cleave at the C-terminal side of Ala, Glu, Gly, Ser, Lys and Leu. Incubation of purified β-CN with An-PEP resulted in the generation of highly potent angiotensin converting enzyme (ACE) inhibitory hydrolysates. The most potent hydrolysate was obtained after 24 h incubation (ACE IC50 = 16.41 ± 6.06 μg/mL). Fourteen β-CN derived C-terminal Pro-containing di-, tri, and tetrapeptides which were predicted in silico to be released following An-PEP hydrolysis or which were detected by ultra-performance liquid chromatography–mass spectrometry (UPLC–MS/MS) in the 24 h hydrolysate were synthesised and characterised for their ACE inhibitory activity. The most potent inhibitory peptides were Ile-Gln-Ala (β-CN f187–189) and Val-Glu-Pro (β-CN f116–118) having ACE IC50 values of 32.9 ± 9.2 and 63.7 ± 12.0 μM, respectively. The hydrolysates generated appear to have the most potent ACE IC50 values reported for a food derived hydrolysate to date.	10.1016/j.foodchem.2014.01.056
P02666	NLHLPLPLL	Beta-casein	Bos taurus	147-155	ACE-inhibitory		15.0				Identification of Angiotensin-I-Converting Enzyme Inhibitory Peptides Derived from Sodium Caseinate Hydrolysates Produced by Lactobacillus helveticus NCC 2765	Robert, M-C. et al.	Angiotensin-I-converting enzyme (ACE) inhibitory activity was identified in milk proteins fermented with Lactobacillus (Lb.) helveticus NCC 2765 (Nestlé Culture Collection, Vers-chez-les-Blanc, Switzerland). Hydrolyzing sodium caseinate for 1 and 2 h inhibited ACE activity, as measured by an in vitro ACE inhibition test. The hydrolysates with the highest ACE inhibitory potential were fractionated by gel permeation chromatography and their low molecular weight fractions collected. These fractions were subsequently subfractionated by reverse-phase high-pressure liquid chromatography. Several hydrophobic subfractions showed high ACE inhibitory potential, and their peptide composition was determined using an ion trap mass spectrometer equipped with an elctrospray ionization source. Analysis of the low molecular weight fraction identified 14 peptides with known antihypertensive activity and 1 with previously described opioid activity. On the basis of the peptide composition of active subfractions, two potentially active novel sequences were defined, and the following synthetic peptides were synthesized:  FVAPFPEVFG (αS1 39−48), ENLLRFFVAPFPEVFG (αS1 33−48), NENLLRFFVAPFPEVFG (αS1 32−48), LNENLLRFFVAPFPEVFG (αS1 31−48), NLHLPLPLL (β 147−155), ENLHLPLPLL (β 146−155), and VENLHLPLPLL (β 145−155). The ACE inhibitory potential of these synthetic peptides was assessed, and IC50 values were determined. NLHLPLPLL (β 147−155), which was the only synthetic peptide also present in the sodium caseinate hydrolysates, and NENLLRFFVAPFPEVFG (αS1 32−48) showed the highest inhibition of ACE activity, with IC50 values of 15 and 55 μM, respectively. Furthermore, the stability of all synthetic peptides was assessed using an in vitro model simulating gastric digestion. The β-casein-derived peptides remained intact following the successive hydrolysis by pepsin and pancreatin, whereas αS1-casein-derived peptides were degraded by pepsin.	10.1021/jf049510t
P02666	NIPPLTQTPVVVPPFLQ	Beta-casein	Bos taurus	88-104	ACE-inhibitory		450.0				Casein Fermentate of Lactobacillus animalisDPC6134 Contains a Range of Novel Propeptide Angiotensin-Converting Enzyme Inhibitors	Hayes, M. et al.	This work evaluated the angiotensin-converting-enzyme (ACE)-inhibitory activities of a bovine sodium caseinate fermentate generated using the proteolytic capabilities of the porcine small intestinal isolate Lactobacillus animalis DPC6134 (NCIMB deposit 41355). The crude 10-kDa L. animalis DPC6134 fermentate exhibited ACE-inhibitory activity of 85.51% (±15%) and had a 50% inhibitory concentration (IC50) of 0.8 mg protein/ml compared to captopril, which had an IC50 value of 0.005 mg/ml. Fractionation of the crude L. animalis DPC6134 fermentate by membrane filtration and reversed-phase high-performance liquid chromatography (HPLC) generated three bioactive fractions from a total of 72 fractions. Fractions 10, 19, and 43 displayed ACE-inhibitory activity percentages of 67.53 (±15), 83.71 (±19), and 42.36 (±11), respectively, where ACE inhibition was determined with 80 μl of the fractions with protein concentrations of 0.5 mg/ml. HPLC and mass spectrometry analysis identified 25 distinct peptide sequences derived from α-, β-, and κ-caseins. In silico predictions, based on the C-terminal tetrapeptide sequences, suggested that peptide NIPPLTQTPVVVPPFIQ, corresponding to β-casein f(73-89); peptide IGSENSEKTTMP, corresponding to αs1-casein f(201212); peptide SQSKVLPVPQ, corresponding to β-casein f(166-175); peptide MPFPKYPVEP, corresponding to β-casein f(124133); and peptide EPVLGPVRGPFP, corresponding to β-casein f(210-221), contained ACE-inhibitory activities. These peptides were chosen for chemical synthesis to confirm the ACE-inhibitory activity of the fractions. Chemically synthesized peptides displayed IC50 values in the range of 92 μM to 790 μM. Additionally, a simulated gastrointestinal digestion confirmed that the ACE-inhibitory 10-kDa L. animalis DPC6134 fermentation was resistant to a cocktail of digestive enzymes found in the gastrointestinal tract.	10.1128/AEM.00096-07
P02666	NIPPLTQTPV	Beta-casein	Bos taurus	88-97	ACE-inhibitory		173.3				Production of Angiotensin-I-Converting-Enzyme-Inhibitory Peptides in Fermented Milks Started by Lactobacillus delbrueckii subsp bulgaricus SS1 and Lactococcus lactis subsp cremoris FT4	Gobbetti, M. et al.	Two fermented milks containing angiotensin-I-converting-enzyme (ACE)-inhibitory peptides were produced by using selectedLactobacillus delbrueckii subsp. bulgaricus SS1 and L. lactis subsp. cremoris FT4. The pH 4.6-soluble nitrogen fraction of the two fermented milks was fractionated by reversed-phase fast-protein liquid chromatography. The fractions which showed the highest ACE-inhibitory indexes were further purified, and the related peptides were sequenced by tandem fast atom bombardment-mass spectrometry. The most inhibitory fractions of the milk fermented by L. delbrueckii subsp.bulgaricus SS1 contained the sequences of β-casein (β-CN) fragment 6-14 (f6-14), f7-14, f73-82, f74-82, and f75-82. Those from the milk fermented by L. lactis subsp.cremoris FT4 contained the sequences of β-CN f7-14, f47-52, and f169-175 and κ-CN f155-160 and f152-160. Most of these sequences had features in common with other ACE-inhibitory peptides reported in the literature. In particular, the β-CN f47-52 sequence had high homology with that of angiotensin-II. Some of these peptides were chemically synthesized. The 50% inhibitory concentrations (IC50s) of the crude purified fractions containing the peptide mixture were very low (8.0 to 11.2 mg/liter). When the synthesized peptides were used individually, the ACE-inhibitory activity was confirmed but the IC50s increased considerably. A strengthened inhibitory effect of the peptide mixtures with respect to the activity of individual peptides was presumed. Once generated, the inhibitory peptides were resistant to further proteolysis either during dairy processing or by trypsin and chymotrypsin.	10.1128/AEM.66.9.3898-3904.2000
P02666	MPFPKYPVEP	Beta-casein	Bos taurus	124-133	ACE-inhibitory		83.0				Casein Fermentate of Lactobacillus animalisDPC6134 Contains a Range of Novel Propeptide Angiotensin-Converting Enzyme Inhibitors	Hayes, M. et al.	This work evaluated the angiotensin-converting-enzyme (ACE)-inhibitory activities of a bovine sodium caseinate fermentate generated using the proteolytic capabilities of the porcine small intestinal isolate Lactobacillus animalis DPC6134 (NCIMB deposit 41355). The crude 10-kDa L. animalis DPC6134 fermentate exhibited ACE-inhibitory activity of 85.51% (±15%) and had a 50% inhibitory concentration (IC50) of 0.8 mg protein/ml compared to captopril, which had an IC50 value of 0.005 mg/ml. Fractionation of the crude L. animalis DPC6134 fermentate by membrane filtration and reversed-phase high-performance liquid chromatography (HPLC) generated three bioactive fractions from a total of 72 fractions. Fractions 10, 19, and 43 displayed ACE-inhibitory activity percentages of 67.53 (±15), 83.71 (±19), and 42.36 (±11), respectively, where ACE inhibition was determined with 80 μl of the fractions with protein concentrations of 0.5 mg/ml. HPLC and mass spectrometry analysis identified 25 distinct peptide sequences derived from α-, β-, and κ-caseins. In silico predictions, based on the C-terminal tetrapeptide sequences, suggested that peptide NIPPLTQTPVVVPPFIQ, corresponding to β-casein f(73-89); peptide IGSENSEKTTMP, corresponding to αs1-casein f(201212); peptide SQSKVLPVPQ, corresponding to β-casein f(166-175); peptide MPFPKYPVEP, corresponding to β-casein f(124133); and peptide EPVLGPVRGPFP, corresponding to β-casein f(210-221), contained ACE-inhibitory activities. These peptides were chosen for chemical synthesis to confirm the ACE-inhibitory activity of the fractions. Chemically synthesized peptides displayed IC50 values in the range of 92 μM to 790 μM. Additionally, a simulated gastrointestinal digestion confirmed that the ACE-inhibitory 10-kDa L. animalis DPC6134 fermentation was resistant to a cocktail of digestive enzymes found in the gastrointestinal tract.	10.1128/AEM.00096-07
P02666	MAP	Beta-casein	Bos taurus	117-119	ACE-inhibitory		"1) 0.4,
2) 0.8"				"1) Characterisation of the hydrolytic specificity of Aspergillus niger derived prolyl endoproteinase on bovine β-casein and determination of ACE inhibitory activity,
2) Antihypertensive effect of an angiotensin converting enzyme inhibitory peptide from enzyme modified cheese"	"1) Norris, R. et al.,
2) Tonouchi, H. et al."	"1) The hydrolytic specificity of Aspergillus niger prolyl endoproteinase (An-PEP) on purified β-casein (β-CN) was assessed. This analysis confirmed cleavage at the C-terminal side of Pro residues. An-PEP also had the ability to cleave at the C-terminal side of Ala, Glu, Gly, Ser, Lys and Leu. Incubation of purified β-CN with An-PEP resulted in the generation of highly potent angiotensin converting enzyme (ACE) inhibitory hydrolysates. The most potent hydrolysate was obtained after 24 h incubation (ACE IC50 = 16.41 ± 6.06 μg/mL). Fourteen β-CN derived C-terminal Pro-containing di-, tri, and tetrapeptides which were predicted in silico to be released following An-PEP hydrolysis or which were detected by ultra-performance liquid chromatography–mass spectrometry (UPLC–MS/MS) in the 24 h hydrolysate were synthesised and characterised for their ACE inhibitory activity. The most potent inhibitory peptides were Ile-Gln-Ala (β-CN f187–189) and Val-Glu-Pro (β-CN f116–118) having ACE IC50 values of 32.9 ± 9.2 and 63.7 ± 12.0 μM, respectively. The hydrolysates generated appear to have the most potent ACE IC50 values reported for a food derived hydrolysate to date.,
2) Two angiotensin converting enzyme (ACE)-inhibitory peptides were isolated from enzyme modified cheese (EMC) and their amino acid sequences were identified as Leu-Gln-Pro and Met-Ala-Pro. The EMC was prepared by a combination of Protease N, Umamizyme, and Flavourzyme 500L. Both peptides were derived from β-casein, f 88-90 and f 102-104, respectively. Met-Ala-Pro showed strong ACE inhibitory activity (IC50=0·8 μm) and antihypertensive activity in spontaneously hypertensive rats (SHR) after single oral administration. The IC50 value of Met-Ala-Pro was not affected by pre-incubation with ACE, suggesting that this peptide was a true ACE-inhibitory peptide. We report here, for the first time antihypertensive peptides from EMC."	"1) 10.1016/j.foodchem.2014.01.056,
2) 10.1017/S0022029908003452"
P02666	LVYPFPGPIPNSLPQNIPP	Beta-casein	Bos taurus	73-91	ACE-inhibitory		"1) 11.6,
2) 73.0,
3) 5.2"				"1) Angiotensin I-Converting-Enzyme-Inhibitory and Antibacterial Peptides from Lactobacillus helveticusPR4 Proteinase-Hydrolyzed Caseins of Milk from Six Species,
2) Fractionation and identification of ACE-inhibitory peptides from α-Lactalbumin and β-casein produced by thermolysin-catalysed hydrolysis,
3) Identification of novel antihypertensive peptides in milk fermented with Enterococcus faecalis"	"1) Minervini, F. et al.,
2) Otte, J. et al.,
3) Quiros, A. et al."	"1) Sodium caseinates prepared from bovine, sheep, goat, pig, buffalo or human milk were hydrolyzed by a partially purified proteinase of Lactobacillus helveticus PR4. Peptides in each hydrolysate were fractionated by reversed-phase fast-protein liquid chromatography. The fractions which showed the highest angiotensin I-converting-enzyme (ACE)-inhibitory or antibacterial activity were sequenced by mass spectrum and Edman degradation analyses. Various ACE-inhibitory peptides were found in the hydrolysates: the bovine αS1-casein (αS1-CN) 24-47 fragment (f24-47), f169-193, and β-CN f58-76; ovine αS1-CN f1-6 and αS2-CN f182-185 and f186-188; caprine β-CN f58-65 and αS2-CN f182-187; buffalo β-CN f58-66; and a mixture of three tripeptides originating from human β-CN. A mixture of peptides with a C-terminal sequence, Pro-Gly-Pro, was found in the most active fraction of the pig sodium caseinate hydrolysate. The highest ACE-inhibitory activity of some peptides corresponded to the concentration of the ACE inhibitor (S)-N-(1-[ethoxycarbonyl]-3-phenylpropyl)-ala-pro maleate (enalapril) of 49.253 μg/ml (100 μmol/liter). Several of the above sequences had features in common with other ACE-inhibitory peptides reported in the literature. The 50% inhibitory concentration (IC50) of some of the crude peptide fractions was very low (16 to 100 μg/ml). Some identified peptides were chemically synthesized, and the ACE-inhibitory activity and IC50s were confirmed. An antibacterial peptide corresponding to β-CN f184-210 was identified in human sodium caseinate hydrolysate. It showed a very large spectrum of inhibition against gram-positive and -negative bacteria, including species of potential clinical interest, such as Enterococcus faecium, Bacillus megaterium, Escherichia coli, Listeria innocua, Salmonella spp., Yersinia enterocolitica, and Staphylococcus aureus. The MIC for E. coli F19 was ca. 50 μg/ml. Once generated, the bioactive peptides were resistant to further degradation by proteinase of L. helveticus PR4 or by trypsin and chymotrypsin.,
2) The thermolysin catalysed hydrolysates of α-lactalbumin and β-casein were fractionated by size-exclusion chromatography (SEC) and reversed-phase high performance liquid chromatography (RP-HPLC) in order to identify the peptides responsible for the high ACE-inhibitory activity of these hydrolysates. The SEC fractionation separated many co-eluting peptides into different fractions allowing individual peptides to be isolated in one or two subsequent semi-preparative RP-HPLC fractionation steps. Five potent ACE-inhibitory peptides from α-lactalbumin were isolated. They all contained the C-terminal sequence -PEW, corresponding to amino acid residues 24–26 in α-lactalbumin, and had IC50 values of 1–5 μm. From one SEC fraction of the β-casein hydrolysate two potent ACE-inhibitory peptides were isolated and identified as f58-76 and f59-76 of β-casein A2. They both contained IPP as the C-terminal sequence and had IC50 values of 4 and 5 μm. From another SEC fraction a new but less ACE-inhibitory peptide from β-casein was identified (f192–196; LYQQP).,
3) Several novel peptides with demonstrated antihypertensive activity have been identified in milk fermented with Enterococcus faecalis CECT 5727. Two of the identified peptides, corresponding to β-casein f(133–138) (LHLPLP) and β-casein f(58–76) (LVYPFPGPIPNSLPQNIPP), showed angiotensin converting enzyme-inhibitory (ACEI) activity (IC50) values as low as 5 μm. These peptides demonstrated antihypertensive activity when they were orally administered to spontaneously hypertensive rats. In particular, β-casein f(133–138), yielded a significant antihypertensive effect in these animals. The maximal decreases in systolic blood pressure (21.87±4.51 mmHg, ) and diastolic blood pressure (28.5±3.20 mmHg, ) were observed 4 and 2 h, respectively, after the administration of 2 mg kg−1 of this peptide. The presence of these antihypertensive peptides in fermented milk prepared with other selected strains of E. faecalis (CECT 5728, 5826 and 5827) was confirmed by HPLC-MS."	"1) 10.1128/AEM.69.9.5297-5305.2003,
2) 10.1016/j.idairyj.2007.04.008,
3) 10.1016/j.idairyj.2005.12.011"
P02666	LVYPFPGPIPNSLPQN	Beta-casein	Bos taurus	73-88	ACE-inhibitory		71.0				Angiotensin I converting enzyme (ACE) inhibitory activity and antihypertensive effect of fermented milk	Pihlanto-Leppala, A. et al.	Milk was fermented with a total of 25 lactic acid bacteria to assay in vitro inhibitory activity towards angiotensin I converting enzyme (ACE). The tested strains belonged to Lactobacillus acidophilus, Lactobacillus casei, Lacobacillus helveticus, Lactobacillus jensenii, Lactobacillus reuteri, Lactobacillus rhamnosus, Lactococcus lactis ssp. lactis, Lactococcus. raffinolactis and Leuconostoc mesenteroides ssp. cremoris. The ACE inhibitory potencies of theses strains varied and seven of them showing the highest ACE inhibitory activity were selected for further studies. The development of ACE inhibitory activity during fermentation correlated with degree of hydrolysis. Modification of fermentation conditions or pH control did not affect the ACE inhibitory activity. ACE inhibitory compounds from Lb. jensenii fermented milk were isolated by reversed phase HPLC and identified by MS-analysis and amino acid sequencing. The active compounds were peptides from β-casein. The milk fermented with Lb. jensenii caused a transient reduction of blood pressure in spontaneously hypertensive rats.	10.1016/j.idairyj.2009.07.003
P02666	LVYPFPGPIPNSLPQ	Beta-casein	Bos taurus	73-87	ACE-inhibitory		18.0				Peptides from several Italian cheeses inhibitory to proteolytic enzymes of lactic acid bacteria, Pseudomonas fluorescens ATCC 948 and to the angiotensin I-converting enzyme	Smacchi, E. et al.	Water-soluble peptides from Mozzarella, Italico, Crescenza, and Gorgonzola cheeses were fractionated by reverse-phase fast protein liquid chromatography. Peptide fractions with inhibitory activity to amino- and endo-peptidases from Lactobacillus delbrueckii ssp. bulgaricus B397, Streptococcus thermophilus 305, and Lactococcus lactis ssp. cremoris Wg2 were found. Enzymes from Lactobacillus casei ssp. casei 2752 were less sensitive. Endopeptidase from Lactobacillus casei ssp. casei 2752 also had a different response to the effect of some inhibitors. It probably showed limited differences in catalysis and substrate positioning. Most of these inhibitory peptides were also effective in reducing the activity of the Pseudomonas fluorescens ATCC 948 endopeptidase and the angiotensin I-converting enzyme. Inhibitory peptide fractions from Mozzarella, Italico, and Crescenza cheeses had a certain degree of hydrophobicity while the peptide fraction from Gorgonzola cheese eluted in the initial part of the acetonitrile gradient. One of the inhibitory peptides contained in the water-soluble extract of Crescenza cheese was further purified and sequenced. It corresponded to the β-casein fragment 58-72.	10.1016/S0141-0229(97)00261-5
P02666	LVYPFPGPIP	Beta-casein	Bos taurus	73-82	ACE-inhibitory		89.0				Angiotensin I converting enzyme (ACE) inhibitory activity and antihypertensive effect of fermented milk	Pihlanto-Leppala, A. et al.	Milk was fermented with a total of 25 lactic acid bacteria to assay in vitro inhibitory activity towards angiotensin I converting enzyme (ACE). The tested strains belonged to Lactobacillus acidophilus, Lactobacillus casei, Lacobacillus helveticus, Lactobacillus jensenii, Lactobacillus reuteri, Lactobacillus rhamnosus, Lactococcus lactis ssp. lactis, Lactococcus. raffinolactis and Leuconostoc mesenteroides ssp. cremoris. The ACE inhibitory potencies of theses strains varied and seven of them showing the highest ACE inhibitory activity were selected for further studies. The development of ACE inhibitory activity during fermentation correlated with degree of hydrolysis. Modification of fermentation conditions or pH control did not affect the ACE inhibitory activity. ACE inhibitory compounds from Lb. jensenii fermented milk were isolated by reversed phase HPLC and identified by MS-analysis and amino acid sequencing. The active compounds were peptides from β-casein. The milk fermented with Lb. jensenii caused a transient reduction of blood pressure in spontaneously hypertensive rats.	10.1016/j.idairyj.2009.07.003
P02666	LVYPFPGP	Beta-casein	Bos taurus	73-80	ACE-inhibitory		147.0				Fractionation and identification of ACE-inhibitory peptides from α-Lactalbumin and β-casein produced by thermolysin-catalysed hydrolysis	Otte, J. et al.	The thermolysin catalysed hydrolysates of α-lactalbumin and β-casein were fractionated by size-exclusion chromatography (SEC) and reversed-phase high performance liquid chromatography (RP-HPLC) in order to identify the peptides responsible for the high ACE-inhibitory activity of these hydrolysates. The SEC fractionation separated many co-eluting peptides into different fractions allowing individual peptides to be isolated in one or two subsequent semi-preparative RP-HPLC fractionation steps. Five potent ACE-inhibitory peptides from α-lactalbumin were isolated. They all contained the C-terminal sequence -PEW, corresponding to amino acid residues 24–26 in α-lactalbumin, and had IC50 values of 1–5 μm. From one SEC fraction of the β-casein hydrolysate two potent ACE-inhibitory peptides were isolated and identified as f58-76 and f59-76 of β-casein A2. They both contained IPP as the C-terminal sequence and had IC50 values of 4 and 5 μm. From another SEC fraction a new but less ACE-inhibitory peptide from β-casein was identified (f192–196; LYQQP).	10.1016/j.idairyj.2007.04.008
P02666	LVYPFP	Beta-casein	Bos taurus	73-78	ACE-inhibitory		132.0				Novel probiotic-fermented milk with angiotensin I-converting enzyme inhibitory peptides produced by Bifidobacterium bifidum MF 20/5	Gonzalez-Gonzalez, C. et al.	In previous research, we have demonstrated that Bifidobacterium bifidum MF 20/5 fermented milk possessed stronger angiotensin converting enzyme (ACE) inhibitory activity than other lactic acid bacteria, including Lactobacillus helveticus DSM 13137, which produces the hypotensive casokinins Ile-Pro-Pro (IPP) and Val-Pro-Pro (VPP). The aim of this study is to investigate the ACE-inhibitory peptides released in B. bifidum MF 20/5 fermented milk. The novel ACE-inhibitory peptide LVYPFP (IC50 = 132 μM) is reported here for the first time. Additionally, other bioactive peptides such as the ACE-inhibitor LPLP (IC50 = 703 μM), and the antioxidant VLPVPQK were identified. Moreover, the peptide and amino acid profiles, the ACE-inhibitory activity (ACEi), pH, and degree of hydrolysis of the fermented milk were determined and compared with those obtained in milk fermented by L. helveticus DSM 13137. The sequences of the major bioactive peptides present in fermented milk of B. bifidum and L. helveticus were identified and quantified. B. bifidum released a larger amount of peptides than L. helveticus but no IPP or VPP were detected in B. bifidum fermented milk. Also the lactotripeptide concentrations and ACEi were higher in L. helveticus fermented milk when the pH was maintained at 4.6. This may represent a technical advantage for B. bifidum that reduces the pH at a slow enough rate to facilitate the peptide generation without the need for pH control. Thus these findings show the potential for the use of this probiotic strain to produce fermented milk with a wider range of health benefits including reduction of blood pressure.	10.1016/j.ijfoodmicro.2013.09.002
P02666	LVYP	Beta-casein	Bos taurus	73-76	ACE-inhibitory		170.0				Inhibition of angiotensin-converting enzyme by synthetic peptide fragments of various β-caseins	Kohmura, M. et al.	Enzymatic hydrolyses of milk proteins have produced various biologically active peptides such as opioid peptides, immunostimulating peptides, and angiotensin-converting enzyme (ACE) inhibitors, and recently, the physiological significance of such peptides has been suggested by several groups.1J If the occurrence of such peptides in milk proteins is not a casual event but has a physiological meaning, mammalian organisms should have a common mechanism to produce these peptides from the parent proteins and deliver them to each specific site. In general, physiologically important amino acid residues are conserved. If such latent peptides would be present in milk proteins, endogenous enzymes, as the first step, should recognize the amino acid residues of the peptides in the same manner throughout all species, and therefore, the sequence of such latent peptides should have a high degree of homology between all species and the same types of amino acids in the charge or hydrophobicity. Therefore, we have noted homologous sequences between various pcaseins in the stu	10.1271/bbb1961.54.1101
P02666	LQSW	Beta-casein	Bos taurus	155-158	ACE-inhibitory		500.0				Identification of an Antihypertensive Peptide from Casein Hydrolysate Produced by a Proteinase from Lactobacillus helveticus CP790	Maeno, M. et al.	Casein hydrolysate, produced by an extracellular proteinase from Lactobacillus helveticus CP790, was fractionated by two-step reverse-phase HPLC. Only one fraction showed antihypertensive activity as measured by systolic blood pressure in spontaneously hypertensive rats after oral administration. Ten peptides in the fraction were further purified and identified by analysis of amino acid sequences. Each identified peptide was chemically synthesized, and the antihypertensive activity of each peptide was evaluated in spontaneously hypertensive rats. The synthetic peptide with a sequence of Lys-Val-Leu-Pro-Val-Pro-Gln, found in beta-casein, indicated strong antihypertensive activity from 2 to 10 h after oral administration of 2 mg of peptide/kg of BW, and the effect was maximal at 6 h after oral administration (-31.5 +/- 5.6 mm Hg). Moreover, the antihypertensive effect of the peptide was dependent on the dosage of peptide from 0.5 to 2 mg of peptide/kg of BW. Interestingly, the antihypertensive peptide showed lower inhibitory activity of angiotensin I-converting enzyme, but the activity was increased after pancreatin digestion.	10.3168/jds.S0022-0302(96)76487-1
P02666	LQP	Beta-casein	Bos taurus	103-105	ACE-inhibitory		3.4				Antihypertensive effect of an angiotensin converting enzyme inhibitory peptide from enzyme modified cheese	Tonouchi, H. et al.	Two angiotensin converting enzyme (ACE)-inhibitory peptides were isolated from enzyme modified cheese (EMC) and their amino acid sequences were identified as Leu-Gln-Pro and Met-Ala-Pro. The EMC was prepared by a combination of Protease N, Umamizyme, and Flavourzyme 500L. Both peptides were derived from β-casein, f 88-90 and f 102-104, respectively. Met-Ala-Pro showed strong ACE inhibitory activity (IC50=0·8 μm) and antihypertensive activity in spontaneously hypertensive rats (SHR) after single oral administration. The IC50 value of Met-Ala-Pro was not affected by pre-incubation with ACE, suggesting that this peptide was a true ACE-inhibitory peptide. We report here, for the first time antihypertensive peptides from EMC.	10.1017/S0022029908003452
P02666	LPQNIPPLTQTPVVVPPFLQPEVMGVSK	Beta-casein	Bos taurus	85-112	ACE-inhibitory		144.0				Antihypertensive Effect of the Peptides Derived from Casein by an Extracellular Proteinase from Lactobacillus helveticus CP790	Yamamoto, N. et al.	Peptides derived from alpha s1- and beta-caseins by the Lactobacillus helveticus CP790 proteinase were investigated for their inhibitory activities against angiotensin I-converting enzyme. The antihypertensive effect of casein hydrolysates in strain SHR spontaneously hypertensive rats was also investigated. Both alpha s1- and beta-casein hydrolysates inhibited this enzyme. Some of these peptides showed enzyme inhibitory activity, and one of them from beta-casein inhibited the enzyme greatly; the concentration of an angiotensin I-converting enzyme inhibitor needed to inhibit 50% of the enzyme activity was 4 microM. The hydrolysate of casein demonstrated antihypertensive activity in spontaneously hypertensive rats at an orally administered dosage of 15 mg/kg of body weight. MILK fermented with L. helveticus CP790, containing about .3% peptides, also showed antihypertensive activity in SHR rats with 5 ml/kg of body weight (15 mg of peptide/kg); however, the milk fermented with L. helveticus CP791, a variant defective for proteinase activity, did not show this activity. Results suggested that the peptides liberated from casein by the proteinase in the culture medium showed antihypertensive effect in SHR rats.	10.3168/jds.S0022-0302(94)77026-0
P02666	LPP	Beta-casein	Bos taurus	166-168	ACE-inhibitory		9.6				Characterisation of the hydrolytic specificity of Aspergillus niger derived prolyl endoproteinase on bovine β-casein and determination of ACE inhibitory activity	Norris, R. et al.	The hydrolytic specificity of Aspergillus niger prolyl endoproteinase (An-PEP) on purified β-casein (β-CN) was assessed. This analysis confirmed cleavage at the C-terminal side of Pro residues. An-PEP also had the ability to cleave at the C-terminal side of Ala, Glu, Gly, Ser, Lys and Leu. Incubation of purified β-CN with An-PEP resulted in the generation of highly potent angiotensin converting enzyme (ACE) inhibitory hydrolysates. The most potent hydrolysate was obtained after 24 h incubation (ACE IC50 = 16.41 ± 6.06 μg/mL). Fourteen β-CN derived C-terminal Pro-containing di-, tri, and tetrapeptides which were predicted in silico to be released following An-PEP hydrolysis or which were detected by ultra-performance liquid chromatography–mass spectrometry (UPLC–MS/MS) in the 24 h hydrolysate were synthesised and characterised for their ACE inhibitory activity. The most potent inhibitory peptides were Ile-Gln-Ala (β-CN f187–189) and Val-Glu-Pro (β-CN f116–118) having ACE IC50 values of 32.9 ± 9.2 and 63.7 ± 12.0 μM, respectively. The hydrolysates generated appear to have the most potent ACE IC50 values reported for a food derived hydrolysate to date.	10.1016/j.foodchem.2014.01.056
P02666	LNVPGEIVE	Beta-casein	Bos taurus	21-29	ACE-inhibitory		300.1				Production of Angiotensin-I-Converting-Enzyme-Inhibitory Peptides in Fermented Milks Started by Lactobacillus delbrueckii subsp bulgaricus SS1 and Lactococcus lactis subsp cremoris FT4	Gobbetti, M. et al.	Two fermented milks containing angiotensin-I-converting-enzyme (ACE)-inhibitory peptides were produced by using selectedLactobacillus delbrueckii subsp. bulgaricus SS1 and L. lactis subsp. cremoris FT4. The pH 4.6-soluble nitrogen fraction of the two fermented milks was fractionated by reversed-phase fast-protein liquid chromatography. The fractions which showed the highest ACE-inhibitory indexes were further purified, and the related peptides were sequenced by tandem fast atom bombardment-mass spectrometry. The most inhibitory fractions of the milk fermented by L. delbrueckii subsp.bulgaricus SS1 contained the sequences of β-casein (β-CN) fragment 6-14 (f6-14), f7-14, f73-82, f74-82, and f75-82. Those from the milk fermented by L. lactis subsp.cremoris FT4 contained the sequences of β-CN f7-14, f47-52, and f169-175 and κ-CN f155-160 and f152-160. Most of these sequences had features in common with other ACE-inhibitory peptides reported in the literature. In particular, the β-CN f47-52 sequence had high homology with that of angiotensin-II. Some of these peptides were chemically synthesized. The 50% inhibitory concentrations (IC50s) of the crude purified fractions containing the peptide mixture were very low (8.0 to 11.2 mg/liter). When the synthesized peptides were used individually, the ACE-inhibitory activity was confirmed but the IC50s increased considerably. A strengthened inhibitory effect of the peptide mixtures with respect to the activity of individual peptides was presumed. Once generated, the inhibitory peptides were resistant to further proteolysis either during dairy processing or by trypsin and chymotrypsin.	10.1128/AEM.66.9.3898-3904.2000
P02666	LLYQEPVLGPVRGPFPIIV	Beta-casein	Bos taurus	206-224	ACE-inhibitory		21.0				Antihypertensive Effect of the Peptides Derived from Casein by an Extracellular Proteinase from Lactobacillus helveticus CP790	Yamamoto, N. et al.	Peptides derived from alpha s1- and beta-caseins by the Lactobacillus helveticus CP790 proteinase were investigated for their inhibitory activities against angiotensin I-converting enzyme. The antihypertensive effect of casein hydrolysates in strain SHR spontaneously hypertensive rats was also investigated. Both alpha s1- and beta-casein hydrolysates inhibited this enzyme. Some of these peptides showed enzyme inhibitory activity, and one of them from beta-casein inhibited the enzyme greatly; the concentration of an angiotensin I-converting enzyme inhibitor needed to inhibit 50% of the enzyme activity was 4 microM. The hydrolysate of casein demonstrated antihypertensive activity in spontaneously hypertensive rats at an orally administered dosage of 15 mg/kg of body weight. MILK fermented with L. helveticus CP790, containing about .3% peptides, also showed antihypertensive activity in SHR rats with 5 ml/kg of body weight (15 mg of peptide/kg); however, the milk fermented with L. helveticus CP791, a variant defective for proteinase activity, did not show this activity. Results suggested that the peptides liberated from casein by the proteinase in the culture medium showed antihypertensive effect in SHR rats.	10.3168/jds.S0022-0302(94)77026-0
P02666	LHLPLPL	Beta-casein	Bos taurus	148-154	ACE-inhibitory		425.0				Identification of novel antihypertensive peptides in milk fermented with Enterococcus faecalis	Quiros, A. et al.	Several novel peptides with demonstrated antihypertensive activity have been identified in milk fermented with Enterococcus faecalis CECT 5727. Two of the identified peptides, corresponding to β-casein f(133–138) (LHLPLP) and β-casein f(58–76) (LVYPFPGPIPNSLPQNIPP), showed angiotensin converting enzyme-inhibitory (ACEI) activity (IC50) values as low as 5 μm. These peptides demonstrated antihypertensive activity when they were orally administered to spontaneously hypertensive rats. In particular, β-casein f(133–138), yielded a significant antihypertensive effect in these animals. The maximal decreases in systolic blood pressure (21.87±4.51 mmHg, ) and diastolic blood pressure (28.5±3.20 mmHg, ) were observed 4 and 2 h, respectively, after the administration of 2 mg kg−1 of this peptide. The presence of these antihypertensive peptides in fermented milk prepared with other selected strains of E. faecalis (CECT 5728, 5826 and 5827) was confirmed by HPLC-MS.	10.1016/j.idairyj.2005.12.011
P02666	KYPVEPFTESQSLTL	Beta-casein	Bos taurus	128-142	ACE-inhibitory		93.0				Antihypertensive Effect of the Peptides Derived from Casein by an Extracellular Proteinase from Lactobacillus helveticus CP790	Yamamoto, N. et al.	Peptides derived from alpha s1- and beta-caseins by the Lactobacillus helveticus CP790 proteinase were investigated for their inhibitory activities against angiotensin I-converting enzyme. The antihypertensive effect of casein hydrolysates in strain SHR spontaneously hypertensive rats was also investigated. Both alpha s1- and beta-casein hydrolysates inhibited this enzyme. Some of these peptides showed enzyme inhibitory activity, and one of them from beta-casein inhibited the enzyme greatly; the concentration of an angiotensin I-converting enzyme inhibitor needed to inhibit 50% of the enzyme activity was 4 microM. The hydrolysate of casein demonstrated antihypertensive activity in spontaneously hypertensive rats at an orally administered dosage of 15 mg/kg of body weight. MILK fermented with L. helveticus CP790, containing about .3% peptides, also showed antihypertensive activity in SHR rats with 5 ml/kg of body weight (15 mg of peptide/kg); however, the milk fermented with L. helveticus CP791, a variant defective for proteinase activity, did not show this activity. Results suggested that the peptides liberated from casein by the proteinase in the culture medium showed antihypertensive effect in SHR rats.	10.3168/jds.S0022-0302(94)77026-0
P02666	KYP	Beta-casein	Bos taurus	128-130	ACE-inhibitory		363.9				Characterisation of the hydrolytic specificity of Aspergillus niger derived prolyl endoproteinase on bovine β-casein and determination of ACE inhibitory activity	Norris, R. et al.	The hydrolytic specificity of Aspergillus niger prolyl endoproteinase (An-PEP) on purified β-casein (β-CN) was assessed. This analysis confirmed cleavage at the C-terminal side of Pro residues. An-PEP also had the ability to cleave at the C-terminal side of Ala, Glu, Gly, Ser, Lys and Leu. Incubation of purified β-CN with An-PEP resulted in the generation of highly potent angiotensin converting enzyme (ACE) inhibitory hydrolysates. The most potent hydrolysate was obtained after 24 h incubation (ACE IC50 = 16.41 ± 6.06 μg/mL). Fourteen β-CN derived C-terminal Pro-containing di-, tri, and tetrapeptides which were predicted in silico to be released following An-PEP hydrolysis or which were detected by ultra-performance liquid chromatography–mass spectrometry (UPLC–MS/MS) in the 24 h hydrolysate were synthesised and characterised for their ACE inhibitory activity. The most potent inhibitory peptides were Ile-Gln-Ala (β-CN f187–189) and Val-Glu-Pro (β-CN f116–118) having ACE IC50 values of 32.9 ± 9.2 and 63.7 ± 12.0 μM, respectively. The hydrolysates generated appear to have the most potent ACE IC50 values reported for a food derived hydrolysate to date.	10.1016/j.foodchem.2014.01.056
P02666	KVLPVPQ	Beta-casein	Bos taurus	184-190	ACE-inhibitory		"1) 1000.0,
3) 1000.0"				"1) Identification of an Antihypertensive Peptide from Casein Hydrolysate Produced by a Proteinase from Lactobacillus helveticus CP790,
2) Characterization of casein-derived peptide bioactivity: Differential effects on angiotensin-converting enzyme inhibition and cytokine and nitric oxide production,
3) The antihypertensive effect of peptides: a novel alternative to drugs?"	"1) Maeno, M. et al.,
2) Adams, C. et al.,
3) Hong F, et al."	"1) Casein hydrolysate, produced by an extracellular proteinase from Lactobacillus helveticus CP790, was fractionated by two-step reverse-phase HPLC. Only one fraction showed antihypertensive activity as measured by systolic blood pressure in spontaneously hypertensive rats after oral administration. Ten peptides in the fraction were further purified and identified by analysis of amino acid sequences. Each identified peptide was chemically synthesized, and the antihypertensive activity of each peptide was evaluated in spontaneously hypertensive rats. The synthetic peptide with a sequence of Lys-Val-Leu-Pro-Val-Pro-Gln, found in beta-casein, indicated strong antihypertensive activity from 2 to 10 h after oral administration of 2 mg of peptide/kg of BW, and the effect was maximal at 6 h after oral administration (-31.5 +/- 5.6 mm Hg). Moreover, the antihypertensive effect of the peptide was dependent on the dosage of peptide from 0.5 to 2 mg of peptide/kg of BW. Interestingly, the antihypertensive peptide showed lower inhibitory activity of angiotensin I-converting enzyme, but the activity was increased after pancreatin digestion.,
2) Lactic acid bacteria (LAB) are used as starter cultures in the production of fermented dairy products and have the potential to confer bioactivity relevant to cardiovascular health, as they possess extensive proteolytic systems that liberate small bioactive peptides from larger milk proteins. Certain casein-derived peptides released by various LAB strains during fermentation have been shown to reduce hypertension and to modulate the immune system. We investigated the growth and peptide production of 2 LAB strains, Lactobacillus helveticus R0389 and Lactocaseibacillus rhamnosus R0011, their immunomodulatory activities, as well as their abilities to inhibit the angiotensin-converting enzyme (ACE). Peptide fractions collected from the cell-free supernatant of both medium-grown and milk fermentation cultures were assessed for ACE-inhibitory activity and their effects on the production of proinflammatory and regulatory cytokines by human THP-1 monocytes. Cultures were grown in medium, with or without supplementation with 0.1% casein, or in 3.25% milk fermented with each LAB strain. Casein supplementation increased the growth rate of both LAB strains, and significantly increased ACE-inhibitory activity of peptide fractions collected from both L. helveticus R0389 and L. rhamnosus R0011 cultures grown for 12 h. Fermentation peptide fractions of L. rhamnosus R0011 showed comparable ACE-inhibitory activity to known ACE inhibiting peptides Val-Pro-Pro and Ile-Pro-Pro (up to 79% inhibition) with a significant difference between culture peptide fractions and acidified and nonacidified control fractions collected after 6 d of fermentation. Many milk and casein-derived peptides reported in previous studies have been identified as part of a larger bioactive fraction. We synthesized a group of these peptides to individually assess both ACE-inhibitory and immunomodulatory activity. The known ACE inhibitors Val-Pro-Pro and Ile-Pro-Pro showed similar ACE inhibition to previously published results, while also inducing the production of the regulatory cytokine IL-10 by monocytes in the presence and absence of a proinflammatory stimulant. These synthesized peptides could also induce the production of nitric oxide (NO), a potent vasodilator, in human endothelial cell cultures. Investigating the relationships among these bioactive properties could improve the use of probiotic organisms and their secreted products in the food industry.,
3) Many types of bioactive peptides that inhibit angiotensin I, angiotensin I converting enzyme (ACE) and Ang II type 1 receptor (AT1) in the cardiovascular system contribute to the prevention and treatment of hypertension. These inhibitory peptides are derived from many food proteins or artificial synthetic products. Further research examining the bioavailability of ACE inhibitory peptides will lead to the development of more effective ACE inhibitory peptides and foods. Our research also demonstrates that ACE inhibitory peptide LAP may lower blood pressure with no adverse effects."	"1) 10.3168/jds.S0022-0302(96)76487-1,
2) 10.3168/jds.2019-17976,
3) 10.1016/j.peptides.2008.02.005"
P02666	KVLPVPQ	Beta-casein	Bos taurus	184-190	Immunomodulatory	Anti-inflammatory					Characterization of casein derived peptide bioactivity: Differential effects on angiotensin-converting enzyme inhibition and cytokine and nitric oxide production	Adams, C. et al.	Lactic acid bacteria (LAB) are used as starter cultures in the production of fermented dairy products and have the potential to confer bioactivity relevant to cardiovascular health, as they possess extensive proteolytic systems that liberate small bioactive peptides from larger milk proteins. Certain casein-derived peptides released by various LAB strains during fermentation have been shown to reduce hypertension and to modulate the immune system. We investigated the growth and peptide production of 2 LAB strains, Lactobacillus helveticus R0389 and Lactocaseibacillus rhamnosus R0011, their immunomodulatory activities, as well as their abilities to inhibit the angiotensin-converting enzyme (ACE). Peptide fractions collected from the cell-free supernatant of both medium-grown and milk fermentation cultures were assessed for ACE-inhibitory activity and their effects on the production of proinflammatory and regulatory cytokines by human THP-1 monocytes. Cultures were grown in medium, with or without supplementation with 0.1% casein, or in 3.25% milk fermented with each LAB strain. Casein supplementation increased the growth rate of both LAB strains, and significantly increased ACE-inhibitory activity of peptide fractions collected from both L. helveticus R0389 and L. rhamnosus R0011 cultures grown for 12 h. Fermentation peptide fractions of L. rhamnosus R0011 showed comparable ACE-inhibitory activity to known ACE inhibiting peptides Val-Pro-Pro and Ile-Pro-Pro (up to 79% inhibition) with a significant difference between culture peptide fractions and acidified and nonacidified control fractions collected after 6 d of fermentation. Many milk and casein-derived peptides reported in previous studies have been identified as part of a larger bioactive fraction. We synthesized a group of these peptides to individually assess both ACE-inhibitory and immunomodulatory activity. The known ACE inhibitors Val-Pro-Pro and Ile-Pro-Pro showed similar ACE inhibition to previously published results, while also inducing the production of the regulatory cytokine IL-10 by monocytes in the presence and absence of a proinflammatory stimulant. These synthesized peptides could also induce the production of nitric oxide (NO), a potent vasodilator, in human endothelial cell cultures. Investigating the relationships among these bioactive properties could improve the use of probiotic organisms and their secreted products in the food industry.	10.3168/jds.2019-17976
P02666	KVLPVP	Beta-casein	Bos taurus	184-189	ACE-inhibitory						"1) High-Level Expression of Milk-Derived Antihypertensive Peptide in Escherichia coli and Its Bioactivity,
2) Characterization of casein-derived peptide bioactivity: Differential effects on angiotensin-converting enzyme inhibition and cytokine and nitric oxide production"	"1) Liu, D. et al.,
2) Adams, C. et al."	"1) An optimal antihypertensive peptide (AHP), KVLPVP, was linked to form a six-copy of tandem dotetracontapeptide with the specific cleavage site (Arg-X) of clostripain. The gene of the dotetracontapeptide was synthesized and expressed in Escherichia coli BL21. After a 5 h induction with 1.2 mM isopropyl-beta-D-thiogalactopyranoside the recombinant AHP fused with glutathione-S-transferase tag reached the maximal production, 24.6% of total intracellular protein. Following digestion with clostripain and carboxypeptidase B, the product was separated with ultrafiltration and reversed-phase HPLC, and 170 mg of pure recombinant AHP was obtained from 1 L of E. coli culture. The IC50 of the recombinant AHP was 4.6 microM. The systolic blood pressure of spontaneously hypertensive rats could be decreased dramatically by the recombinant AHP in a dose-dependent manner after delivering 0.3 mg of AHP/kg of body weight (BW) or 0.6 mg of AHP/kg of BW orally. The strong antihypertensive effect was reached 4-24 h after oral administration of 0.3 mg of AHP/kg of BW, and the peak point was at the fourth hour (-21.4 +/- 7.2 mm of Hg). This study overcame traditional enzymatic digestion problems in preparing AHP and established a novel approach for industrial production of AHP.,
2) Lactic acid bacteria (LAB) are used as starter cultures in the production of fermented dairy products and have the potential to confer bioactivity relevant to cardiovascular health, as they possess extensive proteolytic systems that liberate small bioactive peptides from larger milk proteins. Certain casein-derived peptides released by various LAB strains during fermentation have been shown to reduce hypertension and to modulate the immune system. We investigated the growth and peptide production of 2 LAB strains, Lactobacillus helveticus R0389 and Lactocaseibacillus rhamnosus R0011, their immunomodulatory activities, as well as their abilities to inhibit the angiotensin-converting enzyme (ACE). Peptide fractions collected from the cell-free supernatant of both medium-grown and milk fermentation cultures were assessed for ACE-inhibitory activity and their effects on the production of proinflammatory and regulatory cytokines by human THP-1 monocytes. Cultures were grown in medium, with or without supplementation with 0.1% casein, or in 3.25% milk fermented with each LAB strain. Casein supplementation increased the growth rate of both LAB strains, and significantly increased ACE-inhibitory activity of peptide fractions collected from both L. helveticus R0389 and L. rhamnosus R0011 cultures grown for 12 h. Fermentation peptide fractions of L. rhamnosus R0011 showed comparable ACE-inhibitory activity to known ACE inhibiting peptides Val-Pro-Pro and Ile-Pro-Pro (up to 79% inhibition) with a significant difference between culture peptide fractions and acidified and nonacidified control fractions collected after 6 d of fermentation. Many milk and casein-derived peptides reported in previous studies have been identified as part of a larger bioactive fraction. We synthesized a group of these peptides to individually assess both ACE-inhibitory and immunomodulatory activity. The known ACE inhibitors Val-Pro-Pro and Ile-Pro-Pro showed similar ACE inhibition to previously published results, while also inducing the production of the regulatory cytokine IL-10 by monocytes in the presence and absence of a proinflammatory stimulant. These synthesized peptides could also induce the production of nitric oxide (NO), a potent vasodilator, in human endothelial cell cultures. Investigating the relationships among these bioactive properties could improve the use of probiotic organisms and their secreted products in the food industry."	"1) 10.1021/jf0703248,
2) 10.3168/jds.2019-17976"
P02666	KVLILA	Beta-casein	Bos taurus	7-Feb	ACE-inhibitory		20.85				A Novel Angiotensin I Converting Enzyme Inhibitory Peptide from the Milk Casein: Virtual Screening and Docking Studies	Wang, Z-L. et al.	Angiotensin I converting enzyme (ACE) plays an important physiological role in the regulation of hypertension. In this study, we applied virtual screening to discover a novel angiotensin I converting enzyme inhibitory peptides from milk casein. One potential hit was identified based on docking scores, subsequently confirmed by activity studies in vitro (IC50=20.85 μmol L−1). The proposed peptide in this study contains a unique sequence, Lys-Val-Leu-Ile-Leu-Ala. Moreover, we performed the docking studies to understand the binding mode between the enzyme and peptide hit.	10.1016/S1671-2927(11)60026-6
P02666	KIHPFAQTQSLVYP	Beta-casein	Bos taurus	63-76	ACE-inhibitory		39.0				Inhibition of angiotensin-converting enzyme by synthetic peptide fragments of various β-caseins	Kohmura, M. et al.	Enzymatic hydrolyses of milk proteins have produced various biologically active peptides such as opioid peptides, immunostimulating peptides, and angiotensin-converting enzyme (ACE) inhibitors, and recently, the physiological significance of such peptides has been suggested by several groups.1J If the occurrence of such peptides in milk proteins is not a casual event but has a physiological meaning, mammalian organisms should have a common mechanism to produce these peptides from the parent proteins and deliver them to each specific site. In general, physiologically important amino acid residues are conserved. If such latent peptides would be present in milk proteins, endogenous enzymes, as the first step, should recognize the amino acid residues of the peptides in the same manner throughout all species, and therefore, the sequence of such latent peptides should have a high degree of homology between all species and the same types of amino acids in the charge or hydrophobicity. Therefore, we have noted homologous sequences between various pcaseins in the stu	10.1271/bbb1961.54.1101
P02666	IQA	Beta-casein	Bos taurus	202-204	ACE-inhibitory		32.9				Characterisation of the hydrolytic specificity of Aspergillus niger derived prolyl endoproteinase on bovine β-casein and determination of ACE inhibitory activity	Norris, R. et al.	The hydrolytic specificity of Aspergillus niger prolyl endoproteinase (An-PEP) on purified β-casein (β-CN) was assessed. This analysis confirmed cleavage at the C-terminal side of Pro residues. An-PEP also had the ability to cleave at the C-terminal side of Ala, Glu, Gly, Ser, Lys and Leu. Incubation of purified β-CN with An-PEP resulted in the generation of highly potent angiotensin converting enzyme (ACE) inhibitory hydrolysates. The most potent hydrolysate was obtained after 24 h incubation (ACE IC50 = 16.41 ± 6.06 μg/mL). Fourteen β-CN derived C-terminal Pro-containing di-, tri, and tetrapeptides which were predicted in silico to be released following An-PEP hydrolysis or which were detected by ultra-performance liquid chromatography–mass spectrometry (UPLC–MS/MS) in the 24 h hydrolysate were synthesised and characterised for their ACE inhibitory activity. The most potent inhibitory peptides were Ile-Gln-Ala (β-CN f187–189) and Val-Glu-Pro (β-CN f116–118) having ACE IC50 values of 32.9 ± 9.2 and 63.7 ± 12.0 μM, respectively. The hydrolysates generated appear to have the most potent ACE IC50 values reported for a food derived hydrolysate to date.	10.1016/j.foodchem.2014.01.056
P02666	IHPFAQTQSLVYP	Beta-casein	Bos taurus	64-76	ACE-inhibitory		19.0				Inhibition of angiotensin-converting enzyme by synthetic peptide fragments of various β-caseins	Kohmura, M. et al.	Enzymatic hydrolyses of milk proteins have produced various biologically active peptides such as opioid peptides, immunostimulating peptides, and angiotensin-converting enzyme (ACE) inhibitors, and recently, the physiological significance of such peptides has been suggested by several groups.1J If the occurrence of such peptides in milk proteins is not a casual event but has a physiological meaning, mammalian organisms should have a common mechanism to produce these peptides from the parent proteins and deliver them to each specific site. In general, physiologically important amino acid residues are conserved. If such latent peptides would be present in milk proteins, endogenous enzymes, as the first step, should recognize the amino acid residues of the peptides in the same manner throughout all species, and therefore, the sequence of such latent peptides should have a high degree of homology between all species and the same types of amino acids in the charge or hydrophobicity. Therefore, we have noted homologous sequences between various pcaseins in the stu	10.1271/bbb1961.54.1101
P02666	HQP	Beta-casein	Bos taurus	160-162, 163-165	ACE-inhibitory		134.7				Characterisation of the hydrolytic specificity of Aspergillus niger derived prolyl endoproteinase on bovine β-casein and determination of ACE inhibitory activity	Norris, R. et al.	The hydrolytic specificity of Aspergillus niger prolyl endoproteinase (An-PEP) on purified β-casein (β-CN) was assessed. This analysis confirmed cleavage at the C-terminal side of Pro residues. An-PEP also had the ability to cleave at the C-terminal side of Ala, Glu, Gly, Ser, Lys and Leu. Incubation of purified β-CN with An-PEP resulted in the generation of highly potent angiotensin converting enzyme (ACE) inhibitory hydrolysates. The most potent hydrolysate was obtained after 24 h incubation (ACE IC50 = 16.41 ± 6.06 μg/mL). Fourteen β-CN derived C-terminal Pro-containing di-, tri, and tetrapeptides which were predicted in silico to be released following An-PEP hydrolysis or which were detected by ultra-performance liquid chromatography–mass spectrometry (UPLC–MS/MS) in the 24 h hydrolysate were synthesised and characterised for their ACE inhibitory activity. The most potent inhibitory peptides were Ile-Gln-Ala (β-CN f187–189) and Val-Glu-Pro (β-CN f116–118) having ACE IC50 values of 32.9 ± 9.2 and 63.7 ± 12.0 μM, respectively. The hydrolysates generated appear to have the most potent ACE IC50 values reported for a food derived hydrolysate to date.	10.1016/j.foodchem.2014.01.056
P02666	HPFAQTQSLVYP	Beta-casein	Bos taurus	65-76	ACE-inhibitory		26.0				Inhibition of angiotensin-converting enzyme by synthetic peptide fragments of various β-caseins	Kohmura, M. et al.	Enzymatic hydrolyses of milk proteins have produced various biologically active peptides such as opioid peptides, immunostimulating peptides, and angiotensin-converting enzyme (ACE) inhibitors, and recently, the physiological significance of such peptides has been suggested by several groups.1J If the occurrence of such peptides in milk proteins is not a casual event but has a physiological meaning, mammalian organisms should have a common mechanism to produce these peptides from the parent proteins and deliver them to each specific site. In general, physiologically important amino acid residues are conserved. If such latent peptides would be present in milk proteins, endogenous enzymes, as the first step, should recognize the amino acid residues of the peptides in the same manner throughout all species, and therefore, the sequence of such latent peptides should have a high degree of homology between all species and the same types of amino acids in the charge or hydrophobicity. Therefore, we have noted homologous sequences between various pcaseins in the stu	10.1271/bbb1961.54.1101
P02666	GP	Beta-casein	Bos taurus	79-80, 214-215, 218-219	ACE-inhibitory		252.6				Characterisation of the hydrolytic specificity of Aspergillus niger derived prolyl endoproteinase on bovine β-casein and determination of ACE inhibitory activity	Norris, R. et al.	The hydrolytic specificity of Aspergillus niger prolyl endoproteinase (An-PEP) on purified β-casein (β-CN) was assessed. This analysis confirmed cleavage at the C-terminal side of Pro residues. An-PEP also had the ability to cleave at the C-terminal side of Ala, Glu, Gly, Ser, Lys and Leu. Incubation of purified β-CN with An-PEP resulted in the generation of highly potent angiotensin converting enzyme (ACE) inhibitory hydrolysates. The most potent hydrolysate was obtained after 24 h incubation (ACE IC50 = 16.41 ± 6.06 μg/mL). Fourteen β-CN derived C-terminal Pro-containing di-, tri, and tetrapeptides which were predicted in silico to be released following An-PEP hydrolysis or which were detected by ultra-performance liquid chromatography–mass spectrometry (UPLC–MS/MS) in the 24 h hydrolysate were synthesised and characterised for their ACE inhibitory activity. The most potent inhibitory peptides were Ile-Gln-Ala (β-CN f187–189) and Val-Glu-Pro (β-CN f116–118) having ACE IC50 values of 32.9 ± 9.2 and 63.7 ± 12.0 μM, respectively. The hydrolysates generated appear to have the most potent ACE IC50 values reported for a food derived hydrolysate to date.	10.1016/j.foodchem.2014.01.056
P02666	FAQTQSLVYP	Beta-casein	Bos taurus	67-76	ACE-inhibitory		25.0				Inhibition of angiotensin-converting enzyme by synthetic peptide fragments of various β-caseins	Kohmura, M. et al.	Enzymatic hydrolyses of milk proteins have produced various biologically active peptides such as opioid peptides, immunostimulating peptides, and angiotensin-converting enzyme (ACE) inhibitors, and recently, the physiological significance of such peptides has been suggested by several groups.1J If the occurrence of such peptides in milk proteins is not a casual event but has a physiological meaning, mammalian organisms should have a common mechanism to produce these peptides from the parent proteins and deliver them to each specific site. In general, physiologically important amino acid residues are conserved. If such latent peptides would be present in milk proteins, endogenous enzymes, as the first step, should recognize the amino acid residues of the peptides in the same manner throughout all species, and therefore, the sequence of such latent peptides should have a high degree of homology between all species and the same types of amino acids in the charge or hydrophobicity. Therefore, we have noted homologous sequences between various pcaseins in the stu	10.1271/bbb1961.54.1101
P02666	FA	Beta-casein	Bos taurus	67-68	ACE-inhibitory		487.1				Characterisation of the hydrolytic specificity of Aspergillus niger derived prolyl endoproteinase on bovine β-casein and determination of ACE inhibitory activity	Norris, R. et al.	The hydrolytic specificity of Aspergillus niger prolyl endoproteinase (An-PEP) on purified β-casein (β-CN) was assessed. This analysis confirmed cleavage at the C-terminal side of Pro residues. An-PEP also had the ability to cleave at the C-terminal side of Ala, Glu, Gly, Ser, Lys and Leu. Incubation of purified β-CN with An-PEP resulted in the generation of highly potent angiotensin converting enzyme (ACE) inhibitory hydrolysates. The most potent hydrolysate was obtained after 24 h incubation (ACE IC50 = 16.41 ± 6.06 μg/mL). Fourteen β-CN derived C-terminal Pro-containing di-, tri, and tetrapeptides which were predicted in silico to be released following An-PEP hydrolysis or which were detected by ultra-performance liquid chromatography–mass spectrometry (UPLC–MS/MS) in the 24 h hydrolysate were synthesised and characterised for their ACE inhibitory activity. The most potent inhibitory peptides were Ile-Gln-Ala (β-CN f187–189) and Val-Glu-Pro (β-CN f116–118) having ACE IC50 values of 32.9 ± 9.2 and 63.7 ± 12.0 μM, respectively. The hydrolysates generated appear to have the most potent ACE IC50 values reported for a food derived hydrolysate to date.	10.1016/j.foodchem.2014.01.056
P02666	EPVLGPVRGPFP	Beta-casein	Bos taurus	210-221	ACE-inhibitory		790.0				Casein Fermentate of Lactobacillus animalisDPC6134 Contains a Range of Novel Propeptide Angiotensin-Converting Enzyme Inhibitors	Hayes, M. et al.	This work evaluated the angiotensin-converting-enzyme (ACE)-inhibitory activities of a bovine sodium caseinate fermentate generated using the proteolytic capabilities of the porcine small intestinal isolate Lactobacillus animalis DPC6134 (NCIMB deposit 41355). The crude 10-kDa L. animalis DPC6134 fermentate exhibited ACE-inhibitory activity of 85.51% (±15%) and had a 50% inhibitory concentration (IC50) of 0.8 mg protein/ml compared to captopril, which had an IC50 value of 0.005 mg/ml. Fractionation of the crude L. animalis DPC6134 fermentate by membrane filtration and reversed-phase high-performance liquid chromatography (HPLC) generated three bioactive fractions from a total of 72 fractions. Fractions 10, 19, and 43 displayed ACE-inhibitory activity percentages of 67.53 (±15), 83.71 (±19), and 42.36 (±11), respectively, where ACE inhibition was determined with 80 μl of the fractions with protein concentrations of 0.5 mg/ml. HPLC and mass spectrometry analysis identified 25 distinct peptide sequences derived from α-, β-, and κ-caseins. In silico predictions, based on the C-terminal tetrapeptide sequences, suggested that peptide NIPPLTQTPVVVPPFIQ, corresponding to β-casein f(73-89); peptide IGSENSEKTTMP, corresponding to αs1-casein f(201212); peptide SQSKVLPVPQ, corresponding to β-casein f(166-175); peptide MPFPKYPVEP, corresponding to β-casein f(124133); and peptide EPVLGPVRGPFP, corresponding to β-casein f(210-221), contained ACE-inhibitory activities. These peptides were chosen for chemical synthesis to confirm the ACE-inhibitory activity of the fractions. Chemically synthesized peptides displayed IC50 values in the range of 92 μM to 790 μM. Additionally, a simulated gastrointestinal digestion confirmed that the ACE-inhibitory 10-kDa L. animalis DPC6134 fermentation was resistant to a cocktail of digestive enzymes found in the gastrointestinal tract.	10.1128/AEM.00096-07
P02666	ENLHLPLPLL	Beta-casein	Bos taurus	146-155	ACE-inhibitory		250.0				Identification of Angiotensin-I-Converting Enzyme Inhibitory Peptides Derived from Sodium Caseinate Hydrolysates Produced by Lactobacillus helveticus NCC 2765	Robert, M-C. et al.	Angiotensin-I-converting enzyme (ACE) inhibitory activity was identified in milk proteins fermented with Lactobacillus (Lb.) helveticus NCC 2765 (Nestlé Culture Collection, Vers-chez-les-Blanc, Switzerland). Hydrolyzing sodium caseinate for 1 and 2 h inhibited ACE activity, as measured by an in vitro ACE inhibition test. The hydrolysates with the highest ACE inhibitory potential were fractionated by gel permeation chromatography and their low molecular weight fractions collected. These fractions were subsequently subfractionated by reverse-phase high-pressure liquid chromatography. Several hydrophobic subfractions showed high ACE inhibitory potential, and their peptide composition was determined using an ion trap mass spectrometer equipped with an elctrospray ionization source. Analysis of the low molecular weight fraction identified 14 peptides with known antihypertensive activity and 1 with previously described opioid activity. On the basis of the peptide composition of active subfractions, two potentially active novel sequences were defined, and the following synthetic peptides were synthesized:  FVAPFPEVFG (αS1 39−48), ENLLRFFVAPFPEVFG (αS1 33−48), NENLLRFFVAPFPEVFG (αS1 32−48), LNENLLRFFVAPFPEVFG (αS1 31−48), NLHLPLPLL (β 147−155), ENLHLPLPLL (β 146−155), and VENLHLPLPLL (β 145−155). The ACE inhibitory potential of these synthetic peptides was assessed, and IC50 values were determined. NLHLPLPLL (β 147−155), which was the only synthetic peptide also present in the sodium caseinate hydrolysates, and NENLLRFFVAPFPEVFG (αS1 32−48) showed the highest inhibition of ACE activity, with IC50 values of 15 and 55 μM, respectively. Furthermore, the stability of all synthetic peptides was assessed using an in vitro model simulating gastric digestion. The β-casein-derived peptides remained intact following the successive hydrolysis by pepsin and pancreatin, whereas αS1-casein-derived peptides were degraded by pepsin.	10.1021/jf049510t
P02666	DKIHPF	Beta-casein	Bos taurus	62-67	ACE-inhibitory		256.8				Production of Angiotensin-I-Converting-Enzyme-Inhibitory Peptides in Fermented Milks Started by Lactobacillus delbrueckii subsp bulgaricus SS1 and Lactococcus lactis subsp cremoris FT4	Gobbetti, M. et al.	Two fermented milks containing angiotensin-I-converting-enzyme (ACE)-inhibitory peptides were produced by using selectedLactobacillus delbrueckii subsp. bulgaricus SS1 and L. lactis subsp. cremoris FT4. The pH 4.6-soluble nitrogen fraction of the two fermented milks was fractionated by reversed-phase fast-protein liquid chromatography. The fractions which showed the highest ACE-inhibitory indexes were further purified, and the related peptides were sequenced by tandem fast atom bombardment-mass spectrometry. The most inhibitory fractions of the milk fermented by L. delbrueckii subsp.bulgaricus SS1 contained the sequences of β-casein (β-CN) fragment 6-14 (f6-14), f7-14, f73-82, f74-82, and f75-82. Those from the milk fermented by L. lactis subsp.cremoris FT4 contained the sequences of β-CN f7-14, f47-52, and f169-175 and κ-CN f155-160 and f152-160. Most of these sequences had features in common with other ACE-inhibitory peptides reported in the literature. In particular, the β-CN f47-52 sequence had high homology with that of angiotensin-II. Some of these peptides were chemically synthesized. The 50% inhibitory concentrations (IC50s) of the crude purified fractions containing the peptide mixture were very low (8.0 to 11.2 mg/liter). When the synthesized peptides were used individually, the ACE-inhibitory activity was confirmed but the IC50s increased considerably. A strengthened inhibitory effect of the peptide mixtures with respect to the activity of individual peptides was presumed. Once generated, the inhibitory peptides were resistant to further proteolysis either during dairy processing or by trypsin and chymotrypsin.	10.1128/AEM.66.9.3898-3904.2000
P02666	DELQDKIHPFAQTQSLVYPFPGPIPNS	Beta-casein	Bos taurus	58-84	ACE-inhibitory		4.0				Antihypertensive Effect of the Peptides Derived from Casein by an Extracellular Proteinase from Lactobacillus helveticus CP790	Yamamoto, N. et al.	Peptides derived from alpha s1- and beta-caseins by the Lactobacillus helveticus CP790 proteinase were investigated for their inhibitory activities against angiotensin I-converting enzyme. The antihypertensive effect of casein hydrolysates in strain SHR spontaneously hypertensive rats was also investigated. Both alpha s1- and beta-casein hydrolysates inhibited this enzyme. Some of these peptides showed enzyme inhibitory activity, and one of them from beta-casein inhibited the enzyme greatly; the concentration of an angiotensin I-converting enzyme inhibitor needed to inhibit 50% of the enzyme activity was 4 microM. The hydrolysate of casein demonstrated antihypertensive activity in spontaneously hypertensive rats at an orally administered dosage of 15 mg/kg of body weight. MILK fermented with L. helveticus CP790, containing about .3% peptides, also showed antihypertensive activity in SHR rats with 5 ml/kg of body weight (15 mg of peptide/kg); however, the milk fermented with L. helveticus CP791, a variant defective for proteinase activity, did not show this activity. Results suggested that the peptides liberated from casein by the proteinase in the culture medium showed antihypertensive effect in SHR rats.	10.3168/jds.S0022-0302(94)77026-0
P02666	AVPYP	Beta-casein	Bos taurus	192-196	ACE-inhibitory		80.0				Studies on the Active Site and Antihypertensive Activity of Angiotensin I-Converting Enzyme Inhibitors Derived from Casein	Maruyama, S. et al.	"The fragment-peptides of angiotensin I-converting enzyme inhibitors (CEI12, CEI5 and CEIβ7) derived from an enzymatic hydrolysate of casein were synthesized. Val-Ala-Pro, the C-terminal tripeptide of CEI5 (Phe-Phe-Val-Ala-Pro), exhibited more potent inhibitory activity (I50 = 2.0μm) than CEI5 (I50 = 6.0μm). However, d-Val-Ala-Pro showed lower inhibitory activity (I50 = 550μm). Val-Ala-Pro may be important for the inhibitory activity of CEI5. The C-terminal heptapeptide of CEI12 (Phe-Phe-Val-Ala-Pro-Phe-Pro-Glu-Val-Phe-Gly-Lys) and the short fragments of CEIβ7 (Ala-Val-Pro-Tyr-Pro-Gln-Arg) showed lower inhibitory activities than the full-length peptides.

Also, the antihypertensive activity of CEI12 and CEI5 was investigated. CEI12, intravenously administered to anesthetized rats at 14.2 mg/kg, antagonized the rats’ pressor response to angiotensin I."	10.1080/00021369.1987.10868244
P02666	AQTQSLVYP	Beta-casein	Bos taurus	68-76	ACE-inhibitory		76.0				Inhibition of angiotensin-converting enzyme by synthetic peptide fragments of various β-caseins	Kohmura, M. et al.	Enzymatic hydrolyses of milk proteins have produced various biologically active peptides such as opioid peptides, immunostimulating peptides, and angiotensin-converting enzyme (ACE) inhibitors, and recently, the physiological significance of such peptides has been suggested by several groups.1J If the occurrence of such peptides in milk proteins is not a casual event but has a physiological meaning, mammalian organisms should have a common mechanism to produce these peptides from the parent proteins and deliver them to each specific site. In general, physiologically important amino acid residues are conserved. If such latent peptides would be present in milk proteins, endogenous enzymes, as the first step, should recognize the amino acid residues of the peptides in the same manner throughout all species, and therefore, the sequence of such latent peptides should have a high degree of homology between all species and the same types of amino acids in the charge or hydrophobicity. Therefore, we have noted homologous sequences between various pcaseins in the stu	10.1271/bbb1961.54.1101
P02666	LYQEPVLGPVRGPFPIIV	Beta-casein	Bos taurus	207-224	Immunomodulatory	Stimulated lymph node cell proliferation					Identification of C-terminal peptides of bovine β-casein that enhance proliferation of rat lymphocytes	Coste, LM. et al.	A casein polypeptidic fraction, obtained from a pepsin-chymosin digestion of caseins, showed a mitogenic effect on primed lymph node (LN) cells and unprimed spleen cells of rats. A biologically active C-terminal sequence of bovine β-casein (residues 192–209) was characterized. The corresponding synthetic peptide had a stimulatory effect on primed LN cells but failed to enhance proliferation of spleen cells. We prepared two chymosin digests (PA and PB) of bovine β-casein which contained, respectively, 80% and 95% of the sequence including residues 193–209. They induced a significant proliferative response in both LN and spleen cells. It is therefore possible that other active peptides in the PA preparation may be involved in mitogenic activity.	10.1016/0165-2478(92)90091-2
P02666	LLY	Beta-casein	Bos taurus	206-208	Antioxidant						Bio-accessible milk casein-derived tripeptide (LLY) mediates overlapping anti- inflammatory and anti-oxidative effects under cellular (Caco-2) and in vivo milieu	Kandukuri, S. et al.	Inflammation and oxidative stress are closely linked patho-physiological processes which occur concurrently in many diseased conditions. Recently, interdependence between these two processes explains the antioxidant paradox associated with failure to select appropriate agents required for prevention of diseases known to be induced by oxidative stress. Present study established the overlapping anti-inflammatory and anti-oxidative potential along with bio-accessibility of milk casein derived tripeptide (LLY). Tripeptide exhibited anti-inflammatory response under ex vivo conditions by suppressing (P<.01) mice splenocytes proliferation and modulating their cytokines (IFN-γ, IL-10 and TGF-β) with improved phagocytosis of peritoneal macrophages. Conversely, tripeptide displayed extraordinary radical scavenging ability and cellular anti-oxidative potential using chemical assays and H2O2 induced oxidative stress model on Caco-2 cells. Under cellular assessment, on one hand tripeptide inhibited (P<.01) intracellular ROS generation and reduced MDA and protein carbonyls but on the other also increased (P<.01) the activity of anti-oxidative enzyme, catalase without much effect on SOD and GPx. This anti-oxidative potential was further established by studying relative expression of genes (Nrf-2 and Keap1) and Nrf-2 nuclear translocation associated with anti-oxidative signaling in Caco-2 cells. Bio-accessibility of tripeptide and its intact transport across Caco-2 cell monolayer was also found to be 1.72±0.22% through PepT1 mediated transport mechanism. Besides, tripeptide displayed strong anti-oxidative and anti-inflammatory potential under in vivo conditions in mice against ethanol induced oxidative stress by elevating (P<.01) liver GSH content and by decreasing (P<.01) the activities of anti-oxidative enzymes, MDA along with reduced expression of CYP2E1, PPAR-α, TNF-α and COX-2 genes than ethanol control.	10.1016/j.jnutbio.2018.09.002
P02666	LLY	Beta-casein	Bos taurus	206-208	Immunomodulatory	"1) Stimulated phagocytosis, protected against K. pneµMoniae infection in mice,
2) Anti-inflammatory"					"1) Immunostimulating properties and three-dimensional structure of two tripeptides from human and cow caseins,
2) Bio-accessible milk casein-derived tripeptide (LLY) mediates overlapping anti- inflammatory and anti-oxidative effects under cellular (Caco-2) and in vivo milieu"	"1) Berthou, J. et al.,
2) Kandukuri, S. et al."	"1) Some tripeptides obtained by enzymic digestion of caseins possess immunomodulating properties. In order to correlate activity and structure, X-ray analysis has been applied to two of them Leu-Leu-Tyr and Gly-Leu-Phe.,
2) Inflammation and oxidative stress are closely linked patho-physiological processes which occur concurrently in many diseased conditions. Recently, interdependence between these two processes explains the antioxidant paradox associated with failure to select appropriate agents required for prevention of diseases known to be induced by oxidative stress. Present study established the overlapping anti-inflammatory and anti-oxidative potential along with bio-accessibility of milk casein derived tripeptide (LLY). Tripeptide exhibited anti-inflammatory response under ex vivo conditions by suppressing (P<.01) mice splenocytes proliferation and modulating their cytokines (IFN-γ, IL-10 and TGF-β) with improved phagocytosis of peritoneal macrophages. Conversely, tripeptide displayed extraordinary radical scavenging ability and cellular anti-oxidative potential using chemical assays and H2O2 induced oxidative stress model on Caco-2 cells. Under cellular assessment, on one hand tripeptide inhibited (P<.01) intracellular ROS generation and reduced MDA and protein carbonyls but on the other also increased (P<.01) the activity of anti-oxidative enzyme, catalase without much effect on SOD and GPx. This anti-oxidative potential was further established by studying relative expression of genes (Nrf-2 and Keap1) and Nrf-2 nuclear translocation associated with anti-oxidative signaling in Caco-2 cells. Bio-accessibility of tripeptide and its intact transport across Caco-2 cell monolayer was also found to be 1.72±0.22% through PepT1 mediated transport mechanism. Besides, tripeptide displayed strong anti-oxidative and anti-inflammatory potential under in vivo conditions in mice against ethanol induced oxidative stress by elevating (P<.01) liver GSH content and by decreasing (P<.01) the activities of anti-oxidative enzymes, MDA along with reduced expression of CYP2E1, PPAR-α, TNF-α and COX-2 genes than ethanol control."	"1) 10.1016/0014-5793(87)81017-7,
2) 10.1016/j.jnutbio.2018.09.002"
P02666	VLPVPQ	Beta-casein	Bos taurus	185-190	Cholesterol regulation	Inhibition of cholesterol solubility					Novel milk casein derived peptides decrease cholesterol micellar solubility and cholesterol intestinal absorption in Caco-2 cells	Jiang, X. et al.	This study sought to assess the cholesterol-lowering activity of peptides obtained from milk casein hydrolyzed with neutrase. The bioactive peptides were separated using a Sephadex G-10 chromatographic column (Amersham Pharmacia Biotech, Uppsala, Sweden) after ultrafiltration using a 1-kDa molecular mass cutoff membrane. Via ultra-performance liquid chromatography-electrospray ionization-tandem mass spectrometry, we determined that peptides Thr-Asp-Val-Glu-Asn [TDVEN; β-casein f(143–147)], Leu-Gln-Pro-Glu [LQPE; β-casein f(103–106)], Val-Ala-Pro-Phe-Pro-Glu [VAPFPE; αS1-casein f(40–45)], and Val-Leu-Pro-Val-Pro-Gln [VLPVPQ β-casein f(185–190)] reduced micellar cholesterol solubility. After Caco-2 cells were treated with LQPE, VLPVPQ, and VAPFPE, the Niemann-Pick C1-Like 1 (NPC1L1) protein levels decreased by (means ± SEM) 19.33 ± 2.47%, 52.1 ± 3.77%, and 23.09 ± 8.52%, respectively, compared with the control group. Treatment with each peptide induced significant upregulation of ATP binding cassette subfamily G member 8 antibody (ABCG8) mRNA expression by 398.1 ± 23.27%, 86.4 ± 27.07%, and 92.8 ± 8.49%. We found that VLPVPQ and LQPE significantly upregulated ATP-binding cassette transporter A1 (ABCA1) transcription by 203.9 ± 8.44% and 220.8 ± 36.42% respectively, whereas VLPVPQ significantly decreased mRNA expression of acetyl-CoA-acetyltransferase 2 (ACAT2) and microsomal triacylglycerols (MTP). The cholesterol-lowering action of milk-derived peptides may be induced by suppression of micellar cholesterol solubility and affects the expression of cholesterol absorption–related proteins and enzymes in intestinal epithelial cells. This research discovers new milk-derived peptides with decreasing cholesterol micellar solubility and provides a theoretical basis of in vitro cholesterol-lowering effects of peptides.	10.3168/jds.2019-17586
P02666	LQPE	Beta-casein	Bos taurus	103-106	Cholesterol regulation	Inhibition of cholesterol solubility					Novel milk casein derived peptides decrease cholesterol micellar solubility and cholesterol intestinal absorption in Caco-2 cells	Jiang, X. et al.	This study sought to assess the cholesterol-lowering activity of peptides obtained from milk casein hydrolyzed with neutrase. The bioactive peptides were separated using a Sephadex G-10 chromatographic column (Amersham Pharmacia Biotech, Uppsala, Sweden) after ultrafiltration using a 1-kDa molecular mass cutoff membrane. Via ultra-performance liquid chromatography-electrospray ionization-tandem mass spectrometry, we determined that peptides Thr-Asp-Val-Glu-Asn [TDVEN; β-casein f(143–147)], Leu-Gln-Pro-Glu [LQPE; β-casein f(103–106)], Val-Ala-Pro-Phe-Pro-Glu [VAPFPE; αS1-casein f(40–45)], and Val-Leu-Pro-Val-Pro-Gln [VLPVPQ β-casein f(185–190)] reduced micellar cholesterol solubility. After Caco-2 cells were treated with LQPE, VLPVPQ, and VAPFPE, the Niemann-Pick C1-Like 1 (NPC1L1) protein levels decreased by (means ± SEM) 19.33 ± 2.47%, 52.1 ± 3.77%, and 23.09 ± 8.52%, respectively, compared with the control group. Treatment with each peptide induced significant upregulation of ATP binding cassette subfamily G member 8 antibody (ABCG8) mRNA expression by 398.1 ± 23.27%, 86.4 ± 27.07%, and 92.8 ± 8.49%. We found that VLPVPQ and LQPE significantly upregulated ATP-binding cassette transporter A1 (ABCA1) transcription by 203.9 ± 8.44% and 220.8 ± 36.42% respectively, whereas VLPVPQ significantly decreased mRNA expression of acetyl-CoA-acetyltransferase 2 (ACAT2) and microsomal triacylglycerols (MTP). The cholesterol-lowering action of milk-derived peptides may be induced by suppression of micellar cholesterol solubility and affects the expression of cholesterol absorption–related proteins and enzymes in intestinal epithelial cells. This research discovers new milk-derived peptides with decreasing cholesterol micellar solubility and provides a theoretical basis of in vitro cholesterol-lowering effects of peptides.	10.3168/jds.2019-17586
P02666	TDVEN	Beta-casein	Bos taurus	143-147	Cholesterol regulation	Inhibition of cholesterol solubility					Novel milk casein derived peptides decrease cholesterol micellar solubility and cholesterol intestinal absorption in Caco-2 cells	Jiang, X. et al.	This study sought to assess the cholesterol-lowering activity of peptides obtained from milk casein hydrolyzed with neutrase. The bioactive peptides were separated using a Sephadex G-10 chromatographic column (Amersham Pharmacia Biotech, Uppsala, Sweden) after ultrafiltration using a 1-kDa molecular mass cutoff membrane. Via ultra-performance liquid chromatography-electrospray ionization-tandem mass spectrometry, we determined that peptides Thr-Asp-Val-Glu-Asn [TDVEN; β-casein f(143–147)], Leu-Gln-Pro-Glu [LQPE; β-casein f(103–106)], Val-Ala-Pro-Phe-Pro-Glu [VAPFPE; αS1-casein f(40–45)], and Val-Leu-Pro-Val-Pro-Gln [VLPVPQ β-casein f(185–190)] reduced micellar cholesterol solubility. After Caco-2 cells were treated with LQPE, VLPVPQ, and VAPFPE, the Niemann-Pick C1-Like 1 (NPC1L1) protein levels decreased by (means ± SEM) 19.33 ± 2.47%, 52.1 ± 3.77%, and 23.09 ± 8.52%, respectively, compared with the control group. Treatment with each peptide induced significant upregulation of ATP binding cassette subfamily G member 8 antibody (ABCG8) mRNA expression by 398.1 ± 23.27%, 86.4 ± 27.07%, and 92.8 ± 8.49%. We found that VLPVPQ and LQPE significantly upregulated ATP-binding cassette transporter A1 (ABCA1) transcription by 203.9 ± 8.44% and 220.8 ± 36.42% respectively, whereas VLPVPQ significantly decreased mRNA expression of acetyl-CoA-acetyltransferase 2 (ACAT2) and microsomal triacylglycerols (MTP). The cholesterol-lowering action of milk-derived peptides may be induced by suppression of micellar cholesterol solubility and affects the expression of cholesterol absorption–related proteins and enzymes in intestinal epithelial cells. This research discovers new milk-derived peptides with decreasing cholesterol micellar solubility and provides a theoretical basis of in vitro cholesterol-lowering effects of peptides.	10.3168/jds.2019-17586
P02666	VPYPQR	Beta-casein	Bos taurus	193-198	Antioxidant						 Insight into antioxidant properties of milk derived bioactive peptides in vitro and in a cellular model	Tonolo, F. et al.	Milk is a nutritionally important source of bioactive peptides with anti-inflammatory, immunomodulatory, anticancer, and antioxidant properties. These compounds can be useful as ingredients of functional food. For this reason, in the last decades, bioactive peptides attracted the interest of researchers and food companies. In this work, the results obtained with six milk-derived bioactive peptides (Y-4-R, V-6-R, V-7-K, A-10-F, R-10-M, and H-9-M) synthesized and studied for their antioxidant properties in vitro and in a cellular model, are reported. These molecules correspond to peptide fragments derived from parent compounds able to cross the apical membrane of Caco-2 cell layer and released in the basolateral compartment. In vitro, antioxidant tests such as 2,2′-azino-bis(3-ethylbenzothiazoline-6-sulphonic acid) (ABTS) and crocin bleaching showed antioxidant activity mainly for peptides Y-4-R and V-6-R, respectively. In Caco-2 cells, peptides V-6-R, H-9-R, Y-4-R, and particularly R-10-M and V-7-K are able to prevent the decrease of viability due to oxidative stress. The latter peptide is also the most effective in protecting cells from lipid peroxidation. In conclusion, the reported hydrolyzed peptides are shown to exert the antioxidant properties both in vitro and in a cellular model.	10.1002/psc.3162
P02666	FPKYPVEPF	Beta-casein	Bos taurus	126-134	Antioxidant						Identification of New Peptides from Fermented Milk Showing Antioxidant Properties: Mechanism of Action	Tonolo, F. et al.	Due to their beneficial properties, fermented foods are considered important constituents of the human diet. They also contain bioactive peptides, health-promoting compounds studied for a wide range of effects. In this work, several antioxidant peptides extracted from fermented milk proteins were investigated. First, enriched peptide fractions were purified and analysed for their antioxidant capacity in vitro and in a cellular model. Subsequently, from the most active fractions, 23 peptides were identified by mass spectrometry MS/MS), synthesized and tested. Peptides N-15-M, E-11-F, Q-14-R and A-17-E were selected for their antioxidant effects on Caco-2 cells both in the protection against oxidative stress and inhibition of ROS production. To define their action mechanism, the activation of the Kelch-like ECH-associated protein 1/nuclear factor erythroid 2-related factor 2(Keap1/Nrf2) pathway was studied evaluating the translocation of Nrf2 from cytosol to nucleus. In cells treated with N-15-M, Q-14-R and A-17-E, a higher amount of Nrf2 was found in the nucleus with respect to the control. In addition, the three active peptides, through the activation of Keap1/Nrf2 pathway, led to overexpression and increased activity of antioxidant enzymes. Molecular docking analysis confirmed the potential ability of N-15-M, Q-14-R and A-17-E to bind Keap1, showing their destabilizing effect on Keap1/Nrf2 interaction.	10.3390/antiox9020117
P02666	SWMHQPHQPLPPT	Beta-casein	Bos taurus	157-169	Antioxidant						Identification of New Peptides from Fermented Milk Showing Antioxidant Properties: Mechanism of Action	Tonolo, F. et al.	Due to their beneficial properties, fermented foods are considered important constituents of the human diet. They also contain bioactive peptides, health-promoting compounds studied for a wide range of effects. In this work, several antioxidant peptides extracted from fermented milk proteins were investigated. First, enriched peptide fractions were purified and analysed for their antioxidant capacity in vitro and in a cellular model. Subsequently, from the most active fractions, 23 peptides were identified by mass spectrometry MS/MS), synthesized and tested. Peptides N-15-M, E-11-F, Q-14-R and A-17-E were selected for their antioxidant effects on Caco-2 cells both in the protection against oxidative stress and inhibition of ROS production. To define their action mechanism, the activation of the Kelch-like ECH-associated protein 1/nuclear factor erythroid 2-related factor 2(Keap1/Nrf2) pathway was studied evaluating the translocation of Nrf2 from cytosol to nucleus. In cells treated with N-15-M, Q-14-R and A-17-E, a higher amount of Nrf2 was found in the nucleus with respect to the control. In addition, the three active peptides, through the activation of Keap1/Nrf2 pathway, led to overexpression and increased activity of antioxidant enzymes. Molecular docking analysis confirmed the potential ability of N-15-M, Q-14-R and A-17-E to bind Keap1, showing their destabilizing effect on Keap1/Nrf2 interaction.	10.3390/antiox9020117
P02666	SQSKVLPVPQKAVPYPQ	Beta-casein	Bos taurus	181-197	Antioxidant						Identification of New Peptides from Fermented Milk Showing Antioxidant Properties: Mechanism of Action	Tonolo, F. et al.	Due to their beneficial properties, fermented foods are considered important constituents of the human diet. They also contain bioactive peptides, health-promoting compounds studied for a wide range of effects. In this work, several antioxidant peptides extracted from fermented milk proteins were investigated. First, enriched peptide fractions were purified and analysed for their antioxidant capacity in vitro and in a cellular model. Subsequently, from the most active fractions, 23 peptides were identified by mass spectrometry MS/MS), synthesized and tested. Peptides N-15-M, E-11-F, Q-14-R and A-17-E were selected for their antioxidant effects on Caco-2 cells both in the protection against oxidative stress and inhibition of ROS production. To define their action mechanism, the activation of the Kelch-like ECH-associated protein 1/nuclear factor erythroid 2-related factor 2(Keap1/Nrf2) pathway was studied evaluating the translocation of Nrf2 from cytosol to nucleus. In cells treated with N-15-M, Q-14-R and A-17-E, a higher amount of Nrf2 was found in the nucleus with respect to the control. In addition, the three active peptides, through the activation of Keap1/Nrf2 pathway, led to overexpression and increased activity of antioxidant enzymes. Molecular docking analysis confirmed the potential ability of N-15-M, Q-14-R and A-17-E to bind Keap1, showing their destabilizing effect on Keap1/Nrf2 interaction.	10.3390/antiox9020117
P02666	HKEMPFPKYPVEPFTESQ	Beta-casein	Bos taurus	121-138	Antioxidant						Identification of New Peptides from Fermented Milk Showing Antioxidant Properties: Mechanism of Action	Tonolo, F. et al.	Due to their beneficial properties, fermented foods are considered important constituents of the human diet. They also contain bioactive peptides, health-promoting compounds studied for a wide range of effects. In this work, several antioxidant peptides extracted from fermented milk proteins were investigated. First, enriched peptide fractions were purified and analysed for their antioxidant capacity in vitro and in a cellular model. Subsequently, from the most active fractions, 23 peptides were identified by mass spectrometry MS/MS), synthesized and tested. Peptides N-15-M, E-11-F, Q-14-R and A-17-E were selected for their antioxidant effects on Caco-2 cells both in the protection against oxidative stress and inhibition of ROS production. To define their action mechanism, the activation of the Kelch-like ECH-associated protein 1/nuclear factor erythroid 2-related factor 2(Keap1/Nrf2) pathway was studied evaluating the translocation of Nrf2 from cytosol to nucleus. In cells treated with N-15-M, Q-14-R and A-17-E, a higher amount of Nrf2 was found in the nucleus with respect to the control. In addition, the three active peptides, through the activation of Keap1/Nrf2 pathway, led to overexpression and increased activity of antioxidant enzymes. Molecular docking analysis confirmed the potential ability of N-15-M, Q-14-R and A-17-E to bind Keap1, showing their destabilizing effect on Keap1/Nrf2 interaction.	10.3390/antiox9020117
P02666	NVPGEIVESL	Beta-casein	Bos taurus	22-31	Antioxidant						Identification of New Peptides from Fermented Milk Showing Antioxidant Properties: Mechanism of Action	Tonolo, F. et al.	Due to their beneficial properties, fermented foods are considered important constituents of the human diet. They also contain bioactive peptides, health-promoting compounds studied for a wide range of effects. In this work, several antioxidant peptides extracted from fermented milk proteins were investigated. First, enriched peptide fractions were purified and analysed for their antioxidant capacity in vitro and in a cellular model. Subsequently, from the most active fractions, 23 peptides were identified by mass spectrometry MS/MS), synthesized and tested. Peptides N-15-M, E-11-F, Q-14-R and A-17-E were selected for their antioxidant effects on Caco-2 cells both in the protection against oxidative stress and inhibition of ROS production. To define their action mechanism, the activation of the Kelch-like ECH-associated protein 1/nuclear factor erythroid 2-related factor 2(Keap1/Nrf2) pathway was studied evaluating the translocation of Nrf2 from cytosol to nucleus. In cells treated with N-15-M, Q-14-R and A-17-E, a higher amount of Nrf2 was found in the nucleus with respect to the control. In addition, the three active peptides, through the activation of Keap1/Nrf2 pathway, led to overexpression and increased activity of antioxidant enzymes. Molecular docking analysis confirmed the potential ability of N-15-M, Q-14-R and A-17-E to bind Keap1, showing their destabilizing effect on Keap1/Nrf2 interaction.	10.3390/antiox9020117
P02666	RELEEL	Beta-casein	Bos taurus	16-21	Antioxidant						Isolation of antioxidant peptides from yak casein	Liu, Q. et al.	Enzymatic hydrolysis of protein is a principal method to obtain antioxidant peptides. A yak casein hydrolysate (YCH) was prepared by alcalase and trypsin digestion. An ultrafiltration membrane system was used to divide the hydrolysate into four molecular weight fractions; YCH-4 (<3 kDa) had the highest antioxidant activity. Fraction YCH-4 was separated into six subfractions by gel filtration chromatography; reverse-phase high performance liquid chromatography (RP-HPLC) was then used to partition sixteen antioxidant peptide subfractions. Liquid chromatography/electrospray tandem mass spectrometry (LC-ESI-MS/MS) was used to determine the amino acid sequence of a purified antioxidant peptide to be Arg-Glu-Leu-Glu-Glu-Leu (787.41 Da). Finally, a synthetic Arg-Glu-Leu-Glu-Glu-Leu peptide was evaluated for its superoxide anion and hydroxyl radical scavenging activity (IC50 = 0.52 and 0.69 mg mL−1), which confirmed the activity of the native purified peptide. Our results suggested that isolation and purification of antioxidant peptides from yak casein could be an important means to obtain natural antioxidant peptides.	10.1039/D0RA02644A
P02666	YPFPGPIP	Beta-casein	Bos taurus	75-82	ACE-inhibitory		224.05				In Silico and In Vitro Analysis of Multifunctionality of Animal Food-Derived Peptides	Amigo, L. et al.	Currently, the associations between oxidative stress, inflammation, hypertension, and metabolic disturbances and non-communicable diseases are very well known. Since these risk factors show a preventable character, the searching of food peptides acting against them has become a promising strategy for the design and development of new multifunctional foods or nutraceuticals. In the present study, an integrated approach combining an in silico study and in vitro assays was used to confirm the multifunctionality of milk and meat protein-derived peptides that were similar to or shared amino acids with previously described opioid peptides. By the in silico analysis, 15 of the 27 assayed peptides were found to exert two or more activities, with Angiotensin-converting enzyme (ACE) inhibitory, antioxidant, and opioid being the most commonly found. The in vitro study confirmed ACE-inhibitory and antioxidant activities in 15 and 26 of the 27 synthetic peptides, respectively. Four fragments, RYLGYLE, YLGYLE, YFYPEL, and YPWT, also demonstrated the ability to protect Caco-2 and macrophages RAW264.7 cells from the oxidative damage caused by chemicals. The multifunctionality of these peptides makes them promising agents against oxidative stress-associated diseases.	10.3390/foods9080991
P02666	YPFPGPIP	Beta-casein	Bos taurus	75-82	Antioxidant						In Silico and In Vitro Analysis of Multifunctionality of Animal Food-Derived Peptides	Amigo, L. et al.	Currently, the associations between oxidative stress, inflammation, hypertension, and metabolic disturbances and non-communicable diseases are very well known. Since these risk factors show a preventable character, the searching of food peptides acting against them has become a promising strategy for the design and development of new multifunctional foods or nutraceuticals. In the present study, an integrated approach combining an in silico study and in vitro assays was used to confirm the multifunctionality of milk and meat protein-derived peptides that were similar to or shared amino acids with previously described opioid peptides. By the in silico analysis, 15 of the 27 assayed peptides were found to exert two or more activities, with Angiotensin-converting enzyme (ACE) inhibitory, antioxidant, and opioid being the most commonly found. The in vitro study confirmed ACE-inhibitory and antioxidant activities in 15 and 26 of the 27 synthetic peptides, respectively. Four fragments, RYLGYLE, YLGYLE, YFYPEL, and YPWT, also demonstrated the ability to protect Caco-2 and macrophages RAW264.7 cells from the oxidative damage caused by chemicals. The multifunctionality of these peptides makes them promising agents against oxidative stress-associated diseases.	10.3390/foods9080991
P02666	LYQEPVLGPVR	Beta-casein	Bos taurus	207-217	ACE-inhibitory						Characterization of casein-derived peptide bioactivity: Differential effects on angiotensin-converting enzyme inhibition and cytokine and nitric oxide production	Adams, C. et al.	Lactic acid bacteria (LAB) are used as starter cultures in the production of fermented dairy products and have the potential to confer bioactivity relevant to cardiovascular health, as they possess extensive proteolytic systems that liberate small bioactive peptides from larger milk proteins. Certain casein-derived peptides released by various LAB strains during fermentation have been shown to reduce hypertension and to modulate the immune system. We investigated the growth and peptide production of 2 LAB strains, Lactobacillus helveticus R0389 and Lactocaseibacillus rhamnosus R0011, their immunomodulatory activities, as well as their abilities to inhibit the angiotensin-converting enzyme (ACE). Peptide fractions collected from the cell-free supernatant of both medium-grown and milk fermentation cultures were assessed for ACE-inhibitory activity and their effects on the production of proinflammatory and regulatory cytokines by human THP-1 monocytes. Cultures were grown in medium, with or without supplementation with 0.1% casein, or in 3.25% milk fermented with each LAB strain. Casein supplementation increased the growth rate of both LAB strains, and significantly increased ACE-inhibitory activity of peptide fractions collected from both L. helveticus R0389 and L. rhamnosus R0011 cultures grown for 12 h. Fermentation peptide fractions of L. rhamnosus R0011 showed comparable ACE-inhibitory activity to known ACE inhibiting peptides Val-Pro-Pro and Ile-Pro-Pro (up to 79% inhibition) with a significant difference between culture peptide fractions and acidified and nonacidified control fractions collected after 6 d of fermentation. Many milk and casein-derived peptides reported in previous studies have been identified as part of a larger bioactive fraction. We synthesized a group of these peptides to individually assess both ACE-inhibitory and immunomodulatory activity. The known ACE inhibitors Val-Pro-Pro and Ile-Pro-Pro showed similar ACE inhibition to previously published results, while also inducing the production of the regulatory cytokine IL-10 by monocytes in the presence and absence of a proinflammatory stimulant. These synthesized peptides could also induce the production of nitric oxide (NO), a potent vasodilator, in human endothelial cell cultures. Investigating the relationships among these bioactive properties could improve the use of probiotic organisms and their secreted products in the food industry.	10.3168/jds.2019-17976
P02666	LYQEPVLGPVR	Beta-casein	Bos taurus	207-217	Immunomodulatory	Anti-inflammatory					Characterization of casein derived peptide bioactivity: Differential effects on angiotensin-converting enzyme inhibition and cytokine and nitric oxide production	Adams, C. et al.	Lactic acid bacteria (LAB) are used as starter cultures in the production of fermented dairy products and have the potential to confer bioactivity relevant to cardiovascular health, as they possess extensive proteolytic systems that liberate small bioactive peptides from larger milk proteins. Certain casein-derived peptides released by various LAB strains during fermentation have been shown to reduce hypertension and to modulate the immune system. We investigated the growth and peptide production of 2 LAB strains, Lactobacillus helveticus R0389 and Lactocaseibacillus rhamnosus R0011, their immunomodulatory activities, as well as their abilities to inhibit the angiotensin-converting enzyme (ACE). Peptide fractions collected from the cell-free supernatant of both medium-grown and milk fermentation cultures were assessed for ACE-inhibitory activity and their effects on the production of proinflammatory and regulatory cytokines by human THP-1 monocytes. Cultures were grown in medium, with or without supplementation with 0.1% casein, or in 3.25% milk fermented with each LAB strain. Casein supplementation increased the growth rate of both LAB strains, and significantly increased ACE-inhibitory activity of peptide fractions collected from both L. helveticus R0389 and L. rhamnosus R0011 cultures grown for 12 h. Fermentation peptide fractions of L. rhamnosus R0011 showed comparable ACE-inhibitory activity to known ACE inhibiting peptides Val-Pro-Pro and Ile-Pro-Pro (up to 79% inhibition) with a significant difference between culture peptide fractions and acidified and nonacidified control fractions collected after 6 d of fermentation. Many milk and casein-derived peptides reported in previous studies have been identified as part of a larger bioactive fraction. We synthesized a group of these peptides to individually assess both ACE-inhibitory and immunomodulatory activity. The known ACE inhibitors Val-Pro-Pro and Ile-Pro-Pro showed similar ACE inhibition to previously published results, while also inducing the production of the regulatory cytokine IL-10 by monocytes in the presence and absence of a proinflammatory stimulant. These synthesized peptides could also induce the production of nitric oxide (NO), a potent vasodilator, in human endothelial cell cultures. Investigating the relationships among these bioactive properties could improve the use of probiotic organisms and their secreted products in the food industry.	10.3168/jds.2019-17976
P02666	WMHQPHQPLPPT	Beta-casein	Bos taurus	158-169	ACE-inhibitory						Characterization of casein-derived peptide bioactivity: Differential effects on angiotensin-converting enzyme inhibition and cytokine and nitric oxide production	Adams, C. et al.	Lactic acid bacteria (LAB) are used as starter cultures in the production of fermented dairy products and have the potential to confer bioactivity relevant to cardiovascular health, as they possess extensive proteolytic systems that liberate small bioactive peptides from larger milk proteins. Certain casein-derived peptides released by various LAB strains during fermentation have been shown to reduce hypertension and to modulate the immune system. We investigated the growth and peptide production of 2 LAB strains, Lactobacillus helveticus R0389 and Lactocaseibacillus rhamnosus R0011, their immunomodulatory activities, as well as their abilities to inhibit the angiotensin-converting enzyme (ACE). Peptide fractions collected from the cell-free supernatant of both medium-grown and milk fermentation cultures were assessed for ACE-inhibitory activity and their effects on the production of proinflammatory and regulatory cytokines by human THP-1 monocytes. Cultures were grown in medium, with or without supplementation with 0.1% casein, or in 3.25% milk fermented with each LAB strain. Casein supplementation increased the growth rate of both LAB strains, and significantly increased ACE-inhibitory activity of peptide fractions collected from both L. helveticus R0389 and L. rhamnosus R0011 cultures grown for 12 h. Fermentation peptide fractions of L. rhamnosus R0011 showed comparable ACE-inhibitory activity to known ACE inhibiting peptides Val-Pro-Pro and Ile-Pro-Pro (up to 79% inhibition) with a significant difference between culture peptide fractions and acidified and nonacidified control fractions collected after 6 d of fermentation. Many milk and casein-derived peptides reported in previous studies have been identified as part of a larger bioactive fraction. We synthesized a group of these peptides to individually assess both ACE-inhibitory and immunomodulatory activity. The known ACE inhibitors Val-Pro-Pro and Ile-Pro-Pro showed similar ACE inhibition to previously published results, while also inducing the production of the regulatory cytokine IL-10 by monocytes in the presence and absence of a proinflammatory stimulant. These synthesized peptides could also induce the production of nitric oxide (NO), a potent vasodilator, in human endothelial cell cultures. Investigating the relationships among these bioactive properties could improve the use of probiotic organisms and their secreted products in the food industry.	10.3168/jds.2019-17976
P02666	WMHQPHQPLPPT	Beta-casein	Bos taurus	158-169	Immunomodulatory	Anti-inflammatory					Characterization of casein derived peptide bioactivity: Differential effects on angiotensin-converting enzyme inhibition and cytokine and nitric oxide production	Adams, C. et al.	Lactic acid bacteria (LAB) are used as starter cultures in the production of fermented dairy products and have the potential to confer bioactivity relevant to cardiovascular health, as they possess extensive proteolytic systems that liberate small bioactive peptides from larger milk proteins. Certain casein-derived peptides released by various LAB strains during fermentation have been shown to reduce hypertension and to modulate the immune system. We investigated the growth and peptide production of 2 LAB strains, Lactobacillus helveticus R0389 and Lactocaseibacillus rhamnosus R0011, their immunomodulatory activities, as well as their abilities to inhibit the angiotensin-converting enzyme (ACE). Peptide fractions collected from the cell-free supernatant of both medium-grown and milk fermentation cultures were assessed for ACE-inhibitory activity and their effects on the production of proinflammatory and regulatory cytokines by human THP-1 monocytes. Cultures were grown in medium, with or without supplementation with 0.1% casein, or in 3.25% milk fermented with each LAB strain. Casein supplementation increased the growth rate of both LAB strains, and significantly increased ACE-inhibitory activity of peptide fractions collected from both L. helveticus R0389 and L. rhamnosus R0011 cultures grown for 12 h. Fermentation peptide fractions of L. rhamnosus R0011 showed comparable ACE-inhibitory activity to known ACE inhibiting peptides Val-Pro-Pro and Ile-Pro-Pro (up to 79% inhibition) with a significant difference between culture peptide fractions and acidified and nonacidified control fractions collected after 6 d of fermentation. Many milk and casein-derived peptides reported in previous studies have been identified as part of a larger bioactive fraction. We synthesized a group of these peptides to individually assess both ACE-inhibitory and immunomodulatory activity. The known ACE inhibitors Val-Pro-Pro and Ile-Pro-Pro showed similar ACE inhibition to previously published results, while also inducing the production of the regulatory cytokine IL-10 by monocytes in the presence and absence of a proinflammatory stimulant. These synthesized peptides could also induce the production of nitric oxide (NO), a potent vasodilator, in human endothelial cell cultures. Investigating the relationships among these bioactive properties could improve the use of probiotic organisms and their secreted products in the food industry.	10.3168/jds.2019-17976
P02666	HQPHQPLPPTVMFPPQ	Beta-casein	Bos taurus	160-175	ACE-inhibitory						Characterization of casein-derived peptide bioactivity: Differential effects on angiotensin-converting enzyme inhibition and cytokine and nitric oxide production	Adams, C. et al.	Lactic acid bacteria (LAB) are used as starter cultures in the production of fermented dairy products and have the potential to confer bioactivity relevant to cardiovascular health, as they possess extensive proteolytic systems that liberate small bioactive peptides from larger milk proteins. Certain casein-derived peptides released by various LAB strains during fermentation have been shown to reduce hypertension and to modulate the immune system. We investigated the growth and peptide production of 2 LAB strains, Lactobacillus helveticus R0389 and Lactocaseibacillus rhamnosus R0011, their immunomodulatory activities, as well as their abilities to inhibit the angiotensin-converting enzyme (ACE). Peptide fractions collected from the cell-free supernatant of both medium-grown and milk fermentation cultures were assessed for ACE-inhibitory activity and their effects on the production of proinflammatory and regulatory cytokines by human THP-1 monocytes. Cultures were grown in medium, with or without supplementation with 0.1% casein, or in 3.25% milk fermented with each LAB strain. Casein supplementation increased the growth rate of both LAB strains, and significantly increased ACE-inhibitory activity of peptide fractions collected from both L. helveticus R0389 and L. rhamnosus R0011 cultures grown for 12 h. Fermentation peptide fractions of L. rhamnosus R0011 showed comparable ACE-inhibitory activity to known ACE inhibiting peptides Val-Pro-Pro and Ile-Pro-Pro (up to 79% inhibition) with a significant difference between culture peptide fractions and acidified and nonacidified control fractions collected after 6 d of fermentation. Many milk and casein-derived peptides reported in previous studies have been identified as part of a larger bioactive fraction. We synthesized a group of these peptides to individually assess both ACE-inhibitory and immunomodulatory activity. The known ACE inhibitors Val-Pro-Pro and Ile-Pro-Pro showed similar ACE inhibition to previously published results, while also inducing the production of the regulatory cytokine IL-10 by monocytes in the presence and absence of a proinflammatory stimulant. These synthesized peptides could also induce the production of nitric oxide (NO), a potent vasodilator, in human endothelial cell cultures. Investigating the relationships among these bioactive properties could improve the use of probiotic organisms and their secreted products in the food industry.	10.3168/jds.2019-17976
P02666	HQPHQPLPPTVMFPPQ	Beta-casein	Bos taurus	160-175	Immunomodulatory	Anti-inflammatory					Characterization of casein derived peptide bioactivity: Differential effects on angiotensin-converting enzyme inhibition and cytokine and nitric oxide production	Adams, C. et al.	Lactic acid bacteria (LAB) are used as starter cultures in the production of fermented dairy products and have the potential to confer bioactivity relevant to cardiovascular health, as they possess extensive proteolytic systems that liberate small bioactive peptides from larger milk proteins. Certain casein-derived peptides released by various LAB strains during fermentation have been shown to reduce hypertension and to modulate the immune system. We investigated the growth and peptide production of 2 LAB strains, Lactobacillus helveticus R0389 and Lactocaseibacillus rhamnosus R0011, their immunomodulatory activities, as well as their abilities to inhibit the angiotensin-converting enzyme (ACE). Peptide fractions collected from the cell-free supernatant of both medium-grown and milk fermentation cultures were assessed for ACE-inhibitory activity and their effects on the production of proinflammatory and regulatory cytokines by human THP-1 monocytes. Cultures were grown in medium, with or without supplementation with 0.1% casein, or in 3.25% milk fermented with each LAB strain. Casein supplementation increased the growth rate of both LAB strains, and significantly increased ACE-inhibitory activity of peptide fractions collected from both L. helveticus R0389 and L. rhamnosus R0011 cultures grown for 12 h. Fermentation peptide fractions of L. rhamnosus R0011 showed comparable ACE-inhibitory activity to known ACE inhibiting peptides Val-Pro-Pro and Ile-Pro-Pro (up to 79% inhibition) with a significant difference between culture peptide fractions and acidified and nonacidified control fractions collected after 6 d of fermentation. Many milk and casein-derived peptides reported in previous studies have been identified as part of a larger bioactive fraction. We synthesized a group of these peptides to individually assess both ACE-inhibitory and immunomodulatory activity. The known ACE inhibitors Val-Pro-Pro and Ile-Pro-Pro showed similar ACE inhibition to previously published results, while also inducing the production of the regulatory cytokine IL-10 by monocytes in the presence and absence of a proinflammatory stimulant. These synthesized peptides could also induce the production of nitric oxide (NO), a potent vasodilator, in human endothelial cell cultures. Investigating the relationships among these bioactive properties could improve the use of probiotic organisms and their secreted products in the food industry.	10.3168/jds.2019-17976
P02666	PFPGPIPN	Beta-casein	Bos taurus	76-83	ACE-inhibitory						Novel angiotensin I-converting enzyme inhibitory peptides from protease hydrolysates of Qula casein Quantitative structure-activity relationship modeling and molecular docking study	Lin, K. et al.	Qula casein derived from yak milk was hydrolysed using various enzymes. Hydrolysates were withdrawn at different hydrolysis phases and were determined to their degree of hydrolysis (DH) and ACE (angiotensin I-converting enzyme) inhibitory (ACEI) activities. Using a 3 kDa ultra-filtration membrane, hydrolysates were fractioned into two ranges of molecular weight and permeated fractions were further investigated. A Lineweaver-Burk plot was used to explore the ACEI kinetics of the hydrolysates. Additionally, the peptides in the hydrolysates were identified using LC-MS/MS. We established four quantitative structure-activity relationship (QSAR) models for predicting potential ACEI peptides. Using in silico analysis, four novel ACEI peptides were identified and a molecular docking study further explored the potential ACEI activities. Based on the docking results, three new peptides (PFPGPIPN, KYIPIQ and LPLPLL) were chemically synthesized and their IC50 values were determined. In conclusion, our study suggests that Qula casein may be a valuable source of ACEI peptides.	10.1016/j.jff.2017.03.008
P02666	LLYQEPVLGPVR	Beta-casein	Bos taurus	206-217	ACE-inhibitory		274.0				Immobilized metal affinity chromatography matrix modified by poly (ethylene glycol) methyl ether for purification of angiotensin I-converting enzyme inhibitory peptide from casein hydrolysate	Liu, P. et al.	Purification of small bioactive peptides from complex biological samples is a difficult task due to the interference of concentrated large biomolecules. In this study, a magnetic immobilized metal affinity chromatography matrix modified by poly (ethylene glycol) methyl ether (IMACM@mPEG) was prepared and applied for the rapid purification of angiotensin I-converting enzyme (ACE) inhibitory peptides from casein hydrolysate. The proposed IMACM@mPEG considerably reduced the non-specific adsorption of large proteins and exhibited improved purification efficiency towards ACE inhibitory peptides. A novel peptide with moderate ACE inhibitory activity (IC50 value of 274 ± 5 μM) was identified as LLYQEPVLGPVR. Lineweaver-Burk plot confirmed the non-competitive inhibition pattern of LLYQEPVLGPVR. The purified peptide was digested after simulated gastrointestinal digestion and produced shorter peptides which contributed to enhanced ACE inhibitory activity. These results indicated that the IMACM@mPEG is an effective method for the prepurification of ACE inhibitory peptide and the purified peptide LLYQEPVLGPVR may have potential as nutraceutical ingredient in functional foods for hypertension treatments.	10.1016/j.jchromb.2020.122042
P02666	HQPHQPLPPT	Beta-casein	Bos taurus	160-169	ACE-inhibitory						Characterization of casein-derived peptide bioactivity: Differential effects on angiotensin-converting enzyme inhibition and cytokine and nitric oxide production	Adams, C. et al.	Lactic acid bacteria (LAB) are used as starter cultures in the production of fermented dairy products and have the potential to confer bioactivity relevant to cardiovascular health, as they possess extensive proteolytic systems that liberate small bioactive peptides from larger milk proteins. Certain casein-derived peptides released by various LAB strains during fermentation have been shown to reduce hypertension and to modulate the immune system. We investigated the growth and peptide production of 2 LAB strains, Lactobacillus helveticus R0389 and Lactocaseibacillus rhamnosus R0011, their immunomodulatory activities, as well as their abilities to inhibit the angiotensin-converting enzyme (ACE). Peptide fractions collected from the cell-free supernatant of both medium-grown and milk fermentation cultures were assessed for ACE-inhibitory activity and their effects on the production of proinflammatory and regulatory cytokines by human THP-1 monocytes. Cultures were grown in medium, with or without supplementation with 0.1% casein, or in 3.25% milk fermented with each LAB strain. Casein supplementation increased the growth rate of both LAB strains, and significantly increased ACE-inhibitory activity of peptide fractions collected from both L. helveticus R0389 and L. rhamnosus R0011 cultures grown for 12 h. Fermentation peptide fractions of L. rhamnosus R0011 showed comparable ACE-inhibitory activity to known ACE inhibiting peptides Val-Pro-Pro and Ile-Pro-Pro (up to 79% inhibition) with a significant difference between culture peptide fractions and acidified and nonacidified control fractions collected after 6 d of fermentation. Many milk and casein-derived peptides reported in previous studies have been identified as part of a larger bioactive fraction. We synthesized a group of these peptides to individually assess both ACE-inhibitory and immunomodulatory activity. The known ACE inhibitors Val-Pro-Pro and Ile-Pro-Pro showed similar ACE inhibition to previously published results, while also inducing the production of the regulatory cytokine IL-10 by monocytes in the presence and absence of a proinflammatory stimulant. These synthesized peptides could also induce the production of nitric oxide (NO), a potent vasodilator, in human endothelial cell cultures. Investigating the relationships among these bioactive properties could improve the use of probiotic organisms and their secreted products in the food industry.	10.3168/jds.2019-17976
P02666	FQSEEQQQTEDELQDK	Beta-casein	Bos taurus	48-63	Increase calcium uptake					1 phosphorylation	Bioactive Peptides Isolated from Casein Phosphopeptides Enhance Calcium and Magnesium Uptake in Caco-2 Cell Monolayers	Cao, Y. et al.	The ability of casein phosphopeptides (CPPs) to bind and transport minerals has been previously studied. However, the single bioactive peptides responsible for the effects of CPPs have not been identified. This study was to purify calcium-binding peptides from CPPs and to determine their effects on calcium and magnesium uptake by Caco-2 cell monolayers. Five monomer peptides designated P1 to P5 were isolated and the amino acid sequences were determined using LC-MS/MS. Compared with the CPP-free control, all five monomeric peptides exhibited significant enhancing effects on the uptake of calcium and magnesium (P < 0.05). Interestingly, when calcium and magnesium were presented simultaneously with P5, magnesium was taken up with priority over calcium in the Caco-2 cell monolayers. For example, at 180 min, the amount of transferred magnesium and calcium was 78.4 ± 0.95 μg/well and 2.56 ± 0.64 μg/well, respectively, showing a more than 30-fold difference in the amount of transport caused by P5. These results provide novel insight into the mineral transport activity of phosphopeptides obtained from casein.	10.1021/acs.jafc.6b05711
P02666	FQSEEQQQTEDELQDKIHPF	Beta-casein	Bos taurus	48-67	Increase calcium uptake					1 phosphorylation	Bioactive Peptides Isolated from Casein Phosphopeptides Enhance Calcium and Magnesium Uptake in Caco-2 Cell Monolayers	Cao, Y. et al.	The ability of casein phosphopeptides (CPPs) to bind and transport minerals has been previously studied. However, the single bioactive peptides responsible for the effects of CPPs have not been identified. This study was to purify calcium-binding peptides from CPPs and to determine their effects on calcium and magnesium uptake by Caco-2 cell monolayers. Five monomer peptides designated P1 to P5 were isolated and the amino acid sequences were determined using LC-MS/MS. Compared with the CPP-free control, all five monomeric peptides exhibited significant enhancing effects on the uptake of calcium and magnesium (P < 0.05). Interestingly, when calcium and magnesium were presented simultaneously with P5, magnesium was taken up with priority over calcium in the Caco-2 cell monolayers. For example, at 180 min, the amount of transferred magnesium and calcium was 78.4 ± 0.95 μg/well and 2.56 ± 0.64 μg/well, respectively, showing a more than 30-fold difference in the amount of transport caused by P5. These results provide novel insight into the mineral transport activity of phosphopeptides obtained from casein.	10.1021/acs.jafc.6b05711
P02666	DVENLHLPLPL	Beta-casein	Bos taurus	144-154	Antimicrobial						Modulation of Virulence Gene Expression in Salmonella enterica subsp enterica typhimurium by Synthetic Milk-Derived Peptides	Ali, E. et al.	The hydrolysis of milk proteins produces valuable bioactive peptides, some of which show antivirulence activity. In this study, five synthetic milk-derived peptides (β-LG f(9–18), β-CN f(5–15), β-CN f(17–27), β-CN f(94–106), and β-CN f(129–137)) were shown to decrease the expression of virulence genes in Salmonella enterica subsp. enterica typhimurium when tested at four concentrations (0.02, 0.05, 0.1, and 0.2 mg/ml). A mixture of these synthetic peptides at concentrations of 0.02 and 0.2 mg/ml each significantly downregulated the expression of both hilA and ssrB virulence genes in Salmonella typhimurium after a 3-h incubation. Individually, β-CN f(17–27) at 0.02 mg/ml caused a significant decrease in both hilA and ssrB gene expressions. These results suggest a synergistic interaction between bioactive peptides. Depending on dose and amino acid sequence, these five peptides were able to affect the expression of some virulence genes in Salmonella typhimurium.	10.1007/s12602-022-09936-2
P02666	GVSKVKEAMAPKH	Beta-casein	Bos taurus	109-121	Antimicrobial						Modulation of Virulence Gene Expression in Salmonella enterica subsp enterica typhimurium by Synthetic Milk-Derived Peptides	Ali, E. et al.	The hydrolysis of milk proteins produces valuable bioactive peptides, some of which show antivirulence activity. In this study, five synthetic milk-derived peptides (β-LG f(9–18), β-CN f(5–15), β-CN f(17–27), β-CN f(94–106), and β-CN f(129–137)) were shown to decrease the expression of virulence genes in Salmonella enterica subsp. enterica typhimurium when tested at four concentrations (0.02, 0.05, 0.1, and 0.2 mg/ml). A mixture of these synthetic peptides at concentrations of 0.02 and 0.2 mg/ml each significantly downregulated the expression of both hilA and ssrB virulence genes in Salmonella typhimurium after a 3-h incubation. Individually, β-CN f(17–27) at 0.02 mg/ml caused a significant decrease in both hilA and ssrB gene expressions. These results suggest a synergistic interaction between bioactive peptides. Depending on dose and amino acid sequence, these five peptides were able to affect the expression of some virulence genes in Salmonella typhimurium.	10.1007/s12602-022-09936-2
P02666	SSSEESITRIN	Beta-casein	Bos taurus	32-42	Antimicrobial						Modulation of Virulence Gene Expression in Salmonella enterica subsp enterica typhimurium by Synthetic Milk-Derived Peptides	Ali, E. et al.	The hydrolysis of milk proteins produces valuable bioactive peptides, some of which show antivirulence activity. In this study, five synthetic milk-derived peptides (β-LG f(9–18), β-CN f(5–15), β-CN f(17–27), β-CN f(94–106), and β-CN f(129–137)) were shown to decrease the expression of virulence genes in Salmonella enterica subsp. enterica typhimurium when tested at four concentrations (0.02, 0.05, 0.1, and 0.2 mg/ml). A mixture of these synthetic peptides at concentrations of 0.02 and 0.2 mg/ml each significantly downregulated the expression of both hilA and ssrB virulence genes in Salmonella typhimurium after a 3-h incubation. Individually, β-CN f(17–27) at 0.02 mg/ml caused a significant decrease in both hilA and ssrB gene expressions. These results suggest a synergistic interaction between bioactive peptides. Depending on dose and amino acid sequence, these five peptides were able to affect the expression of some virulence genes in Salmonella typhimurium.	10.1007/s12602-022-09936-2
P02666	ELNVPGEIVES	Beta-casein	Bos taurus	20-30	Antimicrobial						Modulation of Virulence Gene Expression in Salmonella enterica subsp enterica typhimurium by Synthetic Milk-Derived Peptides	Ali, E. et al.	The hydrolysis of milk proteins produces valuable bioactive peptides, some of which show antivirulence activity. In this study, five synthetic milk-derived peptides (β-LG f(9–18), β-CN f(5–15), β-CN f(17–27), β-CN f(94–106), and β-CN f(129–137)) were shown to decrease the expression of virulence genes in Salmonella enterica subsp. enterica typhimurium when tested at four concentrations (0.02, 0.05, 0.1, and 0.2 mg/ml). A mixture of these synthetic peptides at concentrations of 0.02 and 0.2 mg/ml each significantly downregulated the expression of both hilA and ssrB virulence genes in Salmonella typhimurium after a 3-h incubation. Individually, β-CN f(17–27) at 0.02 mg/ml caused a significant decrease in both hilA and ssrB gene expressions. These results suggest a synergistic interaction between bioactive peptides. Depending on dose and amino acid sequence, these five peptides were able to affect the expression of some virulence genes in Salmonella typhimurium.	10.1007/s12602-022-09936-2
P02666	YPFPGPIPNS	Beta-casein	Bos taurus	75-84	Antianxiety						Release of an anti-anxiety peptide in casein hydrolysate with Aspergillus oryzae protease	Takeuchi, Y. et al.	Food protein-derived peptides with agonistic effects on receptors have great potential for treating anxiety, hypertension, and stress. In the present study, opioid peptides with agonistic activities for δ-receptor-expressing HEK293 cells were screened from casein hydrolysates prepared with five types of food grade proteolytic enzymes, among which casein hydrolysate with Aspergillus oryzae protease ASD showed the highest opioid activity. Eluted fractions showing potent opioid activity were further purified for active peptides by reverse phase-HPLC. The peptide in the active fraction was identified as YPFPGPIPNS, a member of β-casomorphin (CM-10) (β-casein 60–69). Various CM-10 derivative peptides were synthesized and their characteristic features for specificities towards δ- and μ-receptors were determined. Peptides 5 to 12 amino acids long showed relatively higher opioid activities for δ- and μ-receptors. CM-10 was docked into the optimized δ-receptor model. The CDOCKER energies of the CM-10 derivatives were consistent with their opioid activities. In the elevated plus-maze study, CM-10 showed a significant anti-anxiety effect in BALB/c mice at a dose of 10 mg per kg body weight when administered orally, but not via intravenous injection. Furthermore, intravital imaging revealed that Ca2+ signaling was induced in the small intestinal villi of a Yellow Cameleon 3.60 (YC3.60)-expressing mouse upon injection with CM-10. However, this decreased in the presence of δ- or μ-receptor antagonists. These results suggest that the opioid peptide CM-10 prepared from casein with ASD has an anti-anxiety effect through interaction with gut δ- and/or μ-opioid receptors in the mouse gut.	10.1039/d2fo01793h
P02666	RELEELNVPGEIVESLSSSEESITR	Beta-casein	Bos taurus	16-40	Immunomodulatory	Induced proliferation of mouse splenocytes.					Identification  of  a  phosphopeptide  in  bovine  α  s1-casein  digest  as  a  factor  influencing  proliferation  and  immunoglobulin  production  in  lymphocyte  cultures.  	Hata,  I. et al.	Digestion of bovine αs1-casein with bovine trypsin produced peptide(s) with an inhibitory effect on concanavalin A-induced proliferation of mouse spleen cells. One of these peptides was isolated from the αs1-casein digest following ultrafiltration, hydroxyapatite chromatography and reversed-phase HPLC, and amino acid composition and sequence analyses showed it to be sequence 59–79 from the phosphoserine-rich region of αs1-casein. The isolated peptide significantly inhibited the concanavalin A-induced proliferation of mouse spleen cells and rabbit Peyer's patch cells, whereas it enhanced the lipopolysaccharide- and phytohaemagglutinin-induced proliferation of both cells. The peptide displayed mitogenic activity in the cell cultures without the commercial mitogen, and significantly enhanced immunoglobulin production. Moreover, residues 1–25 from the phosphoserine-rich region of bovine β-casein had a similar effect on the proliferation of mouse spleen cells and rabbit Peyer's patch cells stimulated or not stimulated by the commercial mitogen. These results indicate that caseinophosphopeptides may act as a humoral immunostimulator in cell cultures.	10.1017/s0022029998003136
P02666	RELEELNVPGEIVESLSSSEESITR	Beta-casein	Bos taurus	16-40	Increase calcium uptake					"1) 4  Phosphorylations,
2) 4  Phosphorylations"	"1) Bioactive  Peptides  Isolated  from  Casein  Phosphopeptides  Enhance  Calcium  and  Magnesium  Uptake  in  Caco-2  Cell  Monolayers.  ,
2) Bioactive  peptide  isolated  from  casein  phosphopeptides  promotes  calcium  uptake  in  vitro  and  in  vivo.  "	"1) Cao, Y. et al.,
2) Guo  L. et al."	"1) The ability of casein phosphopeptides (CPPs) to bind and transport minerals has been previously studied. However, the single bioactive peptides responsible for the effects of CPPs have not been identified. This study was to purify calcium-binding peptides from CPPs and to determine their effects on calcium and magnesium uptake by Caco-2 cell monolayers. Five monomer peptides designated P1 to P5 were isolated and the amino acid sequences were determined using LC-MS/MS. Compared with the CPP-free control, all five monomeric peptides exhibited significant enhancing effects on the uptake of calcium and magnesium (P < 0.05). Interestingly, when calcium and magnesium were presented simultaneously with P5, magnesium was taken up with priority over calcium in the Caco-2 cell monolayers. For example, at 180 min, the amount of transferred magnesium and calcium was 78.4 ± 0.95 μg/well and 2.56 ± 0.64 μg/well, respectively, showing a more than 30-fold difference in the amount of transport caused by P5. These results provide novel insight into the mineral transport activity of phosphopeptides obtained from casein.,
2) Casein phosphopeptides (CPPs) have been demonstrated to be calcium chelators. Unfortunately, few studies have been reported on the effects of CPPs on the mechanism of the uptake and absorption of Ca2+ and bone metabolism. In this study, a monomeric peptide fraction isolated by RP-HPLC (F6-1) that possessed high calcium transport capacity in Caco-2 cell monolayers was separated and characterized. The effects of F6-1 on the absorption mechanisms of Ca2+ in a Caco-2 monolayer model and bone metabolism in rats were investigated. F6-1 was isolated by preparative and analytical RP-HPLC. Results for calcium transport suggested that the rates of Ca2+ transportation by F6-1 were approximately 2.57, 2.87 and 2.38 times higher than those in the control group at 30, 60 and 120 min, respectively. Results of ultraviolet (UV) spectroscopy indicated that the intensity of UV absorption changed because of the binding of Ca2+ to F6-1. Analysis of transepithelial electrical resistance (TEER) and the expression of TRPV6 in Caco-2 cells showed that F6-1 was likely to influence the transcellular pathway of intestinal absorption of Ca2+ rather than the paracellular pathway. Furthermore, the F6-1 group (1% Ca, 0.03% F6-1) exhibited Increase in serum Ca2+ levels, femur length and femur Ca and decreases in serum alkaline phosphatase (ALP) levels and urinary pyridinoline content in a Sprague-Dawley rat model, which implied that F6-1 was beneficial for bone calcification. Overall, our results suggested that F6-1 enhanced the transport of Ca2+ in Caco-2 cells by affecting the transcellular pathway by upregulating the expression of TRPV6. F6-1 also improved bone formation and prevented bone resorption to benefit bone health in rats, which provided a basis for using F6-1 in calcium supplements or functional foods."	"1) 10.1021/acs.jafc.6b05711,
2) 10.1039/C7FO01709J"
P02666	KVLPVPQK	Beta-casein	Bos taurus	184-191	Antioxidant						"1) Milk-derived  bioactive  peptides  exhibit antioxidant  activity  through  the  Keap1-Nrf2  signaling  pathway,
2) Milk-derived  bioactive  peptides  protect  against  oxidative  stress  in  a  Caco-2  cell  model,
3) Caseins  and  Casein  Hydrolysates  2  Antioxidative  Properties  and  Relevance  to  Lipoxygenase  Inhibition"	"1) Tonolo, F. et al.,
2) Tonolo, F. et al.,
3) Rival, SG. et al."	"1) Bioactive peptides are relevant nutritional factors that exhibit many functions including antioxidant, antihypertensive, anticancer and antimicrobial properties. In this paper, four synthetic peptides ARHPHPHLSFM (A-11-M), AVPYPQR (A-7-R), NPYVPR (N-6-R) and KVLPVPEK (K-8-K) with sequences present in milk proteins were examined for their antioxidant properties. The compounds show moderate free radical scavenging activity in the ABTS and crocin assays (A-7-R and N-6-R) and lipid peroxidation inhibition in Caco-2 cells (N-6-R and K-8-K). All peptides, in particular K-8-K, activate the Keap1-Nrf2 system by allowing the translocation of the transcription factor Nrf2 from the cytosol to nucleus. This activation triggers the overexpression of the antioxidant enzymes Trx1, TrxR1, GR, NQO1 and SOD1. Furthermore, molecular modeling shows that K-8-K is able to hinder the interaction of Nrf2 with Keap1. The reported results show that the antioxidant action in cells of these bioactive peptides is mostly due to the activation of Keap1-Nrf2 signaling pathway.,
2) Milk and milk-derived products are a relevant source of bioactive peptides, which are also potential components of functional foods. Bioactive peptides exert multiple actions including an antioxidant role. In the present paper, four synthetic peptides (NPYVPR, AVPYPQR, KVLPVPEK, and ARHPHPHLSFM), corresponding to milk-derived peptides were studied. Although with different features, as revealed by RP-HPLC chromatography and MS analysis, the obtained peptides were shown to be taken up by Caco-2 cells arranged in an epithelial monolayer formation. The four peptides were all able to preserve cell viability against induced oxidative stress indicating that they might have a role in the control of oxidative stress. Therefore, an estimation of total thiols and glutathione content was performed after cell treatment with oxidants like hydrogen peroxide (H2O2) or tert-butyl hydroperoxide (TbOOH). The peptides were able to prevent the decrease of both total thiols and glutathione induced by H2O2 or TbOOH, and, in addition, they showed a protective effect on the thiol-related antioxidant enzymes thioredoxin reductase and glutathione reductase. Finally, they caused a decrease of ROS production induced by TbOOH in Caco-2 cells. The reported results highlight the relevant antioxidant role played by bioactive peptides in cells, which adds to other previously known properties.,
3) The antioxidant activity of caseins and casein-derived peptides was evaluated by using three free radical producing reactionsthe lipoxygenase- and AAPH-catalyzed oxidation of linoleic acid and the hemoglobin-catalyzed oxidation of linoleic acid hydroperoxide. Caseins and casein-derived peptides were able to inhibit enzymatic and nonenzymatic lipid peroxidation, suggesting they were preferred targets for the free radical intermediates. The antioxidative feature was not lost with the dephosphorylation or the proteolysis of the proteins. The fractionation of the tryptic β-casein digest yielded peptides with antioxidant activity. A structure−function relationship between the amino acid sequence and the antioxidant capacity and effectiveness is proposed. In addition, indirect evidence suggested that the trapping of free radicals by the proteins/peptides was accompanied by the oxidation of proteins/peptides, according to a sequence-specific mechanism."	"1) 10.1016/j.jff.2019.103696,
2) 10.1039/c7fo01646h,
3) 10.1021/jf0003911"
P02666	KVLPVPQK	Beta-casein	Bos taurus	184-191	Immunomodulatory	Anti-inflammatory					Nrf2-Activating  Bioactive  Peptides  Exert  Anti-Inflammatory  Activity  through  Inhibition  of  the  NF-kappa  B  Pathway.  	Tonolo, F. et al.	Redox status and inflammation are related to the pathogenesis of the majority of diseases. Therefore, understanding the role of specific food-derived molecules in the regulation of their specific pathways is a relevant issue. Our previous studies indicated that K-8-K and S-10-S, milk and soy-derived bioactive peptides, respectively, exert antioxidant effects through activation of the Keap1/Nrf2 pathway. A crosstalk between Nrf2 and NF-κB, mediated by the action of heme oxygenase (HO-1), is well known. On this basis, we studied if these peptides, in addition to their antioxidant activity, could exert anti-inflammatory effects in human cells. First, we observed an increase of HO-1 expression in Caco-2 cells treated with K-8-K and S-10-S, following the activation of the Keap1/Nrf2 pathway. Moreover, when cells are treated with the two peptides and stimulated by TNF-α, the levels of NF-κB in the nucleus decreased in comparison with TNF-α alone. In the same conditions, we observed the downregulation of the gene expression of proinflammatory cytokines (IL1B, IL6, and TNF), while the anti-inflammatory cytokine gene, IL1RN, was upregulated in Caco-2 cells processed as reported above. Then, when the cells were pretreated with the two peptides and stimulated with LPS, a different proinflammatory factor, (TNF-α) was estimated to have a lower secretion in the supernatant of cells. In conclusion, these observations confirmed that Nrf2-activating bioactive peptides, K-8-K and S-10-S, exerted anti-inflammatory effects by inhibiting the NF-κB pathway.	10.3390/ijms23084382
P02666	SLPQNIPPLTQTPVVVPPF	Beta-casein	Bos taurus	84-102	Anticancer						Antioxidant peptides isolated from synbiotic yoghurt exhibit antiproliferative activities against HT-29 colon cancer cells	Sah, B.N.P. et al.	Milk proteins are considered a reservoir of peptides possessing various bioactivities. Using ultrafiltration followed by reversed phase-high performance liquid chromatography, antioxidant peptides were purified from crude peptide extract of probiotic yoghurt supplemented with pineapple peel powder stored for 28 days at 4 °C. Two β-casein-derived peptides, 193YQEPVLGPVRGPFPIIV209 and 69SLPQNIPPLTQTPVVVPPF87 (designated P17 and P19, respectively), were identified and their antioxidant and anticancer activities assessed. P17 showed high scavenging activity against 2,2′-azino-bis(3-ethyl benzothiazoline-6-sulphonic acid) radicals, with an IC50 of 29.88 μg mL−1, compared with P19 (IC50 1.44 mg mL−1). Furthermore, the proliferation of HT-29 colon cancer cell line was inhibited (41.49% and 38.55%, respectively, by P17 and P19 at 3 mg mL−1) via inducing apoptosis and cell cycle arrest in G2/M-phase. In vitro gastrointestinal digestion of peptides resulted in increased bioactivities. These findings indicate a potential for utilising both of these peptides to manage oxidative stress mediated diseases and disorders including cancers.	10.1016/j.idairyj.2016.08.003
P02666	SLPQNIPPL	Beta-casein	Bos taurus	84-92	DPP-IV Inhibitory						In  vitro and in silico evaluation of multifunctional properties  of  bioactive  synthetic  peptides  identified  in  milk  fermented  with Lactococcus  lactis NRRL  B-50571  and  NRRL  B-50572.	Rendon-Rosales, M. et al.	The aim of this study was to investigate the multifunctional properties of specific synthetic peptides previously identified in milk fermented with Lactococcus lactis NRRL B-50571 and NRRL B-50572 on the inhibition of enzymes involved in hypertension (ACE), type 2 diabetes (DPP-IV) and thrombosis (thrombin). Moreover, in vitro gastrointestinal digestion was performed in order to know the stability of peptides and its effect on the biological activities. Also, in silico analysis was employed for the prediction of sequences after digestion. Results showed that peptide inhibitory activities on ACE, DPP-IV and thrombin were enhanced after digestion. After in vitro digestion, peptide NAVPITPTLN showed the best efficiency to inhibit DPP-IV. Likewise, NAVPITPTLN and QEPVLGPVRGPFIIV showed high thrombin inhibitory activities, and HPHPHLSFMAIPP and SLPQNIPPL presented high ACE inhibitory activities. In vitro and in silico studies indicated that these peptides are precursors of multifunctional peptide sequences. Therefore, this study suggests that the specific synthetic peptides previously identified in milk fermented with Lactococcus lactis NRRL B-50571 and NRRL B-50572 offer potential beneficial health effects in the management of hypertension, thrombosis and diabetes.	10.1016/j.lwt.2021.112581
P02666	LPVP	Beta-casein	Bos taurus	186-189	DPP-IV Inhibitory		87.0				Identication  of  novel  dipeptidyl  peptidase  IV  (DPP-IV)  inhibitory  peptides  in  camel  milk  protein  hydrolysates.	Nongonierma, A. et al.	Nine novel dipeptidyl peptidase IV (DPP-IV) inhibitory peptides (FLQY, FQLGASPY, ILDKEGIDY, ILELA, LLQLEAIR, LPVP, LQALHQGQIV, MPVQA and SPVVPF) were identified in camel milk proteins hydrolysed with trypsin. This was achieved using a sequential approach combining liquid chromatography tandem mass spectrometry (LC-MS/MS), qualitative/quantitative structure activity relationship (QSAR) and confirmatory studies with synthetic peptides. The most potent camel milk protein-derived DPP-IV inhibitory peptides, LPVP and MPVQA, had DPP-IV half maximal inhibitory concentrations (IC50) of 87.0 ± 3.2 and 93.3 ± 8.0 µM, respectively. DPP-IV inhibitory peptide sequences identified within camel and bovine milk protein hydrolysates generated under the same hydrolysis conditions differ. This was linked to differences in enzyme selectivity for peptide bond cleavage of camel and bovine milk proteins as well as dissimilarities in their amino acid sequences. Camel milk proteins contain novel DPP-IV inhibitory peptides which may play a role in the regulation of glycaemia in humans.	10.1016/j.foodchem.2017.10.033
P02666	RELEELNVPGEIVESLSSSEESIT	Beta-casein	Bos taurus	16-39	Increase calcium uptake						Latent bioactive peptides in milk proteins: proteolytic activation and significance in dairy processing	Gobbetti, M. et al.	After a brief description of the properties of bioactive peptides, the proteolytic activation of the bioactive sequences from milk protein precursors is discussed. The ability of proteolytic enzymes from various sources, especially from lactic acid bacteria, to release bioactive peptides and the physiological and biotechnological significance of these peptides in dairy products are reviewed.	10.1080/10408690290825538
"#Advanced search parameters:	Protein ID: P02666,	Species: bos taurus"
