"accessions","names","inchikeys","smiles","pubchem_cids","concentrations_ind","DMD_ID_Direct_Name_Match","",""
"BMDB00001","1-Methylhistidine","BRMWTNUJHUMWMS-LURJTMIESA-N","CN1C=NC(C[C@H](N)C(O)=O)=C1","92105","No record in the main study","DMD305447","DMD305447","Unique Match (by names only)"
"BMDB00008","2-Hydroxybutyric acid","AFENDNXGAFYKQO-UHFFFAOYSA-N","CCC(O)C(O)=O","11266","No record in the main study",NA,NA,"No Match"
"BMDB00014","Deoxycytidine","CKTSBUTUHBMZGZ-SHYZEUOFSA-N","NC1=NC(=O)N(C=C1)[C@H]1C[C@H](O)[C@@H](CO)O1","13711","No record in the main study","DMD305463","DMD305463","Unique Match (by names only)"
"BMDB00020","p-Hydroxyphenylacetic acid","XQXPVVBIMDBYFF-UHFFFAOYSA-N","OC(=O)CC1=CC=C(O)C=C1","127","No record in the main study",NA,NA,"No Match"
"BMDB00030","Biotin","YBJHBAHKTGYVGT-ZKWXMUAHSA-N","[H][C@]12CS[C@@H](CCCCC(O)=O)[C@@]1([H])NC(=O)N2","171548","Found Concentration in Main Study",NA,NA,"No Match"
"BMDB00033","Carnosine","CQOVPNPJLQNMDC-ZETCQYMHSA-N","NCCC(=O)N[C@@H](CC1=CN=CN1)C(O)=O","439224","Found Concentration in Main Study",NA,NA,"No Match"
"BMDB00034","Adenine","GFFGJBXGBJISGV-UHFFFAOYSA-N","NC1=C2NC=NC2=NC=N1","190","No record in the main study","DMD305487","DMD305487","Unique Match (by names and pubchem)"
"BMDB00037","Aldosterone","PQSUYGKTWSAVDQ-SRPWZAMTSA-N","C[C@]12CCC(=O)C=C1CCC1C3CC[C@H](C(=O)CO)[C@]3(C[C@H](O)C21)C=O","24758425","No record in the main study",NA,NA,"No Match"
"BMDB00039","Butyric acid","FERIUCNNQQJTOY-UHFFFAOYSA-N","CCCC(O)=O","264","Found Concentration in Main Study","DMD302672","DMD302672","Unique Match (by names and pubchem)"
"BMDB00042","Acetic acid","QTBSBXVTEAMEQO-UHFFFAOYSA-N","CC(O)=O","176","Found Concentration in Main Study","DMD302667","DMD302667","Unique Match (by names and pubchem)"
"BMDB00043","Betaine","KWIUHFFTVRNATP-UHFFFAOYSA-N","C[N+](C)(C)CC([O-])=O","247","Found Concentration in Main Study","DMD302162;DMD302671;DMD305494","DMD302162;DMD302671;DMD305494","Multiple Match (by names and pubchem)"
"BMDB00044","Ascorbic acid","TYQCGQRIZGCHNB-MVHIGOERSA-N","[H][C@@](O)(CO)[C@]1([H])OC(O)=C(O)C1=O","","Found Concentration in Main Study",NA,NA,"No Match"
"BMDB00045","Adenosine monophosphate","UDMBCSSLTHHNCD-KQYNXXCUSA-N","NC1=C2N=CN([C@@H]3O[C@H](COP(O)(O)=O)[C@@H](O)[C@H]3O)C2=NC=N1","6083","No record in the main study",NA,NA,"No Match"
"BMDB00050","Adenosine","OIRDTQYFTABQOQ-KQYNXXCUSA-N","NC1=C2N=CN([C@@H]3O[C@H](CO)[C@@H](O)[C@H]3O)C2=NC=N1","60961","No record in the main study","DMD305152","DMD305152","Unique Match (by names only)"
"BMDB00053","Androstenedione","AEMFNILZOJDQLW-QAGGRKNESA-N","[H][C@@]12CCC(=O)[C@@]1(C)CC[C@@]1([H])[C@@]2([H])CCC2=CC(=O)CC[C@]12C","6128","No record in the main study",NA,NA,"No Match"
"BMDB00058","Cyclic AMP","IVOMOUWHDPKRLL-KQYNXXCUSA-N","NC1=NC=NC2=C1N=CN2[C@@H]1O[C@@H]2COP(O)(=O)O[C@H]2[C@H]1O","6076","No record in the main study",NA,NA,"No Match"
"BMDB00060","Acetoacetic acid","WDJHALXBUFZDSR-UHFFFAOYSA-N","CC(=O)CC(O)=O","96","No record in the main study",NA,NA,"No Match"
"BMDB00062","L-Carnitine","PHIQHXFUZVPYII-LURJTMIESA-N","[H][C@](O)(CC([O-])=O)C[N+](C)(C)C","2724480","Found Concentration in Main Study",NA,NA,"No Match"
"BMDB00064","Creatine","CVSVTCORWBXHQV-UHFFFAOYSA-N","CN(CC(O)=O)C(N)=N","586","Found Concentration in Main Study","DMD302152;DMD302676","DMD302152;DMD302676","Multiple Match (by names and pubchem)"
"BMDB00067","Cholesterol","HVYWMOMLDIMFJA-FNOPAARDSA-N","[H][C@@]12CC[C@H]([C@H](C)CCCC(C)C)[C@@]1(C)CC[C@@]1([H])[C@@]2([H])CC=C2CC(O)CC[C@]12C","11025495","No record in the main study","DMD306416","DMD306416","Unique Match (by names only)"
"BMDB00070","Pipecolic acid","HXEACLLIILLPRG-UHFFFAOYSA-N","OC(=O)C1CCCCN1","849","No record in the main study",NA,NA,"No Match"
"BMDB00072","cis-Aconitic acid","GTZCVFVGUGFEME-IWQZZHSRSA-N","OC(=O)C\C(=C\C(O)=O)C(O)=O","643757","Found Concentration in Main Study","DMD302172;DMD302608","DMD302608","Unique Match (by names and pubchem)"
"BMDB00073","Dopamine","VYFYYTLLBUKUHU-UHFFFAOYSA-N","NCCC1=CC(O)=C(O)C=C1","681","No record in the main study",NA,NA,"No Match"
"BMDB00076","Dihydrouracil","OIVLITBTBDPEFK-UHFFFAOYSA-N","O=C1CCNC(=O)N1","649","No record in the main study",NA,NA,"No Match"
"BMDB00077","Dehydroepiandrosterone","FMGSKLZLMKYGDP-INNQQZFDSA-N","C[C@]12CCC3C(CC=C4C[C@@H](O)CC[C@]34C)C1CCC2=O","5881","No record in the main study","DMD302287","DMD302287","Unique Match (by names only)"
"BMDB00079","Dihydrothymine","NBAKTGXDIBVZOO-UHFFFAOYSA-N","CC1CNC(=O)NC1=O","93556","No record in the main study",NA,NA,"No Match"
"BMDB00086","Glycerophosphocholine","SUHOQUVVVLNYQR-QMMMGPOBSA-N","C[N+](C)(C)CCOP([O-])(=O)OC[C@@H](O)CO","71920","Found Concentration in Main Study","DMD302714;DMD305518","DMD302714;DMD305518","Multiple Match (by names only)"
"BMDB00087","Dimethylamine","ROSDSFDQCJNGOL-UHFFFAOYSA-N","CNC","674","Found Concentration in Main Study","DMD302681","DMD302681","Unique Match (by names and pubchem)"
"BMDB00089","Cytidine","UHDGCWIWMRVCDJ-XVFCMESISA-N","NC1=NC(=O)N(C=C1)[C@@H]1O[C@H](CO)[C@@H](O)[C@H]1O","6175","Found Concentration in Main Study","DMD302147","DMD302147","Unique Match (by names and pubchem)"
"BMDB00092","Dimethylglycine","FFDGPVCHZBVARC-UHFFFAOYSA-N","CN(C)CC(O)=O","673","No record in the main study",NA,NA,"No Match"
"BMDB00094","Citric acid","KRKNYBCHXYNGOX-UHFFFAOYSA-N","OC(=O)CC(O)(CC(O)=O)C(O)=O","311","Found Concentration in Main Study","DMD302599","DMD302599","Unique Match (by names and pubchem)"
"BMDB00095","Cytidine monophosphate","IERHLVCPSMICTF-XVFCMESISA-N","NC1=NC(=O)N(C=C1)[C@@H]1O[C@H](COP(O)(O)=O)[C@@H](O)[C@H]1O","6131","No record in the main study",NA,NA,"No Match"
"BMDB00097","Choline","OEYIOHPDSNJKLS-UHFFFAOYSA-N","C[N+](C)(C)CCO","305","Found Concentration in Main Study","DMD302674","DMD302674","Unique Match (by names and pubchem)"
"BMDB00099","L-Cystathionine","ILRYLPWNYFXEMH-WHFBIAKZSA-N","N[C@@H](CCSC[C@H](N)C(O)=O)C(O)=O","439258","No record in the main study",NA,NA,"No Match"
"BMDB00101","Deoxyadenosine","OLXZPDWKRNYJJZ-RRKCRQDMSA-N","NC1=NC=NC2=C1N=CN2[C@H]1C[C@H](O)[C@@H](CO)O1","13730","No record in the main study",NA,NA,"No Match"
"BMDB00107","Galactitol","FBPFZTCFMRRESA-GUCUJZIJSA-N","OC[C@H](O)[C@@H](O)[C@@H](O)[C@H](O)CO","11850","No record in the main study","DMD305198","DMD305198","Unique Match (by names only)"
"BMDB00108","Ethanol","LFQSCWFLJHTTHZ-UHFFFAOYSA-N","CCO","702","No record in the main study","DMD302682","DMD302682","Unique Match (by names and pubchem)"
"BMDB00112","Gamma-Aminobutyric acid","BTCSSZJGUNDROE-UHFFFAOYSA-N","NCCCC(O)=O","119","No record in the main study","DMD305514","DMD302587","Unique Match (by pubchem only)"
"BMDB00118","Homovanillic acid","QRMZSPFSDQBLIX-UHFFFAOYSA-N","COC1=CC(CC(O)=O)=CC=C1O","1738","No record in the main study",NA,"DMD302122","Unique Match (by pubchem only)"
"BMDB00121","Folic acid","OVBPIULPVIDEAO-LBPRGKRZSA-N","NC1=NC(=O)C2=NC(CNC3=CC=C(C=C3)C(=O)N[C@@H](CCC(O)=O)C(O)=O)=CN=C2N1","6037","Found Concentration in Main Study",NA,NA,"No Match"
"BMDB00122","D-Glucose","WQZGKKKJIJFFOK-GASJEMHNSA-N","OC[C@H]1OC(O)[C@H](O)[C@@H](O)[C@@H]1O","5793","Found Concentration in Main Study","DMD302133;DMD302585;DMD302688;DMD305220","DMD302688","Unique Match (by names and pubchem)"
"BMDB00123","Glycine","DHMQDGOQFOQNFH-UHFFFAOYSA-N","NCC(O)=O","750","Found Concentration in Main Study","DMD302575;DMD305519","DMD302575","Unique Match (by names and pubchem)"
"BMDB00124","Fructose 6-phosphate","GSXOAOHZAIYLCY-HSUXUTPPSA-N","OCC(=O)[C@@H](O)[C@H](O)[C@H](O)COP(O)(O)=O","69507","No record in the main study","DMD302592","DMD302592","Unique Match (by names only)"
"BMDB00126","Glycerol 3-phosphate","AWUCVROLDVIAJX-GSVOUGTGSA-N","OC[C@@H](O)COP(O)(O)=O","439162","No record in the main study","DMD302576","DMD302576","Unique Match (by names only)"
"BMDB00127","D-Glucuronic acid","AEMOLEFTQBMNLQ-WAXACMCWSA-N","O[C@H]1O[C@@H]([C@@H](O)[C@H](O)[C@H]1O)C(O)=O","444791","No record in the main study",NA,NA,"No Match"
"BMDB00130","Homogentisic acid","IGMNYECMUMZDDF-UHFFFAOYSA-N","OC(=O)CC1=C(O)C=CC(O)=C1","780","No record in the main study",NA,NA,"No Match"
"BMDB00131","Glycerol","PEDCQBHIVMGVHV-UHFFFAOYSA-N","OCC(O)CO","753","No record in the main study","DMD302577","DMD302577","Unique Match (by names and pubchem)"
"BMDB00132","Guanine","UYTPUPDQBNUYGX-UHFFFAOYSA-N","NC1=NC(=O)C2=C(N1)N=CN2","764","No record in the main study","DMD305520","DMD305520","Unique Match (by names only)"
"BMDB00133","Guanosine","NYHBQMYGNKIUIF-UUOKFMHZSA-N","NC1=NC2=C(N=CN2[C@@H]2O[C@H](CO)[C@@H](O)[C@H]2O)C(=O)N1","6802","No record in the main study","DMD305521","DMD305521","Unique Match (by names only)"
"BMDB00134","Fumaric acid","VZCYOOQTPOCHFL-OWOJBTEDSA-N","OC(=O)\C=C\C(O)=O","444972","Found Concentration in Main Study","DMD302590;DMD302686","DMD302590;DMD302686","Multiple Match (by names and pubchem)"
"BMDB00138","Glycocholic acid","RFDAIACWWDREDC-MZMBZMQMSA-N","[H][C@@]12CC[C@H]([C@H](C)CCC(=O)NCC(O)=O)[C@@]1(C)[C@@H](O)C[C@@]1([H])[C@@]2([H])[C@H](O)CC2C[C@H](O)CC[C@]12C","23617285","No record in the main study",NA,NA,"No Match"
"BMDB00139","Glyceric acid","RBNPOMFGQQGHHO-UWTATZPHSA-N","OC[C@@H](O)C(O)=O","439194","No record in the main study","DMD302124;DMD302578","DMD302124","Unique Match (by names and pubchem)"
"BMDB00142","Formic acid","BDAGIHXWWSANSR-UHFFFAOYSA-N","OC=O","284","Found Concentration in Main Study","DMD302684","DMD302684","Unique Match (by names and pubchem)"
"BMDB00143","D-Galactose","WQZGKKKJIJFFOK-PHYPRBDBSA-N","OC[C@H]1O[C@H](O)[C@H](O)[C@@H](O)[C@H]1O","439357","Found Concentration in Main Study","DMD302588;DMD302687;DMD302688;DMD305220","DMD302588","Unique Match (by names and pubchem)"
"BMDB00145","Estrone","DNXHEGUUPJUMQT-CBZIJGRNSA-N","[H][C@@]12CCC(=O)[C@@]1(C)CC[C@]1([H])C3=C(CC[C@@]21[H])C=C(O)C=C3","5870","No record in the main study",NA,NA,"No Match"
"BMDB00148","L-Glutamic acid","WHUUTDBJXJRKMK-VKHMYHEASA-N","N[C@@H](CCC(O)=O)C(O)=O","33032","Found Concentration in Main Study","DMD302581;DMD302690","DMD302581;DMD302690","Multiple Match (by names and pubchem)"
"BMDB00149","Ethanolamine","HZAXFHJVJLSVMW-UHFFFAOYSA-N","NCCO","700","Found Concentration in Main Study","DMD302594","DMD302594","Unique Match (by names and pubchem)"
"BMDB00151","Estradiol","VOXZDWNPVJITMN-ZBRFXRBCSA-N","[H][C@@]12CC[C@H](O)[C@@]1(C)CC[C@]1([H])C3=C(CC[C@@]21[H])C=C(O)C=C3","5757","No record in the main study",NA,NA,"No Match"
"BMDB00153","Estriol","PROQIPRRNZUXQM-ZXXIGWHRSA-N","[H][C@@]12C[C@@H](O)[C@H](O)[C@@]1(C)CC[C@]1([H])C3=C(CC[C@@]21[H])C=C(O)C=C3","5756","No record in the main study",NA,NA,"No Match"
"BMDB00156","L-Malic acid","BJEPYKJPYRNKOW-REOHCLBHSA-N","O[C@@H](CC(O)=O)C(O)=O","222656","No record in the main study","DMD302561","DMD302561","Unique Match (by names only)"
"BMDB00157","Hypoxanthine","FDGQSTZJBFJUBT-UHFFFAOYSA-N","OC1=NC=NC2=C1NC=N2","790","No record in the main study","DMD302121;DMD305526","DMD302121","Unique Match (by names and pubchem)"
"BMDB00158","L-Tyrosine","OUYCCCASQSFEME-QMMMGPOBSA-N","N[C@@H](CC1=CC=C(O)C=C1)C(O)=O","6057","Found Concentration in Main Study","DMD302041;DMD302531;DMD302709;DMD305440","DMD302041;DMD302531;DMD302709","Multiple Match (by names and pubchem)"
"BMDB00159","L-Phenylalanine","COLNVLDHVKWLRT-QMMMGPOBSA-N","N[C@@H](CC1=CC=CC=C1)C(O)=O","6140","Found Concentration in Main Study","DMD302071;DMD305320","DMD302071","Unique Match (by names and pubchem)"
"BMDB00161","L-Alanine","QNAYBMKLOCPYGJ-REOHCLBHSA-N","C[C@H](N)C(O)=O","5950","Found Concentration in Main Study","DMD302171;DMD302607;DMD305489","DMD302171;DMD302607","Multiple Match (by names and pubchem)"
"BMDB00162","L-Proline","ONIBWKKTOPOVIA-BYPYZUCNSA-N","OC(=O)[C@@H]1CCCN1","145742","Found Concentration in Main Study","DMD302064;DMD302545;DMD305577","DMD302064;DMD302545","Multiple Match (by names and pubchem)"
"BMDB00163","D-Maltose","GUBGYTABKSRVRQ-DKBJLJRDSA-N","OC[C@H]1O[C@H](O[C@H]2[C@H](O)[C@H](O)[C@@H](O)O[C@@H]2CO)[C@H](O)[C@@H](O)[C@@H]1O","10991489","Found Concentration in Main Study","DMD302109;DMD302521;DMD305531","DMD302109;DMD302521;DMD305531","Multiple Match (by names only)"
"BMDB00164","Methylamine","BAVYZALUXZFZLV-UHFFFAOYSA-N","CN","6329","No record in the main study",NA,NA,"No Match"
"BMDB00167","L-Threonine","AYFVYJQAPQTCCC-GBXIJSLDSA-N","C[C@@H](O)[C@H](N)C(O)=O","6288","Found Concentration in Main Study","DMD302533;DMD302707","DMD302533;DMD302707","Multiple Match (by names and pubchem)"
"BMDB00168","L-Asparagine","DCXYFEDJOCDNAF-REOHCLBHSA-N","N[C@@H](CC(N)=O)C(O)=O","6267","Found Concentration in Main Study",NA,NA,"No Match"
"BMDB00169","D-Mannose","WQZGKKKJIJFFOK-QTVWNMPRSA-N","OC[C@H]1OC(O)[C@@H](O)[C@@H](O)[C@@H]1O","18950","No record in the main study","DMD302558","DMD302558","Unique Match (by names and pubchem)"
"BMDB00172","L-Isoleucine","AGPKZVBTJJNPAG-WHFBIAKZSA-N","CC[C@H](C)[C@H](N)C(O)=O","6306","Found Concentration in Main Study","DMD302116;DMD302571;DMD302692;DMD305227;DMD305530","DMD302116;DMD302571;DMD302692","Multiple Match (by names and pubchem)"
"BMDB00174","L-Fucose","SHZGCJCMOBCMKK-DHVFOXMCSA-N","C[C@@H]1OC(O)[C@@H](O)[C@H](O)[C@@H]1O","17106","Found Concentration in Main Study",NA,"DMD302685","Unique Match (by pubchem only)"
"BMDB00175","Inosinic acid","GRSZFWQUAKGDAV-KQYNXXCUSA-N","O[C@@H]1[C@@H](COP(O)(O)=O)O[C@H]([C@@H]1O)N1C=NC2=C1N=CNC2=O","8582","No record in the main study",NA,NA,"No Match"
"BMDB00177","L-Histidine","HNDVDQJCIGZPNO-YFKPBYRVSA-N","N[C@@H](CC1=CN=CN1)C(O)=O","6274","Found Concentration in Main Study","DMD302123;DMD305525","DMD302123","Unique Match (by names and pubchem)"
"BMDB00182","L-Lysine","KDXKERNSBIXSRK-YFKPBYRVSA-N","NCCCC[C@H](N)C(O)=O","5962","Found Concentration in Main Study","DMD302111;DMD302565","DMD302111;DMD302565","Multiple Match (by names and pubchem)"
"BMDB00186","Alpha-Lactose","GUBGYTABKSRVRQ-XLOQQCSPSA-N","OC[C@H]1O[C@@H](O[C@H]2[C@H](O)[C@@H](O)[C@@H](O)O[C@@H]2CO)[C@H](O)[C@@H](O)[C@H]1O","84571","Found Concentration in Main Study","DMD302114;DMD302694","DMD302694","Unique Match (by names and pubchem)"
"BMDB00187","L-Serine","MTCFGRXMJLQNBG-REOHCLBHSA-N","N[C@@H](CO)C(O)=O","5951","Found Concentration in Main Study","DMD302537","DMD302537","Unique Match (by names and pubchem)"
"BMDB00190","L-Lactic acid","JVTAAEKCZFNVCJ-REOHCLBHSA-N","C[C@H](O)C(O)=O","107689","Found Concentration in Main Study","DMD302568;DMD302693","DMD302693","Unique Match (by names and pubchem)"
"BMDB00191","L-Aspartic acid","CKLJMWTZIZZHCS-REOHCLBHSA-N","N[C@@H](CC(O)=O)C(O)=O","5960","Found Concentration in Main Study","DMD302603;DMD302670","DMD302603","Unique Match (by names and pubchem)"
"BMDB00192","L-Cystine","LEVWYRKDKASIDU-IMJSIDKUSA-N","N[C@@H](CSSC[C@H](N)C(O)=O)C(O)=O","67678","No record in the main study",NA,NA,"No Match"
"BMDB00193","Isocitric acid","ODBLHEXUDAPZAU-UHFFFAOYSA-N","OC(C(CC(O)=O)C(O)=O)C(O)=O","1198","No record in the main study",NA,NA,"No Match"
"BMDB00195","Inosine","UGQMRVRMYYASKQ-KQYNXXCUSA-N","OC[C@H]1O[C@H]([C@H](O)[C@@H]1O)N1C=NC2=C1NC=NC2=O","6021","No record in the main study","DMD302117;DMD305529","DMD302117","Unique Match (by names and pubchem)"
"BMDB00201","L-Acetylcarnitine","RDHQFKQIGNGIED-UHFFFAOYSA-N","CC(=O)OC(CC([O-])=O)C[N+](C)(C)C","1","Found Concentration in Main Study","DMD302173","DMD302173","Unique Match (by names only)"
"BMDB00202","Methylmalonic acid","ZIYVHBGGAOATLY-UHFFFAOYSA-N","CC(C(O)=O)C(O)=O","487","No record in the main study",NA,NA,"No Match"
"BMDB00206","N6-Acetyl-L-lysine","DTERQYGMUDWYAZ-ZETCQYMHSA-N","CC(=O)NCCCC[C@H](N)C(O)=O","92832","No record in the main study",NA,NA,"No Match"
"BMDB00207","Oleic acid","ZQPPMHVWECSIRJ-KTKRTIGZSA-N","CCCCCCCC\C=C/CCCCCCCC(O)=O","445639","No record in the main study","DMD302266;DMD302653","DMD302266;DMD302653","Multiple Match (by names and pubchem)"
"BMDB00208","Oxoglutaric acid","KPGXRSRHYNQIFN-UHFFFAOYSA-N","OC(=O)CCC(=O)C(O)=O","51","Found Concentration in Main Study","DMD302605","DMD302605","Unique Match (by names and pubchem)"
"BMDB00209","Phenylacetic acid","WLJVXDMOQOGPHL-UHFFFAOYSA-N","OC(=O)CC1=CC=CC=C1","999","No record in the main study",NA,NA,"No Match"
"BMDB00210","Pantothenic acid","GHOKWGTUZJEAQD-UHFFFAOYSA-N","CC(C)(CO)C(O)C(=O)NCCC(O)=O","988","Found Concentration in Main Study","DMD302079;DMD302080","DMD302080","Unique Match (by names and pubchem)"
"BMDB00211","Myoinositol","CDAISMWEOUEBRE-GPIVLXJGSA-N","O[C@H]1[C@H](O)[C@@H](O)[C@H](O)[C@H](O)[C@@H]1O","","No record in the main study","DMD302557","DMD302557","Unique Match (by names only)"
"BMDB00212","N-Acetylgalactosamine","OVRNDRQMDRJTHS-CBQIKETKSA-N","CC(=O)N[C@H]1[C@@H](O)O[C@H](CO)[C@H](O)[C@@H]1O","84265","No record in the main study","DMD302099;DMD302556","DMD302099;DMD302556","Multiple Match (by names only)"
"BMDB00213","Myo-inositol 1-phosphate","INAPMGSXUVUWAF-PTQMNWPWSA-N","O[C@H]1[C@H](O)[C@H](O)[C@H](OP(O)(O)=O)[C@@H](O)[C@@H]1O","","No record in the main study",NA,NA,"No Match"
"BMDB00214","Ornithine","AHLPHDHHMVZTML-BYPYZUCNSA-N","NCCC[C@H](N)C(O)=O","6262","No record in the main study",NA,NA,"No Match"
"BMDB00215","N-Acetyl-D-glucosamine","OVRNDRQMDRJTHS-DMHSOCPYSA-N","[H]OC([H])([H])[C@]1([H])O[C@@]([H])(O[H])[C@@]([H])(N([H])C(=O)C([H])([H])[H])[C@]([H])(O[H])[C@@]1([H])O[H]","11861101","Found Concentration in Main Study","DMD302099;DMD305552","DMD302099;DMD305552","Multiple Match (by names only)"
"BMDB00216","Norepinephrine","SFLSHLFXELFNJZ-QMMMGPOBSA-N","NC[C@H](O)C1=CC(O)=C(O)C=C1","439260","No record in the main study",NA,NA,"No Match"
"BMDB00220","Palmitic acid","IPCSVZSSVZVIGE-UHFFFAOYSA-N","CCCCCCCCCCCCCCCC(O)=O","985","No record in the main study","DMD302649","DMD302649","Unique Match (by names and pubchem)"
"BMDB00223","Oxalacetic acid","KHPXUQMNIQBQEV-UHFFFAOYSA-N","OC(=O)CC(=O)C(O)=O","970","No record in the main study",NA,"DMD302081","Unique Match (by pubchem only)"
"BMDB00224","O-Phosphoethanolamine","SUHOOTKUPISOBE-UHFFFAOYSA-N","NCCOP(O)(O)=O","1015","No record in the main study","DMD302547","DMD302547","Unique Match (by names and pubchem)"
"BMDB00226","Orotic acid","PXQPEWDEAKTCGB-UHFFFAOYSA-N","OC(=O)C1=CC(=O)NC(=O)N1","967","Found Concentration in Main Study","DMD302551","DMD302551","Unique Match (by names and pubchem)"
"BMDB00227","Mevalonic acid","KJTLQQUUPVSXIM-UHFFFAOYSA-N","CC(O)(CCO)CC(O)=O","449","No record in the main study",NA,NA,"No Match"
"BMDB00230","N-Acetylneuraminic acid","SQVRNKJHWKZAKO-PFQGKNLYSA-N","CC(=O)N[C@@H]1[C@@H](O)C[C@](O)(O[C@H]1[C@H](O)[C@H](O)CO)C(O)=O","445063","No record in the main study","DMD302097;DMD305250","DMD302097;DMD305250","Multiple Match (by names only)"
"BMDB00234","Testosterone","MUMGGOZAMZWBJJ-DYKIIFRCSA-N","[H][C@@]12CC[C@H](O)[C@@]1(C)CC[C@@]1([H])[C@@]2([H])CCC2=CC(=O)CC[C@]12C","6013","No record in the main study",NA,NA,"No Match"
"BMDB00235","Thiamine","JZRWCGZRTZMZEH-UHFFFAOYSA-N","CC1=C(CCO)SC=[N+]1CC1=CN=C(C)N=C1N","1130","Found Concentration in Main Study","DMD302049","DMD302049","Unique Match (by names and pubchem)"
"BMDB00237","Propionic acid","XBDQKXXYIPTUBI-UHFFFAOYSA-N","CCC(O)=O","1032","Found Concentration in Main Study","DMD302101","DMD302062","Unique Match (by pubchem only)"
"BMDB00239","Pyridoxine","LXNHXLLTXMVWPM-UHFFFAOYSA-N","CC1=C(O)C(CO)=C(CO)C=N1","1054","Found Concentration in Main Study","DMD305443","DMD305443","Unique Match (by names only)"
"BMDB00243","Pyruvic acid","LCTONWCANYUPML-UHFFFAOYSA-N","CC(=O)C(O)=O","1060","Found Concentration in Main Study","DMD302056","DMD302056","Unique Match (by names and pubchem)"
"BMDB00244","Riboflavin","AUNGANRZJHBGPY-SCRDCRAPSA-N","CC1=C(C)C=C2N(C[C@H](O)[C@H](O)[C@H](O)CO)C3=NC(=O)NC(=O)C3=NC2=C1","493570","Found Concentration in Main Study","DMD305582","DMD305582","Unique Match (by names and pubchem)"
"BMDB00246","Tetrahydrofuran","WYURNTSHIVDZCO-UHFFFAOYSA-N","C1CCOC1","8028","No record in the main study",NA,NA,"No Match"
"BMDB00251","Taurine","XOAAWQZATWQOTB-UHFFFAOYSA-N","NCCS(O)(=O)=O","1123","Found Concentration in Main Study","DMD302052;DMD305371","DMD302052","Unique Match (by names and pubchem)"
"BMDB00252","Sphingosine","WWUZIQQURGPMPG-CCEZHUSRSA-N","CCCCCCCCCCCCC\C=C\C(O)C(N)CO","5353955","No record in the main study",NA,NA,"No Match"
"BMDB00254","Succinic acid","KDYFGRWQOYBRFD-UHFFFAOYSA-N","OC(=O)CCC(O)=O","1110","Found Concentration in Main Study","DMD302535","DMD302535","Unique Match (by names and pubchem)"
"BMDB00258","Sucrose","CZMRCDWAGMRECN-UGDNZRGBSA-N","OC[C@H]1O[C@@](CO)(O[C@H]2O[C@H](CO)[C@@H](O)[C@H](O)[C@H]2O)[C@@H](O)[C@@H]1O","5988","No record in the main study","DMD305127","DMD305127","Unique Match (by names and pubchem)"
"BMDB00262","Thymine","RWQNBRDOKXIBIV-UHFFFAOYSA-N","CC1=CNC(=O)NC1=O","1135","No record in the main study",NA,NA,"No Match"
"BMDB00263","Phosphoenolpyruvic acid","DTBNBXWJWCWCIK-UHFFFAOYSA-N","OC(=O)C(=C)OP(O)(O)=O","1005","No record in the main study","DMD305123","DMD302070","Unique Match (by pubchem only)"
"BMDB00265","Liothyronine","AUYYCJSJGJYCDS-LBPRGKRZSA-N","N[C@@H](CC1=CC(I)=C(OC2=CC(I)=C(O)C=C2)C(I)=C1)C(O)=O","5920","No record in the main study",NA,NA,"No Match"
"BMDB00267","Pyroglutamic acid","ODHCTXKNWHHXJC-VKHMYHEASA-N","OC(=O)[C@@H]1CCC(=O)N1","7405","No record in the main study","DMD302057","DMD302057","Unique Match (by names and pubchem)"
"BMDB00271","Sarcosine","FSYKKLYZXJSNPZ-UHFFFAOYSA-N","CNCC(O)=O","1088","No record in the main study",NA,NA,"No Match"
"BMDB00273","Thymidine","IQFYYKKMVGJFEH-XLPZGREQSA-N","CC1=CN([C@H]2C[C@H](O)[C@@H](CO)O2)C(=O)NC1=O","5789","No record in the main study","DMD302048","DMD302048","Unique Match (by names and pubchem)"
"BMDB00283","D-Ribose","HMFHBZSHGGEWLO-SOOFDHNKSA-N","OC[C@H]1OC(O)[C@H](O)[C@@H]1O","5779","No record in the main study","DMD302076;DMD302541","DMD302541","Unique Match (by names and pubchem)"
"BMDB00288","Uridine 5'-monophosphate","DJJCXFVJDGTHFX-XVFCMESISA-N","O[C@H]1[C@@H](O)[C@@H](O[C@@H]1COP(O)(O)=O)N1C=CC(=O)NC1=O","6030","No record in the main study",NA,NA,"No Match"
"BMDB00289","Uric acid","LEHOTFFKMJEONL-UHFFFAOYSA-N","O=C1NC2=C(N1)C(=O)NC(=O)N2","1175","No record in the main study","DMD302527","DMD302527","Unique Match (by names and pubchem)"
"BMDB00292","Xanthine","LRFVTYWOQMYALW-UHFFFAOYSA-N","O=C1NC2=C(NC=N2)C(=O)N1","1188","No record in the main study","DMD305603","DMD305603","Unique Match (by names and pubchem)"
"BMDB00294","Urea","XSQUKJJJFZCRTK-UHFFFAOYSA-N","NC(N)=O","1176","Found Concentration in Main Study","DMD302528","DMD302528","Unique Match (by names and pubchem)"
"BMDB00296","Uridine","DRTQHJPVMGBUCF-XVFCMESISA-N","OC[C@H]1O[C@H]([C@H](O)[C@@H]1O)N1C=CC(=O)NC1=O","6029","Found Concentration in Main Study","DMD302040;DMD305442","DMD302040","Unique Match (by names and pubchem)"
"BMDB00300","Uracil","ISAKRJDGNUQOIC-UHFFFAOYSA-N","O=C1NC=CC(=O)N1","1174","No record in the main study","DMD305597","DMD305597","Unique Match (by names and pubchem)"
"BMDB00305","Vitamin A","FPIPGXGPPPQFEQ-OVSJKPMPSA-N","C\C(=C/CO)\C=C\C=C(/C)\C=C\C1=C(C)CCCC1(C)C","445354","Found Concentration in Main Study",NA,NA,"No Match"
"BMDB00306","Tyramine","DZGWFCGJZKJUFP-UHFFFAOYSA-N","NCCC1=CC=C(O)C=C1","5610","No record in the main study","DMD305595","DMD305595","Unique Match (by names and pubchem)"
"BMDB00307","1b-Hydroxycholic acid","UYVVLXVBEQAATF-WAIVXGPNSA-N","[H][C@@]12CC[C@H]([C@H](C)CCC(O)=O)[C@@]1(C)[C@@H](O)C[C@@]1([H])[C@@]2([H])[C@H](O)C[C@]2([H])C[C@H](O)C[C@@H](O)[C@]12C","5283893","No record in the main study",NA,NA,"No Match"
"BMDB00316","2b,3a,7a,12a-Tetrahydroxy-5b-cholanoic acid","IMMADCCLTPCOKH-DLPNMVJGSA-N","[H][C@@]12C[C@H](O)[C@@H](O)C[C@]1(C)C1C[C@H](O)[C@]3(C)C(CCC3C1[C@H](O)C2)[C@@H](C)CCC(O)=O","53477680","No record in the main study",NA,NA,"No Match"
"BMDB00341","2-Octenedioic acid","BNTPVRGYUHJFHN-HWKANZROSA-N","OC(=O)CCCC\C=C\C(O)=O","6079438","No record in the main study",NA,NA,"No Match"
"BMDB00357","3-Hydroxybutyric acid","WHBMMWSBFZVSSR-UHFFFAOYSA-N","CC(O)CC(O)=O","441","Found Concentration in Main Study","DMD302197","DMD302197","Unique Match (by names and pubchem)"
"BMDB00362","2-Phosphoglyceric acid","GXIURPTVHJPJLF-UHFFFAOYSA-N","OCC(OP(O)(O)=O)C(O)=O","59","No record in the main study",NA,NA,"No Match"
"BMDB00378","2-Methylbutyroylcarnitine","IHCPDBBYTYJYIL-UHFFFAOYSA-N","CCC(C)C(=O)OC(CC([O-])=O)C[N+](C)(C)C","6426901","Found Concentration in Main Study",NA,NA,"No Match"
"BMDB00379","2-Methylcitric acid","YNOXCRMFGMSKIJ-UHFFFAOYSA-N","CC(C(O)=O)C(O)(CC(O)=O)C(O)=O","515","No record in the main study",NA,NA,"No Match"
"BMDB00397","2-Pyrocatechuic acid","GLDQAMYCGOIJDV-UHFFFAOYSA-N","OC(=O)C1=C(O)C(O)=CC=C1","19","No record in the main study",NA,NA,"No Match"
"BMDB00429","17a-Estradiol","VOXZDWNPVJITMN-SFFUCWETSA-N","[H][C@@]12CC[C@@H](O)[C@@]1(C)CC[C@]1([H])C3=C(CC[C@@]21[H])C=C(O)C=C3","68570","No record in the main study",NA,NA,"No Match"
"BMDB00430","24,25-Dihydroxyvitamin D","FCKJYANJHNLEEP-OIMXRAFZSA-N","C[C@H](CCC(O)C(C)(C)O)[C@H]1CC[C@@]2([H])\C(CCC[C@]12C)=C\C=C1\C[C@H](O)CCC1=C","12895043","No record in the main study",NA,NA,"No Match"
"BMDB00440","3-Hydroxyphenylacetic acid","FVMDYYGIDFPZAX-UHFFFAOYSA-N","OC(=O)CC1=CC=CC(O)=C1","12122","No record in the main study",NA,"DMD302194","Unique Match (by pubchem only)"
"BMDB00446","N-Alpha-ccetyllysine","VEYYWZRYIYDQJM-UHFFFAOYSA-N","CC(=O)NC(CCCCN)C(O)=O","192590","No record in the main study",NA,NA,"No Match"
"BMDB00450","5-Hydroxylysine","YSMODUONRAFBET-UHNVWZDZSA-N","NC[C@H](O)CC[C@H](N)C(O)=O","3032849","No record in the main study",NA,NA,"No Match"
"BMDB00452","L-Alpha-aminobutyric acid","QWCKQJZIFLGMSD-VKHMYHEASA-N","CC[C@H](N)C(O)=O","80283","No record in the main study","DMD302662","DMD302662","Unique Match (by names only)"
"BMDB00455","Allocystathionine","ILRYLPWNYFXEMH-ROLXFIACSA-N","N[C@@H](CCSCC(N)C(O)=O)C(O)=O","10104953","No record in the main study",NA,NA,"No Match"
"BMDB00462","Allantoin","POJWUDADGALRAB-UHFFFAOYSA-N","NC(=O)NC1NC(=O)NC1=O","204","No record in the main study","DMD302170","DMD302170","Unique Match (by names and pubchem)"
"BMDB00464","Calcium","BHPQYMZQTOCNFJ-UHFFFAOYSA-N","[Ca++]","271","Found Concentration in Main Study",NA,NA,"No Match"
"BMDB00469","5-Hydroxymethyluracil","JDBGXEHEIRGOBU-UHFFFAOYSA-N","OCC1=CNC(=O)NC1=O","78168","No record in the main study",NA,NA,"No Match"
"BMDB00472","5-Hydroxy-L-tryptophan","LDCYZAJDBXYCGN-UHFFFAOYSA-N","NC(CC1=CNC2=C1C=C(O)C=C2)C(O)=O","144","No record in the main study",NA,NA,"No Match"
"BMDB00474","Butanone","ZWEHNKRNPOVVGH-UHFFFAOYSA-N","CCC(C)=O","6569","No record in the main study",NA,NA,"No Match"
"BMDB00479","3-Methylhistidine","JDHILDINMRGULE-LURJTMIESA-N","CN1C=NC=C1C[C@H](N)C(O)=O","64969","No record in the main study","DMD302191;DMD305470","DMD302191","Unique Match (by names and pubchem)"
"BMDB00482","Caprylic acid","WWZKQHOCKIZLMA-UHFFFAOYSA-N","CCCCCCCC(O)=O","379","Found Concentration in Main Study","DMD302642","DMD302642","Unique Match (by names and pubchem)"
"BMDB00492","Chlorine","VEXZGXHMUGYJMC-UHFFFAOYSA-M","[Cl-]","24526","No record in the main study",NA,NA,"No Match"
"BMDB00499","5-Tetradecenoic acid","AFGUVBVUFZMJMX-MDZDMXLPSA-N","CCCCCCCC\C=C\CCCC(O)=O","5282740","No record in the main study","DMD302252","DMD302252","Unique Match (by names only)"
"BMDB00500","4-Hydroxybenzoic acid","FJKROLUGYXJWQN-UHFFFAOYSA-N","OC(=O)C1=CC=C(O)C=C1","135","No record in the main study",NA,NA,"No Match"
"BMDB00510","Aminoadipic acid","OYIFNHCXNCRBQI-UHFFFAOYSA-N","NC(CCCC(O)=O)C(O)=O","469","Found Concentration in Main Study","DMD305115","DMD305115","Unique Match (by names only)"
"BMDB00511","Capric acid","GHVNFZFCNZKVNT-UHFFFAOYSA-N","CCCCCCCCCC(O)=O","2969","Found Concentration in Main Study","DMD302643","DMD302643","Unique Match (by names and pubchem)"
"BMDB00517","L-Arginine","ODKSFYDXXFIFQN-BYPYZUCNSA-N","N[C@@H](CCCNC(N)=N)C(O)=O","6322","Found Concentration in Main Study","DMD302167;DMD305492","DMD302167","Unique Match (by names and pubchem)"
"BMDB00528","4,5-Dihydroorotic acid","UFIVEPVSAGBUSI-UHFFFAOYSA-N","OC(=O)C1CC(=O)NC(=O)N1","648","No record in the main study",NA,NA,"No Match"
"BMDB00529","5-Dodecenoic acid","IJBFSOLHRKELLR-BQYQJAHWSA-N","[H]\C(CCCCCC)=C(\[H])CCCC(O)=O","5312377","No record in the main study",NA,NA,"No Match"
"BMDB00535","Caproic acid","FUZZWVXGSFPDMH-UHFFFAOYSA-N","CCCCCC(O)=O","8892","No record in the main study","DMD305116","DMD305116","Unique Match (by names and pubchem)"
"BMDB00538","Adenosine triphosphate","ZKHQWZAMYRWXGA-KQYNXXCUSA-N","NC1=NC=NC2=C1N=CN2[C@@H]1O[C@H](COP(O)(=O)OP(O)(=O)OP(O)(O)=O)[C@@H](O)[C@H]1O","5957","No record in the main study",NA,NA,"No Match"
"BMDB00547","Magnesium","JLVVSXFLKOJNIY-UHFFFAOYSA-N","[Mg++]","888","Found Concentration in Main Study",NA,NA,"No Match"
"BMDB00548","TG(10:0/10:0/10:0)[iso]","LADGBHLMCUINGV-UHFFFAOYSA-N","CCCCCCCCCC(=O)OCC(COC(=O)CCCCCCCCC)OC(=O)CCCCCCCCC","69310","No record in the main study",NA,NA,"No Match"
"BMDB00557","L-Alloisoleucine","AGPKZVBTJJNPAG-UHNVWZDZSA-N","CC[C@@H](C)[C@H](N)C(O)=O","99288","No record in the main study","DMD302116;DMD302571;DMD302692;DMD305227;DMD305530","DMD302116;DMD302571;DMD302692;DMD305227;DMD305530","Multiple Match (by names only)"
"BMDB00561","B-Carotene","OENHQHLEOONYIE-JLTXGRSLSA-N","C\C(\C=C\C=C(/C)\C=C\C1=C(C)CCCC1(C)C)=C/C=C/C=C(\C)/C=C/C=C(\C)/C=C/C1=C(C)CCCC1(C)C","5280489","No record in the main study",NA,NA,"No Match"
"BMDB00562","Creatinine","DDRJAANPRJIHGJ-UHFFFAOYSA-N","CN1CC(=O)NC1=N","588","Found Concentration in Main Study","DMD302150;DMD302598;DMD305504","DMD302150;DMD302598","Multiple Match (by names and pubchem)"
"BMDB00564","PC(16:0/16:0)","KILNVBDSWZSGLL-KXQOOQHDSA-N","CCCCCCCCCCCCCCCC(=O)OC[C@H](COP([O-])(=O)OCC[N+](C)(C)C)OC(=O)CCCCCCCCCCCCCCC","452110","Found Concentration in Main Study","DMD305270","DMD305270","Unique Match (by names and pubchem)"
"BMDB00568","D-Arabitol","HEBKCHPVOIAQTA-UHFFFAOYSA-N","OCC(O)C(O)C(O)CO","827","No record in the main study","DMD302168;DMD302564","DMD302543","Unique Match (by pubchem only)"
"BMDB00573","Elaidic acid","ZQPPMHVWECSIRJ-MDZDMXLPSA-N","CCCCCCCC\C=C\CCCCCCCC(O)=O","445639","No record in the main study","DMD302266;DMD302653","DMD302266;DMD302653","Multiple Match (by names and pubchem)"
"BMDB00574","L-Cysteine","XUJNEKJLAYXESH-REOHCLBHSA-N","N[C@@H](CS)C(O)=O","5862","No record in the main study",NA,NA,"No Match"
"BMDB00586","Potassium","NPYPAHLBTDXSSS-UHFFFAOYSA-N","[K+]","813","Found Concentration in Main Study",NA,NA,"No Match"
"BMDB00588","Sodium","FKNQFGJONOIPTF-UHFFFAOYSA-N","[Na+]","923","Found Concentration in Main Study",NA,NA,"No Match"
"BMDB00593","PC(18:1(9Z)/18:1(9Z)) ","SNKAWJBJQDLSFF-NVKMUCNASA-N","[H][C@@](COC(=O)CCCCCCC\C=C/CCCCCCCC)(COP([O-])(=O)OCC[N+](C)(C)C)OC(=O)CCCCCCC\C=C/CCCCCCCC","10350317","Found Concentration in Main Study","DMD302346","DMD302346","Unique Match (by names and pubchem)"
"BMDB00598","Sulfide","UCKMPCXJQFINFW-UHFFFAOYSA-N","[S--]","29109","No record in the main study",NA,NA,"No Match"
"BMDB00599","Chromium","BFGKITSFLPAWGI-UHFFFAOYSA-N","[Cr+3]","27668","Found Concentration in Main Study",NA,NA,"No Match"
"BMDB00606","D-2-Hydroxyglutaric acid","HWXBTNAVRSUOJR-GSVOUGTGSA-N","O[C@H](CCC(O)=O)C(O)=O","439391","No record in the main study","DMD302614","DMD302614","Unique Match (by names only)"
"BMDB00607","Cyanocobalamin","RMRCNWBMXRMIRW-JHUHWLDHSA-L","[Co++].[C]#N.[H][C@@](C)(CN=C(O)CCC1(C)C2=NC([H])([C@]1([H])CC(O)=N)[C@]1(C)NC(=C(C)C3=NC(=CC4=NC(=C2C)[C@@]([H])(CCC([O-])=N)C4(C)C)[C@@]([H])(CCC([O-])=N)[C@]3(C)CC(O)=N)[C@@]([H])(CCC([O-])=N)[C@]1(C)CC(O)=N)OP(O)(=O)O[C@]1([H])[C@@]([H])(CO)O[C@]([H])([N+]2=CNC3=C2C=C(C)C(C)=C3)[C@]1([H])O","","No record in the main study",NA,NA,"No Match"
"BMDB00608","Cobalt","XLJKHNWPARRRJB-UHFFFAOYSA-N","[Co++]","104729","Found Concentration in Main Study",NA,NA,"No Match"
"BMDB00618","D-Ribulose 5-phosphate","KTVPXOYAKDPRHY-OWMBCFKOSA-N","OC1O[C@@H](COP(O)(O)=O)[C@H](O)[C@@H]1O","53477706","No record in the main study","DMD302538","DMD302538","Unique Match (by names only)"
"BMDB00619","Cholic acid","BHQCQFFYRZLCQQ-IATNSQEUSA-N","[H][C@@](C)(CCC(O)=O)[C@@]1([H])CC[C@@]2([H])[C@]3([H])C([H])(O)C[C@]4([H])C[C@]([H])(O)CC[C@]4(C)[C@@]3([H])C[C@]([H])(O)[C@]12C","","No record in the main study","DMD305185","DMD305185","Unique Match (by names only)"
"BMDB00625","Gluconic acid","RGHNJXZEOKUKBD-SQOUGZDYSA-N","OC[C@@H](O)[C@@H](O)[C@H](O)[C@@H](O)C(O)=O","10690","No record in the main study","DMD305219","DMD305219","Unique Match (by names and pubchem)"
"BMDB00628","Epitestosterone","MUMGGOZAMZWBJJ-KZYORJDKSA-N","[H][C@@]12CC[C@@H](O)[C@@]1(C)CC[C@@]1([H])[C@@]2([H])CCC2=CC(=O)CC[C@]12C","6013","No record in the main study",NA,NA,"No Match"
"BMDB00630","Cytosine","OPTASPLRGRRNAP-UHFFFAOYSA-N","NC1=CC=NC(=O)N1","597","No record in the main study",NA,NA,"No Match"
"BMDB00634","Citraconic acid","HNEGQIOMVPPMNR-IHWYPQMZSA-N","C\C(=C\C(O)=O)C(O)=O","643798","No record in the main study",NA,NA,"No Match"
"BMDB00638","Dodecanoic acid","POULHZVOKOAJMA-UHFFFAOYSA-N","CCCCCCCCCCCC(O)=O","3893","No record in the main study","DMD302249","DMD302249","Unique Match (by names and pubchem)"
"BMDB00641","L-Glutamine","ZDXPYRJPNDTMRX-VKHMYHEASA-N","N[C@@H](CCC(N)=O)C(O)=O","5961","Found Concentration in Main Study","DMD302129;DMD302580;DMD305517","DMD302129;DMD302580","Multiple Match (by names and pubchem)"
"BMDB00645","Galactose 1-phosphate","HXXFSFRBOHSIMQ-FPRJBGLDSA-N","OC[C@H]1O[C@H](OP(O)(O)=O)[C@H](O)[C@@H](O)[C@H]1O","123912","No record in the main study","DMD302584;DMD302689","DMD302584;DMD302689","Multiple Match (by names only)"
"BMDB00646","L-Arabinose","SRBFZHDQGSBBOR-HWQSCIPKSA-N","O[C@H]1COC(O)[C@H](O)[C@H]1O","439195","No record in the main study",NA,NA,"No Match"
"BMDB00650","D-Alpha-aminobutyric acid","QWCKQJZIFLGMSD-GSVOUGTGSA-N","CC[C@@H](N)C(O)=O","439691","No record in the main study",NA,NA,"No Match"
"BMDB00657","Copper","JPVYNHNXODAKFH-UHFFFAOYSA-N","[Cu++]","27099","Found Concentration in Main Study",NA,NA,"No Match"
"BMDB00660","D-Fructose","RFSUNEUAIZKAJO-ARQDHWQXSA-N","OC[C@H]1O[C@](O)(CO)[C@@H](O)[C@@H]1O","439709","Found Concentration in Main Study",NA,"DMD302593","Unique Match (by pubchem only)"
"BMDB00662","Fluorine","KRHYYFGTRYWZRS-UHFFFAOYSA-M","[F-]","28179","No record in the main study",NA,NA,"No Match"
"BMDB00663","Glucaric acid","DSLZVSRJTYRBFB-LLEIAEIESA-N","O[C@@H]([C@H](O)[C@@H](O)C(O)=O)[C@H](O)C(O)=O","33037","No record in the main study",NA,NA,"No Match"
"BMDB00666","Heptanoic acid","MNWFXJYAOYHMED-UHFFFAOYSA-N","CCCCCCC(O)=O","8094","No record in the main study",NA,NA,"No Match"
"BMDB00669","Ortho-Hydroxyphenylacetic acid","CCVYRRGZDBSHFU-UHFFFAOYSA-N","OC(=O)CC1=CC=CC=C1O","11970","No record in the main study",NA,NA,"No Match"
"BMDB00670","Homo-L-arginine","QUOGESRFPZDMMT-YFKPBYRVSA-N","N[C@@H](CCCCNC(N)=N)C(O)=O","9085","No record in the main study",NA,NA,"No Match"
"BMDB00673","Linoleic acid","OYHQOLUKZRVURQ-HZJYTTRNSA-N","CCCCC\C=C/C\C=C/CCCCCCCC(O)=O","5280450","No record in the main study","DMD302654","DMD302654","Unique Match (by names and pubchem)"
"BMDB00675","Iodine","PNDPGZBMCMUPRI-UHFFFAOYSA-N","II","807","No record in the main study",NA,NA,"No Match"
"BMDB00684","L-Kynurenine","YGPSJZOEDVAXAB-QMMMGPOBSA-N","N[C@@H](CC(=O)C1=CC=CC=C1N)C(O)=O","161166","No record in the main study",NA,NA,"No Match"
"BMDB00687","L-Leucine","ROHFNLRQFUQHCH-YFKPBYRVSA-N","CC(C)C[C@H](N)C(O)=O","6106","Found Concentration in Main Study","DMD302567","DMD302567","Unique Match (by names and pubchem)"
"BMDB00688","Isovalerylcarnitine","IGQBPDJNUXPEMT-UHFFFAOYSA-N","CC(C)CC(=O)OC(CC([O-])=O)C[N+](C)(C)C","6426851","Found Concentration in Main Study",NA,NA,"No Match"
"BMDB00691","Malonic acid","OFOBLEOULBTSOW-UHFFFAOYSA-N","OC(=O)CC(O)=O","867","No record in the main study",NA,NA,"No Match"
"BMDB00692","Iron","CWYNVVGOOAEACU-UHFFFAOYSA-N","[Fe++]","27284","Found Concentration in Main Study",NA,NA,"No Match"
"BMDB00696","L-Methionine","FFEARJCKVFRZRR-BYPYZUCNSA-N","CSCC[C@H](N)C(O)=O","6137","Found Concentration in Main Study",NA,NA,"No Match"
"BMDB00704","Isoxanthopterin","GLKCOBIIZKYKFN-UHFFFAOYSA-N","NC1=NC(=O)C2=C(N1)NC(=O)C=N2","10729","No record in the main study",NA,NA,"No Match"
"BMDB00707","4-Hydroxyphenylpyruvic acid","ZHLWCBHWYUISFY-UHFFFAOYSA-N","OC(C(=O)C(O)=O)C1=CC=CC=C1","979","No record in the main study",NA,NA,"No Match"
"BMDB00714","Hippuric acid","QIAFMBKCNZACKA-UHFFFAOYSA-N","OC(=O)CNC(=O)C1=CC=CC=C1","464","Found Concentration in Main Study","DMD302574","DMD302574","Unique Match (by names and pubchem)"
"BMDB00716","L-Pipecolic acid","HXEACLLIILLPRG-YFKPBYRVSA-N","OC(=O)[C@@H]1CCCCN1","439227","No record in the main study",NA,NA,"No Match"
"BMDB00718","Isovaleric acid","GWYFCOCPABKNJV-UHFFFAOYSA-N","CC(C)CC(O)=O","10430","Found Concentration in Main Study",NA,NA,"No Match"
"BMDB00719","L-Homoserine","UKAUYVFTDYCKQA-VKHMYHEASA-N","N[C@@H](CCO)C(O)=O","12647","No record in the main study",NA,NA,"No Match"
"BMDB00721","Glycylproline","KZNQNBZMBZJQJO-UHFFFAOYSA-N","NCC(=O)N1CCCC1C(O)=O","79101","No record in the main study",NA,NA,"No Match"
"BMDB00725","Hydroxyproline","PMMYEEVYMWASQN-DMTCNVIQSA-N","O[C@H]1CN[C@@H](C1)C(O)=O","5810","Found Concentration in Main Study",NA,NA,"No Match"
"BMDB00736","Isobutyryl-L-carnitine","LRCNOZRCYBNMEP-UHFFFAOYSA-N","CC(C)C(=O)OC(CC([O-])=O)C[N+](C)(C)C","168379","Found Concentration in Main Study",NA,NA,"No Match"
"BMDB00742","Homocysteine","FFFHZYDWPBMWHY-UHFFFAOYSA-N","NC(CCS)C(O)=O","778","No record in the main study",NA,NA,"No Match"
"BMDB00744","Malic acid","BJEPYKJPYRNKOW-UHFFFAOYSA-N","OC(CC(O)=O)C(O)=O","525","Found Concentration in Main Study","DMD302561","DMD302561","Unique Match (by names and pubchem)"
"BMDB00750","3-Hydroxymandelic acid","OLSDAJRAVOVKLG-UHFFFAOYSA-N","OC(C(O)=O)C1=CC(O)=CC=C1","86957","No record in the main study",NA,NA,"No Match"
"BMDB00755","Hydroxyphenyllactic acid","JVGVDSSUAVXRDY-UHFFFAOYSA-N","OC(CC1=CC=C(O)C=C1)C(O)=O","9378","No record in the main study",NA,"DMD302184","Unique Match (by pubchem only)"
"BMDB00759","Glycyl-L-leucine","DKEXFJVMVGETOO-LURJTMIESA-N","CC(C)C[C@H](NC(=O)CN)C(O)=O","92843","No record in the main study",NA,NA,"No Match"
"BMDB00765","Mannitol","FBPFZTCFMRRESA-KVTDHHQDSA-N","OC[C@@H](O)[C@@H](O)[C@H](O)[C@H](O)CO","6251","No record in the main study","DMD305198","DMD305198","Unique Match (by names only)"
"BMDB00767","Pseudouridine","PTJWIQPHWPFNBW-GBNDHIKLSA-N","OC[C@H]1O[C@H]([C@H](O)[C@@H]1O)C1=CNC(=O)NC1=O","15047","No record in the main study","DMD302060;DMD302544","DMD302060;DMD302544","Multiple Match (by names and pubchem)"
"BMDB00772","Nonadecanoic acid","ISYWECDDZWTKFF-UHFFFAOYSA-N","CCCCCCCCCCCCCCCCCCC(O)=O","12591","No record in the main study",NA,"DMD302270","Unique Match (by pubchem only)"
"BMDB00791","L-Octanoylcarnitine","CXTATJFJDMJMIY-CYBMUJFWSA-N","CCCCCCCC(=O)O[C@H](CC([O-])=O)C[N+](C)(C)C","11953814","No record in the main study",NA,NA,"No Match"
"BMDB00801","Phytanic acid","RLCKHJSFHOZMDR-UHFFFAOYSA-N","CC(C)CCCC(C)CCCC(C)CCCC(C)CC(O)=O","26840","No record in the main study",NA,NA,"No Match"
"BMDB00806","Myristic acid","TUNFSRHWOTWDNC-UHFFFAOYSA-N","CCCCCCCCCCCCCC(O)=O","11005","No record in the main study","DMD302251","DMD302251","Unique Match (by names and pubchem)"
"BMDB00807","3-Phosphoglyceric acid","OSJPPGNTCRNQQC-UHFFFAOYSA-N","OC(COP(O)(O)=O)C(O)=O","724","No record in the main study","DMD302609","DMD302609","Unique Match (by names and pubchem)"
"BMDB00820","Propyl alcohol","BDERNNFJNOPAEC-UHFFFAOYSA-N","CCCO","1031","No record in the main study",NA,NA,"No Match"
"BMDB00821","Phenylacetylglycine","UTYVDVLMYQPLQB-UHFFFAOYSA-N","OC(=O)CNC(=O)CC1=CC=CC=C1","68144","No record in the main study","DMD302072","DMD302072","Unique Match (by names and pubchem)"
"BMDB00824","Propionylcarnitine","UFAHZIUFPNSHSL-UHFFFAOYSA-N","CCC(=O)OC(CC([O-])=O)C[N+](C)(C)C","107738","Found Concentration in Main Study","DMD302061","DMD302061","Unique Match (by names and pubchem)"
"BMDB00825","3'-Sialyllactose","OIZGSVFYNBZVIK-FHHHURIISA-N","[H][C@]1(O[C@@](C[C@H](O)[C@H]1NC(C)=O)(O[C@H]1[C@@H](O)[C@@H](CO)O[C@@H](O[C@H]([C@H](O)CO)[C@H](O)[C@@H](O)C=O)[C@@H]1O)C(O)=O)[C@H](O)[C@H](O)CO","123914","No record in the main study","DMD305472","DMD302618","Unique Match (by pubchem only)"
"BMDB00826","Pentadecanoic acid","WQEPLUUGTLDZJY-UHFFFAOYSA-N","CCCCCCCCCCCCCCC(O)=O","13849","No record in the main study","DMD302253","DMD302253","Unique Match (by names and pubchem)"
"BMDB00827","Stearic acid","QIQXTHQIDYTFRH-UHFFFAOYSA-N","CCCCCCCCCCCCCCCCCC(O)=O","5281","No record in the main study","DMD302652","DMD302652","Unique Match (by names and pubchem)"
"BMDB00828","Ureidosuccinic acid","HLKXYZVTANABHZ-REOHCLBHSA-N","NC(=O)N[C@@H](CC(O)=O)C(O)=O","93072","No record in the main study","DMD302553","DMD302553","Unique Match (by names and pubchem)"
"BMDB00840","Salicyluric acid","ONJSZLXSECQROL-UHFFFAOYSA-N","OC(=O)CNC(=O)C1=CC=CC=C1O","10253","No record in the main study","DMD305252","DMD305252","Unique Match (by names and pubchem)"
"BMDB00847","Pelargonic acid","FBUKVWPVBMHYJY-UHFFFAOYSA-N","CCCCCCCCC(O)=O","8158","No record in the main study","DMD302302","DMD302302","Unique Match (by names and pubchem)"
"BMDB00855","Nicotinamide riboside","JLEBZPBDRKPWTD-TURQNECASA-O","NC(=O)C1=C[N+](=CC=C1)[C@@H]1O[C@H](CO)[C@@H](O)[C@H]1O","439924","No record in the main study","DMD302084","DMD302084","Unique Match (by names and pubchem)"
"BMDB00863","Isopropyl alcohol","KFZMGEQAYNKOFK-UHFFFAOYSA-N","CC(C)O","3776","Found Concentration in Main Study",NA,NA,"No Match"
"BMDB00870","Histamine","NTYJJOPFIAHURM-UHFFFAOYSA-N","NCCC1=CNC=N1","774","No record in the main study",NA,NA,"No Match"
"BMDB00876","Vitamin D3","QYSXJUFSXHHAJI-QWSSABAFSA-N","CC(C)CCC[C@@H](C)[C@H]1CCC2\C(CCC[C@]12C)=C\C=C1\C[C@@H](O)CCC1=C","10883523","Found Concentration in Main Study",NA,NA,"No Match"
"BMDB00883","L-Valine","KZSNJWFQEVHDMF-BYPYZUCNSA-N","CC(C)[C@H](N)C(O)=O","6287","Found Concentration in Main Study","DMD302525;DMD302712","DMD302525","Unique Match (by names and pubchem)"
"BMDB00884","Ribothymidine","DWRXFEITVBNRMK-JXOAFFINSA-N","CC1=CN([C@@H]2O[C@H](CO)[C@@H](O)[C@H]2O)C(=O)NC1=O","445408","No record in the main study",NA,NA,"No Match"
"BMDB00892","Valeric acid","NQPDZGIKBAWPEJ-UHFFFAOYSA-N","CCCCC(O)=O","7991","Found Concentration in Main Study",NA,NA,"No Match"
"BMDB00900","Ergocalciferol","MECHNRXZTMCUDQ-RKHKHRCZSA-N","CC(C)[C@@H](C)\C=C\[C@@H](C)[C@@]1([H])CC[C@@]2([H])\C(CCC[C@]12C)=C\C=C1\C[C@@H](O)CCC1=C","5280793","Found Concentration in Main Study",NA,NA,"No Match"
"BMDB00904","Citrulline","RHGKLRLOHDJJDR-BYPYZUCNSA-N","N[C@@H](CCCNC(N)=O)C(O)=O","9750","Found Concentration in Main Study","DMD302154;DMD305502","DMD302154","Unique Match (by names and pubchem)"
"BMDB00906","Trimethylamine","GETQZCLCWQTVFV-UHFFFAOYSA-N","CN(C)C","1146","No record in the main study","DMD305593","DMD305593","Unique Match (by names and pubchem)"
"BMDB00910","Tridecanoic acid","SZHOJFHSIKHZHA-UHFFFAOYSA-N","CCCCCCCCCCCCC(O)=O","12530","No record in the main study","DMD302250","DMD302250","Unique Match (by names and pubchem)"
"BMDB00925","Trimethylamine N-oxide","UYPYRKYUKCHHIB-UHFFFAOYSA-N","C[N+](C)(C)[O-]","1145","No record in the main study","DMD302047","DMD302047","Unique Match (by names and pubchem)"
"BMDB00929","L-Tryptophan","QIVBCDIJIAJPQS-VIFPVBQESA-N","N[C@@H](CC1=CNC2=CC=CC=C12)C(O)=O","6305","Found Concentration in Main Study","DMD302532","DMD302532","Unique Match (by names and pubchem)"
"BMDB00930","trans-Cinnamic acid","WBYWAXJHAXSJNI-VOTSOKGWSA-N","OC(=O)\C=C\C1=CC=CC=C1","444539","No record in the main study",NA,NA,"No Match"
"BMDB00939","S-Adenosylhomocysteine","ZJUKTBDSGOFHSH-WFMPWKQPSA-N","N[C@@H](CCSC[C@H]1O[C@H]([C@H](O)[C@@H]1O)N1C=NC2=C(N)N=CN=C12)C(O)=O","439155","No record in the main study",NA,NA,"No Match"
"BMDB00943","Threonic acid","JPIJQSOTBSSVTP-GBXIJSLDSA-N","OC[C@@H](O)[C@H](O)C(O)=O","151152","No record in the main study","DMD302534","DMD302569","Unique Match (by pubchem only)"
"BMDB00944","Behenic acid","UKMSUNONTOPOIO-UHFFFAOYSA-N","CCCCCCCCCCCCCCCCCCCCCC(O)=O","8215","No record in the main study",NA,"DMD302281","Unique Match (by pubchem only)"
"BMDB00947","Undecanoic acid","ZDPHROOEEOARMN-UHFFFAOYSA-N","CCCCCCCCCCC(O)=O","8180","No record in the main study",NA,"DMD302248","Unique Match (by pubchem only)"
"BMDB00957","Pyrocatechol","YCIMNLLNPGFGHC-UHFFFAOYSA-N","OC1=CC=CC=C1O","289","No record in the main study","DMD302158","DMD302158","Unique Match (by names and pubchem)"
"BMDB00990","Acetaldehyde","IKHGUXGNUITLKF-UHFFFAOYSA-N","CC=O","177","No record in the main study",NA,NA,"No Match"
"BMDB00991","DL-2-Aminooctanoic acid","AKVBCGQVQXPRLD-UHFFFAOYSA-N","CCCCCCC(N)C(O)=O","69522","No record in the main study",NA,NA,"No Match"
"BMDB00996","3-Sulfinoalanine","WVMUCBHSEHBMKA-REOHCLBHSA-N","N[C@@H](CS(=O)=O)C(O)=O","439270","No record in the main study",NA,NA,"No Match"
"BMDB01015","N-Formyl-L-methionine","PYUSHNKNPOHWEZ-RXMQYKEDSA-N","CSCC[C@@H](NC=O)C(O)=O","6995182","No record in the main study",NA,NA,"No Match"
"BMDB01043","Arachidonic acid","YZXBAPSDXZZRGB-DOFZRALJSA-N","CCCCC\C=C/C\C=C/C\C=C/C\C=C/CCCC(O)=O","444899","No record in the main study","DMD302277","DMD302277","Unique Match (by names and pubchem)"
"BMDB01051","Glyceraldehyde","MNQZXJOMYWMBOU-UHFFFAOYSA-N","OCC(O)C=O","751","No record in the main study","DMD302125","DMD302125","Unique Match (by names and pubchem)"
"BMDB01058","Fructose 1,6-bisphosphate","WSMBXSQDFPTODV-JGWLITMVSA-N","[H][C@]1(O)[C@]([H])(O)[C@]([H])(COP(O)(O)=O)O[C@]1([H])COP(O)(O)=O","445555","No record in the main study",NA,NA,"No Match"
"BMDB01065","2-Hydroxyphenethylamine","ULSIYEODSMZIPX-UHFFFAOYSA-N","NCC(O)C1=CC=CC=C1","1000","No record in the main study","DMD305574;DMD305595","DMD305574","Unique Match (by names and pubchem)"
"BMDB01076","Fructose 1-phosphate","RHKKZBWRNHGJEZ-ARQDHWQXSA-N","OC[C@H]1O[C@](O)(COP(O)(O)=O)[C@@H](O)[C@@H]1O","10400369","No record in the main study",NA,NA,"No Match"
"BMDB01080","4-Aminobutyraldehyde","DZQLQEYLEYWJIB-UHFFFAOYSA-N","NCCCC=O","118","No record in the main study",NA,NA,"No Match"
"BMDB01081","(N-acetylneuraminosyl(a2-6)lactosamine)","RPSBVJXBTXEJJG-LURNZOHQSA-N","[H][C@]1(O[C@@](C[C@H](O)[C@H]1NC(C)=O)(OC[C@H]1O[C@@H](O[C@H]2[C@H](O)[C@@H](NC(C)=O)[C@H](O)O[C@@H]2CO)[C@H](O)[C@@H](O)[C@H]1O)C(O)=O)[C@H](O)[C@H](O)CO","125128","No record in the main study",NA,"DMD302620","Unique Match (by pubchem only)"
"BMDB01095","GDP-L-fucose","LQEBEXMHBLQMDB-QIXZNPMTSA-N","C[C@@H]1OC(OP(O)(=O)OP(O)(=O)OC[C@H]2O[C@H]([C@H](O)[C@@H]2O)N2C=NC3=C2N=C(N)NC3=O)[C@@H](O)[C@H](O)[C@@H]1O","439211","No record in the main study",NA,NA,"No Match"
"BMDB01106","3-Aminopropionaldehyde","PCXDJQZLDDHMGX-UHFFFAOYSA-N","NCCC=O","75","No record in the main study",NA,NA,"No Match"
"BMDB01129","N-Acetylmannosamine","OVRNDRQMDRJTHS-ZTVVOAFPSA-N","[H]C1(O)O[C@]([H])(CO)[C@@]([H])(O)[C@]([H])(O)[C@]1([H])N=C(C)O","439281","No record in the main study","DMD302098;DMD302554","DMD302098","Unique Match (by names and pubchem)"
"BMDB01147","Aminomalonic acid","JINBYESILADKFW-UHFFFAOYSA-N","NC(C(O)=O)C(O)=O","100714","No record in the main study",NA,NA,"No Match"
"BMDB01160","Tricosanoic acid","XEZVDURJDFGERA-UHFFFAOYSA-N","CCCCCCCCCCCCCCCCCCCCCCC(O)=O","17085","No record in the main study",NA,"DMD302288","Unique Match (by pubchem only)"
"BMDB01169","4-Aminophenol","PLIKAWJENQZMHA-UHFFFAOYSA-N","NC1=CC=C(O)C=C1","403","No record in the main study",NA,NA,"No Match"
"BMDB01173","5'-Methylthioadenosine","WUUGFSXJNOTRMR-IOSLPCCCSA-N","CSC[C@H]1O[C@H]([C@H](O)[C@@H]1O)N1C=NC2=C1N=CN=C2N","439176","No record in the main study","DMD302175","DMD302175","Unique Match (by names and pubchem)"
"BMDB01220","Prostaglandin E2","XEYBRNLFEZDVAW-ARSRFYASSA-N","CCCCC[C@H](O)\C=C\[C@H]1[C@H](O)CC(=O)[C@@H]1C\C=C/CCCC(O)=O","5280360","No record in the main study","DMD301922;DMD305318","DMD301922;DMD305318","Multiple Match (by names and pubchem)"
"BMDB01232","4-Nitrophenol","BTJIUGUIPKRLHP-UHFFFAOYSA-N","OC1=CC=C(C=C1)[N+]([O-])=O","980","No record in the main study",NA,NA,"No Match"
"BMDB01238","N-Acetylserotonin","MVAWJSIDNICKHF-UHFFFAOYSA-N","CC(=O)NCCC1=CNC2=C1C=C(O)C=C2","903","No record in the main study",NA,NA,"No Match"
"BMDB01247","Aluminum","REDXJYDRNCIFBQ-UHFFFAOYSA-N","[Al+3]","104727","Found Concentration in Main Study",NA,NA,"No Match"
"BMDB01254","Glucosamine 6-phosphate","XHMJOUIAFHJHBW-UKFBFLRUSA-N","N[C@H]1[C@@H](O)O[C@H](COP(O)(O)=O)[C@@H](O)[C@@H]1O","439217","No record in the main study","DMD302134","DMD302134","Unique Match (by names and pubchem)"
"BMDB01256","Spermine","PFNFFQXMRSDOHW-UHFFFAOYSA-N","NCCCNCCCCNCCCN","1103","No record in the main study",NA,NA,"No Match"
"BMDB01257","Spermidine","ATHGHQPFGPMSJY-UHFFFAOYSA-N","NCCCCNCCCN","1102","Found Concentration in Main Study",NA,NA,"No Match"
"BMDB01262","Maltotriose","FYGDTMLNYKFZSV-DZOUCCHMSA-N","OC[C@H]1O[C@H](O[C@H]2[C@H](O)[C@@H](O)[C@@H](O[C@H]3[C@H](O)[C@@H](O)C(O)O[C@@H]3CO)O[C@@H]2CO)[C@H](O)[C@@H](O)[C@@H]1O","439586","No record in the main study","DMD302560;DMD305542","DMD302560","Unique Match (by names and pubchem)"
"BMDB01263","Allysine","GFXYTQPNNXGICT-UHFFFAOYSA-N","NC(CCCC=O)C(O)=O","207","No record in the main study",NA,NA,"No Match"
"BMDB01264","Dehydroascorbic acid","SBJKKFFYIZUCET-DUZGATOHSA-N","[H][C@@]1(OC(=O)C(=O)C1=O)[C@H](O)CO","210328","No record in the main study",NA,NA,"No Match"
"BMDB01296","Maltotetraose","LUEWUZLMQUOBSB-AYQJAVFRSA-N","OC[C@H]1O[C@H](O[C@H]2[C@H](O)[C@@H](O)[C@@H](O[C@H]3[C@H](O)[C@@H](O)[C@@H](O[C@H]4[C@H](O)[C@@H](O)C(O)O[C@@H]4CO)O[C@@H]3CO)O[C@@H]2CO)[C@H](O)[C@@H](O)[C@@H]1O","439639","No record in the main study","DMD302108","DMD302108","Unique Match (by names only)"
"BMDB01302","Molybdenum","MMVYPOCJESWGTC-UHFFFAOYSA-N","[Mo++]","185498","Found Concentration in Main Study",NA,NA,"No Match"
"BMDB01303","Zinc","PTFCDOFLOPIGGS-UHFFFAOYSA-N","[Zn++]","32051","Found Concentration in Main Study","DMD305096","DMD305096","Unique Match (by names only)"
"BMDB01315","Phosphorus","XYFCBTPGUUZFHI-UHFFFAOYSA-N","P","5462309","Found Concentration in Main Study",NA,NA,"No Match"
"BMDB01316","6-Phosphogluconic acid","BIRSGZKFKXLSJQ-SQOUGZDYSA-N","O[C@H](COP(O)(O)=O)[C@@H](O)[C@H](O)[C@@H](O)C(O)=O","91493","No record in the main study",NA,NA,"No Match"
"BMDB01318","4-Methylpentanal","JGEGJYXHCFUMJF-UHFFFAOYSA-N","CC(C)CCC=O","129","No record in the main study",NA,NA,"No Match"
"BMDB01327","Rubidium","NCCSSGKUIKYAJD-UHFFFAOYSA-N","[Rb+]","105153","Found Concentration in Main Study",NA,NA,"No Match"
"BMDB01333","Manganese","WAEMQWOKJMHJLA-UHFFFAOYSA-N","[Mn++]","27854","Found Concentration in Main Study",NA,NA,"No Match"
"BMDB01341","ADP","XTWYTFMLZFPYCI-KQYNXXCUSA-N","NC1=NC=NC2=C1N=CN2[C@@H]1O[C@H](COP(O)(=O)OP(O)(O)=O)[C@@H](O)[C@H]1O","6022","No record in the main study",NA,NA,"No Match"
"BMDB01349","Selenium","HMUBNCUQSSTAIB-UHFFFAOYSA-N","[Se--]","107674","Found Concentration in Main Study",NA,NA,"No Match"
"BMDB01366","Purine","KDCGOANMDULRCW-UHFFFAOYSA-N","N1C=NC2=C1C=NC=N2","1044","No record in the main study",NA,NA,"No Match"
"BMDB01370","Diaminopimelic acid","GMKMEZVLHJARHF-WHFBIAKZSA-N","N[C@@H](CCC[C@H](N)C(O)=O)C(O)=O","439283","No record in the main study",NA,NA,"No Match"
"BMDB01388","Alpha-Linolenic acid","DTOSIQBPPRVQHS-IUQGRGSQSA-N","[H]\C(CC)=C(\[H])C\C([H])=C(/[H])C\C([H])=C(/[H])CCCCCCCC(O)=O","5282822","No record in the main study","DMD302269","DMD302269","Unique Match (by names only)"
"BMDB01389","Melatonin","DRLFMBDRBRZALE-UHFFFAOYSA-N","COC1=CC2=C(NC=C2CCNC(C)=O)C=C1","896","No record in the main study",NA,NA,"No Match"
"BMDB01392","p-Aminobenzoic acid","ALYNCZNDIQEVRV-UHFFFAOYSA-N","NC1=CC=C(C=C1)C(O)=O","978","No record in the main study",NA,"DMD302189","Unique Match (by pubchem only)"
"BMDB01397","Guanosine monophosphate","RQFCJASXJCIDSX-UUOKFMHZSA-N","NC1=NC2=C(N=CN2[C@@H]2O[C@H](COP(O)(O)=O)[C@@H](O)[C@H]2O)C(=O)N1","6804","No record in the main study",NA,NA,"No Match"
"BMDB01401","Glucose 6-phosphate","NBSCHQHZLSJFNQ-GASJEMHNSA-N","OC1O[C@H](COP(O)(O)=O)[C@@H](O)[C@H](O)[C@H]1O","5958","No record in the main study","DMD302132","DMD302132","Unique Match (by names and pubchem)"
"BMDB01406","Niacinamide","DFPAKSUCGFBDDF-UHFFFAOYSA-N","NC(=O)C1=CC=CN=C1","936","Found Concentration in Main Study","DMD302085","DMD302085","Unique Match (by names and pubchem)"
"BMDB01414","Putrescine","KIDHWZJUCRJVML-UHFFFAOYSA-N","NCCCCN","1045","No record in the main study",NA,NA,"No Match"
"BMDB01425","Estrone sulfate","JKKFKPJIXZFSSB-CBZIJGRNSA-N","C[C@]12CC[C@H]3[C@@H](CCC4=C3C=CC(OS(O)(=O)=O)=C4)[C@@H]1CCC2=O","3001028","No record in the main study",NA,NA,"No Match"
"BMDB01429","Phosphate","NBIIXXVUZAFLBC-UHFFFAOYSA-K","[O-]P([O-])([O-])=O","57424078","No record in the main study","DMD302548","DMD302548","Unique Match (by names only)"
"BMDB01431","Pyridoxamine","NHZMQXZHNVQTQA-UHFFFAOYSA-N","CC1=C(O)C(CN)=C(CO)C=N1","1052","No record in the main study",NA,NA,"No Match"
"BMDB01451","Lipoic acid","AGBQKNBQESQNJD-SSDOTTSWSA-N","OC(=O)CCCC[C@@H]1CCSS1","6112","No record in the main study",NA,NA,"No Match"
"BMDB01475","Zirconium","GBNDTYKAOXLLID-UHFFFAOYSA-N","[Zr+4]","115139","Found Concentration in Main Study",NA,NA,"No Match"
"BMDB01488","Nicotinic acid","PVNIIMVLHYAWGP-UHFFFAOYSA-N","OC(=O)C1=CN=CC=C1","938","No record in the main study",NA,NA,"No Match"
"BMDB01491","Pyridoxal 5'-phosphate","NGVDGCNFYWLIFO-UHFFFAOYSA-N","CC1=NC=C(COP(O)(O)=O)C(C=O)=C1O","1051","No record in the main study",NA,NA,"No Match"
"BMDB01492","Gamma-Tocopherol","QUEDXNHFTDJVIY-UHFFFAOYSA-N","CC(C)CCCC(C)CCCC(C)CCCC1(C)CCC2=CC(O)=C(C)C(C)=C2O1","14986","No record in the main study",NA,NA,"No Match"
"BMDB01511","Phosphocreatine","DRBBFCLWYRJSJZ-UHFFFAOYSA-N","CN(CC(O)=O)C(=N)NP(O)(O)=O","587","Found Concentration in Main Study","DMD302677","DMD302151","Unique Match (by pubchem only)"
"BMDB01514","Glucosamine","MSWZFWKMSRAUBD-HOWGCPQDSA-N","[H][C@@]1(N)C(O)O[C@@]([H])(CO)[C@]([H])(O)[C@@]1([H])O","439213","No record in the main study",NA,NA,"No Match"
"BMDB01518","Alpha-CEHC","AXODOWFEFKOVSH-UHFFFAOYSA-N","CC1=C(C)C2=C(CCC(C)(CCC(O)=O)O2)C(C)=C1O","9943542","No record in the main study",NA,NA,"No Match"
"BMDB01539","Dimethyl-L-arginine","YDGMGEXADBMOMJ-LURJTMIESA-N","N[C@@H](CCC\N=C(/N)N(C)C)C(O)=O","123831","Found Concentration in Main Study","DMD302088","DMD302088","Unique Match (by names only)"
"BMDB01545","Pyridoxal","RADKZDMFGJYCBB-UHFFFAOYSA-N","CC1=NC=C(CO)C(C=O)=C1O","1050","No record in the main study","DMD302058","DMD302058","Unique Match (by names and pubchem)"
"BMDB01548","D-Ribose 5-phosphate","KTVPXOYAKDPRHY-SOOFDHNKSA-N","OC1O[C@H](COP(O)(O)=O)[C@@H](O)[C@H]1O","439167","No record in the main study","DMD302055;DMD302540;DMD305125","DMD305125","Unique Match (by names and pubchem)"
"BMDB01552","2-Keto-glutaramic acid","COJBGNAUUSNXHX-UHFFFAOYSA-N","NC(=O)CCC(=O)C(O)=O","48","No record in the main study",NA,NA,"No Match"
"BMDB01553","2-Oxo-4-methylthiobutanoic acid","SXFSQZDSUWACKX-UHFFFAOYSA-N","CSCCC(=O)C(O)=O","473","No record in the main study",NA,NA,"No Match"
"BMDB01555","Pyridoxamine 5'-phosphate","ZMJGSOSNSPKHNH-UHFFFAOYSA-N","CC1=NC=C(COP(O)(O)=O)C(CN)=C1O","1053","No record in the main study",NA,NA,"No Match"
"BMDB01563","1-Methylguanosine","UTAIYTHAJQNQDW-KQYNXXCUSA-N","CN1C(N)=NC2=C(N=CN2[C@@H]2O[C@H](CO)[C@@H](O)[C@H]2O)C1=O","96373","No record in the main study",NA,NA,"No Match"
"BMDB01565","Phosphorylcholine","YHHSONZFOIEMCP-UHFFFAOYSA-O","C[N+](C)(C)CCOP(O)(O)=O","1014","Found Concentration in Main Study","DMD302702;DMD305576","DMD302702","Unique Match (by names and pubchem)"
"BMDB01586","Glucose 1-phosphate","HXXFSFRBOHSIMQ-GASJEMHNSA-N","OC[C@H]1OC(OP(O)(O)=O)[C@H](O)[C@@H](O)[C@@H]1O","123912","Found Concentration in Main Study","DMD302584;DMD302689","DMD302584;DMD302689","Multiple Match (by names only)"
"BMDB01645","L-Norleucine","LRQKBLKVPFOOQJ-YFKPBYRVSA-N","CCCC[C@H](N)C(O)=O","21236","No record in the main study","DMD302083","DMD302083","Unique Match (by names and pubchem)"
"BMDB01659","Acetone","CSCPPACGZOOCGX-UHFFFAOYSA-N","CC(C)=O","180","Found Concentration in Main Study","DMD302668","DMD302668","Unique Match (by names and pubchem)"
"BMDB01830","Progesterone","RJKFOVLPORLFTN-LEKSSAKUSA-N","[H][C@@]12CC[C@H](C(C)=O)[C@@]1(C)CC[C@@]1([H])[C@@]2([H])CCC2=CC(=O)CC[C@]12C","5994","No record in the main study",NA,NA,"No Match"
"BMDB01854","Tellurium","LHBANKJAFPUZQV-UHFFFAOYSA-N","[Te+4]","115151","Found Concentration in Main Study",NA,NA,"No Match"
"BMDB01858","p-Cresol","IWDCLRJOBJJRNH-UHFFFAOYSA-N","CC1=CC=C(O)C=C1","2879","No record in the main study",NA,NA,"No Match"
"BMDB01859","Acetaminophen","RZVAJINKPMORJF-UHFFFAOYSA-N","CC(=O)NC1=CC=C(O)C=C1","1983","No record in the main study",NA,NA,"No Match"
"BMDB01873","Isobutyric acid","KQNPFQTWMSNSAP-UHFFFAOYSA-N","CC(C)C(O)=O","6590","Found Concentration in Main Study",NA,NA,"No Match"
"BMDB01875","Methanol","OKKJLVBELUTLKV-UHFFFAOYSA-N","CO","887","Found Concentration in Main Study","DMD302698","DMD302698","Unique Match (by names and pubchem)"
"BMDB01882","Dihydroxyacetone","RXKJFZQQPQGTFL-UHFFFAOYSA-N","OCC(=O)CO","670","No record in the main study","DMD302287","DMD302287","Unique Match (by names only)"
"BMDB01890","Acetylcysteine","PWKSKIMOESPYIA-BYPYZUCNSA-N","CC(=O)N[C@@H](CS)C(O)=O","12035","No record in the main study",NA,NA,"No Match"
"BMDB01891","m-Aminobenzoic acid","XFDUHJPVQKIXHO-UHFFFAOYSA-N","NC1=CC=CC(=C1)C(O)=O","7419","No record in the main study",NA,NA,"No Match"
"BMDB01893","Alpha-Tocopherol","GVJHHUAWPYXKBD-IEOSBIPESA-N","CC(C)CCC[C@@H](C)CCC[C@@H](C)CCC[C@]1(C)CCC2=C(O1)C(C)=C(C)C(O)=C2C","14985","Found Concentration in Main Study",NA,NA,"No Match"
"BMDB01903","Calcitriol","GMRQFYUYWCNGIN-NKMMMXOESA-N","C[C@H](CCCC(C)(C)O)[C@@]1([H])CC[C@@]2([H])\C(CCC[C@]12C)=C\C=C1\C[C@@H](O)C[C@H](O)C1=C","5280453","No record in the main study",NA,NA,"No Match"
"BMDB01906","2-Aminoisobutyric acid","FUOOLUPWFVMBKG-UHFFFAOYSA-N","CC(C)(N)C(O)=O","6119","No record in the main study",NA,NA,"No Match"
"BMDB01960","Tin","SYRHIZPPCHMRIT-UHFFFAOYSA-N","[Sn+4]","4077523","No record in the main study",NA,NA,"No Match"
"BMDB01964","Caffeic acid","QAIPRVGONGVQAS-RQOWECAXSA-N","OC(=O)\C=C/C1=CC=C(O)C(O)=C1","1549111","No record in the main study",NA,NA,"No Match"
"BMDB01966","Titanium","LCKIEQZJEYYRIY-UHFFFAOYSA-N","[Ti+4]","114942","Found Concentration in Main Study",NA,NA,"No Match"
"BMDB01976","Docosapentaenoic acid","YEKFYCQGYMVFKR-MBFZXKRTSA-N","[H]\C(CCCCCCCCCCC)=C(\[H])/C(/[H])=C(\[H])/C(/[H])=C(\[H])/C(/[H])=C(\[H])/C(/[H])=C(\[H])C(O)=O","6438348","No record in the main study",NA,NA,"No Match"
"BMDB01999","Eicosapentaenoic acid","JAZBEHYOTPTENJ-JLNKQSITSA-N","CC\C=C/C\C=C/C\C=C/C\C=C/C\C=C/CCCC(O)=O","446284","No record in the main study","DMD302278","DMD302278","Unique Match (by names and pubchem)"
"BMDB02000","Myristoleic acid","YWWVWXASSLXJHU-WAYWQWQTSA-N","CCCC\C=C/CCCCCCCC(O)=O","5281119","No record in the main study","DMD302647","DMD302647","Unique Match (by names and pubchem)"
"BMDB02003","Tetracosanoic acid","QZZGJDVWLFXDLK-UHFFFAOYSA-N","CCCCCCCCCCCCCCCCCCCCCCCC(O)=O","11197","No record in the main study",NA,"DMD302289","Unique Match (by pubchem only)"
"BMDB02005","Methionine sulfoxide","QEFRNWWLZKMPFJ-UHFFFAOYSA-N","CS(=O)CCC(N)C(O)=O","847","No record in the main study",NA,NA,"No Match"
"BMDB02013","Butyrylcarnitine","QWYFHHGCZUCMBN-UHFFFAOYSA-N","CCCC(=O)OC(CC([O-])=O)C[N+](C)(C)C","213144","Found Concentration in Main Study","DMD305445","DMD305445","Unique Match (by names and pubchem)"
"BMDB02014","cis-5-Tetradecenoylcarnitine","NNCBVXBBLABOCB-SEYXRHQNSA-N","CCCCCCCC\C=C/CCCC(=O)OC(CC([O-])=O)C[N+](C)(C)C","22833575","Found Concentration in Main Study",NA,NA,"No Match"
"BMDB02024","Imidazoleacetic acid","PRJKNHOMHKJCEJ-UHFFFAOYSA-N","OC(=O)CC1=CN=CN1","96215","No record in the main study",NA,NA,"No Match"
"BMDB02035","4-Hydroxycinnamic acid","NGSWKAQJJWESNS-ZZXKWVIFSA-N","OC(=O)\C=C\C1=CC=C(O)C=C1","637542","No record in the main study",NA,NA,"No Match"
"BMDB02040","4-Methoxycinnamic acid","AFDXODALSZRGIH-QPJJXVBHSA-N","COC1=CC=C(\C=C\C(O)=O)C=C1","699414","No record in the main study",NA,NA,"No Match"
"BMDB02048","m-Cresol","RLSSMJSEOOYNOY-UHFFFAOYSA-N","CC1=CC=CC(O)=C1","342","No record in the main study",NA,NA,"No Match"
"BMDB02055","o-Cresol","QWVGKYWNOKOFNN-UHFFFAOYSA-N","CC1=CC=CC=C1O","335","No record in the main study",NA,NA,"No Match"
"BMDB02064","N-Acetylputrescine","KLZGKIDSEJWEDW-UHFFFAOYSA-N","CC(=O)NCCCCN","122356","No record in the main study",NA,NA,"No Match"
"BMDB02068","Erucic acid","DPUOLQHDNGRHBS-MDZDMXLPSA-N","[H]\C(CCCCCCCC)=C(\[H])CCCCCCCCCCCC(O)=O","5282772","No record in the main study",NA,NA,"No Match"
"BMDB02092","Itaconic acid","LVHBHZANLOWSRM-UHFFFAOYSA-N","OC(=O)CC(=C)C(O)=O","811","No record in the main study",NA,NA,"No Match"
"BMDB02111","Water","XLYOFNOQVPJJNP-UHFFFAOYSA-N","O","962","No record in the main study",NA,NA,"No Match"
"BMDB02142","Phosphoric acid","NBIIXXVUZAFLBC-UHFFFAOYSA-N","OP(O)(O)=O","57424078","No record in the main study","DMD302548","DMD302548","Unique Match (by names only)"
"BMDB02151","Dimethyl sulfoxide","IAZDPXIOMUYVGZ-UHFFFAOYSA-N","CS(C)=O","679","No record in the main study","DMD302140","DMD302140","Unique Match (by names and pubchem)"
"BMDB02174","Cobalamin","NSLAUEAQDBERRV-UHFFFAOYSA-L","[Co+3].CC(CNC(=O)CCC1(C)C(CC(N)=O)C2[N-]\C1=C(C)/C1=N/C(=C\C3=N\C(=C(C)/C4=NC2(C)C(C)(CC(N)=O)C4CCC(N)=O)\C(C)(CC(N)=O)C3CCC(N)=O)/C(C)(C)C1CCC(N)=O)OP([O-])(=O)OC1C(CO)OC(C1O)N1C=NC2=C1C=C(C)C(C)=C2","6857388","Found Concentration in Main Study",NA,NA,"No Match"
"BMDB02177","8,11,14,17-Eicosatetraenoic acid","HQPCSDADVLFHHO-GFRMADBLSA-N","[H]\C(CC)=C(\[H])C\C([H])=C(/[H])C\C([H])=C(/[H])C\C([H])=C(/[H])CCCCCCC(O)=O","5282842","No record in the main study",NA,NA,"No Match"
"BMDB02183","Docosahexaenoic acid","MBMBGCFOFBJSGT-KUBAVDMBSA-N","CC\C=C/C\C=C/C\C=C/C\C=C/C\C=C/C\C=C/CCC(O)=O","445580","No record in the main study","DMD302287","DMD302287","Unique Match (by names and pubchem)"
"BMDB02196","Bismuth","JDIBGQFKXXXXPN-UHFFFAOYSA-N","[Bi+3]","105143","No record in the main study",NA,NA,"No Match"
"BMDB02209","Equol","ADFCQWZHKCXPAJ-GFCCVEGCSA-N","OC1=CC=C(C=C1)[C@H]1COC2=C(C1)C=CC(O)=C2","91469","No record in the main study",NA,NA,"No Match"
"BMDB02210","2-Phenylglycine","ZGUNAGUHMKGQNY-UHFFFAOYSA-N","NC(C(O)=O)C1=CC=CC=C1","3866","No record in the main study",NA,NA,"No Match"
"BMDB02212","Arachidic acid","VKOBVWXKNCXXDE-UHFFFAOYSA-N","CCCCCCCCCCCCCCCCCCCC(O)=O","10467","No record in the main study","DMD302273","DMD302273","Unique Match (by names and pubchem)"
"BMDB02226","Adrenic acid","TWSWSIQAPQLDBP-CGRWFSSPSA-N","[H]\C(CCCCC)=C(\[H])C\C([H])=C(/[H])C\C([H])=C(/[H])C\C([H])=C(/[H])CCCCCC(O)=O","5282844","No record in the main study","DMD305206","DMD305206","Unique Match (by names only)"
"BMDB02231","Eicosenoic acid","BITHHVVYSMSWAG-KTKRTIGZSA-N","CCCCCCCC\C=C/CCCCCCCCCC(O)=O","5282768","No record in the main study","DMD302274","DMD302274","Unique Match (by names and pubchem)"
"BMDB02250","Dodecanoylcarnitine","FUJLYHJROOYKRA-QGZVFWFLSA-N","CCCCCCCCCCCC(=O)O[C@H](CC([O-])=O)C[N+](C)(C)C","168381","Found Concentration in Main Study",NA,NA,"No Match"
"BMDB02259","Heptadecanoic acid","KEMQGTRYUADPNZ-UHFFFAOYSA-N","CCCCCCCCCCCCCCCCC(O)=O","10465","No record in the main study","DMD302261","DMD302261","Unique Match (by names and pubchem)"
"BMDB02285","2-Indolecarboxylic acid","HCUARRIEZVDMPT-UHFFFAOYSA-N","OC(=O)C1=CC2=C(N1)C=CC=C2","72899","No record in the main study",NA,NA,"No Match"
"BMDB02287","Homocysteine thiolactone","KIWQWJKWBHZMDT-UHFFFAOYSA-N","NC1CCSC1=O","107712","No record in the main study",NA,NA,"No Match"
"BMDB02290","Arsenic","LULLIKNODDLMDQ-UHFFFAOYSA-N","[As+3]","104734","Found Concentration in Main Study",NA,NA,"No Match"
"BMDB02329","Oxalic acid","MUBZPKHOEPUJKR-UHFFFAOYSA-N","OC(=O)C(O)=O","971","No record in the main study",NA,NA,"No Match"
"BMDB02338","Biochanin A","WUADCCWRTIWANL-UHFFFAOYSA-N","COC1=CC=C(C=C1)C1=COC2=CC(O)=CC(O)=C2C1=O","5280373","No record in the main study",NA,NA,"No Match"
"BMDB02339","5-Methoxytryptophan","KVNPSKDDJARYKK-JTQLQIEISA-N","COC1=CC2=C(NC=C2C[C@H](N)C(O)=O)C=C1","151018","No record in the main study",NA,NA,"No Match"
"BMDB02345","Heneicosanoic acid","CKDDRHZIAZRDBW-UHFFFAOYSA-N","CCCCCCCCCCCCCCCCCCCCC(O)=O","16898","No record in the main study",NA,"DMD302279","Unique Match (by pubchem only)"
"BMDB02386","Boron","FRWDHMWMHYXNLW-UHFFFAOYSA-N","[B+3]","5460517","Found Concentration in Main Study",NA,NA,"No Match"
"BMDB02393","N-Methyl-D-aspartic acid","HOKKHZGPKSLGJE-GSVOUGTGSA-N","CN[C@H](CC(O)=O)C(O)=O","22880","No record in the main study",NA,NA,"No Match"
"BMDB02457","Nickel","VEQPNABPJHWNSG-UHFFFAOYSA-N","[Ni++]","934","No record in the main study",NA,NA,"No Match"
"BMDB02503","Vanadium","KOKKJWHERHSKEB-UHFFFAOYSA-N","[V+3]","","Found Concentration in Main Study",NA,NA,"No Match"
"BMDB02511","3,4,5-Trimethoxycinnamic acid","YTFVRYKNXDADBI-SNAWJCMRSA-N","COC1=CC(\C=C\C(O)=O)=CC(OC)=C1OC","735755","No record in the main study",NA,NA,"No Match"
"BMDB02520","Beta-Glycerophosphoric acid","DHCLVCXQIBBOPH-UHFFFAOYSA-N","OCC(CO)OP(O)(O)=O","2526","No record in the main study","DMD302600","DMD302600","Unique Match (by names and pubchem)"
"BMDB02545","Galacturonic acid","IAJILQKETJEXLJ-RSJOWCBRSA-N","O[C@@H](C=O)[C@@H](O)[C@@H](O)[C@H](O)C(O)=O","84740","No record in the main study",NA,NA,"No Match"
"BMDB02670","Naringenin","FTVWIRXFELQLPI-ZDUSSCGKSA-N","[H][C@]1(CC(=O)C2=C(O1)C=C(O)C=C2O)C1=CC=C(O)C=C1","439246","No record in the main study",NA,NA,"No Match"
"BMDB02789","Zeaxanthin","JKQXZKUSFCKOGQ-QAYBQHTQSA-N","C\C(\C=C\C=C(/C)\C=C\C1=C(C)C[C@@H](O)CC1(C)C)=C/C=C/C=C(\C)/C=C/C=C(\C)/C=C/C1=C(C)C[C@@H](O)CC1(C)C","5280899","No record in the main study",NA,NA,"No Match"
"BMDB02815","LysoPC(18:1(9Z))","YAMUFBLWGFFICM-PTGWMXDISA-N","CCCCCCCC\C=C/CCCCCCCC(=O)OC[C@@]([H])(O)COP([O-])(=O)OCC[N+](C)(C)C","16081932","Found Concentration in Main Study","DMD302311","DMD302311","Unique Match (by names and pubchem)"
"BMDB02894","5-Methylcytosine","LRSASMSXMSNRBT-UHFFFAOYSA-N","CC1=C(N)NC(=O)N=C1","65040","No record in the main study",NA,NA,"No Match"
"BMDB02902","Delta-Tocopherol","GZIFEOYASATJEH-VHFRWLAGSA-N","CC(C)CCC[C@@H](C)CCC[C@@H](C)CCC[C@]1(C)CCC2=C(O1)C(C)=CC(O)=C2","92094","No record in the main study",NA,NA,"No Match"
"BMDB02923","Isomaltose","DLRVVLDZNNYCBX-RTPHMHGBSA-N","OC[C@H]1O[C@H](OC[C@H]2OC(O)[C@H](O)[C@@H](O)[C@@H]2O)[C@H](O)[C@@H](O)[C@@H]1O","440656","No record in the main study",NA,NA,"No Match"
"BMDB02925","8,11,14-Eicosatrienoic acid","HOBAELRKJCKHQD-QNEBEIHSSA-N","CCCCC\C=C/C\C=C/C\C=C/CCCCCCC(O)=O","5280581","No record in the main study","DMD302273;DMD302276","DMD302276","Unique Match (by names and pubchem)"
"BMDB03011","O-Acetylserine","VZXPDPZARILFQX-BYPYZUCNSA-N","CC(=O)OC[C@H](N)C(O)=O","99478","No record in the main study",NA,NA,"No Match"
"BMDB03012","Aniline","PAYRUJLWNCNPSJ-UHFFFAOYSA-N","NC1=CC=CC=C1","6115","No record in the main study",NA,NA,"No Match"
"BMDB03217","Genistein","TZBJGXHYKVUXJN-UHFFFAOYSA-N","OC1=CC=C(C=C1)C1=COC2=CC(O)=CC(O)=C2C1=O","5280961","No record in the main study","DMD302177","DMD302177","Unique Match (by names and pubchem)"
"BMDB03227","Methanethiol","LSDPWZHWYPCBBB-UHFFFAOYSA-N","CS","878","No record in the main study",NA,NA,"No Match"
"BMDB03229","Palmitoleic acid","SECPZKHBENQXJG-FPLPWBNLSA-N","CCCCCC\C=C/CCCCCCCC(O)=O","445638","No record in the main study","DMD302257","DMD302257","Unique Match (by names and pubchem)"
"BMDB03231","Vaccenic acid","UWHZIFQPPBDJPM-BQYQJAHWSA-N","CCCCCC\C=C\CCCCCCCCCC(O)=O","5281127","No record in the main study","DMD305601","DMD305601","Unique Match (by names only)"
"BMDB03233","Lutein","KBPHJBAIARWVSC-RTIVXWJOSA-N","O[C@@H]1CC(C)=C(\C=C\C(\C)=C\C=C\C(\C)=C\C=C\C=C(/C)\C=C\C=C(/C)\C=C\[C@H]2C(C)=CC(O)CC2(C)C)C(C)(C)C1","6433159","No record in the main study",NA,NA,"No Match"
"BMDB03276","Hydrogen sulfide","RWSOTUBLDIXVET-UHFFFAOYSA-N","S","402","No record in the main study",NA,NA,"No Match"
"BMDB03312","Daidzein","ZQSIJRDFPHDXIC-UHFFFAOYSA-N","OC1=CC=C(C=C1)C1=COC2=C(C=CC(O)=C2)C1=O","5281708","No record in the main study",NA,NA,"No Match"
"BMDB03331","1-Methyladenosine","GFYLSDSUCHVORB-IOSLPCCCSA-N","CN1C=NC2=C(N=CN2[C@@H]2O[C@H](CO)[C@@H](O)[C@H]2O)C1=N","27476","No record in the main study","DMD302210","DMD302210","Unique Match (by names and pubchem)"
"BMDB03338","Hydroxylamine","AVXURJPOCDRRFD-UHFFFAOYSA-N","NO","787","No record in the main study",NA,NA,"No Match"
"BMDB03349","L-Dihydroorotic acid","UFIVEPVSAGBUSI-REOHCLBHSA-N","OC(=O)[C@@H]1CC(=O)NC(=O)N1","439216","No record in the main study",NA,"DMD302142","Unique Match (by pubchem only)"
"BMDB03355","5-Aminopentanoic acid","JJMDCOVWQOJGCB-UHFFFAOYSA-N","NCCCCC(O)=O","138","No record in the main study",NA,NA,"No Match"
"BMDB03357","N-Acetylornithine","JRLGPAXAGHMNOL-LURJTMIESA-N","CC(=O)N[C@@H](CCCN)C(O)=O","439232","Found Concentration in Main Study",NA,NA,"No Match"
"BMDB03361","Pyrimidine","CZPWVGJYEJSRLH-UHFFFAOYSA-N","C1=CN=CN=C1","9260","No record in the main study",NA,NA,"No Match"
"BMDB03371","L-Ribulose","LQXVFWRQNMEDEE-OVEKKEMJSA-N","OCC1(O)OC[C@@H](O)[C@@H]1O","439204","No record in the main study","DMD302539","DMD302539","Unique Match (by names only)"
"BMDB03375","(-)-Limonene","XMGQYMWWDOXHJM-SNVBAGLBSA-N","CC(=C)[C@H]1CCC(C)=CC1","439250","No record in the main study",NA,NA,"No Match"
"BMDB03378","Nitric oxide","MWUXSHHQAYIFBG-UHFFFAOYSA-N","[N]=O","145068","No record in the main study",NA,NA,"No Match"
"BMDB03402","Pectin","AEMOLEFTQBMNLQ-DTEWXJGMSA-N","O[C@@H]1O[C@@H]([C@H](O)[C@H](O)[C@H]1O)C(O)=O","441476","No record in the main study","DMD302563;DMD305604","DMD302563;DMD305604","Multiple Match (by names only)"
"BMDB03407","Diacetyl","QSJXEFYPDANLFS-UHFFFAOYSA-N","CC(=O)C(C)=O","650","No record in the main study",NA,NA,"No Match"
"BMDB03429","Cob(I)alamin","SJBNFITWNDPBKE-FWTZXHJXSA-N","[Co].[H]C1=C2N=C(\C(C)=C3/N=C([C@]([H])(CC(O)=N)[C@@]3(C)CCC(O)=NCC([H])(C)OP(O)(=O)OC3([H])[C@]([H])(CO)OC([H])(N4C=NC5=C4C=C(C)C(C)=C5)C3([H])O)[C@]3(C)N=C(\C(C)=C4/N=C1[C@@]([H])(CCC(O)=N)[C@]4(C)CC(O)=N)[C@@]([H])(CCC(O)=N)[C@]3(C)CC(O)=N)[C@@]([H])(CCC(O)=N)C2(C)C","53477772","No record in the main study",NA,NA,"No Match"
"BMDB03431","L-Histidinol","ZQISRDCJNBUVMM-YFKPBYRVSA-N","N[C@H](CO)CC1=CN=CN1","165271","No record in the main study",NA,NA,"No Match"
"BMDB03449","Beta-D-Galactose","WQZGKKKJIJFFOK-FPRJBGLDSA-N","OC[C@H]1O[C@@H](O)[C@H](O)[C@@H](O)[C@H]1O","439353","No record in the main study",NA,NA,"No Match"
"BMDB03459","D-Alanyl-D-alanine","DEFJQIDDEAULHB-QWWZWVQMSA-N","C[C@@H](N)C(=O)N[C@H](C)C(O)=O","5460362","No record in the main study",NA,NA,"No Match"
"BMDB03543","Butanal","ZTQSAGDEMFDKMZ-UHFFFAOYSA-N","CCCC=O","261","No record in the main study",NA,NA,"No Match"
"BMDB03550","Calcidiol","JWUBBDSIWDLEOM-DTOXIADCSA-N","C[C@H](CCCC(C)(C)O)[C@@]1([H])CC[C@@]2([H])\C(CCC[C@]12C)=C\C=C1\C[C@@H](O)CCC1=C","5283731","Found Concentration in Main Study",NA,NA,"No Match"
"BMDB03555","Vitamin K1","MBWXNTAXLNYFJB-LKUDQCMESA-N","CC(C)CCCC(C)CCCC(C)CCC\C(C)=C\CC1=C(C)C(=O)C2=CC=CC=C2C1=O","5280483","Found Concentration in Main Study",NA,NA,"No Match"
"BMDB03625","Mercury","BQPIGGFYSBELGY-UHFFFAOYSA-N","[Hg++]","26623","No record in the main study",NA,NA,"No Match"
"BMDB03638","Cadmium","WLZRMCYVCSSEQC-UHFFFAOYSA-N","[Cd++]","31193","Found Concentration in Main Study",NA,NA,"No Match"
"BMDB03642","Strontium","PWYYWQHXAPXYMF-UHFFFAOYSA-N","[Sr++]","104798","Found Concentration in Main Study",NA,NA,"No Match"
"BMDB03671","2-Heptanone","CATSNJVOTSVZJV-UHFFFAOYSA-N","CCCCCC(C)=O","8051","No record in the main study",NA,NA,"No Match"
"BMDB03681","4-Acetamidobutanoic acid","UZTFMUBKZQVKLK-UHFFFAOYSA-N","CC(=O)NCCCC(O)=O","18189","No record in the main study",NA,NA,"No Match"
"BMDB03797","Bovinic acid","JBYXPOFIGCOSSB-GOJKSUSPSA-N","CCCCCC\C=C\C=C/CCCCCCCC(O)=O","5280644","No record in the main study","DMD302268","DMD302268","Unique Match (by names only)"
"BMDB03911","3-Aminoisobutanoic acid","QCHPKSFMDHPSNR-UHFFFAOYSA-N","CC(CN)C(O)=O","64956","No record in the main study",NA,NA,"No Match"
"BMDB04095","5-Methoxytryptamine","JTEJPPKMYBDEMY-UHFFFAOYSA-N","COC1=CC2=C(NC=C2CCN)C=C1","1833","No record in the main study",NA,NA,"No Match"
"BMDB04096","5-Methoxyindoleacetate","COCNDHOPIHDTHK-UHFFFAOYSA-N","COC1=CC2=C(NC=C2CC(O)=O)C=C1","18986","No record in the main study",NA,NA,"No Match"
"BMDB04118","Antimony","FAWGZAFXDJGWBB-UHFFFAOYSA-N","[Sb+3]","104894","No record in the main study",NA,NA,"No Match"
"BMDB04142","Barium","XDFCIPNJCBUZJN-UHFFFAOYSA-N","[Ba++]","104810","Found Concentration in Main Study",NA,NA,"No Match"
"BMDB04215","3,3',4'5-Tetrahydroxystilbene","CDRPUGZCRXZLFL-OWOJBTEDSA-N","OC1=CC(\C=C\C2=CC(O)=C(O)C=C2)=CC(O)=C1","667639","No record in the main study",NA,NA,"No Match"
"BMDB04327","1-Butanol","LRHPLDYGYMQRHN-UHFFFAOYSA-N","CCCCO","263","No record in the main study",NA,NA,"No Match"
"BMDB04370","N-Methyltryptamine","NCIKQJBVUNUXLW-UHFFFAOYSA-N","CNCCC1=CNC2=CC=CC=C12","6088","No record in the main study",NA,NA,"No Match"
"BMDB04437","Diethanolamine","ZBCBWPMODOFKDW-UHFFFAOYSA-N","OCCNCCO","8113","No record in the main study",NA,NA,"No Match"
"BMDB04483","Estrone glucuronide","FJAZVHYPASAQKM-JBAURARKSA-N","[H][C@@]12CCC(=O)[C@@]1(C)CC[C@]1([H])C3=CC=C(O[C@@H]4O[C@@H]([C@@H](O)[C@H](O)[C@H]4O)C(O)=O)C=C3CC[C@@]21[H]","115255","No record in the main study",NA,NA,"No Match"
"BMDB04628","Lead","RVPVRDXYQKGNMQ-UHFFFAOYSA-N","[Pb++]","73212","Found Concentration in Main Study",NA,NA,"No Match"
"BMDB04983","Dimethyl sulfone","HHVIBTZHLRERCL-UHFFFAOYSA-N","CS(C)(=O)=O","6213","Found Concentration in Main Study","DMD302680","DMD302680","Unique Match (by names and pubchem)"
"BMDB05047","9E,11E-Octadecadienoic acid","JBYXPOFIGCOSSB-XBLVEGMJSA-N","CCCCCC\C=C\C=C\CCCCCCCC(O)=O","5280644","No record in the main study","DMD302268","DMD302268","Unique Match (by names only)"
"BMDB05048","10E,12Z-Octadecadienoic acid","JBYXPOFIGCOSSB-UQGDGPGGSA-N","CCCCCC\C=C/C=C/CCCCCCCC(O)=O","5280644","No record in the main study","DMD302268","DMD302268","Unique Match (by names only)"
"BMDB05056","Enterodiol","DWONJCNDULPHLV-HOTGVXAUSA-N","OC[C@H](CC1=CC(O)=CC=C1)[C@H](CO)CC1=CC(O)=CC=C1","115089","No record in the main study",NA,NA,"No Match"
"BMDB05060","Eicosadienoic acid","XSXIVVZCUAHUJO-HZJYTTRNSA-N","CCCCC\C=C/C\C=C/CCCCCCCCCC(O)=O","6439848","No record in the main study","DMD302275","DMD302275","Unique Match (by names and pubchem)"
"BMDB05066","Tetradecanoylcarnitine","PSHXNVGSVNEJBD-LJQANCHMSA-N","CCCCCCCCCCCCCC(=O)O[C@H](CC([O-])=O)C[N+](C)(C)C","53477791","Found Concentration in Main Study",NA,NA,"No Match"
"BMDB05356","TG(16:0/16:0/16:0)[iso]","PVNIQBQSYATKKL-UHFFFAOYSA-N","CCCCCCCCCCCCCCCC(=O)OCC(COC(=O)CCCCCCCCCCCCCCC)OC(=O)CCCCCCCCCCCCCCC","11147","No record in the main study","DMD305413","DMD305413","Unique Match (by names and pubchem)"
"BMDB05357","TG(16:0/16:0/18:0)[iso3]","DQKMNCLZNGAXNX-VCZQVZGSSA-N","CCCCCCCCCCCCCCCCCC(=O)OC[C@@H](COC(=O)CCCCCCCCCCCCCCC)OC(=O)CCCCCCCCCCCCCCC","99649112","No record in the main study",NA,NA,"No Match"
"BMDB05358","TG(16:0/16:0/20:0)[iso3]","YDZWEVBRICYXOV-OIVUAWODSA-N","CCCCCCCCCCCCCCCCCCCC(=O)OC[C@@H](COC(=O)CCCCCCCCCCCCCCC)OC(=O)CCCCCCCCCCCCCCC","","No record in the main study",NA,NA,"No Match"
"BMDB05359","TG(16:0/16:0/16:1(9Z))[iso3]","FEKLSEFRUGWUOS-DLOIZKPKSA-N","CCCCCCCCCCCCCCCC(=O)OC[C@H](COC(=O)CCCCCCC\C=C/CCCCCC)OC(=O)CCCCCCCCCCCCCCC","9543986","Found Concentration in Main Study","DMD302468","DMD302468","Unique Match (by names and pubchem)"
"BMDB05360","TG(16:0/16:0/18:1(9Z))[iso3]","YHMDGPZOSGBQRH-YYSBDVFPSA-N","CCCCCCCCCCCCCCCC(=O)OC[C@H](COC(=O)CCCCCCC\C=C/CCCCCCCC)OC(=O)CCCCCCCCCCCCCCC","25240460","No record in the main study","DMD302475","DMD302475","Unique Match (by names and pubchem)"
"BMDB05361","TG(16:0/16:0/20:1(11Z))[iso3]","XRTUKMLVVRMOLM-PLYDGSRGSA-N","CCCCCCCCCCCCCCCC(=O)OC[C@H](COC(=O)CCCCCCCCC\C=C/CCCCCCCC)OC(=O)CCCCCCCCCCCCCCC","9544062","No record in the main study",NA,NA,"No Match"
"BMDB05362","TG(16:0/16:0/18:2(9Z,12Z))[iso3]","MTWYSKGJIDFSRC-IICCMCGVSA-N","CCCCCCCCCCCCCCCC(=O)OC[C@H](COC(=O)CCCCCCC\C=C/C\C=C/CCCCC)OC(=O)CCCCCCCCCCCCCCC","25240356","Found Concentration in Main Study",NA,NA,"No Match"
"BMDB05363","TG(16:0/16:0/20:4(5Z,8Z,11Z,14Z))[iso3]","FTMDHBKIGZUTJX-MRKXGPBNSA-N","CCCCCCCCCCCCCCCC(=O)OC[C@H](COC(=O)CCC\C=C/C\C=C/C\C=C/C\C=C/CCCCC)OC(=O)CCCCCCCCCCCCCCC","9544125","Found Concentration in Main Study",NA,NA,"No Match"
"BMDB05365","TG(16:0/18:0/18:0)[iso3]","SDNYRTVJOFMYIW-UHFFFAOYSA-N","CCCCCCCCCCCCCCCCCC(=O)OCC(COC(=O)CCCCCCCCCCCCCCC)OC(=O)CCCCCCCCCCCCCCCCC","99647664","No record in the main study","DMD305418","DMD305418","Unique Match (by names only)"
"BMDB05366","TG(16:0/18:0/20:0)[iso6]","DHDAMQPBPJWJEI-AXAMJWTMSA-N","CCCCCCCCCCCCCCCCCCCC(=O)OC[C@@H](COC(=O)CCCCCCCCCCCCCCC)OC(=O)CCCCCCCCCCCCCCCCC","","No record in the main study",NA,NA,"No Match"
"BMDB05367","TG(16:0/18:0/18:1(9Z))[iso6]","NPCZZYKITFKRQZ-RFBIWTDZSA-N","CCCCCCCCCCCCCCCCCC(=O)OC(COC(=O)CCCCCCCCCCCCCCC)COC(=O)CCCCCCC\C=C/CCCCCCCC","5365005","No record in the main study",NA,"DMD305419","Unique Match (by pubchem only)"
"BMDB05369","TG(16:0/18:0/18:2(9Z,12Z))[iso6]","MDCUASFVKLEFPW-AXYZMXSISA-N","CCCCCCCCCCCCCCCCCC(=O)O[C@H](COC(=O)CCCCCCCCCCCCCCC)COC(=O)CCCCCCC\C=C/C\C=C/CCCCC","9544069","Found Concentration in Main Study",NA,NA,"No Match"
"BMDB05370","TG(16:0/18:0/20:4(5Z,8Z,11Z,14Z))[iso6]","IBSUTTNKAUSOHR-RHFYBLIZSA-N","CCCCCCCCCCCCCCCCCC(=O)O[C@H](COC(=O)CCCCCCCCCCCCCCC)COC(=O)CCC\C=C/C\C=C/C\C=C/C\C=C/CCCCC","9544279","Found Concentration in Main Study",NA,NA,"No Match"
"BMDB05374","TG(16:0/16:1(9Z)/18:0)[iso6]","YSNGWXHIKNKBNE-NURROHNTSA-N","CCCCCCCCCCCCCCCCCC(=O)OC[C@@H](COC(=O)CCCCCCCCCCCCCCC)OC(=O)CCCCCCC\C=C/CCCCCC","9544004","Found Concentration in Main Study",NA,NA,"No Match"
"BMDB05375","TG(16:0/16:1(9Z)/20:0)[iso6]","XFUMCVMRUALVIH-FQFQCYJKSA-N","CCCCCCCCCCCCCCCCCCCC(=O)OC[C@@H](COC(=O)CCCCCCCCCCCCCCC)OC(=O)CCCCCCC\C=C/CCCCCC","9544061","No record in the main study",NA,NA,"No Match"
"BMDB05376","TG(16:0/16:1(9Z)/16:1(9Z))[iso3]","RUOVJPPUXXFZPC-YZEIBMOJSA-N","CCCCCCCCCCCCCCCC(=O)OC[C@H](COC(=O)CCCCCCC\C=C/CCCCCC)OC(=O)CCCCCCC\C=C/CCCCCC","9543987","Found Concentration in Main Study","DMD302469","DMD302469","Unique Match (by names and pubchem)"
"BMDB05377","TG(16:0/16:1(9Z)/18:1(9Z))[iso6]","TWJCMQZMAPGUSG-JMFJKIOKSA-N","CCCCCCCCCCCCCCCC(=O)OC[C@H](COC(=O)CCCCCCC\C=C/CCCCCCCC)OC(=O)CCCCCCC\C=C/CCCCCC","9544011","Found Concentration in Main Study",NA,NA,"No Match"
"BMDB05378","TG(16:0/16:1(9Z)/20:1(11Z))[iso6]","IHIYITLVGJUTBO-BPSHQJQISA-N","CCCCCCCCCCCCCCCC(=O)OC[C@H](COC(=O)CCCCCCCCC\C=C/CCCCCCCC)OC(=O)CCCCCCC\C=C/CCCCCC","9544079","Found Concentration in Main Study",NA,NA,"No Match"
"BMDB05379","TG(16:0/16:1(9Z)/18:2(9Z,12Z))[iso6]","HDFLQJUGWGNORO-BJPYDGQASA-N","CCCCCCCCCCCCCCCC(=O)OC[C@H](COC(=O)CCCCCCC\C=C/C\C=C/CCCCC)OC(=O)CCCCCCC\C=C/CCCCCC","9544021","Found Concentration in Main Study",NA,NA,"No Match"
"BMDB05380","TG(16:0/16:1(9Z)/20:4(5Z,8Z,11Z,14Z))[iso6]","BURBQZUNMNAKMA-UQVRGOOMSA-N","CCCCCCCCCCCCCCCC(=O)OC[C@H](COC(=O)CCC\C=C/C\C=C/C\C=C/C\C=C/CCCCC)OC(=O)CCCCCCC\C=C/CCCCCC","9544150","Found Concentration in Main Study",NA,NA,"No Match"
"BMDB05382","TG(16:0/18:1(9Z)/18:1(9Z))[iso3]","JFISYPWOVQNHLS-LBXGSASVSA-N","CCCCCCCCCCCCCCCC(=O)OCC(COC(=O)CCCCCCC\C=C/CCCCCCCC)OC(=O)CCCCCCC\C=C/CCCCCCCC","25240174","Found Concentration in Main Study",NA,NA,"No Match"
"BMDB05383","TG(16:0/18:1(9Z)/20:1(11Z))[iso6]","FPUBLSPUCGHELU-AWEKCPRFSA-N","CCCCCCCCCCCCCCCC(=O)OC[C@H](COC(=O)CCCCCCCCC\C=C/CCCCCCCC)OC(=O)CCCCCCC\C=C/CCCCCCCC","9544199","Found Concentration in Main Study",NA,NA,"No Match"
"BMDB05384","TG(16:0/18:1(9Z)/18:2(9Z,12Z))[iso6]","KGLAHZTWGPHKFF-RISKEULASA-N","CCCCCCCCCCCCCCCC(=O)OC[C@H](COC(=O)CCCCCCC\C=C/C\C=C/CCCCC)OC(=O)CCCCCCC\C=C/CCCCCCCC","25240361","Found Concentration in Main Study",NA,NA,"No Match"
"BMDB05385","TG(16:0/18:1(9Z)/20:4(5Z,8Z,11Z,14Z))[iso6]","KKABVOCYVJCRKP-PZOQESJISA-N","CCCCCCCCCCCCCCCC(=O)OC[C@H](COC(=O)CCC\C=C/C\C=C/C\C=C/C\C=C/CCCCC)OC(=O)CCCCCCC\C=C/CCCCCCCC","9544319","Found Concentration in Main Study",NA,NA,"No Match"
"BMDB05386","TG(16:0/20:1(11Z)/20:1(11Z))[iso3]","OJBGBKUEIBXOEG-YYEKOYDESA-N","CCCCCCCCCCCCCCCC(=O)OC[C@H](COC(=O)CCCCCCCCC\C=C/CCCCCCCC)OC(=O)CCCCCCCCC\C=C/CCCCCCCC","9544392","No record in the main study",NA,NA,"No Match"
"BMDB05388","TG(16:0/18:2(9Z,12Z)/20:0)[iso6]","KWUMWJZHUAQZMT-IEHWOXSQSA-N","CCCCCCCCCCCCCCCCCCCC(=O)OC[C@@H](COC(=O)CCCCCCCCCCCCCCC)OC(=O)CCCCCCC\C=C/C\C=C/CCCCC","9544195","Found Concentration in Main Study",NA,NA,"No Match"
"BMDB05389","TG(16:0/18:2(9Z,12Z)/20:1(11Z))[iso6]","YZEDZPDPXZLZNB-YIECYNBOSA-N","CCCCCCCCCCCCCCCC(=O)OC[C@H](COC(=O)CCCCCCCCC\C=C/CCCCCCCC)OC(=O)CCCCCCC\C=C/C\C=C/CCCCC","9544231","Found Concentration in Main Study",NA,NA,"No Match"
"BMDB05390","TG(16:0/18:2(9Z,12Z)/18:2(9Z,12Z))[iso3]","LXAWUIOWWNQCQA-HFHWEOLTSA-N","CCCCCCCCCCCCCCCC(=O)OC[C@H](COC(=O)CCCCCCC\C=C/C\C=C/CCCCC)OC(=O)CCCCCCC\C=C/C\C=C/CCCCC","25240363","Found Concentration in Main Study",NA,NA,"No Match"
"BMDB05391","TG(16:0/18:2(9Z,12Z)/20:4(5Z,8Z,11Z,14Z))[iso6]","NIQCHCDUIPSWDJ-DODJOXOJSA-N","CCCCCCCCCCCCCCCC(=O)OC[C@H](COC(=O)CCC\C=C/C\C=C/C\C=C/C\C=C/CCCCC)OC(=O)CCCCCCC\C=C/C\C=C/CCCCC","9544362","Found Concentration in Main Study",NA,NA,"No Match"
"BMDB05393","TG(18:0/18:0/18:0)","DCXXMTOCNZCJGO-UHFFFAOYSA-N","CCCCCCCCCCCCCCCCCC(=O)OCC(COC(=O)CCCCCCCCCCCCCCCCC)OC(=O)CCCCCCCCCCCCCCCCC","11146","No record in the main study",NA,NA,"No Match"
"BMDB05395","TG(18:0/18:0/18:1(9Z))[iso3]","YFFIQXNTTVSKJC-NZEOUKRFSA-N","CCCCCCCCCCCCCCCCCC(=O)OC[C@H](COC(=O)CCCCCCC\C=C/CCCCCCCC)OC(=O)CCCCCCCCCCCCCCCCC","16058371","No record in the main study","DMD305422","DMD305422","Unique Match (by names and pubchem)"
"BMDB05397","TG(18:0/18:0/18:2(9Z,12Z))[iso3]","ABFJWRKPWCFTQP-JKFVOKSPSA-N","CCCCCCCCCCCCCCCCCC(=O)OC[C@H](COC(=O)CCCCCCC\C=C/C\C=C/CCCCC)OC(=O)CCCCCCCCCCCCCCCCC","25240368","Found Concentration in Main Study",NA,NA,"No Match"
"BMDB05403","TG(18:0/18:1(9Z)/18:1(9Z))[iso3]","RYNHWWNZNIGDAQ-BMTCQUSZSA-N","CCCCCCCCCCCCCCCCCC(=O)OC[C@H](COC(=O)CCCCCCC\C=C/CCCCCCCC)OC(=O)CCCCCCC\C=C/CCCCCCCC","16058372","Found Concentration in Main Study",NA,NA,"No Match"
"BMDB05404","TG(18:0/18:1(9Z)/20:1(11Z))[iso6]","OWMDNFFJJVRJMG-BMPUKRIOSA-N","CCCCCCCCCCCCCCCCCC(=O)OC[C@H](COC(=O)CCCCCCCCC\C=C/CCCCCCCC)OC(=O)CCCCCCC\C=C/CCCCCCCC","25240375","No record in the main study",NA,NA,"No Match"
"BMDB05405","TG(18:0/18:1(9Z)/18:2(9Z,12Z))[iso6]","CNGSOZKJBWHOEG-KRNHIMMGSA-N","CCCCCCCCCCCCCCCCCC(=O)OC[C@H](COC(=O)CCCCCCC\C=C/C\C=C/CCCCC)OC(=O)CCCCCCC\C=C/CCCCCCCC","9544216","Found Concentration in Main Study",NA,NA,"No Match"
"BMDB05407","TG(18:0/20:1(11Z)/20:1(11Z))[iso3]","AFFQVAIMWFYJJS-DTHFMEMVSA-N","CCCCCCCCCCCCCCCCCC(=O)OC[C@H](COC(=O)CCCCCCCCC\C=C/CCCCCCCC)OC(=O)CCCCCCCCC\C=C/CCCCCCCC","9544680","No record in the main study",NA,NA,"No Match"
"BMDB05409","TG(18:0/18:2(9Z,12Z)/20:0)[iso6]","PDEQUPGHMOMBFC-FYEHETCMSA-N","CCCCCCCCCCCCCCCCCCCC(=O)OC[C@@H](COC(=O)CCCCCCCCCCCCCCCCC)OC(=O)CCCCCCC\C=C/C\C=C/CCCCC","9544390","No record in the main study","DMD302508","DMD302508","Unique Match (by names and pubchem)"
"BMDB05411","TG(18:0/18:2(9Z,12Z)/18:2(9Z,12Z))[iso3]","PJHDLKOEJMDTBE-XSHDOBLLSA-N","CCCCCCCCCCCCCCCCCC(=O)OC[C@H](COC(=O)CCCCCCC\C=C/C\C=C/CCCCC)OC(=O)CCCCCCC\C=C/C\C=C/CCCCC","25240370","Found Concentration in Main Study",NA,NA,"No Match"
"BMDB05412","TG(18:0/18:2(9Z,12Z)/20:4(5Z,8Z,11Z,14Z))[iso6]","CKEOSPBKHRUVTN-CTKOWQHDSA-N","CCCCCCCCCCCCCCCCCC(=O)OC[C@H](COC(=O)CCC\C=C/C\C=C/C\C=C/C\C=C/CCCCC)OC(=O)CCCCCCC\C=C/C\C=C/CCCCC","9544638","Found Concentration in Main Study",NA,NA,"No Match"
"BMDB05421","TG(16:1(9Z)/18:0/18:0)[iso3]","CDKITPQUODTFLF-FQFQCYJKSA-N","CCCCCCCCCCCCCCCCCC(=O)OC[C@@H](COC(=O)CCCCCCC\C=C/CCCCCC)OC(=O)CCCCCCCCCCCCCCCCC","9544049","No record in the main study",NA,NA,"No Match"
"BMDB05423","TG(16:1(9Z)/18:0/18:1(9Z))[iso6]","SZXNLYZNXCGSMY-JWVPJFKJSA-N","CCCCCCCCCCCCCCCCCC(=O)O[C@H](COC(=O)CCCCCCC\C=C/CCCCCC)COC(=O)CCCCCCC\C=C/CCCCCCCC","9544066","Found Concentration in Main Study",NA,NA,"No Match"
"BMDB05424","TG(16:1(9Z)/18:0/20:1(11Z))[iso6]","MMEBJAFEPYJMGH-MOJLPSOPSA-N","CCCCCCCCCCCCCCCCCC(=O)O[C@@H](COC(=O)CCCCCCCCC\C=C/CCCCCCCC)COC(=O)CCCCCCC\C=C/CCCCCC","9544200","Found Concentration in Main Study",NA,NA,"No Match"
"BMDB05425","TG(16:1(9Z)/18:0/18:2(9Z,12Z))[iso6]","HLYOUKKBNQIMLH-CYRKDGISSA-N","CCCCCCCCCCCCCCCCCC(=O)O[C@H](COC(=O)CCCCCCC\C=C/CCCCCC)COC(=O)CCCCCCC\C=C/C\C=C/CCCCC","9544087","Found Concentration in Main Study",NA,NA,"No Match"
"BMDB05426","TG(16:1(9Z)/18:0/20:4(5Z,8Z,11Z,14Z))[iso6]","ITWBZDOMDJKFCH-PXZCBWGVSA-N","CCCCCCCCCCCCCCCCCC(=O)O[C@H](COC(=O)CCCCCCC\C=C/CCCCCC)COC(=O)CCC\C=C/C\C=C/C\C=C/C\C=C/CCCCC","9544320","Found Concentration in Main Study",NA,NA,"No Match"
"BMDB05428","TG(16:1(9Z)/20:0/20:1(11Z))[iso6]","XOCUQHRPEPNSJE-HVYAKTSASA-N","CCCCCCCCCCCCCCCCCCCC(=O)O[C@@H](COC(=O)CCCCCCCCC\C=C/CCCCCCCC)COC(=O)CCCCCCC\C=C/CCCCCC","9544393","No record in the main study",NA,NA,"No Match"
"BMDB05430","TG(16:1(9Z)/16:1(9Z)/18:0)[iso3]","QEZWFCZNHWUARW-XQCAQTCHSA-N","CCCCCCCCCCCCCCCCCC(=O)OC[C@@H](COC(=O)CCCCCCC\C=C/CCCCCC)OC(=O)CCCCCCC\C=C/CCCCCC","9544010","Found Concentration in Main Study","DMD302476","DMD302476","Unique Match (by names and pubchem)"
"BMDB05431","TG(16:1(9Z)/16:1(9Z)/20:0)[iso3]","KKJVTOLWRSMFEP-RLVGKUCASA-N","CCCCCCCCCCCCCCCCCCCC(=O)OC[C@@H](COC(=O)CCCCCCC\C=C/CCCCCC)OC(=O)CCCCCCC\C=C/CCCCCC","9544078","Found Concentration in Main Study",NA,NA,"No Match"
"BMDB05432","TG(16:1(9Z)/16:1(9Z)/16:1(9Z))[iso] ","SKGWNZXOCSYJQL-BUTYCLJRSA-N","CCCCCC\C=C/CCCCCCCC(=O)OCC(COC(=O)CCCCCCC\C=C/CCCCCC)OC(=O)CCCCCCC\C=C/CCCCCC","9543989","Found Concentration in Main Study","DMD302470","DMD302470","Unique Match (by names and pubchem)"
"BMDB05433","TG(16:1(9Z)/16:1(9Z)/18:1(9Z))[iso3]","UFHNZOACKFBCOM-YXKNDSBASA-N","CCCCCCCC\C=C/CCCCCCCC(=O)OC[C@@H](COC(=O)CCCCCCC\C=C/CCCCCC)OC(=O)CCCCCCC\C=C/CCCCCC","25240357","Found Concentration in Main Study","DMD302478","DMD302478","Unique Match (by names and pubchem)"
"BMDB05434","TG(16:1(9Z)/16:1(9Z)/20:1(11Z))[iso3]","YCIPIGLQWOQUJK-PKTDIELCSA-N","CCCCCCCC\C=C/CCCCCCCCCC(=O)OC[C@@H](COC(=O)CCCCCCC\C=C/CCCCCC)OC(=O)CCCCCCC\C=C/CCCCCC","9544099","Found Concentration in Main Study",NA,NA,"No Match"
"BMDB05435","TG(16:1(9Z)/16:1(9Z)/18:2(9Z,12Z))[iso3]","PVMBAGXWHHZKFP-JMPJWMFJSA-N","CCCCCC\C=C/CCCCCCCC(=O)OC[C@H](COC(=O)CCCCCCC\C=C/C\C=C/CCCCC)OC(=O)CCCCCCC\C=C/CCCCCC","25240359","Found Concentration in Main Study","DMD302479","DMD302479","Unique Match (by names and pubchem)"
"BMDB05436","TG(16:1(9Z)/16:1(9Z)/20:4(5Z,8Z,11Z,14Z))[iso3]","SWYCMJAKZYLTJN-FKAQGJMVSA-N","CCCCCC\C=C/CCCCCCCC(=O)OC[C@H](COC(=O)CCC\C=C/C\C=C/C\C=C/C\C=C/CCCCC)OC(=O)CCCCCCC\C=C/CCCCCC","9544179","No record in the main study",NA,NA,"No Match"
"BMDB05437","TG(16:1(9Z)/18:1(9Z)/20:0)[iso6]","INYBBHQUSIBINH-OMJPTUBSSA-N","CCCCCCCCCCCCCCCCCCCC(=O)OC[C@@H](COC(=O)CCCCCCC\C=C/CCCCCC)OC(=O)CCCCCCC\C=C/CCCCCCCC","9544196","Found Concentration in Main Study",NA,NA,"No Match"
"BMDB05438","TG(16:1(9Z)/18:1(9Z)/18:1(9Z))[iso3]","YBWITEZBUYUNFC-GUIYCBLGSA-N","CCCCCCCC\C=C/CCCCCCCC(=O)OC[C@@H](COC(=O)CCCCCCC\C=C/CCCCCC)OC(=O)CCCCCCC\C=C/CCCCCCCC","9544083","Found Concentration in Main Study",NA,NA,"No Match"
"BMDB05439","TG(16:1(9Z)/18:1(9Z)/20:1(11Z))[iso6]","OVEMPQUFJMCLKI-KEKYZYDQSA-N","CCCCCCCC\C=C/CCCCCCCCCC(=O)OC[C@@H](COC(=O)CCCCCCC\C=C/CCCCCC)OC(=O)CCCCCCC\C=C/CCCCCCCC","9544232","Found Concentration in Main Study",NA,NA,"No Match"
"BMDB05440","TG(16:1(9Z)/18:1(9Z)/18:2(9Z,12Z))[iso6]","WHSWXEYWNPTUPW-HNJDVRDNSA-N","CCCCCCCC\C=C/CCCCCCCC(=O)O[C@H](COC(=O)CCCCCCC\C=C/CCCCCC)COC(=O)CCCCCCC\C=C/C\C=C/CCCCC","25240364","Found Concentration in Main Study","DMD302490","DMD302490","Unique Match (by names and pubchem)"
"BMDB05441","TG(16:1(9Z)/18:1(9Z)/20:4(5Z,8Z,11Z,14Z))[iso6]","CDNDFDKFZBPPFW-AXJGXPKFSA-N","CCCCCCCC\C=C/CCCCCCCC(=O)O[C@H](COC(=O)CCCCCCC\C=C/CCCCCC)COC(=O)CCC\C=C/C\C=C/C\C=C/C\C=C/CCCCC","9544363","Found Concentration in Main Study","DMD302505","DMD302505","Unique Match (by names only)"
"BMDB05443","TG(16:1(9Z)/20:1(11Z)/20:4(5Z,8Z,11Z,14Z))[iso6]","NNCCJKNBYUHUAL-QRHSWZDZSA-N","CCCCCCCC\C=C/CCCCCCCCCC(=O)O[C@H](COC(=O)CCCCCCC\C=C/CCCCCC)COC(=O)CCC\C=C/C\C=C/C\C=C/C\C=C/CCCCC","9544634","Found Concentration in Main Study",NA,NA,"No Match"
"BMDB05444","TG(16:1(9Z)/18:2(9Z,12Z)/20:0)[iso6]","MSQBYCWSXAUJHK-YNTROPROSA-N","CCCCCCCCCCCCCCCCCCCC(=O)OC[C@@H](COC(=O)CCCCCCC\C=C/CCCCCC)OC(=O)CCCCCCC\C=C/C\C=C/CCCCC","9544227","Found Concentration in Main Study",NA,NA,"No Match"
"BMDB05445","TG(16:1(9Z)/18:2(9Z,12Z)/20:1(11Z))[iso6]","SZYBCITYDACFEY-YJXCAZQISA-N","CCCCCCCC\C=C/CCCCCCCCCC(=O)OC[C@@H](COC(=O)CCCCCCC\C=C/CCCCCC)OC(=O)CCCCCCC\C=C/C\C=C/CCCCC","25240372","Found Concentration in Main Study",NA,NA,"No Match"
"BMDB05446","TG(16:1(9Z)/18:2(9Z,12Z)/18:2(9Z,12Z))[iso3]","CQZAAIKPSLHIBC-KDJOUNIJSA-N","CCCCCC\C=C/CCCCCCCC(=O)OC[C@H](COC(=O)CCCCCCC\C=C/C\C=C/CCCCC)OC(=O)CCCCCCC\C=C/C\C=C/CCCCC","25240366","Found Concentration in Main Study","DMD302491","DMD302491","Unique Match (by names and pubchem)"
"BMDB05447","TG(16:1(9Z)/18:2(9Z,12Z)/20:4(5Z,8Z,11Z,14Z))[iso6]","VUNSQJRBLNQFPQ-PGGPBQQQSA-N","CCCCCC\C=C/CCCCCCCC(=O)OC[C@H](COC(=O)CCC\C=C/C\C=C/C\C=C/C\C=C/CCCCC)OC(=O)CCCCCCC\C=C/C\C=C/CCCCC","9544410","No record in the main study",NA,NA,"No Match"
"BMDB05450","TG(18:1(9Z)/20:0/20:1(11Z))[iso6]","QEBMDFMPVYJRFG-WLPFSFTESA-N","CCCCCCCCCCCCCCCCCCCC(=O)O[C@@H](COC(=O)CCCCCCCCC\C=C/CCCCCCCC)COC(=O)CCCCCCC\C=C/CCCCCCCC","9544681","No record in the main study",NA,NA,"No Match"
"BMDB05452","TG(18:1(9Z)/18:1(9Z)/20:0)[iso3]","JFKGKULDMWLHEK-KMERLIGUSA-N","CCCCCCCCCCCCCCCCCCCC(=O)OC[C@@H](COC(=O)CCCCCCC\C=C/CCCCCCCC)OC(=O)CCCCCCC\C=C/CCCCCCCC","25240374","No record in the main study",NA,NA,"No Match"
"BMDB05453","TG(18:1(9Z)/18:1(9Z)/18:1(9Z))[iso]","PHYFQTYBJUILEZ-IUPFWZBJSA-N","CCCCCCCC\C=C/CCCCCCCC(=O)OCC(COC(=O)CCCCCCC\C=C/CCCCCCCC)OC(=O)CCCCCCC\C=C/CCCCCCCC","5497163","Found Concentration in Main Study","DMD302500","DMD302500","Unique Match (by names and pubchem)"
"BMDB05455","TG(18:1(9Z)/18:1(9Z)/18:2(9Z,12Z))[iso3]","JTMWOTXEVWLTTO-YKZMILTLSA-N","CCCCCCCC\C=C/CCCCCCCC(=O)OC[C@H](COC(=O)CCCCCCC\C=C/C\C=C/CCCCC)OC(=O)CCCCCCC\C=C/CCCCCCCC","25240371","Found Concentration in Main Study",NA,NA,"No Match"
"BMDB05456","TG(18:1(9Z)/18:1(9Z)/20:4(5Z,8Z,11Z,14Z))[iso3]","CKSBRWXVWDFKJD-ALCWIDLZSA-N","CCCCCCCC\C=C/CCCCCCCC(=O)OC[C@H](COC(=O)CCC\C=C/C\C=C/C\C=C/C\C=C/CCCCC)OC(=O)CCCCCCC\C=C/CCCCCCCC","9544639","Found Concentration in Main Study",NA,NA,"No Match"
"BMDB05457","TG(18:1(9Z)/20:1(11Z)/20:1(11Z))[iso3]","RFMSTHTUAZETPD-JJPHLYBUSA-N","CCCCCCCC\C=C/CCCCCCCCCC(=O)OC[C@@H](COC(=O)CCCCCCC\C=C/CCCCCCCC)OC(=O)CCCCCCCCC\C=C/CCCCCCCC","9544748","No record in the main study",NA,"DMD302514","Unique Match (by pubchem only)"
"BMDB05461","TG(18:1(9Z)/18:2(9Z,12Z)/18:2(9Z,12Z))[iso3]","VVEBTVMJPTZDHO-YQFZQLSNSA-N","CCCCCCCC\C=C/CCCCCCCC(=O)OC[C@H](COC(=O)CCCCCCC\C=C/C\C=C/CCCCC)OC(=O)CCCCCCC\C=C/C\C=C/CCCCC","25240373","Found Concentration in Main Study",NA,NA,"No Match"
"BMDB05464","TG(20:1(11Z)/20:1(11Z)/20:1(11Z))","XKXYLRHFXANGHG-IUPFWZBJSA-N","CCCCCCCC\C=C/CCCCCCCCCC(=O)OCC(COC(=O)CCCCCCCCC\C=C/CCCCCCCC)OC(=O)CCCCCCCCC\C=C/CCCCCCCC","9545117","No record in the main study",NA,NA,"No Match"
"BMDB05467","TG(18:2(9Z,12Z)/20:0/20:0)[iso3]","VYGDFJHLNCSFJZ-GDTJZKNMSA-N","CCCCCCCCCCCCCCCCCCCC(=O)OC[C@@H](COC(=O)CCCCCCC\C=C/C\C=C/CCCCC)OC(=O)CCCCCCCCCCCCCCCCCCC","25240382","No record in the main study",NA,NA,"No Match"
"BMDB05468","TG(18:2(9Z,12Z)/20:0/20:1(11Z))[iso6]","WYUNJFXMLHILJN-MSTBSTCSSA-N","CCCCCCCCCCCCCCCCCCCC(=O)O[C@@H](COC(=O)CCCCCCCCC\C=C/CCCCCCCC)COC(=O)CCCCCCC\C=C/C\C=C/CCCCC","9544749","No record in the main study",NA,NA,"No Match"
"BMDB05474","TG(18:2(9Z,12Z)/18:2(9Z,12Z)/18:2(9Z,12Z))","HBOQXIRUPVQLKX-BBWANDEASA-N","CCCCC\C=C/C\C=C/CCCCCCCC(=O)OCC(COC(=O)CCCCCCC\C=C/C\C=C/CCCCC)OC(=O)CCCCCCC\C=C/C\C=C/CCCCC","5322095","Found Concentration in Main Study","DMD302505","DMD302505","Unique Match (by names and pubchem)"
"BMDB05781","Glycitein","DXYUAIFZCFRPTH-UHFFFAOYSA-N","COC1=C(O)C=C2OC=C(C(=O)C2=C1)C1=CC=C(O)C=C1","5317750","No record in the main study",NA,NA,"No Match"
"BMDB05805","p-Cymene","HFPZCAJZSCWRBC-UHFFFAOYSA-N","CC(C)C1=CC=C(C)C=C1","7463","No record in the main study",NA,NA,"No Match"
"BMDB05808","Formononetin","HKQYGTCOTHHOMP-UHFFFAOYSA-N","COC1=CC=C(C=C1)C1=COC2=C(C=CC(O)=C2)C1=O","5280378","No record in the main study",NA,NA,"No Match"
"BMDB05842","2-Oxohexane","QQZOPKMRPOGIEB-UHFFFAOYSA-N","CCCCC(C)=O","11583","No record in the main study",NA,NA,"No Match"
"BMDB05862","2-Methylguanosine","SLEHROROQDYRAW-KQYNXXCUSA-N","CNC1=NC(=O)C2=C(N1)N(C=N2)[C@@H]1O[C@H](CO)[C@@H](O)[C@H]1O","3035422","No record in the main study",NA,NA,"No Match"
"BMDB05879","Dimethyldisulfide","WQOXQRCZOLPYPM-UHFFFAOYSA-N","CSSC","12232","No record in the main study",NA,NA,"No Match"
"BMDB05949","Lithium","HBBGRARXTFLTSG-UHFFFAOYSA-N","[Li+]","28486","Found Concentration in Main Study",NA,NA,"No Match"
"BMDB05960","D-Pipecolic acid","HXEACLLIILLPRG-RXMQYKEDSA-N","OC(=O)[C@H]1CCCCN1","736316","No record in the main study",NA,NA,"No Match"
"BMDB05994","Hexanal","JARKCYVAAOWBJS-UHFFFAOYSA-N","CCCCCC=O","6184","No record in the main study",NA,NA,"No Match"
"BMDB06006","Isobutanol","ZXEKIIBDNHEJCQ-UHFFFAOYSA-N","CC(C)CO","6560","No record in the main study",NA,NA,"No Match"
"BMDB06007","Isopentanol","PHTQWCKDNZKARW-UHFFFAOYSA-N","CC(C)CCO","31260","No record in the main study",NA,NA,"No Match"
"BMDB06024","Mevalonolactone","JYVXNLLUYHCIIH-LURJTMIESA-N","C[C@]1(O)CCOC(=O)C1","5325923","No record in the main study",NA,NA,"No Match"
"BMDB06050","o-Tyrosine","WRFPVMFCRNYQNR-UHFFFAOYSA-N","NC(CC1=CC=CC=C1O)C(O)=O","91482","No record in the main study",NA,NA,"No Match"
"BMDB06101","Enterolactone","HVDGDHBAMCBBLR-UHFFFAOYSA-N","OC1=CC=CC(CC2COC(=O)C2CC2=CC(O)=CC=C2)=C1","123917","No record in the main study",NA,NA,"No Match"
"BMDB06224","17-beta-estradiol-3-glucuronide","MUOHJTRCBBDUOW-BFXFFQJBSA-N","[H][C@@]12CC[C@H](O)[C@@]1(C)CC[C@]1([H])C3=C(CC[C@@]21[H])C=C(OC1O[C@@H]([C@@H](O)[C@H](O)[C@H]1O)C(O)=O)C=C3","13783824","No record in the main study",NA,NA,"No Match"
"BMDB06236","Phenylacetaldehyde","DTUQWGWMVIHBKE-UHFFFAOYSA-N","O=CCC1=CC=CC=C1","998","No record in the main study",NA,NA,"No Match"
"BMDB06246","Tetracosatetraenoic acid n-6","RZHACVKGHNMWOP-ZWZRQGCWSA-N","[H]\C(CCCCCCCCCCCCCCC)=C(\[H])/C(/[H])=C(\[H])/C(/[H])=C(\[H])/C(/[H])=C(\[H])C(O)=O","6440264","No record in the main study",NA,NA,"No Match"
"BMDB06270","Linoelaidic acid","OYHQOLUKZRVURQ-AVQMFFATSA-N","CCCCC\C=C\C\C=C\CCCCCCCC(O)=O","5282457","No record in the main study","DMD302654","DMD302654","Unique Match (by names only)"
"BMDB06478","Iso-Valeraldehyde","YGHRJJRRZDOVPD-UHFFFAOYSA-N","CC(C)CC=O","11552","No record in the main study",NA,NA,"No Match"
"BMDB06525","(+)-a-Pinene","GRWFGVWFFZKLTI-UHFFFAOYSA-N","CC1=CCC2CC1C2(C)C","6654","No record in the main study",NA,NA,"No Match"
"BMDB06528","Clupanodonic acid","YUFFSWGQGVEMMI-JLNKQSITSA-N","CC\C=C/C\C=C/C\C=C/C\C=C/C\C=C/CCCCCC(O)=O","5497182","No record in the main study","DMD302659;DMD302660","DMD302660","Unique Match (by names and pubchem)"
"BMDB06547","Stearidonic acid","JIWBIWFOSCKQMA-GFRMADBLSA-N","[H]\C(CC)=C(\[H])C\C([H])=C(/[H])C\C([H])=C(/[H])C\C([H])=C(/[H])CCCCC(O)=O","5282837","No record in the main study",NA,NA,"No Match"
"BMDB06569","6'-Sialyllactose","VMWYCXKMRSTDSP-GIGDJUIZSA-N","[H][C@]1(O[C@@](C[C@H](O)[C@H]1NC(C)=O)(OC[C@H]1O[C@@H](O[C@H]([C@H](O)CO)[C@H](O)[C@@H](O)C=O)[C@H](O)[C@@H](O)[C@H]1O)C(O)=O)[C@H](O)[C@H](O)CO","643987","No record in the main study",NA,NA,"No Match"
"BMDB06692","Disialyllactose","IESOVNOGVZBLMG-MTEFBGAJSA-N","[H][C@]1(O[C@@H]2O[C@H](CO)[C@H](O)[C@H](O[C@@]3(C[C@H](O)[C@@H](NC(C)=O)[C@@]([H])(O3)[C@H](O)[C@@H](CO)O[C@@]3(C[C@H](O)[C@@H](NC(C)=O)[C@@]([H])(O3)[C@H](O)[C@H](O)CO)C(O)=O)C(O)=O)[C@H]2O)[C@H](O)[C@@H](O)C(O)O[C@@H]1CO","12002504","No record in the main study",NA,NA,"No Match"
"BMDB06773","11b-Hydroxyandrost-4-ene-3,17-dione","WSCUHXPGYUMQEX-CRIVMUBDSA-N","[H][C@@]12CCC(=O)[C@@]1(C)CC([H])(O)[C@@]1([H])[C@@]2([H])CCC2=CC(=O)CC[C@]12C","108106","No record in the main study",NA,NA,"No Match"
"BMDB06779","Indole-5,6-quinone","IGGVVGHJSQSLFO-UHFFFAOYSA-N","O=C1C=C2NC=CC2=CC1=O","440728","No record in the main study",NA,NA,"No Match"
"BMDB06953","1-Phosphatidyl-D-myo-inositol","GUBXYMKIJFOYOA-RYJPWIOHSA-N","[H][C@](COC=O)(COP(O)(=O)OC1([H])[C@@]([H])(O)[C@@]([H])(O)C([H])(O)[C@]([H])(O)[C@@]1([H])O)OC=O","","No record in the main study",NA,NA,"No Match"
"BMDB07033","DG(14:0/22:5(7Z,10Z,13Z,16Z,19Z)/0:0)","UNAUUXGPAPFTQK-MTCOIHPXSA-N","[H][C@](CO)(COC(=O)CCCCCCCCCCCCC)OC(=O)CCCCC\C=C/C\C=C/C\C=C/C\C=C/C\C=C/CC","53477968","No record in the main study",NA,NA,"No Match"
"BMDB07102","DG(16:0/18:1(9Z)/0:0)","YEJYLHKQOBOSCP-OZKTZCCCSA-N","[H][C@](CO)(COC(=O)CCCCCCCCCCCCCCC)OC(=O)CCCCCCC\C=C/CCCCCCCC","5282283","Found Concentration in Main Study","DMD305192","DMD305192","Unique Match (by names and pubchem)"
"BMDB07128","DG(16:1(9Z)/16:1(9Z)/0:0)","HSQHRRHRYJNSOC-DWCRPSDDSA-N","[H][C@](CO)(COC(=O)CCCCCCC\C=C/CCCCCC)OC(=O)CCCCCCC\C=C/CCCCCC","9543679","Found Concentration in Main Study",NA,NA,"No Match"
"BMDB07214","DG(18:1(9Z)/16:0/0:0)","DOZKMFVMCATMEH-OZKTZCCCSA-N","[H][C@](CO)(COC(=O)CCCCCCC\C=C/CCCCCCCC)OC(=O)CCCCCCCCCCCCCCC","5283471","Found Concentration in Main Study",NA,NA,"No Match"
"BMDB07218","DG(18:1(9Z)/18:1(9Z)/0:0)","AFSHUZFNMVJNKX-LLWMBOQKSA-N","[H][C@](CO)(COC(=O)CCCCCCC\C=C/CCCCCCCC)OC(=O)CCCCCCC\C=C/CCCCCCCC","9543716","Found Concentration in Main Study","DMD305195","DMD305195","Unique Match (by names and pubchem)"
"BMDB07361","DG(20:0/18:0/0:0)","SCGCTMVKIGULND-KDXMTYKHSA-N","[H][C@](CO)(COC(=O)CCCCCCCCCCCCCCCCCCC)OC(=O)CCCCCCCCCCCCCCCCC","3246949","Found Concentration in Main Study",NA,NA,"No Match"
"BMDB07867","PC(14:0/14:1(9Z))","SNDOMDWDQRZWFS-NOLSVFIGSA-N","CCCCCCCCCCCCCC(=O)OC[C@]([H])(COP([O-])(=O)OCC[N+](C)(C)C)OC(=O)CCCCCCC\C=C/CCCC","52922210","Found Concentration in Main Study",NA,NA,"No Match"
"BMDB07868","PC(14:0/15:0)","JERIBPHBOOFETI-PGUFJCEWSA-N","[H][C@@](COC(=O)CCCCCCCCCCCCC)(COP([O-])(=O)OCC[N+](C)(C)C)OC(=O)CCCCCCCCCCCCCC","24778611","Found Concentration in Main Study",NA,NA,"No Match"
"BMDB07869","PC(14:0/16:0)","RFVFQQWKPSOBED-PSXMRANNSA-N","[H][C@@](COC(=O)CCCCCCCCCCCCC)(COP([O-])(=O)OCC[N+](C)(C)C)OC(=O)CCCCCCCCCCCCCCC","129657","Found Concentration in Main Study",NA,NA,"No Match"
"BMDB07870","PC(14:0/16:1(9Z))","XGGMHQYOVYWRLV-IZNHTBNISA-N","CCCCCCCCCCCCCC(=O)OC[C@]([H])(COP([O-])(=O)OCC[N+](C)(C)C)OC(=O)CCCCCCC\C=C/CCCCCC","24778615","Found Concentration in Main Study","DMD305257","DMD305257","Unique Match (by names and pubchem)"
"BMDB07871","PC(14:0/18:0)","TYAQXZHDAGZOEO-KXQOOQHDSA-N","[H][C@@](COC(=O)CCCCCCCCCCCCC)(COP([O-])(=O)OCC[N+](C)(C)C)OC(=O)CCCCCCCCCCCCCCCCC","131150","Found Concentration in Main Study","DMD305270","DMD305270","Unique Match (by names only)"
"BMDB07873","PC(14:0/18:1(9Z))","NXASLICYTANYBI-OQHNRNOKSA-N","CCCCCCCCCCCCCC(=O)OC[C@]([H])(COP([O-])(=O)OCC[N+](C)(C)C)OC(=O)CCCCCCC\C=C/CCCCCCCC","24778620","Found Concentration in Main Study",NA,NA,"No Match"
"BMDB07874","PC(14:0/18:2(9Z,12Z))","IWXJKHSPEQSQMD-GMGFYYQASA-N","CCCCCCCCCCCCCC(=O)OC[C@]([H])(COP([O-])(=O)OCC[N+](C)(C)C)OC(=O)CCCCCCC\C=C/C\C=C/CCCCC","24778624","Found Concentration in Main Study","DMD302331","DMD302331","Unique Match (by names only)"
"BMDB07875","PC(14:0/18:3(6Z,9Z,12Z))","VZQRMZUULSWEHB-XCFXQIAYSA-N","CCCCCCCCCCCCCC(=O)OC[C@]([H])(COP([O-])(=O)OCC[N+](C)(C)C)OC(=O)CCCC\C=C/C\C=C/C\C=C/CCCCC","52922220","Found Concentration in Main Study",NA,NA,"No Match"
"BMDB07876","PC(14:0/18:3(9Z,12Z,15Z))","AGQKQQAJRFTOGL-XPTMXNASSA-N","CCCCCCCCCCCCCC(=O)OC[C@]([H])(COP([O-])(=O)OCC[N+](C)(C)C)OC(=O)CCCCCCC\C=C/C\C=C/C\C=C/CC","24778625","Found Concentration in Main Study",NA,NA,"No Match"
"BMDB07878","PC(14:0/20:0)","VELOKQJUJJVGMB-RRHRGVEJSA-N","[H][C@@](COC(=O)CCCCCCCCCCCCC)(COP([O-])(=O)OCC[N+](C)(C)C)OC(=O)CCCCCCCCCCCCCCCCCCC","24778633","Found Concentration in Main Study",NA,NA,"No Match"
"BMDB07879","PC(14:0/20:1(11Z))","DMEBDXIQFIKNQR-OIJJMQLXSA-N","CCCCCCCCCCCCCC(=O)OC[C@]([H])(COP([O-])(=O)OCC[N+](C)(C)C)OC(=O)CCCCCCCCC\C=C/CCCCCCCC","52922226","Found Concentration in Main Study","DMD305274","DMD305274","Unique Match (by names only)"
"BMDB07880","PC(14:0/20:2(11Z,14Z))","IRYMXEVDAKMFIF-YBLKGUNISA-N","CCCCCCCCCCCCCC(=O)OC[C@]([H])(COP([O-])(=O)OCC[N+](C)(C)C)OC(=O)CCCCCCCCC\C=C/C\C=C/CCCCC","52922228","Found Concentration in Main Study",NA,NA,"No Match"
"BMDB07882","PC(14:0/20:3(8Z,11Z,14Z))","ZAUFLMLTXNKVAB-AFYHZPHLSA-N","CCCCCCCCCCCCCC(=O)OC[C@]([H])(COP([O-])(=O)OCC[N+](C)(C)C)OC(=O)CCCCCC\C=C/C\C=C/C\C=C/CCCCC","52922230","Found Concentration in Main Study",NA,NA,"No Match"
"BMDB07883","PC(14:0/20:4(5Z,8Z,11Z,14Z))","SRQSAJRUMDQMMS-NLDJLLEISA-N","CCCCCCCCCCCCCC(=O)OC[C@]([H])(COP([O-])(=O)OCC[N+](C)(C)C)OC(=O)CCC\C=C/C\C=C/C\C=C/C\C=C/CCCCC","24778634","Found Concentration in Main Study",NA,NA,"No Match"
"BMDB07886","PC(14:0/22:0)","KNQNJCODLDRFSM-HUESYALOSA-N","[H][C@@](COC(=O)CCCCCCCCCCCCC)(COP([O-])(=O)OCC[N+](C)(C)C)OC(=O)CCCCCCCCCCCCCCCCCCCCC","24778638","Found Concentration in Main Study",NA,NA,"No Match"
"BMDB07887","PC(14:0/22:1(13Z))","LOVKBDFNFACEND-HSEDGGQWSA-N","CCCCCCCCCCCCCC(=O)OC[C@]([H])(COP([O-])(=O)OCC[N+](C)(C)C)OC(=O)CCCCCCCCCCC\C=C/CCCCCCCC","53478609","Found Concentration in Main Study",NA,NA,"No Match"
"BMDB07889","PC(14:0/22:4(7Z,10Z,13Z,16Z))","UDOCLKXJVMJFLD-CCHOKCMJSA-N","CCCCCCCCCCCCCC(=O)OC[C@]([H])(COP([O-])(=O)OCC[N+](C)(C)C)OC(=O)CCCCC\C=C/C\C=C/C\C=C/C\C=C/CCCCC","52922238","Found Concentration in Main Study",NA,NA,"No Match"
"BMDB07891","PC(14:0/22:5(7Z,10Z,13Z,16Z,19Z))","SFEMWZZGMMRGCX-DYPKKMQZSA-N","CCCCCCCCCCCCCC(=O)OC[C@]([H])(COP([O-])(=O)OCC[N+](C)(C)C)OC(=O)CCCCC\C=C/C\C=C/C\C=C/C\C=C/C\C=C/CC","53478613","Found Concentration in Main Study",NA,NA,"No Match"
"BMDB07899","PC(14:1(9Z)/14:0)","XQPYHFHTTVXZKL-XBEBLRSGSA-N","CCCCCCCCCCCCCC(=O)O[C@]([H])(COC(=O)CCCCCCC\C=C/CCCC)COP([O-])(=O)OCC[N+](C)(C)C","52922244","Found Concentration in Main Study",NA,NA,"No Match"
"BMDB07902","PC(14:1(9Z)/16:0)","ANKCYRKQDLQXGL-MRDDHZETSA-N","CCCCCCCCCCCCCCCC(=O)O[C@]([H])(COC(=O)CCCCCCC\C=C/CCCC)COP([O-])(=O)OCC[N+](C)(C)C","52922250","Found Concentration in Main Study",NA,NA,"No Match"
"BMDB07904","PC(14:1(9Z)/18:0)","USMRUWLOXQOAAX-IUXSEFJDSA-N","CCCCCCCCCCCCCCCCCC(=O)O[C@]([H])(COC(=O)CCCCCCC\C=C/CCCC)COP([O-])(=O)OCC[N+](C)(C)C","52922260","Found Concentration in Main Study",NA,NA,"No Match"
"BMDB07906","PC(14:1(9Z)/18:1(9Z))","KFGSHFVDCHWRGE-LULHKCDZSA-N","CCCCCCCC\C=C/CCCCCCCC(=O)O[C@]([H])(COC(=O)CCCCCCC\C=C/CCCC)COP([O-])(=O)OCC[N+](C)(C)C","52922262","Found Concentration in Main Study","DMD302331","DMD302331","Unique Match (by names only)"
"BMDB07907","PC(14:1(9Z)/18:2(9Z,12Z))","FLXFESILEUFIBE-SHAXIEEXSA-N","CCCCC\C=C/C\C=C/CCCCCCCC(=O)O[C@]([H])(COC(=O)CCCCCCC\C=C/CCCC)COP([O-])(=O)OCC[N+](C)(C)C","52922264","Found Concentration in Main Study",NA,NA,"No Match"
"BMDB07911","PC(14:1(9Z)/20:0)","SJLGFZBXPQKJIH-LLVYEJTBSA-N","CCCCCCCCCCCCCCCCCCCC(=O)O[C@]([H])(COC(=O)CCCCCCC\C=C/CCCC)COP([O-])(=O)OCC[N+](C)(C)C","52922276","Found Concentration in Main Study","DMD305274","DMD305274","Unique Match (by names only)"
"BMDB07912","PC(14:1(9Z)/20:1(11Z))","OLUKQTJCNPHKRC-LYJZGNKWSA-N","CCCCCCCC\C=C/CCCCCCCCCC(=O)O[C@]([H])(COC(=O)CCCCCCC\C=C/CCCC)COP([O-])(=O)OCC[N+](C)(C)C","52922278","Found Concentration in Main Study",NA,NA,"No Match"
"BMDB07913","PC(14:1(9Z)/20:2(11Z,14Z))","KBHCBANQRIOXLD-FRPVHTQQSA-N","CCCCC\C=C/C\C=C/CCCCCCCCCC(=O)O[C@]([H])(COC(=O)CCCCCCC\C=C/CCCC)COP([O-])(=O)OCC[N+](C)(C)C","52922280","Found Concentration in Main Study",NA,NA,"No Match"
"BMDB07915","PC(14:1(9Z)/20:3(8Z,11Z,14Z))","MGHZJKXUBUUNJR-PCBJBAEXSA-N","CCCCC\C=C/C\C=C/C\C=C/CCCCCCC(=O)O[C@]([H])(COC(=O)CCCCCCC\C=C/CCCC)COP([O-])(=O)OCC[N+](C)(C)C","52922282","Found Concentration in Main Study",NA,NA,"No Match"
"BMDB07919","PC(14:1(9Z)/22:0)","OSTGKIDWKPXCRQ-FASREOMLSA-N","CCCCCCCCCCCCCCCCCCCCCC(=O)O[C@]([H])(COC(=O)CCCCCCC\C=C/CCCC)COP([O-])(=O)OCC[N+](C)(C)C","52922290","Found Concentration in Main Study",NA,NA,"No Match"
"BMDB07920","PC(14:1(9Z)/22:1(13Z))","CGXBWJDAGMQUFG-MHJIJCEHSA-N","CCCCCCCC\C=C/CCCCCCCCCCCC(=O)O[C@]([H])(COC(=O)CCCCCCC\C=C/CCCC)COP([O-])(=O)OCC[N+](C)(C)C","53478629","Found Concentration in Main Study",NA,NA,"No Match"
"BMDB07922","PC(14:1(9Z)/22:4(7Z,10Z,13Z,16Z))","XBLSNYPBWMKQLW-WPNBCRARSA-N","CCCCC\C=C/C\C=C/C\C=C/C\C=C/CCCCCC(=O)O[C@]([H])(COC(=O)CCCCCCC\C=C/CCCC)COP([O-])(=O)OCC[N+](C)(C)C","52922296","Found Concentration in Main Study",NA,NA,"No Match"
"BMDB07932","PC(15:0/14:0)","NRUYJKRRJLLXGF-PGUFJCEWSA-N","[H][C@@](COC(=O)CCCCCCCCCCCCCC)(COP([O-])(=O)OCC[N+](C)(C)C)OC(=O)CCCCCCCCCCCCC","52922302","Found Concentration in Main Study",NA,NA,"No Match"
"BMDB07934","PC(15:0/15:0)","LJARBVLDSOWRJT-PSXMRANNSA-N","[H][C@@](COC(=O)CCCCCCCCCCCCCC)(COP([O-])(=O)OCC[N+](C)(C)C)OC(=O)CCCCCCCCCCCCCC","24778654","Found Concentration in Main Study",NA,NA,"No Match"
"BMDB07935","PC(15:0/16:0)","LLHISNQVRRYJGL-DIPNUNPCSA-N","[H][C@@](COC(=O)CCCCCCCCCCCCCC)(COP([O-])(=O)OCC[N+](C)(C)C)OC(=O)CCCCCCCCCCCCCCC","24778655","Found Concentration in Main Study",NA,NA,"No Match"
"BMDB07936","PC(15:0/16:1(9Z))","QFVHCMLUKNHDSH-WTWBAFHPSA-N","CCCCCCCCCCCCCCC(=O)OC[C@]([H])(COP([O-])(=O)OCC[N+](C)(C)C)OC(=O)CCCCCCC\C=C/CCCCCC","24778657","Found Concentration in Main Study",NA,"DMD302329","Unique Match (by pubchem only)"
"BMDB07937","PC(15:0/18:0)","SKPMPGXBXHJZPS-LDLOPFEMSA-N","[H][C@@](COC(=O)CCCCCCCCCCCCCC)(COP([O-])(=O)OCC[N+](C)(C)C)OC(=O)CCCCCCCCCCCCCCCCC","11787533","Found Concentration in Main Study",NA,NA,"No Match"
"BMDB07939","PC(15:0/18:1(9Z))","ZEWLMKXMNQOCOQ-KUNNKMQBSA-N","CCCCCCCCCCCCCCC(=O)OC[C@]([H])(COP([O-])(=O)OCC[N+](C)(C)C)OC(=O)CCCCCCC\C=C/CCCCCCCC","52922312","Found Concentration in Main Study",NA,NA,"No Match"
"BMDB07940","PC(15:0/18:2(9Z,12Z))","DGBYUHHIADYUMU-UESLNCBNSA-N","CCCCCCCCCCCCCCC(=O)OC[C@]([H])(COP([O-])(=O)OCC[N+](C)(C)C)OC(=O)CCCCCCC\C=C/C\C=C/CCCCC","24778664","Found Concentration in Main Study",NA,NA,"No Match"
"BMDB07944","PC(15:0/20:0)","OUQNLKQTFDIKCN-VQJSHJPSSA-N","[H][C@@](COC(=O)CCCCCCCCCCCCCC)(COP([O-])(=O)OCC[N+](C)(C)C)OC(=O)CCCCCCCCCCCCCCCCCCC","52922322","Found Concentration in Main Study",NA,NA,"No Match"
"BMDB07945","PC(15:0/20:1(11Z))","TYQXQGGTOWQUKL-HFWGUVFESA-N","CCCCCCCCCCCCCCC(=O)OC[C@]([H])(COP([O-])(=O)OCC[N+](C)(C)C)OC(=O)CCCCCCCCC\C=C/CCCCCCCC","52922324","Found Concentration in Main Study",NA,NA,"No Match"
"BMDB07946","PC(15:0/20:2(11Z,14Z))","XSSUJRSOHXBICQ-GPDPEMMZSA-N","CCCCCCCCCCCCCCC(=O)OC[C@]([H])(COP([O-])(=O)OCC[N+](C)(C)C)OC(=O)CCCCCCCCC\C=C/C\C=C/CCCCC","52922326","Found Concentration in Main Study",NA,NA,"No Match"
"BMDB07948","PC(15:0/20:3(8Z,11Z,14Z))","ILVRORZGIYNHIC-XWIBIVISSA-N","CCCCCCCCCCCCCCC(=O)OC[C@]([H])(COP([O-])(=O)OCC[N+](C)(C)C)OC(=O)CCCCCC\C=C/C\C=C/C\C=C/CCCCC","52922328","Found Concentration in Main Study",NA,NA,"No Match"
"BMDB07953","PC(15:0/22:0)","QIDZFMDALJEYDR-VZUYHUTRSA-N","[H][C@@](COC(=O)CCCCCCCCCCCCCC)(COP([O-])(=O)OCC[N+](C)(C)C)OC(=O)CCCCCCCCCCCCCCCCCCCCC","52922334","Found Concentration in Main Study",NA,NA,"No Match"
"BMDB07965","PC(16:0/14:0)","UIXXHROAQSBBOV-PSXMRANNSA-N","[H][C@@](COC(=O)CCCCCCCCCCCCCCC)(COP([O-])(=O)OCC[N+](C)(C)C)OC(=O)CCCCCCCCCCCCC","24778679","Found Concentration in Main Study",NA,NA,"No Match"
"BMDB07966","PC(16:0/14:1(9Z))","XIVQWQSVYQCUSU-MRDDHZETSA-N","CCCCCCCCCCCCCCCC(=O)OC[C@]([H])(COP([O-])(=O)OCC[N+](C)(C)C)OC(=O)CCCCCCC\C=C/CCCC","52922408","Found Concentration in Main Study",NA,NA,"No Match"
"BMDB07967","PC(16:0/15:0)","NPGWXTIWUUFYAB-DIPNUNPCSA-N","[H][C@@](COC(=O)CCCCCCCCCCCCCCC)(COP([O-])(=O)OCC[N+](C)(C)C)OC(=O)CCCCCCCCCCCCCC","24778680","Found Concentration in Main Study",NA,NA,"No Match"
"BMDB07969","PC(16:0/16:1(9Z))","QIBZFHLFHCIUOT-NPBIGWJUSA-N","CCCCCCCCCCCCCCCC(=O)OC[C@]([H])(COP([O-])(=O)OCC[N+](C)(C)C)OC(=O)CCCCCCC\C=C/CCCCCC","6443788","Found Concentration in Main Study","DMD302330","DMD302330","Unique Match (by names and pubchem)"
"BMDB07970","PC(16:0/18:0)","PZNPLUBHRSSFHT-RRHRGVEJSA-N","[H][C@@](COC(=O)CCCCCCCCCCCCCCC)(COP([O-])(=O)OCC[N+](C)(C)C)OC(=O)CCCCCCCCCCCCCCCCC","24778686","Found Concentration in Main Study",NA,NA,"No Match"
"BMDB07972","PC(16:0/18:1(9Z))","WTJKGGKOPKCXLL-VYOBOKEXSA-N","CCCCCCCCCCCCCCCC(=O)OC[C@]([H])(COP([O-])(=O)OCC[N+](C)(C)C)OC(=O)CCCCCCC\C=C/CCCCCCCC","5497103","Found Concentration in Main Study","DMD305274","DMD305274","Unique Match (by names and pubchem)"
"BMDB07973","PC(16:0/18:2(9Z,12Z))","JLPULHDHAOZNQI-ZTIMHPMXSA-N","CCCCCCCCCCCCCCCC(=O)OC[C@]([H])(COP([O-])(=O)OCC[N+](C)(C)C)OC(=O)CCCCCCC\C=C/C\C=C/CCCCC","5287971","Found Concentration in Main Study","DMD302337","DMD302337","Unique Match (by names and pubchem)"
"BMDB07974","PC(16:0/18:3(6Z,9Z,12Z))","CNNSEHUKQJCGTE-UPPWDXJYSA-N","CCCCCCCCCCCCCCCC(=O)OC[C@]([H])(COP([O-])(=O)OCC[N+](C)(C)C)OC(=O)CCCC\C=C/C\C=C/C\C=C/CCCCC","24778699","Found Concentration in Main Study","DMD302339","DMD302339","Unique Match (by names and pubchem)"
"BMDB07975","PC(16:0/18:3(9Z,12Z,15Z))","JMAYDGBZRHQJAT-QWFQJEORSA-N","CCCCCCCCCCCCCCCC(=O)OC[C@]([H])(COP([O-])(=O)OCC[N+](C)(C)C)OC(=O)CCCCCCC\C=C/C\C=C/C\C=C/CC","24778702","Found Concentration in Main Study","DMD305261","DMD305261","Unique Match (by names and pubchem)"
"BMDB07976","PC(16:0/18:4(6Z,9Z,12Z,15Z))","USCDCOXUROEQQA-ZPWYYLPXSA-N","CCCCCCCCCCCCCCCC(=O)OC[C@]([H])(COP([O-])(=O)OCC[N+](C)(C)C)OC(=O)CCCC\C=C/C\C=C/C\C=C/C\C=C/CC","24778703","Found Concentration in Main Study",NA,NA,"No Match"
"BMDB07977","PC(16:0/20:0)","HVPURDWMANOTFO-HUESYALOSA-N","[H][C@@](COC(=O)CCCCCCCCCCCCCCC)(COP([O-])(=O)OCC[N+](C)(C)C)OC(=O)CCCCCCCCCCCCCCCCCCC","24778711","Found Concentration in Main Study",NA,NA,"No Match"
"BMDB07978","PC(16:0/20:1(11Z))","MZZHKIPFYPOYKP-NYJULOOZSA-N","CCCCCCCCCCCCCCCC(=O)OC[C@]([H])(COP([O-])(=O)OCC[N+](C)(C)C)OC(=O)CCCCCCCCC\C=C/CCCCCCCC","52922418","Found Concentration in Main Study",NA,NA,"No Match"
"BMDB07979","PC(16:0/20:2(11Z,14Z))","ZRTZULWIAWDUBY-UXSLIEDSSA-N","CCCCCCCCCCCCCCCC(=O)OC[C@]([H])(COP([O-])(=O)OCC[N+](C)(C)C)OC(=O)CCCCCCCCC\C=C/C\C=C/CCCCC","52922420","Found Concentration in Main Study",NA,NA,"No Match"
"BMDB07981","PC(16:0/20:3(8Z,11Z,14Z))","SRIGHEHXEGELQJ-YYQUKWHJSA-N","CCCCCCCCCCCCCCCC(=O)OC[C@]([H])(COP([O-])(=O)OCC[N+](C)(C)C)OC(=O)CCCCCC\C=C/C\C=C/C\C=C/CCCCC","24778719","Found Concentration in Main Study","DMD305279","DMD305279","Unique Match (by names only)"
"BMDB07982","PC(16:0/20:4(5Z,8Z,11Z,14Z))","IIZPXYDJLKNOIY-JXPKJXOSSA-N","CCCCCCCCCCCCCCCC(=O)OC[C@]([H])(COP([O-])(=O)OCC[N+](C)(C)C)OC(=O)CCC\C=C/C\C=C/C\C=C/C\C=C/CCCCC","10747814","Found Concentration in Main Study","DMD302351","DMD302351","Unique Match (by names and pubchem)"
"BMDB07984","PC(16:0/20:5(5Z,8Z,11Z,14Z,17Z))","KLTHQSWIRFFBRI-CPFPVJFHSA-N","CCCCCCCCCCCCCCCC(=O)OC[C@]([H])(COP([O-])(=O)OCC[N+](C)(C)C)OC(=O)CCC\C=C/C\C=C/C\C=C/C\C=C/C\C=C/CC","24778723","Found Concentration in Main Study",NA,NA,"No Match"
"BMDB07988","PC(16:0/22:4(7Z,10Z,13Z,16Z))","IRWRFKUTKSUFST-MDYGELLQSA-N","CCCCCCCCCCCCCCCC(=O)OC[C@]([H])(COP([O-])(=O)OCC[N+](C)(C)C)OC(=O)CCCCC\C=C/C\C=C/C\C=C/C\C=C/CCCCC","24778732","Found Concentration in Main Study","DMD302355","DMD302355","Unique Match (by names only)"
"BMDB07990","PC(16:0/22:5(7Z,10Z,13Z,16Z,19Z))","ARDJUHDXABDVFH-ZHSIBHBUSA-N","CCCCCCCCCCCCCCCC(=O)OC[C@]([H])(COP([O-])(=O)OCC[N+](C)(C)C)OC(=O)CCCCC\C=C/C\C=C/C\C=C/C\C=C/C\C=C/CC","24778737","Found Concentration in Main Study",NA,NA,"No Match"
"BMDB07991","PC(16:0/22:6(4Z,7Z,10Z,13Z,16Z,19Z))","IESVDEZGAHUQJU-ZLBXKVHBSA-N","CCCCCCCCCCCCCCCC(=O)OC[C@]([H])(COP([O-])(=O)OCC[N+](C)(C)C)OC(=O)CC\C=C/C\C=C/C\C=C/C\C=C/C\C=C/C\C=C/CC","6441886","Found Concentration in Main Study",NA,NA,"No Match"
"BMDB07998","PC(16:1(9Z)/14:0)","RHCWZMAZVBVICJ-IZNHTBNISA-N","CCCCCCCCCCCCCC(=O)O[C@]([H])(COC(=O)CCCCCCC\C=C/CCCCCC)COP([O-])(=O)OCC[N+](C)(C)C","52922432","Found Concentration in Main Study",NA,NA,"No Match"
"BMDB08000","PC(16:1(9Z)/15:0)","DZDGAJVMZIHSLH-WTWBAFHPSA-N","CCCCCCCCCCCCCCC(=O)O[C@]([H])(COC(=O)CCCCCCC\C=C/CCCCCC)COP([O-])(=O)OCC[N+](C)(C)C","52922436","Found Concentration in Main Study",NA,NA,"No Match"
"BMDB08001","PC(16:1(9Z)/16:0)","IPMVHVDAYPUFKH-WYRBGLKBSA-N","CCCCCCCCCCCCCCCC(=O)O[C@]([H])(COC(=O)CCCCCCC\C=C/CCCCCC)COP([O-])(=O)OCC[N+](C)(C)C","52922440","Found Concentration in Main Study",NA,NA,"No Match"
"BMDB08002","PC(16:1(9Z)/16:1(9Z))","GPWHCUUIQMGELX-VHQDNGOZSA-N","CCCCCC\C=C/CCCCCCCC(=O)OC[C@]([H])(COP([O-])(=O)OCC[N+](C)(C)C)OC(=O)CCCCCCC\C=C/CCCCCC","24778764","Found Concentration in Main Study","DMD302331","DMD302331","Unique Match (by names and pubchem)"
"BMDB08003","PC(16:1(9Z)/18:0)","LJUDFFWSOQEQKW-QCFYSATCSA-N","CCCCCCCCCCCCCCCCCC(=O)O[C@]([H])(COC(=O)CCCCCCC\C=C/CCCCCC)COP([O-])(=O)OCC[N+](C)(C)C","52922448","Found Concentration in Main Study","DMD305274","DMD305274","Unique Match (by names only)"
"BMDB08005","PC(16:1(9Z)/18:1(9Z))","ZRCWDIULNHKQRD-RWGOWQMXSA-N","CCCCCCCC\C=C/CCCCCCCC(=O)O[C@]([H])(COC(=O)CCCCCCC\C=C/CCCCCC)COP([O-])(=O)OCC[N+](C)(C)C","24778767","Found Concentration in Main Study",NA,NA,"No Match"
"BMDB08006","PC(16:1(9Z)/18:2(9Z,12Z))","QJWDAOSZZYVBJZ-KXESGEQTSA-N","CCCCCC\C=C/CCCCCCCC(=O)OC[C@]([H])(COP([O-])(=O)OCC[N+](C)(C)C)OC(=O)CCCCCCC\C=C/C\C=C/CCCCC","24778768","Found Concentration in Main Study",NA,NA,"No Match"
"BMDB08007","PC(16:1(9Z)/18:3(6Z,9Z,12Z))","ZZLFVAJFRYBVSN-URBNVOGLSA-N","CCCCCC\C=C/CCCCCCCC(=O)OC[C@]([H])(COP([O-])(=O)OCC[N+](C)(C)C)OC(=O)CCCC\C=C/C\C=C/C\C=C/CCCCC","52922450","Found Concentration in Main Study",NA,NA,"No Match"
"BMDB08008","PC(16:1(9Z)/18:3(9Z,12Z,15Z))","MMUCLZZSNHBNFL-KBTBXKTRSA-N","CCCCCC\C=C/CCCCCCCC(=O)OC[C@]([H])(COP([O-])(=O)OCC[N+](C)(C)C)OC(=O)CCCCCCC\C=C/C\C=C/C\C=C/CC","52922452","Found Concentration in Main Study",NA,NA,"No Match"
"BMDB08010","PC(16:1(9Z)/20:0)","YFGYYMPGHQJKLU-HTDYWKJCSA-N","CCCCCCCCCCCCCCCCCCCC(=O)O[C@]([H])(COC(=O)CCCCCCC\C=C/CCCCCC)COP([O-])(=O)OCC[N+](C)(C)C","5459377","Found Concentration in Main Study",NA,NA,"No Match"
"BMDB08011","PC(16:1(9Z)/20:1(11Z))","RPEHVLWFOYUNMD-NPCYKUJHSA-N","CCCCCCCC\C=C/CCCCCCCCCC(=O)O[C@]([H])(COC(=O)CCCCCCC\C=C/CCCCCC)COP([O-])(=O)OCC[N+](C)(C)C","52922459","Found Concentration in Main Study",NA,NA,"No Match"
"BMDB08012","PC(16:1(9Z)/20:2(11Z,14Z))","IIGHFIDXVYEMME-ZAEMQJNLSA-N","CCCCCC\C=C/CCCCCCCC(=O)OC[C@]([H])(COP([O-])(=O)OCC[N+](C)(C)C)OC(=O)CCCCCCCCC\C=C/C\C=C/CCCCC","52922461","Found Concentration in Main Study","DMD305279","DMD305279","Unique Match (by names only)"
"BMDB08014","PC(16:1(9Z)/20:3(8Z,11Z,14Z))","SCFKGVINVZBYAF-MLQXCARSSA-N","CCCCCC\C=C/CCCCCCCC(=O)OC[C@]([H])(COP([O-])(=O)OCC[N+](C)(C)C)OC(=O)CCCCCC\C=C/C\C=C/C\C=C/CCCCC","52922463","Found Concentration in Main Study",NA,NA,"No Match"
"BMDB08015","PC(16:1(9Z)/20:4(5Z,8Z,11Z,14Z))","DYDDZDMJSQYFGN-OIVUZXIWSA-N","CCCCCC\C=C/CCCCCCCC(=O)OC[C@]([H])(COP([O-])(=O)OCC[N+](C)(C)C)OC(=O)CCC\C=C/C\C=C/C\C=C/C\C=C/CCCCC","24778771","Found Concentration in Main Study",NA,NA,"No Match"
"BMDB08021","PC(16:1(9Z)/22:4(7Z,10Z,13Z,16Z))","XJISBSFDFOVVHI-QIOBQPIHSA-N","CCCCCC\C=C/CCCCCCCC(=O)OC[C@]([H])(COP([O-])(=O)OCC[N+](C)(C)C)OC(=O)CCCCC\C=C/C\C=C/C\C=C/C\C=C/CCCCC","52922475","Found Concentration in Main Study",NA,NA,"No Match"
"BMDB08024","PC(16:1(9Z)/22:5(7Z,10Z,13Z,16Z,19Z))","WNHOGFDQJFYPDE-GBGUCBAQSA-N","CCCCCC\C=C/CCCCCCCC(=O)OC[C@]([H])(COP([O-])(=O)OCC[N+](C)(C)C)OC(=O)CCCCC\C=C/C\C=C/C\C=C/C\C=C/C\C=C/CC","53478687","Found Concentration in Main Study",NA,NA,"No Match"
"BMDB08026","PC(16:1(9Z)/24:1(15Z))","FVYIRCQXEGIKHY-QYQAGSNQSA-N","CCCCCCCC\C=C/CCCCCCCCCCCCCC(=O)O[C@]([H])(COC(=O)CCCCCCC\C=C/CCCCCC)COP([O-])(=O)OCC[N+](C)(C)C","53478691","Found Concentration in Main Study",NA,NA,"No Match"
"BMDB08031","PC(18:0/14:0)","MZWGYEJOZNRLQE-KXQOOQHDSA-N","[H][C@@](COC(=O)CCCCCCCCCCCCCCCCC)(COP([O-])(=O)OCC[N+](C)(C)C)OC(=O)CCCCCCCCCCCCC","3082163","Found Concentration in Main Study","DMD305270","DMD305270","Unique Match (by names only)"
"BMDB08032","PC(18:0/14:1(9Z))","DHRQNMSQBJKUCK-IUXSEFJDSA-N","CCCCCCCCCCCCCCCCCC(=O)OC[C@]([H])(COP([O-])(=O)OCC[N+](C)(C)C)OC(=O)CCCCCCC\C=C/CCCC","52922643","Found Concentration in Main Study",NA,NA,"No Match"
"BMDB08033","PC(18:0/15:0)","FHENRYRLCPXONH-LDLOPFEMSA-N","[H][C@@](COC(=O)CCCCCCCCCCCCCCCCC)(COP([O-])(=O)OCC[N+](C)(C)C)OC(=O)CCCCCCCCCCCCCC","52922645","Found Concentration in Main Study",NA,NA,"No Match"
"BMDB08034","PC(18:0/16:0)","BYSIMVBIJVBVPA-RRHRGVEJSA-N","[H][C@@](COC(=O)CCCCCCCCCCCCCCCCC)(COP([O-])(=O)OCC[N+](C)(C)C)OC(=O)CCCCCCCCCCCCCCC","18631368","Found Concentration in Main Study",NA,NA,"No Match"
"BMDB08035","PC(18:0/16:1(9Z))","QRSPNOMDLRZDPG-QCFYSATCSA-N","CCCCCCCCCCCCCCCCCC(=O)OC[C@]([H])(COP([O-])(=O)OCC[N+](C)(C)C)OC(=O)CCCCCCC\C=C/CCCCCC","24778811","Found Concentration in Main Study","DMD305274","DMD305274","Unique Match (by names only)"
"BMDB08036","PC(18:0/18:0)","NRJAVPSFFCBXDT-HUESYALOSA-N","[H][C@@](COC(=O)CCCCCCCCCCCCCCCCC)(COP([O-])(=O)OCC[N+](C)(C)C)OC(=O)CCCCCCCCCCCCCCCCC","94190","Found Concentration in Main Study","DMD305278","DMD305278","Unique Match (by names only)"
"BMDB08038","PC(18:0/18:1(9Z))","ATHVAWFAEPLPPQ-VRDBWYNSSA-N","CCCCCCCCCCCCCCCCCC(=O)OC[C@]([H])(COP([O-])(=O)OCC[N+](C)(C)C)OC(=O)CCCCCCC\C=C/CCCCCCCC","24778825","Found Concentration in Main Study","DMD302344;DMD302345","DMD302344","Unique Match (by names and pubchem)"
"BMDB08039","PC(18:0/18:2(9Z,12Z))","FORFDCPQKJHEBF-VPUSDGANSA-N","CCCCCCCCCCCCCCCCCC(=O)OC[C@]([H])(COP([O-])(=O)OCC[N+](C)(C)C)OC(=O)CCCCCCC\C=C/C\C=C/CCCCC","6441487","Found Concentration in Main Study",NA,NA,"No Match"
"BMDB08040","PC(18:0/18:3(6Z,9Z,12Z))","KJVJKBRMUDGTKA-NZXQIXPOSA-N","CCCCCCCCCCCCCCCCCC(=O)OC[C@]([H])(COP([O-])(=O)OCC[N+](C)(C)C)OC(=O)CCCC\C=C/C\C=C/C\C=C/CCCCC","52922655","Found Concentration in Main Study","DMD305279","DMD305279","Unique Match (by names only)"
"BMDB08041","PC(18:0/18:3(9Z,12Z,15Z))","WZCLAXMADUBPSG-RIXBAXMTSA-N","CCCCCCCCCCCCCCCCCC(=O)OC[C@]([H])(COP([O-])(=O)OCC[N+](C)(C)C)OC(=O)CCCCCCC\C=C/C\C=C/C\C=C/CC","52922657","Found Concentration in Main Study","DMD305279","DMD305279","Unique Match (by names only)"
"BMDB08042","PC(18:0/18:4(6Z,9Z,12Z,15Z))","MGIFJPVLDQAGPZ-ROBDCESFSA-N","CCCCCCCCCCCCCCCCCC(=O)OC[C@]([H])(COP([O-])(=O)OCC[N+](C)(C)C)OC(=O)CCCC\C=C/C\C=C/C\C=C/C\C=C/CC","24778833","Found Concentration in Main Study",NA,NA,"No Match"
"BMDB08045","PC(18:0/20:2(11Z,14Z))","ZQLPLCXRBVPKGP-UHKGRJRRSA-N","CCCCCCCCCCCCCCCCCC(=O)OC[C@]([H])(COP([O-])(=O)OCC[N+](C)(C)C)OC(=O)CCCCCCCCC\C=C/C\C=C/CCCCC","24778847","Found Concentration in Main Study",NA,NA,"No Match"
"BMDB08047","PC(18:0/20:3(8Z,11Z,14Z))","VGSUMLIRUGDCTF-NSMRCOLJSA-N","CCCCCCCCCCCCCCCCCC(=O)OC[C@]([H])(COP([O-])(=O)OCC[N+](C)(C)C)OC(=O)CCCCCC\C=C/C\C=C/C\C=C/CCCCC","24778857","Found Concentration in Main Study",NA,NA,"No Match"
"BMDB08048","PC(18:0/20:4(5Z,8Z,11Z,14Z))","PSVRFUPOQYJOOZ-QNPWAGBNSA-N","CCCCCCCCCCCCCCCCCC(=O)OC[C@]([H])(COP([O-])(=O)OCC[N+](C)(C)C)OC(=O)CCC\C=C/C\C=C/C\C=C/C\C=C/CCCCC","16219824","Found Concentration in Main Study","DMD302355","DMD302355","Unique Match (by names and pubchem)"
"BMDB08050","PC(18:0/20:5(5Z,8Z,11Z,14Z,17Z))","ZMNDHWFRGYCJKG-UQIQIHEKSA-N","CCCCCCCCCCCCCCCCCC(=O)OC[C@]([H])(COP([O-])(=O)OCC[N+](C)(C)C)OC(=O)CCC\C=C/C\C=C/C\C=C/C\C=C/C\C=C/CC","24778860","Found Concentration in Main Study","DMD305265","DMD305265","Unique Match (by names and pubchem)"
"BMDB08054","PC(18:0/22:4(7Z,10Z,13Z,16Z))","AXZGUCXCTZMPTR-UVGACIQRSA-N","CCCCCCCCCCCCCCCCCC(=O)OC[C@]([H])(COP([O-])(=O)OCC[N+](C)(C)C)OC(=O)CCCCC\C=C/C\C=C/C\C=C/C\C=C/CCCCC","24778868","Found Concentration in Main Study",NA,NA,"No Match"
"BMDB08097","PC(18:1(9Z)/14:0)","KIVAJCJTVPWSRJ-OQHNRNOKSA-N","CCCCCCCCCCCCCC(=O)O[C@]([H])(COC(=O)CCCCCCC\C=C/CCCCCCCC)COP([O-])(=O)OCC[N+](C)(C)C","24778931","Found Concentration in Main Study",NA,NA,"No Match"
"BMDB08098","PC(18:1(9Z)/14:1(9Z))","VYABGHZPSJWGOZ-LULHKCDZSA-N","CCCCCCCC\C=C/CCCCCCCC(=O)OC[C@]([H])(COP([O-])(=O)OCC[N+](C)(C)C)OC(=O)CCCCCCC\C=C/CCCC","52922673","Found Concentration in Main Study","DMD302331","DMD302331","Unique Match (by names only)"
"BMDB08099","PC(18:1(9Z)/15:0)","CLISCKGHRKPSQH-KUNNKMQBSA-N","CCCCCCCCCCCCCCC(=O)O[C@]([H])(COC(=O)CCCCCCC\C=C/CCCCCCCC)COP([O-])(=O)OCC[N+](C)(C)C","52922675","Found Concentration in Main Study",NA,NA,"No Match"
"BMDB08100","PC(18:1(9Z)/16:0)","RRVPPYNAZJRZFR-VYOBOKEXSA-N","CCCCCCCCCCCCCCCC(=O)O[C@]([H])(COC(=O)CCCCCCC\C=C/CCCCCCCC)COP([O-])(=O)OCC[N+](C)(C)C","24778933","Found Concentration in Main Study","DMD305274","DMD305274","Unique Match (by names only)"
"BMDB08101","PC(18:1(9Z)/16:1(9Z))","QJZAWHQVXYMEQR-RWGOWQMXSA-N","CCCCCCCC\C=C/CCCCCCCC(=O)OC[C@]([H])(COP([O-])(=O)OCC[N+](C)(C)C)OC(=O)CCCCCCC\C=C/CCCCCC","24778935","Found Concentration in Main Study",NA,NA,"No Match"
"BMDB08102","PC(18:1(9Z)/18:0)","NMJCSTNQFYPVOR-VHONOUADSA-N","CCCCCCCCCCCCCCCCCC(=O)O[C@]([H])(COC(=O)CCCCCCC\C=C/CCCCCCCC)COP([O-])(=O)OCC[N+](C)(C)C","24778936","Found Concentration in Main Study",NA,NA,"No Match"
"BMDB08105","PC(18:1(9Z)/18:2(9Z,12Z))","GDWULUGDXGHJIJ-VJHNMZKJSA-N","CCCCCCCC\C=C/CCCCCCCC(=O)OC[C@]([H])(COP([O-])(=O)OCC[N+](C)(C)C)OC(=O)CCCCCCC\C=C/C\C=C/CCCCC","24778939","Found Concentration in Main Study","DMD305279","DMD305279","Unique Match (by names only)"
"BMDB08106","PC(18:1(9Z)/18:3(6Z,9Z,12Z))","KATPUHPZOZWFBR-ZBFGQIGBSA-N","CCCCCCCC\C=C/CCCCCCCC(=O)OC[C@]([H])(COP([O-])(=O)OCC[N+](C)(C)C)OC(=O)CCCC\C=C/C\C=C/C\C=C/CCCCC","52922685","Found Concentration in Main Study",NA,NA,"No Match"
"BMDB08107","PC(18:1(9Z)/18:3(9Z,12Z,15Z))","FVQGNFUBHWGFCY-HJOYQDMMSA-N","CCCCCCCC\C=C/CCCCCCCC(=O)OC[C@]([H])(COP([O-])(=O)OCC[N+](C)(C)C)OC(=O)CCCCCCC\C=C/C\C=C/C\C=C/CC","24778941","Found Concentration in Main Study",NA,NA,"No Match"
"BMDB08108","PC(18:1(9Z)/18:4(6Z,9Z,12Z,15Z))","VTBLOCMXAXXMCO-ITFWVWPTSA-N","CCCCCCCC\C=C/CCCCCCCC(=O)OC[C@]([H])(COP([O-])(=O)OCC[N+](C)(C)C)OC(=O)CCCC\C=C/C\C=C/C\C=C/C\C=C/CC","52922687","Found Concentration in Main Study",NA,NA,"No Match"
"BMDB08110","PC(18:1(9Z)/20:1(11Z))","JLDQDLKBBDQYDE-WWUFLCHTSA-N","CCCCCCCC\C=C/CCCCCCCCCC(=O)O[C@]([H])(COC(=O)CCCCCCC\C=C/CCCCCCCC)COP([O-])(=O)OCC[N+](C)(C)C","52922693","Found Concentration in Main Study",NA,NA,"No Match"
"BMDB08111","PC(18:1(9Z)/20:2(11Z,14Z))","MGYXVNKVMWUCEN-UETRTARBSA-N","CCCCCCCC\C=C/CCCCCCCC(=O)OC[C@]([H])(COP([O-])(=O)OCC[N+](C)(C)C)OC(=O)CCCCCCCCC\C=C/C\C=C/CCCCC","52922695","Found Concentration in Main Study",NA,NA,"No Match"
"BMDB08113","PC(18:1(9Z)/20:3(8Z,11Z,14Z))","HLJHXSCXSDXLNW-OHDHZNPQSA-N","CCCCCCCC\C=C/CCCCCCCC(=O)OC[C@]([H])(COP([O-])(=O)OCC[N+](C)(C)C)OC(=O)CCCCCC\C=C/C\C=C/C\C=C/CCCCC","52922697","Found Concentration in Main Study","DMD302355","DMD302355","Unique Match (by names only)"
"BMDB08114","PC(18:1(9Z)/20:4(5Z,8Z,11Z,14Z))","ZAYXPDDGEIJGGW-VSDNDEBUSA-N","CCCCCCCC\C=C/CCCCCCCC(=O)OC[C@]([H])(COP([O-])(=O)OCC[N+](C)(C)C)OC(=O)CCC\C=C/C\C=C/C\C=C/C\C=C/CCCCC","24778948","Found Concentration in Main Study",NA,NA,"No Match"
"BMDB08116","PC(18:1(9Z)/20:5(5Z,8Z,11Z,14Z,17Z))","PAQLDAUPMINLDS-UTNJSSBTSA-N","CCCCCCCC\C=C/CCCCCCCC(=O)OC[C@]([H])(COP([O-])(=O)OCC[N+](C)(C)C)OC(=O)CCC\C=C/C\C=C/C\C=C/C\C=C/C\C=C/CC","24778949","Found Concentration in Main Study",NA,NA,"No Match"
"BMDB08118","PC(18:1(9Z)/22:1(13Z))","MOAVQOSWWXXGJQ-ACZCORRTSA-N","CCCCCCCC\C=C/CCCCCCCCCCCC(=O)O[C@]([H])(COC(=O)CCCCCCC\C=C/CCCCCCCC)COP([O-])(=O)OCC[N+](C)(C)C","53478769","Found Concentration in Main Study",NA,NA,"No Match"
"BMDB08130","PC(18:2(9Z,12Z)/14:0)","IORKBJYFXXCDMP-GMGFYYQASA-N","CCCCCCCCCCCCCC(=O)O[C@]([H])(COC(=O)CCCCCCC\C=C/C\C=C/CCCCC)COP([O-])(=O)OCC[N+](C)(C)C","52922711","Found Concentration in Main Study","DMD302331","DMD302331","Unique Match (by names only)"
"BMDB08131","PC(18:2(9Z,12Z)/14:1(9Z))","MEEAGHVLDDTFHZ-SHAXIEEXSA-N","CCCCC\C=C/C\C=C/CCCCCCCC(=O)OC[C@]([H])(COP([O-])(=O)OCC[N+](C)(C)C)OC(=O)CCCCCCC\C=C/CCCC","52922713","Found Concentration in Main Study",NA,NA,"No Match"
"BMDB08132","PC(18:2(9Z,12Z)/15:0)","SBNDHGBVMZMSNL-UESLNCBNSA-N","CCCCCCCCCCCCCCC(=O)O[C@]([H])(COC(=O)CCCCCCC\C=C/C\C=C/CCCCC)COP([O-])(=O)OCC[N+](C)(C)C","52922715","Found Concentration in Main Study","DMD302335","DMD302335","Unique Match (by names and pubchem)"
"BMDB08133","PC(18:2(9Z,12Z)/16:0)","FWMYJLDHIVCJCT-ZTIMHPMXSA-N","CCCCCCCCCCCCCCCC(=O)O[C@]([H])(COC(=O)CCCCCCC\C=C/C\C=C/CCCCC)COP([O-])(=O)OCC[N+](C)(C)C","24778972","Found Concentration in Main Study",NA,NA,"No Match"
"BMDB08134","PC(18:2(9Z,12Z)/16:1(9Z))","PPCVNZFMCABQCL-KXESGEQTSA-N","CCCCCC\C=C/CCCCCCCC(=O)O[C@]([H])(COC(=O)CCCCCCC\C=C/C\C=C/CCCCC)COP([O-])(=O)OCC[N+](C)(C)C","52922719","Found Concentration in Main Study",NA,NA,"No Match"
"BMDB08135","PC(18:2(9Z,12Z)/18:0)","DZPKSVTWWIZUMS-FPUNCOTOSA-N","CCCCCCCCCCCCCCCCCC(=O)O[C@]([H])(COC(=O)CCCCCCC\C=C/C\C=C/CCCCC)COP([O-])(=O)OCC[N+](C)(C)C","15378085","Found Concentration in Main Study",NA,NA,"No Match"
"BMDB08137","PC(18:2(9Z,12Z)/18:1(9Z))","RTAZWRZKFSTMOY-NMSVECGZSA-N","CCCCCCCC\C=C/CCCCCCCC(=O)O[C@]([H])(COC(=O)CCCCCCC\C=C/C\C=C/CCCCC)COP([O-])(=O)OCC[N+](C)(C)C","52922727","Found Concentration in Main Study","DMD305279","DMD305279","Unique Match (by names only)"
"BMDB08138","PC(18:2(9Z,12Z)/18:2(9Z,12Z))","FVXDQWZBHIXIEJ-LNDKUQBDSA-N","CCCCC\C=C/C\C=C/CCCCCCCC(=O)OC[C@]([H])(COP([O-])(=O)OCC[N+](C)(C)C)OC(=O)CCCCCCC\C=C/C\C=C/CCCCC","5288075","Found Concentration in Main Study",NA,NA,"No Match"
"BMDB08140","PC(18:2(9Z,12Z)/18:3(6Z,9Z,12Z))","ZYUVFKWRZDKQNL-YHOYFWGCSA-N","CCCCC\C=C/C\C=C/CCCCCCCC(=O)OC[C@]([H])(COP([O-])(=O)OCC[N+](C)(C)C)OC(=O)CCCC\C=C/C\C=C/C\C=C/CCCCC","52922729","Found Concentration in Main Study",NA,NA,"No Match"
"BMDB08141","PC(18:2(9Z,12Z)/18:3(9Z,12Z,15Z))","HZGAVPNEGHQJID-UNBCHYIMSA-N","CCCCC\C=C/C\C=C/CCCCCCCC(=O)OC[C@]([H])(COP([O-])(=O)OCC[N+](C)(C)C)OC(=O)CCCCCCC\C=C/C\C=C/C\C=C/CC","52922731","Found Concentration in Main Study",NA,NA,"No Match"
"BMDB08143","PC(18:2(9Z,12Z)/20:0)","IMVSFXGBZBLWFA-FMJYHZMHSA-N","CCCCCCCCCCCCCCCCCCCC(=O)O[C@]([H])(COC(=O)CCCCCCC\C=C/C\C=C/CCCCC)COP([O-])(=O)OCC[N+](C)(C)C","52922739","Found Concentration in Main Study",NA,NA,"No Match"
"BMDB08144","PC(18:2(9Z,12Z)/20:1(11Z))","OJHJKEBRZSDTTL-VHWCKNCUSA-N","CCCCCCCC\C=C/CCCCCCCCCC(=O)O[C@]([H])(COC(=O)CCCCCCC\C=C/C\C=C/CCCCC)COP([O-])(=O)OCC[N+](C)(C)C","52922741","Found Concentration in Main Study",NA,NA,"No Match"
"BMDB08145","PC(18:2(9Z,12Z)/20:2(11Z,14Z))","ORELBRKCYWQHTL-JEHIXBSSSA-N","CCCCC\C=C/C\C=C/CCCCCCCCCC(=O)O[C@]([H])(COC(=O)CCCCCCC\C=C/C\C=C/CCCCC)COP([O-])(=O)OCC[N+](C)(C)C","52922743","Found Concentration in Main Study","DMD302355","DMD302355","Unique Match (by names only)"
"BMDB08146","PC(18:2(9Z,12Z)/20:3(8Z,11Z,14Z))","SMIXWIPQRZURJV-GMLOEBGYSA-N","CCCCC\C=C/C\C=C/CCCCCCCC(=O)OC[C@]([H])(COP([O-])(=O)OCC[N+](C)(C)C)OC(=O)CCCCCC\C=C/C\C=C/C\C=C/CCCCC","52922745","Found Concentration in Main Study",NA,NA,"No Match"
"BMDB08147","PC(18:2(9Z,12Z)/20:4(5Z,8Z,11Z,14Z))","ZZSZQATYGVHNLZ-PUMLCSCDSA-N","CCCCC\C=C/C\C=C/CCCCCCCC(=O)OC[C@]([H])(COP([O-])(=O)OCC[N+](C)(C)C)OC(=O)CCC\C=C/C\C=C/C\C=C/C\C=C/CCCCC","24778979","Found Concentration in Main Study",NA,NA,"No Match"
"BMDB08150","PC(18:2(9Z,12Z)/22:0)","PEKXFIVBDJUQJI-QGXZLJJESA-N","CCCCCCCCCCCCCCCCCCCCCC(=O)O[C@]([H])(COC(=O)CCCCCCC\C=C/C\C=C/CCCCC)COP([O-])(=O)OCC[N+](C)(C)C","52922751","Found Concentration in Main Study",NA,NA,"No Match"
"BMDB08151","PC(18:2(9Z,12Z)/22:1(13Z))","JJWICPUXGFOAPG-PUXNAPJVSA-N","CCCCCCCC\C=C/CCCCCCCCCCCC(=O)O[C@]([H])(COC(=O)CCCCCCC\C=C/C\C=C/CCCCC)COP([O-])(=O)OCC[N+](C)(C)C","53478791","Found Concentration in Main Study",NA,NA,"No Match"
"BMDB08163","PC(18:3(6Z,9Z,12Z)/14:0)","UXEFXNOSLOCOLX-ZCHSEWAGSA-N","CCCCCCCCCCCCCC(=O)O[C@]([H])(COC(=O)CCCC\C=C/C\C=C/C\C=C/CCCCC)COP([O-])(=O)OCC[N+](C)(C)C","52922763","Found Concentration in Main Study",NA,NA,"No Match"
"BMDB08166","PC(18:3(6Z,9Z,12Z)/16:0)","MXPOYZQNXGPEDV-REAAISNBSA-N","CCCCCCCCCCCCCCCC(=O)O[C@]([H])(COC(=O)CCCC\C=C/C\C=C/C\C=C/CCCCC)COP([O-])(=O)OCC[N+](C)(C)C","52922771","Found Concentration in Main Study",NA,NA,"No Match"
"BMDB08167","PC(18:3(6Z,9Z,12Z)/16:1(9Z))","LPHXBROJEZXFQN-HZZYYZCGSA-N","CCCCCC\C=C/CCCCCCCC(=O)O[C@]([H])(COC(=O)CCCC\C=C/C\C=C/C\C=C/CCCCC)COP([O-])(=O)OCC[N+](C)(C)C","52922773","Found Concentration in Main Study",NA,NA,"No Match"
"BMDB08168","PC(18:3(6Z,9Z,12Z)/18:0)","HOOCTPAZCNJQPX-OJKLBMRPSA-N","CCCCCCCCCCCCCCCCCC(=O)O[C@]([H])(COC(=O)CCCC\C=C/C\C=C/C\C=C/CCCCC)COP([O-])(=O)OCC[N+](C)(C)C","52922781","Found Concentration in Main Study","DMD305279","DMD305279","Unique Match (by names only)"
"BMDB08170","PC(18:3(6Z,9Z,12Z)/18:1(9Z))","NKQPOVROGSWLTO-NVPMBMBWSA-N","CCCCCCCC\C=C/CCCCCCCC(=O)O[C@]([H])(COC(=O)CCCC\C=C/C\C=C/C\C=C/CCCCC)COP([O-])(=O)OCC[N+](C)(C)C","52922783","Found Concentration in Main Study",NA,"DMD302350","Unique Match (by pubchem only)"
"BMDB08171","PC(18:3(6Z,9Z,12Z)/18:2(9Z,12Z))","HBJOLTVTFPGCMX-XXDURKHJSA-N","CCCCC\C=C/C\C=C/CCCCCCCC(=O)O[C@]([H])(COC(=O)CCCC\C=C/C\C=C/C\C=C/CCCCC)COP([O-])(=O)OCC[N+](C)(C)C","52922785","Found Concentration in Main Study",NA,NA,"No Match"
"BMDB08175","PC(18:3(6Z,9Z,12Z)/20:0)","ZVIYLLGWTBXCIL-VNXCBJMSSA-N","CCCCCCCCCCCCCCCCCCCC(=O)O[C@]([H])(COC(=O)CCCC\C=C/C\C=C/C\C=C/CCCCC)COP([O-])(=O)OCC[N+](C)(C)C","52922797","Found Concentration in Main Study",NA,NA,"No Match"
"BMDB08176","PC(18:3(6Z,9Z,12Z)/20:1(11Z))","SVOGSAQWUMDSCM-OJCVPQOYSA-N","CCCCCCCC\C=C/CCCCCCCCCC(=O)O[C@]([H])(COC(=O)CCCC\C=C/C\C=C/C\C=C/CCCCC)COP([O-])(=O)OCC[N+](C)(C)C","52922799","Found Concentration in Main Study","DMD302355","DMD302355","Unique Match (by names only)"
"BMDB08177","PC(18:3(6Z,9Z,12Z)/20:2(11Z,14Z))","JEEMMQUVRFTVSG-AZITXYQXSA-N","CCCCC\C=C/C\C=C/CCCCCCCCCC(=O)O[C@]([H])(COC(=O)CCCC\C=C/C\C=C/C\C=C/CCCCC)COP([O-])(=O)OCC[N+](C)(C)C","52922801","Found Concentration in Main Study",NA,NA,"No Match"
"BMDB08179","PC(18:3(6Z,9Z,12Z)/20:3(8Z,11Z,14Z))","AHOMSZWEDIDNLL-SVXFTSFPSA-N","CCCCC\C=C/C\C=C/C\C=C/CCCCCCC(=O)O[C@]([H])(COC(=O)CCCC\C=C/C\C=C/C\C=C/CCCCC)COP([O-])(=O)OCC[N+](C)(C)C","52922803","Found Concentration in Main Study",NA,NA,"No Match"
"BMDB08183","PC(18:3(6Z,9Z,12Z)/22:0)","URWUZTOLBMHCQL-WREMRUDSSA-N","CCCCCCCCCCCCCCCCCCCCCC(=O)O[C@]([H])(COC(=O)CCCC\C=C/C\C=C/C\C=C/CCCCC)COP([O-])(=O)OCC[N+](C)(C)C","52922811","Found Concentration in Main Study",NA,NA,"No Match"
"BMDB08184","PC(18:3(6Z,9Z,12Z)/22:1(13Z))","KRZVEGHGJRMPEH-SXHNUEEOSA-N","CCCCCCCC\C=C/CCCCCCCCCCCC(=O)O[C@]([H])(COC(=O)CCCC\C=C/C\C=C/C\C=C/CCCCC)COP([O-])(=O)OCC[N+](C)(C)C","53478813","Found Concentration in Main Study",NA,NA,"No Match"
"BMDB08196","PC(18:3(9Z,12Z,15Z)/14:0)","FJUVFXSFGYBNBR-XPTMXNASSA-N","CCCCCCCCCCCCCC(=O)O[C@]([H])(COC(=O)CCCCCCC\C=C/C\C=C/C\C=C/CC)COP([O-])(=O)OCC[N+](C)(C)C","52922825","Found Concentration in Main Study",NA,NA,"No Match"
"BMDB08199","PC(18:3(9Z,12Z,15Z)/16:0)","RAPKGPDUGWBPHR-QWFQJEORSA-N","CCCCCCCCCCCCCCCC(=O)O[C@]([H])(COC(=O)CCCCCCC\C=C/C\C=C/C\C=C/CC)COP([O-])(=O)OCC[N+](C)(C)C","52922833","Found Concentration in Main Study",NA,NA,"No Match"
"BMDB08200","PC(18:3(9Z,12Z,15Z)/16:1(9Z))","QWIZBBFFDQPBKI-KBTBXKTRSA-N","CCCCCC\C=C/CCCCCCCC(=O)O[C@]([H])(COC(=O)CCCCCCC\C=C/C\C=C/C\C=C/CC)COP([O-])(=O)OCC[N+](C)(C)C","52922835","Found Concentration in Main Study",NA,NA,"No Match"
"BMDB08201","PC(18:3(9Z,12Z,15Z)/18:0)","QAVRIJZWHPNXBW-BHLPDSGJSA-N","CCCCCCCCCCCCCCCCCC(=O)O[C@]([H])(COC(=O)CCCCCCC\C=C/C\C=C/C\C=C/CC)COP([O-])(=O)OCC[N+](C)(C)C","52922843","Found Concentration in Main Study","DMD305279","DMD305279","Unique Match (by names only)"
"BMDB08203","PC(18:3(9Z,12Z,15Z)/18:1(9Z))","LPDGUCIMNBNWEJ-BXZVQSHESA-N","CCCCCCCC\C=C/CCCCCCCC(=O)O[C@]([H])(COC(=O)CCCCCCC\C=C/C\C=C/C\C=C/CC)COP([O-])(=O)OCC[N+](C)(C)C","24778989","Found Concentration in Main Study",NA,NA,"No Match"
"BMDB08204","PC(18:3(9Z,12Z,15Z)/18:2(9Z,12Z))","QFDYIDGUKXRPKH-VSLGLSMXSA-N","CCCCC\C=C/C\C=C/CCCCCCCC(=O)O[C@]([H])(COC(=O)CCCCCCC\C=C/C\C=C/C\C=C/CC)COP([O-])(=O)OCC[N+](C)(C)C","52922845","Found Concentration in Main Study",NA,NA,"No Match"
"BMDB08208","PC(18:3(9Z,12Z,15Z)/20:0)","CFHMUBPSPSTZCR-LITWNLNFSA-N","CCCCCCCCCCCCCCCCCCCC(=O)O[C@]([H])(COC(=O)CCCCCCC\C=C/C\C=C/C\C=C/CC)COP([O-])(=O)OCC[N+](C)(C)C","52922855","Found Concentration in Main Study",NA,NA,"No Match"
"BMDB08209","PC(18:3(9Z,12Z,15Z)/20:1(11Z))","WAZYDHAWJWFGBD-LMJTUUMUSA-N","CCCCCCCC\C=C/CCCCCCCCCC(=O)O[C@]([H])(COC(=O)CCCCCCC\C=C/C\C=C/C\C=C/CC)COP([O-])(=O)OCC[N+](C)(C)C","52922857","Found Concentration in Main Study","DMD302355","DMD302355","Unique Match (by names only)"
"BMDB08210","PC(18:3(9Z,12Z,15Z)/20:2(11Z,14Z))","WQYONUAQJUQROT-HTEBOPLQSA-N","CCCCC\C=C/C\C=C/CCCCCCCCCC(=O)O[C@]([H])(COC(=O)CCCCCCC\C=C/C\C=C/C\C=C/CC)COP([O-])(=O)OCC[N+](C)(C)C","52922859","Found Concentration in Main Study",NA,NA,"No Match"
"BMDB08212","PC(18:3(9Z,12Z,15Z)/20:3(8Z,11Z,14Z))","WZLXKZRHVGVNTE-NYMMKBANSA-N","CCCCC\C=C/C\C=C/C\C=C/CCCCCCC(=O)O[C@]([H])(COC(=O)CCCCCCC\C=C/C\C=C/C\C=C/CC)COP([O-])(=O)OCC[N+](C)(C)C","52922861","Found Concentration in Main Study",NA,NA,"No Match"
"BMDB08216","PC(18:3(9Z,12Z,15Z)/22:0)","GOHLCSOGBDQPMM-NOAWTOFZSA-N","CCCCCCCCCCCCCCCCCCCCCC(=O)O[C@]([H])(COC(=O)CCCCCCC\C=C/C\C=C/C\C=C/CC)COP([O-])(=O)OCC[N+](C)(C)C","52922869","Found Concentration in Main Study",NA,NA,"No Match"
"BMDB08217","PC(18:3(9Z,12Z,15Z)/22:1(13Z))","ZIQIWGNSQBOJMS-JUGJLYODSA-N","CCCCCCCC\C=C/CCCCCCCCCCCC(=O)O[C@]([H])(COC(=O)CCCCCCC\C=C/C\C=C/C\C=C/CC)COP([O-])(=O)OCC[N+](C)(C)C","53478837","Found Concentration in Main Study",NA,NA,"No Match"
"BMDB08232","PC(18:4(6Z,9Z,12Z,15Z)/16:0)","YWDDIWXKFJEMKF-JTZVLWBESA-N","CCCCCCCCCCCCCCCC(=O)O[C@]([H])(COC(=O)CCCC\C=C/C\C=C/C\C=C/C\C=C/CC)COP([O-])(=O)OCC[N+](C)(C)C","52922891","Found Concentration in Main Study","DMD305277","DMD305277","Unique Match (by names and pubchem)"
"BMDB08234","PC(18:4(6Z,9Z,12Z,15Z)/18:0)","MGPSPRHJNJDBJK-TXLPWOKVSA-N","CCCCCCCCCCCCCCCCCC(=O)O[C@]([H])(COC(=O)CCCC\C=C/C\C=C/C\C=C/C\C=C/CC)COP([O-])(=O)OCC[N+](C)(C)C","52922901","Found Concentration in Main Study",NA,NA,"No Match"
"BMDB08236","PC(18:4(6Z,9Z,12Z,15Z)/18:1(9Z))","SQOJMBITSSDGAU-MAFUUHOFSA-N","CCCCCCCC\C=C/CCCCCCCC(=O)O[C@]([H])(COC(=O)CCCC\C=C/C\C=C/C\C=C/C\C=C/CC)COP([O-])(=O)OCC[N+](C)(C)C","52922903","Found Concentration in Main Study",NA,NA,"No Match"
"BMDB08241","PC(18:4(6Z,9Z,12Z,15Z)/20:0)","HGTVFXGQQZVIJK-BCHSVXNCSA-N","CCCCCCCCCCCCCCCCCCCC(=O)O[C@]([H])(COC(=O)CCCC\C=C/C\C=C/C\C=C/C\C=C/CC)COP([O-])(=O)OCC[N+](C)(C)C","52922917","Found Concentration in Main Study","DMD302355","DMD302355","Unique Match (by names only)"
"BMDB08242","PC(18:4(6Z,9Z,12Z,15Z)/20:1(11Z))","WJGXHQGSFRJRJR-JQMRBUEGSA-N","CCCCCCCC\C=C/CCCCCCCCCC(=O)O[C@]([H])(COC(=O)CCCC\C=C/C\C=C/C\C=C/C\C=C/CC)COP([O-])(=O)OCC[N+](C)(C)C","52922919","Found Concentration in Main Study",NA,NA,"No Match"
"BMDB08243","PC(18:4(6Z,9Z,12Z,15Z)/20:2(11Z,14Z))","RJBUKRKXNJFIDS-MXQFTRAWSA-N","CCCCC\C=C/C\C=C/CCCCCCCCCC(=O)O[C@]([H])(COC(=O)CCCC\C=C/C\C=C/C\C=C/C\C=C/CC)COP([O-])(=O)OCC[N+](C)(C)C","52922921","Found Concentration in Main Study",NA,NA,"No Match"
"BMDB08249","PC(18:4(6Z,9Z,12Z,15Z)/22:0)","KISSKTFZLUEROR-MNPIPRPGSA-N","CCCCCCCCCCCCCCCCCCCCCC(=O)O[C@]([H])(COC(=O)CCCC\C=C/C\C=C/C\C=C/C\C=C/CC)COP([O-])(=O)OCC[N+](C)(C)C","52922931","Found Concentration in Main Study",NA,NA,"No Match"
"BMDB08262","PC(20:0/14:0)","GNUQJONGMHMBKN-RRHRGVEJSA-N","[H][C@@](COC(=O)CCCCCCCCCCCCCCCCCCC)(COP([O-])(=O)OCC[N+](C)(C)C)OC(=O)CCCCCCCCCCCCC","24779028","Found Concentration in Main Study",NA,NA,"No Match"
"BMDB08263","PC(20:0/14:1(9Z))","HUTFJQFEXOTHFG-LLVYEJTBSA-N","CCCCCCCCCCCCCCCCCCCC(=O)OC[C@]([H])(COP([O-])(=O)OCC[N+](C)(C)C)OC(=O)CCCCCCC\C=C/CCCC","52923053","Found Concentration in Main Study","DMD305274","DMD305274","Unique Match (by names only)"
"BMDB08264","PC(20:0/15:0)","RMPXTQDWTSBVHI-VQJSHJPSSA-N","[H][C@@](COC(=O)CCCCCCCCCCCCCCCCCCC)(COP([O-])(=O)OCC[N+](C)(C)C)OC(=O)CCCCCCCCCCCCCC","52923055","Found Concentration in Main Study",NA,NA,"No Match"
"BMDB08265","PC(20:0/16:0)","JJSZXCSTFDBBBZ-HUESYALOSA-N","[H][C@@](COC(=O)CCCCCCCCCCCCCCCCCCC)(COP([O-])(=O)OCC[N+](C)(C)C)OC(=O)CCCCCCCCCCCCCCC","24779030","Found Concentration in Main Study",NA,NA,"No Match"
"BMDB08266","PC(20:0/16:1(9Z))","VIOCEOKULYHXNJ-HTDYWKJCSA-N","CCCCCCCCCCCCCCCCCCCC(=O)OC[C@]([H])(COP([O-])(=O)OCC[N+](C)(C)C)OC(=O)CCCCCCC\C=C/CCCCCC","52923059","Found Concentration in Main Study",NA,NA,"No Match"
"BMDB08270","PC(20:0/18:2(9Z,12Z))","KXXLFCAPKGRXBT-FMJYHZMHSA-N","CCCCCCCCCCCCCCCCCCCC(=O)OC[C@]([H])(COP([O-])(=O)OCC[N+](C)(C)C)OC(=O)CCCCCCC\C=C/C\C=C/CCCCC","24779263","Found Concentration in Main Study",NA,NA,"No Match"
"BMDB08271","PC(20:0/18:3(6Z,9Z,12Z))","DLZPSAPMHALIOA-YNCVDBFYSA-N","CCCCCCCCCCCCCCCCCCCC(=O)OC[C@]([H])(COP([O-])(=O)OCC[N+](C)(C)C)OC(=O)CCCC\C=C/C\C=C/C\C=C/CCCCC","52923067","Found Concentration in Main Study",NA,NA,"No Match"
"BMDB08272","PC(20:0/18:3(9Z,12Z,15Z))","ZDCCXTFOQDDLSE-LITWNLNFSA-N","CCCCCCCCCCCCCCCCCCCC(=O)OC[C@]([H])(COP([O-])(=O)OCC[N+](C)(C)C)OC(=O)CCCCCCC\C=C/C\C=C/C\C=C/CC","52923069","Found Concentration in Main Study",NA,NA,"No Match"
"BMDB08273","PC(20:0/18:4(6Z,9Z,12Z,15Z))","UELRKDJVEHFVAI-QZOXBMLCSA-N","CCCCCCCCCCCCCCCCCCCC(=O)OC[C@]([H])(COP([O-])(=O)OCC[N+](C)(C)C)OC(=O)CCCC\C=C/C\C=C/C\C=C/C\C=C/CC","52923071","Found Concentration in Main Study","DMD302355","DMD302355","Unique Match (by names only)"
"BMDB08276","PC(20:0/20:2(11Z,14Z))","DGKXFLANAYRYMU-BYZVZMPQSA-N","CCCCCCCCCCCCCCCCCCCC(=O)OC[C@]([H])(COP([O-])(=O)OCC[N+](C)(C)C)OC(=O)CCCCCCCCC\C=C/C\C=C/CCCCC","24779046","Found Concentration in Main Study",NA,NA,"No Match"
"BMDB08278","PC(20:0/20:3(8Z,11Z,14Z))","BRHVVSCMXSBYAI-XXXCGRBJSA-N","CCCCCCCCCCCCCCCCCCCC(=O)OC[C@]([H])(COP([O-])(=O)OCC[N+](C)(C)C)OC(=O)CCCCCC\C=C/C\C=C/C\C=C/CCCCC","52923077","Found Concentration in Main Study",NA,NA,"No Match"
"BMDB08279","PC(20:0/20:4(5Z,8Z,11Z,14Z))","UAVRPIXHIHJERN-CBTSKTMBSA-N","CCCCCCCCCCCCCCCCCCCC(=O)OC[C@]([H])(COP([O-])(=O)OCC[N+](C)(C)C)OC(=O)CCC\C=C/C\C=C/C\C=C/C\C=C/CCCCC","24779048","Found Concentration in Main Study",NA,NA,"No Match"
"BMDB08290","PC(20:0/24:1(15Z))","JAMSDVDUWQNQFZ-QNQJCTKXSA-N","CCCCCCCCCCCCCCCCCCCC(=O)OC[C@]([H])(COP([O-])(=O)OCC[N+](C)(C)C)OC(=O)CCCCCCCCCCCCC\C=C/CCCCCCCC","24779057","Found Concentration in Main Study",NA,NA,"No Match"
"BMDB08295","PC(20:1(11Z)/14:0)","WSBNPWBHAOQZJF-OIJJMQLXSA-N","CCCCCCCCCCCCCC(=O)O[C@]([H])(COC(=O)CCCCCCCCC\C=C/CCCCCCCC)COP([O-])(=O)OCC[N+](C)(C)C","52923093","Found Concentration in Main Study","DMD305274","DMD305274","Unique Match (by names only)"
"BMDB08296","PC(20:1(11Z)/14:1(9Z))","FMLFVZOURBVUJL-LYJZGNKWSA-N","CCCCCCCC\C=C/CCCCCCCCCC(=O)OC[C@]([H])(COP([O-])(=O)OCC[N+](C)(C)C)OC(=O)CCCCCCC\C=C/CCCC","52923095","Found Concentration in Main Study",NA,NA,"No Match"
"BMDB08297","PC(20:1(11Z)/15:0)","VATZLDBYQIOABD-HFWGUVFESA-N","CCCCCCCCCCCCCCC(=O)O[C@]([H])(COC(=O)CCCCCCCCC\C=C/CCCCCCCC)COP([O-])(=O)OCC[N+](C)(C)C","52923097","Found Concentration in Main Study",NA,NA,"No Match"
"BMDB08298","PC(20:1(11Z)/16:0)","RLIWKVWRUOJIHW-NYJULOOZSA-N","CCCCCCCCCCCCCCCC(=O)O[C@]([H])(COC(=O)CCCCCCCCC\C=C/CCCCCCCC)COP([O-])(=O)OCC[N+](C)(C)C","52923101","Found Concentration in Main Study",NA,NA,"No Match"
"BMDB08299","PC(20:1(11Z)/16:1(9Z))","NZMJAZKGUFCMTN-NPCYKUJHSA-N","CCCCCCCC\C=C/CCCCCCCCCC(=O)OC[C@]([H])(COP([O-])(=O)OCC[N+](C)(C)C)OC(=O)CCCCCCC\C=C/CCCCCC","52923103","Found Concentration in Main Study",NA,NA,"No Match"
"BMDB08302","PC(20:1(11Z)/18:1(9Z))","QLEJPADMSQQACL-WWUFLCHTSA-N","CCCCCCCC\C=C/CCCCCCCCCC(=O)OC[C@]([H])(COP([O-])(=O)OCC[N+](C)(C)C)OC(=O)CCCCCCC\C=C/CCCCCCCC","52923113","Found Concentration in Main Study",NA,NA,"No Match"
"BMDB08303","PC(20:1(11Z)/18:2(9Z,12Z))","KJDCENXZHMAYTN-VHWCKNCUSA-N","CCCCCCCC\C=C/CCCCCCCCCC(=O)OC[C@]([H])(COP([O-])(=O)OCC[N+](C)(C)C)OC(=O)CCCCCCC\C=C/C\C=C/CCCCC","52923115","Found Concentration in Main Study",NA,NA,"No Match"
"BMDB08304","PC(20:1(11Z)/18:3(6Z,9Z,12Z))","FHOBLZOUZRDCHR-VSYNYFESSA-N","CCCCCCCC\C=C/CCCCCCCCCC(=O)OC[C@]([H])(COP([O-])(=O)OCC[N+](C)(C)C)OC(=O)CCCC\C=C/C\C=C/C\C=C/CCCCC","52923117","Found Concentration in Main Study","DMD302355","DMD302355","Unique Match (by names only)"
"BMDB08305","PC(20:1(11Z)/18:3(9Z,12Z,15Z))","NOWQIXJSMOBJLS-LMJTUUMUSA-N","CCCCCCCC\C=C/CCCCCCCCCC(=O)OC[C@]([H])(COP([O-])(=O)OCC[N+](C)(C)C)OC(=O)CCCCCCC\C=C/C\C=C/C\C=C/CC","52923119","Found Concentration in Main Study","DMD302355","DMD302355","Unique Match (by names only)"
"BMDB08306","PC(20:1(11Z)/18:4(6Z,9Z,12Z,15Z))","YDPVXGLBOPTMBY-SNMLGIRPSA-N","CCCCCCCC\C=C/CCCCCCCCCC(=O)OC[C@]([H])(COP([O-])(=O)OCC[N+](C)(C)C)OC(=O)CCCC\C=C/C\C=C/C\C=C/C\C=C/CC","52923121","Found Concentration in Main Study",NA,NA,"No Match"
"BMDB08308","PC(20:1(11Z)/20:1(11Z))","AEUCYCQYAUFAKH-DITNKEBASA-N","CCCCCCCC\C=C/CCCCCCCCCC(=O)OC[C@]([H])(COP([O-])(=O)OCC[N+](C)(C)C)OC(=O)CCCCCCCCC\C=C/CCCCCCCC","24779063","Found Concentration in Main Study",NA,NA,"No Match"
"BMDB08309","PC(20:1(11Z)/20:2(11Z,14Z))","ZGKPOUQXLZVCDF-GPPISGLTSA-N","CCCCCCCC\C=C/CCCCCCCCCC(=O)OC[C@]([H])(COP([O-])(=O)OCC[N+](C)(C)C)OC(=O)CCCCCCCCC\C=C/C\C=C/CCCCC","52923129","Found Concentration in Main Study",NA,NA,"No Match"
"BMDB08311","PC(20:1(11Z)/20:3(8Z,11Z,14Z))","QLESDNGWICTNRJ-ONITYOGDSA-N","CCCCCCCC\C=C/CCCCCCCCCC(=O)OC[C@]([H])(COP([O-])(=O)OCC[N+](C)(C)C)OC(=O)CCCCCC\C=C/C\C=C/C\C=C/CCCCC","52923131","Found Concentration in Main Study",NA,NA,"No Match"
"BMDB08328","PC(20:2(11Z,14Z)/14:0)","JFWZYNWHJJSDAY-YBLKGUNISA-N","CCCCCCCCCCCCCC(=O)O[C@]([H])(COC(=O)CCCCCCCCC\C=C/C\C=C/CCCCC)COP([O-])(=O)OCC[N+](C)(C)C","52923153","Found Concentration in Main Study",NA,NA,"No Match"
"BMDB08329","PC(20:2(11Z,14Z)/14:1(9Z))","MYWHURBVYAKZKD-FRPVHTQQSA-N","CCCCC\C=C/C\C=C/CCCCCCCCCC(=O)OC[C@]([H])(COP([O-])(=O)OCC[N+](C)(C)C)OC(=O)CCCCCCC\C=C/CCCC","52923155","Found Concentration in Main Study",NA,NA,"No Match"
"BMDB08330","PC(20:2(11Z,14Z)/15:0)","LNGBVAOHJZCRIL-GPDPEMMZSA-N","CCCCCCCCCCCCCCC(=O)O[C@]([H])(COC(=O)CCCCCCCCC\C=C/C\C=C/CCCCC)COP([O-])(=O)OCC[N+](C)(C)C","52923157","Found Concentration in Main Study",NA,NA,"No Match"
"BMDB08331","PC(20:2(11Z,14Z)/16:0)","JCABAGPMEUGRDK-UXSLIEDSSA-N","CCCCCCCCCCCCCCCC(=O)O[C@]([H])(COC(=O)CCCCCCCCC\C=C/C\C=C/CCCCC)COP([O-])(=O)OCC[N+](C)(C)C","52923161","Found Concentration in Main Study",NA,NA,"No Match"
"BMDB08332","PC(20:2(11Z,14Z)/16:1(9Z))","VPDVXUMWNZFISL-ZAEMQJNLSA-N","CCCCCC\C=C/CCCCCCCC(=O)O[C@]([H])(COC(=O)CCCCCCCCC\C=C/C\C=C/CCCCC)COP([O-])(=O)OCC[N+](C)(C)C","52923163","Found Concentration in Main Study","DMD305279","DMD305279","Unique Match (by names only)"
"BMDB08333","PC(20:2(11Z,14Z)/18:0)","BRSRLMBMUIZSFE-UHKGRJRRSA-N","CCCCCCCCCCCCCCCCCC(=O)O[C@]([H])(COC(=O)CCCCCCCCC\C=C/C\C=C/CCCCC)COP([O-])(=O)OCC[N+](C)(C)C","52923171","Found Concentration in Main Study",NA,NA,"No Match"
"BMDB08335","PC(20:2(11Z,14Z)/18:1(9Z))","YULWBFNKMAKVNZ-UETRTARBSA-N","CCCCCCCC\C=C/CCCCCCCC(=O)O[C@]([H])(COC(=O)CCCCCCCCC\C=C/C\C=C/CCCCC)COP([O-])(=O)OCC[N+](C)(C)C","52923173","Found Concentration in Main Study",NA,NA,"No Match"
"BMDB08336","PC(20:2(11Z,14Z)/18:2(9Z,12Z))","ZPAYLLVKQCNXOK-JEHIXBSSSA-N","CCCCC\C=C/C\C=C/CCCCCCCCCC(=O)OC[C@]([H])(COP([O-])(=O)OCC[N+](C)(C)C)OC(=O)CCCCCCC\C=C/C\C=C/CCCCC","52923175","Found Concentration in Main Study","DMD302355","DMD302355","Unique Match (by names only)"
"BMDB08337","PC(20:2(11Z,14Z)/18:3(6Z,9Z,12Z))","WTLVSDIWQGLEAN-MFMUPFOOSA-N","CCCCC\C=C/C\C=C/CCCCCCCCCC(=O)OC[C@]([H])(COP([O-])(=O)OCC[N+](C)(C)C)OC(=O)CCCC\C=C/C\C=C/C\C=C/CCCCC","52923177","Found Concentration in Main Study",NA,NA,"No Match"
"BMDB08338","PC(20:2(11Z,14Z)/18:3(9Z,12Z,15Z))","ZWBUMNLEWHYPRH-HTEBOPLQSA-N","CCCCC\C=C/C\C=C/CCCCCCCCCC(=O)OC[C@]([H])(COP([O-])(=O)OCC[N+](C)(C)C)OC(=O)CCCCCCC\C=C/C\C=C/C\C=C/CC","52923179","Found Concentration in Main Study",NA,NA,"No Match"
"BMDB08339","PC(20:2(11Z,14Z)/18:4(6Z,9Z,12Z,15Z))","DMULDNPMYQMFAE-YCAHXJLUSA-N","CCCCC\C=C/C\C=C/CCCCCCCCCC(=O)OC[C@]([H])(COP([O-])(=O)OCC[N+](C)(C)C)OC(=O)CCCC\C=C/C\C=C/C\C=C/C\C=C/CC","52923181","Found Concentration in Main Study",NA,NA,"No Match"
"BMDB08340","PC(20:2(11Z,14Z)/20:0)","BVDPROLNIRIVET-SZAAGBBJSA-N","CCCCCCCCCCCCCCCCCCCC(=O)O[C@]([H])(COC(=O)CCCCCCCCC\C=C/C\C=C/CCCCC)COP([O-])(=O)OCC[N+](C)(C)C","52923187","Found Concentration in Main Study",NA,NA,"No Match"
"BMDB08341","PC(20:2(11Z,14Z)/20:1(11Z))","VSWBEFJQWZEWPT-KWPMQJQMSA-N","CCCCCCCC\C=C/CCCCCCCCCC(=O)O[C@]([H])(COC(=O)CCCCCCCCC\C=C/C\C=C/CCCCC)COP([O-])(=O)OCC[N+](C)(C)C","52923189","Found Concentration in Main Study",NA,NA,"No Match"
"BMDB08342","PC(20:2(11Z,14Z)/20:2(11Z,14Z))","AAYOXXRTLLISDA-RCXGQNHQSA-N","CCCCC\C=C/C\C=C/CCCCCCCCCC(=O)OC[C@]([H])(COP([O-])(=O)OCC[N+](C)(C)C)OC(=O)CCCCCCCCC\C=C/C\C=C/CCCCC","52923191","Found Concentration in Main Study",NA,NA,"No Match"
"BMDB08394","PC(20:3(8Z,11Z,14Z)/14:0)","VKVSSDKCKXJFIM-AFYHZPHLSA-N","CCCCCCCCCCCCCC(=O)O[C@]([H])(COC(=O)CCCCCC\C=C/C\C=C/C\C=C/CCCCC)COP([O-])(=O)OCC[N+](C)(C)C","52923213","Found Concentration in Main Study","DMD302338","DMD302338","Unique Match (by names and pubchem)"
"BMDB08395","PC(20:3(8Z,11Z,14Z)/14:1(9Z))","UGOXZVQDVQJYIN-PCBJBAEXSA-N","CCCCC\C=C/C\C=C/C\C=C/CCCCCCC(=O)OC[C@]([H])(COP([O-])(=O)OCC[N+](C)(C)C)OC(=O)CCCCCCC\C=C/CCCC","52923215","Found Concentration in Main Study",NA,NA,"No Match"
"BMDB08396","PC(20:3(8Z,11Z,14Z)/15:0)","PBYSSMVZTSQJLK-XWIBIVISSA-N","CCCCCCCCCCCCCCC(=O)O[C@]([H])(COC(=O)CCCCCC\C=C/C\C=C/C\C=C/CCCCC)COP([O-])(=O)OCC[N+](C)(C)C","52923217","Found Concentration in Main Study",NA,NA,"No Match"
"BMDB08397","PC(20:3(8Z,11Z,14Z)/16:0)","YKSVDDIMSQYNID-YYQUKWHJSA-N","CCCCCCCCCCCCCCCC(=O)O[C@]([H])(COC(=O)CCCCCC\C=C/C\C=C/C\C=C/CCCCC)COP([O-])(=O)OCC[N+](C)(C)C","52923221","Found Concentration in Main Study","DMD305279","DMD305279","Unique Match (by names only)"
"BMDB08398","PC(20:3(8Z,11Z,14Z)/16:1(9Z))","SMNBWWUNQGASFC-MLQXCARSSA-N","CCCCCC\C=C/CCCCCCCC(=O)O[C@]([H])(COC(=O)CCCCCC\C=C/C\C=C/C\C=C/CCCCC)COP([O-])(=O)OCC[N+](C)(C)C","52923223","Found Concentration in Main Study",NA,NA,"No Match"
"BMDB08399","PC(20:3(8Z,11Z,14Z)/18:0)","UTVPIFAQLMVRBR-DXLHFBPTSA-N","CCCCCCCCCCCCCCCCCC(=O)O[C@]([H])(COC(=O)CCCCCC\C=C/C\C=C/C\C=C/CCCCC)COP([O-])(=O)OCC[N+](C)(C)C","52923231","Found Concentration in Main Study",NA,NA,"No Match"
"BMDB08401","PC(20:3(8Z,11Z,14Z)/18:1(9Z))","SLKDYSINLYWLQQ-IGMUWBMCSA-N","CCCCCCCC\C=C/CCCCCCCC(=O)O[C@]([H])(COC(=O)CCCCCC\C=C/C\C=C/C\C=C/CCCCC)COP([O-])(=O)OCC[N+](C)(C)C","52923233","Found Concentration in Main Study","DMD302355","DMD302355","Unique Match (by names only)"
"BMDB08402","PC(20:3(8Z,11Z,14Z)/18:2(9Z,12Z))","SUACBSWYGWBPFC-GPUJSUHJSA-N","CCCCC\C=C/C\C=C/CCCCCCCC(=O)O[C@]([H])(COC(=O)CCCCCC\C=C/C\C=C/C\C=C/CCCCC)COP([O-])(=O)OCC[N+](C)(C)C","52923235","Found Concentration in Main Study","DMD302356","DMD302356","Unique Match (by names and pubchem)"
"BMDB08403","PC(20:3(8Z,11Z,14Z)/18:3(6Z,9Z,12Z))","RIDIYDAFPMEWTP-AFNUAFPGSA-N","CCCCC\C=C/C\C=C/C\C=C/CCCCCCC(=O)OC[C@]([H])(COP([O-])(=O)OCC[N+](C)(C)C)OC(=O)CCCC\C=C/C\C=C/C\C=C/CCCCC","52923237","Found Concentration in Main Study",NA,NA,"No Match"
"BMDB08404","PC(20:3(8Z,11Z,14Z)/18:3(9Z,12Z,15Z))","ONHNZXQSGXKTJD-FKOQMNRQSA-N","CCCCC\C=C/C\C=C/C\C=C/CCCCCCC(=O)OC[C@]([H])(COP([O-])(=O)OCC[N+](C)(C)C)OC(=O)CCCCCCC\C=C/C\C=C/C\C=C/CC","52923239","Found Concentration in Main Study",NA,NA,"No Match"
"BMDB08406","PC(20:3(8Z,11Z,14Z)/20:0)","NMVCKDUPYAOXCG-XGEOKNOUSA-N","CCCCCCCCCCCCCCCCCCCC(=O)O[C@]([H])(COC(=O)CCCCCC\C=C/C\C=C/C\C=C/CCCCC)COP([O-])(=O)OCC[N+](C)(C)C","52923247","Found Concentration in Main Study",NA,NA,"No Match"
"BMDB08426","PC(20:4(5Z,8Z,11Z,14Z)/14:0)","KMZWZYBLPBQHMP-PVHGPNMRSA-N","CCCCCCCCCCCCCC(=O)O[C@]([H])(COC(=O)CCC\C=C/C\C=C/C\C=C/C\C=C/CCCCC)COP([O-])(=O)OCC[N+](C)(C)C","52923275","Found Concentration in Main Study",NA,NA,"No Match"
"BMDB08429","PC(20:4(5Z,8Z,11Z,14Z)/16:0)","PUDHBQQGURLBGJ-IVFHWKNFSA-N","CCCCCCCCCCCCCCCC(=O)O[C@]([H])(COC(=O)CCC\C=C/C\C=C/C\C=C/C\C=C/CCCCC)COP([O-])(=O)OCC[N+](C)(C)C","24779073","Found Concentration in Main Study",NA,NA,"No Match"
"BMDB08430","PC(20:4(5Z,8Z,11Z,14Z)/16:1(9Z))","KKRYRHYMXROGPM-SOVKMKKSSA-N","CCCCCC\C=C/CCCCCCCC(=O)O[C@]([H])(COC(=O)CCC\C=C/C\C=C/C\C=C/C\C=C/CCCCC)COP([O-])(=O)OCC[N+](C)(C)C","52923283","Found Concentration in Main Study",NA,NA,"No Match"
"BMDB08431","PC(20:4(5Z,8Z,11Z,14Z)/18:0)","DNYKSJQVBCVGOF-LCKGXUDJSA-N","CCCCCCCCCCCCCCCCCC(=O)O[C@]([H])(COC(=O)CCC\C=C/C\C=C/C\C=C/C\C=C/CCCCC)COP([O-])(=O)OCC[N+](C)(C)C","52923291","Found Concentration in Main Study","DMD302355","DMD302355","Unique Match (by names only)"
"BMDB08433","PC(20:4(5Z,8Z,11Z,14Z)/18:1(9Z))","PJAVLQZDHFXHPI-IHBLHBMHSA-N","CCCCCCCC\C=C/CCCCCCCC(=O)O[C@]([H])(COC(=O)CCC\C=C/C\C=C/C\C=C/C\C=C/CCCCC)COP([O-])(=O)OCC[N+](C)(C)C","52923293","Found Concentration in Main Study",NA,NA,"No Match"
"BMDB08434","PC(20:4(5Z,8Z,11Z,14Z)/18:2(9Z,12Z))","PLZBTDKJYHXIEW-DZUXOTHRSA-N","CCCCC\C=C/C\C=C/CCCCCCCC(=O)O[C@]([H])(COC(=O)CCC\C=C/C\C=C/C\C=C/C\C=C/CCCCC)COP([O-])(=O)OCC[N+](C)(C)C","52923295","Found Concentration in Main Study","DMD302357","DMD302357","Unique Match (by names and pubchem)"
"BMDB08438","PC(20:4(5Z,8Z,11Z,14Z)/20:0)","DXCCGBCVYMELBT-NDJZOZGISA-N","CCCCCCCCCCCCCCCCCCCC(=O)O[C@]([H])(COC(=O)CCC\C=C/C\C=C/C\C=C/C\C=C/CCCCC)COP([O-])(=O)OCC[N+](C)(C)C","52923307","Found Concentration in Main Study",NA,NA,"No Match"
"BMDB08495","PC(20:5(5Z,8Z,11Z,14Z,17Z)/16:0)","SUZYROYNFNQALJ-MHEIZRSESA-N","CCCCCCCCCCCCCCCC(=O)O[C@]([H])(COC(=O)CCC\C=C/C\C=C/C\C=C/C\C=C/C\C=C/CC)COP([O-])(=O)OCC[N+](C)(C)C","52923341","Found Concentration in Main Study","DMD302353","DMD302353","Unique Match (by names and pubchem)"
"BMDB08497","PC(20:5(5Z,8Z,11Z,14Z,17Z)/18:0)","JKDOKILDEIEPFZ-LGPFJNBISA-N","CCCCCCCCCCCCCCCCCC(=O)O[C@]([H])(COC(=O)CCC\C=C/C\C=C/C\C=C/C\C=C/C\C=C/CC)COP([O-])(=O)OCC[N+](C)(C)C","52923351","Found Concentration in Main Study",NA,NA,"No Match"
"BMDB08499","PC(20:5(5Z,8Z,11Z,14Z,17Z)/18:1(9Z))","JZKMYCPNBSRARO-YMBRLFDISA-N","CCCCCCCC\C=C/CCCCCCCC(=O)O[C@]([H])(COC(=O)CCC\C=C/C\C=C/C\C=C/C\C=C/C\C=C/CC)COP([O-])(=O)OCC[N+](C)(C)C","24779080","Found Concentration in Main Study",NA,NA,"No Match"
"BMDB08525","PC(22:0/14:0)","JFNNIQMJYCUZKY-HUESYALOSA-N","[H][C@@](COC(=O)CCCCCCCCCCCCCCCCCCCCC)(COP([O-])(=O)OCC[N+](C)(C)C)OC(=O)CCCCCCCCCCCCC","24779104","Found Concentration in Main Study",NA,NA,"No Match"
"BMDB08526","PC(22:0/14:1(9Z))","RGHFEAMZDBFLPO-FASREOMLSA-N","CCCCCCCCCCCCCCCCCCCCCC(=O)OC[C@]([H])(COP([O-])(=O)OCC[N+](C)(C)C)OC(=O)CCCCCCC\C=C/CCCC","52923437","Found Concentration in Main Study",NA,NA,"No Match"
"BMDB08527","PC(22:0/15:0)","AAQYYLOZSPSSEX-VZUYHUTRSA-N","[H][C@@](COC(=O)CCCCCCCCCCCCCCCCCCCCC)(COP([O-])(=O)OCC[N+](C)(C)C)OC(=O)CCCCCCCCCCCCCC","52923439","Found Concentration in Main Study",NA,NA,"No Match"
"BMDB08533","PC(22:0/18:2(9Z,12Z))","LDQMGTRKTWSKIW-QGXZLJJESA-N","CCCCCCCCCCCCCCCCCCCCCC(=O)OC[C@]([H])(COP([O-])(=O)OCC[N+](C)(C)C)OC(=O)CCCCCCC\C=C/C\C=C/CCCCC","52923453","Found Concentration in Main Study",NA,NA,"No Match"
"BMDB08534","PC(22:0/18:3(6Z,9Z,12Z))","OFWRYSQDJOQSHU-FARFQYTLSA-N","CCCCCCCCCCCCCCCCCCCCCC(=O)OC[C@]([H])(COP([O-])(=O)OCC[N+](C)(C)C)OC(=O)CCCC\C=C/C\C=C/C\C=C/CCCCC","52923455","Found Concentration in Main Study",NA,NA,"No Match"
"BMDB08535","PC(22:0/18:3(9Z,12Z,15Z))","JYFWSVLYQSTYHE-NOAWTOFZSA-N","CCCCCCCCCCCCCCCCCCCCCC(=O)OC[C@]([H])(COP([O-])(=O)OCC[N+](C)(C)C)OC(=O)CCCCCCC\C=C/C\C=C/C\C=C/CC","52923457","Found Concentration in Main Study",NA,NA,"No Match"
"BMDB08536","PC(22:0/18:4(6Z,9Z,12Z,15Z))","LFDYHYAWJHIDTQ-GFEYAWDCSA-N","CCCCCCCCCCCCCCCCCCCCCC(=O)OC[C@]([H])(COP([O-])(=O)OCC[N+](C)(C)C)OC(=O)CCCC\C=C/C\C=C/C\C=C/C\C=C/CC","52923459","Found Concentration in Main Study",NA,NA,"No Match"
"BMDB08546","PC(22:0/22:1(13Z))","LTXUEXPDKWPLQA-ZMGYLBOHSA-N","CCCCCCCCCCCCCCCCCCCCCC(=O)OC[C@]([H])(COP([O-])(=O)OCC[N+](C)(C)C)OC(=O)CCCCCCCCCCC\C=C/CCCCCCCC","24779119","Found Concentration in Main Study",NA,NA,"No Match"
"BMDB08553","PC(22:0/24:1(15Z))","YVOMCNAZZLQFGN-BJHYVVJGSA-N","CCCCCCCCCCCCCCCCCCCCCC(=O)OC[C@]([H])(COP([O-])(=O)OCC[N+](C)(C)C)OC(=O)CCCCCCCCCCCCC\C=C/CCCCCCCC","24779122","Found Concentration in Main Study",NA,NA,"No Match"
"BMDB08558","PC(22:1(13Z)/14:0)","RSKUBXWDAIDNLE-HSEDGGQWSA-N","CCCCCCCCCCCCCC(=O)O[C@]([H])(COC(=O)CCCCCCCCCCC\C=C/CCCCCCCC)COP([O-])(=O)OCC[N+](C)(C)C","53479165","Found Concentration in Main Study",NA,NA,"No Match"
"BMDB08559","PC(22:1(13Z)/14:1(9Z))","CYQUGAJGPGKDFF-MHJIJCEHSA-N","CCCCCCCC\C=C/CCCCCCCCCCCC(=O)OC[C@]([H])(COP([O-])(=O)OCC[N+](C)(C)C)OC(=O)CCCCCCC\C=C/CCCC","53479167","Found Concentration in Main Study",NA,NA,"No Match"
"BMDB08564","PC(22:1(13Z)/18:1(9Z))","CZZWUVSNBSTVTM-ACZCORRTSA-N","CCCCCCCC\C=C/CCCCCCCCCCCC(=O)OC[C@]([H])(COP([O-])(=O)OCC[N+](C)(C)C)OC(=O)CCCCCCC\C=C/CCCCCCCC","53479177","Found Concentration in Main Study",NA,NA,"No Match"
"BMDB08565","PC(22:1(13Z)/18:2(9Z,12Z))","QITWVLBMWWSFPO-PUXNAPJVSA-N","CCCCCCCC\C=C/CCCCCCCCCCCC(=O)OC[C@]([H])(COP([O-])(=O)OCC[N+](C)(C)C)OC(=O)CCCCCCC\C=C/C\C=C/CCCCC","53479179","Found Concentration in Main Study",NA,NA,"No Match"
"BMDB08566","PC(22:1(13Z)/18:3(6Z,9Z,12Z))","BUYWHDOUDGEIHW-YEHISXKXSA-N","CCCCCCCC\C=C/CCCCCCCCCCCC(=O)OC[C@]([H])(COP([O-])(=O)OCC[N+](C)(C)C)OC(=O)CCCC\C=C/C\C=C/C\C=C/CCCCC","53479181","Found Concentration in Main Study",NA,NA,"No Match"
"BMDB08567","PC(22:1(13Z)/18:3(9Z,12Z,15Z))","FHUAYOMRHXZKHT-JUGJLYODSA-N","CCCCCCCC\C=C/CCCCCCCCCCCC(=O)OC[C@]([H])(COP([O-])(=O)OCC[N+](C)(C)C)OC(=O)CCCCCCC\C=C/C\C=C/C\C=C/CC","53479183","Found Concentration in Main Study",NA,NA,"No Match"
"BMDB08623","PC(22:4(7Z,10Z,13Z,16Z)/14:0)","FHBLNLYBVANDFG-CCHOKCMJSA-N","CCCCCCCCCCCCCC(=O)O[C@]([H])(COC(=O)CCCCC\C=C/C\C=C/C\C=C/C\C=C/CCCCC)COP([O-])(=O)OCC[N+](C)(C)C","52923613","Found Concentration in Main Study",NA,NA,"No Match"
"BMDB08624","PC(22:4(7Z,10Z,13Z,16Z)/14:1(9Z))","UJZMLLMWTJZZJX-WPNBCRARSA-N","CCCCC\C=C/C\C=C/C\C=C/C\C=C/CCCCCC(=O)OC[C@]([H])(COP([O-])(=O)OCC[N+](C)(C)C)OC(=O)CCCCCCC\C=C/CCCC","52923615","Found Concentration in Main Study",NA,NA,"No Match"
"BMDB08626","PC(22:4(7Z,10Z,13Z,16Z)/16:0)","LKZIWAABXRQNGG-JAYRDFRFSA-N","CCCCCCCCCCCCCCCC(=O)O[C@]([H])(COC(=O)CCCCC\C=C/C\C=C/C\C=C/C\C=C/CCCCC)COP([O-])(=O)OCC[N+](C)(C)C","52923621","Found Concentration in Main Study","DMD302355","DMD302355","Unique Match (by names only)"
"BMDB08627","PC(22:4(7Z,10Z,13Z,16Z)/16:1(9Z))","STHWQCYHQJBDDB-SYONOARRSA-N","CCCCCC\C=C/CCCCCCCC(=O)O[C@]([H])(COC(=O)CCCCC\C=C/C\C=C/C\C=C/C\C=C/CCCCC)COP([O-])(=O)OCC[N+](C)(C)C","52923623","Found Concentration in Main Study",NA,NA,"No Match"
"BMDB08628","PC(22:4(7Z,10Z,13Z,16Z)/18:0)","YVFBVKJWPMCQQG-NRICRUJBSA-N","CCCCCCCCCCCCCCCCCC(=O)O[C@]([H])(COC(=O)CCCCC\C=C/C\C=C/C\C=C/C\C=C/CCCCC)COP([O-])(=O)OCC[N+](C)(C)C","52923631","Found Concentration in Main Study",NA,NA,"No Match"
"BMDB08689","PC(22:5(7Z,10Z,13Z,16Z,19Z)/14:0)","LPZVTJRCWZIDNE-DYPKKMQZSA-N","CCCCCCCCCCCCCC(=O)O[C@]([H])(COC(=O)CCCCC\C=C/C\C=C/C\C=C/C\C=C/C\C=C/CC)COP([O-])(=O)OCC[N+](C)(C)C","53479341","Found Concentration in Main Study",NA,NA,"No Match"
"BMDB08725","PC(22:6(4Z,7Z,10Z,13Z,16Z,19Z)/16:0)","YALZVLCVXOASDL-FZGNBNATSA-N","CCCCCCCCCCCCCCCC(=O)O[C@]([H])(COC(=O)CC\C=C/C\C=C/C\C=C/C\C=C/C\C=C/C\C=C/CC)COP([O-])(=O)OCC[N+](C)(C)C","24779131","Found Concentration in Main Study",NA,NA,"No Match"
"BMDB08768","PC(24:0/20:1(11Z))","FPTZGKMFUCCQES-ZMGYLBOHSA-N","CCCCCCCCCCCCCCCCCCCCCCCC(=O)OC[C@]([H])(COP([O-])(=O)OCC[N+](C)(C)C)OC(=O)CCCCCCCCC\C=C/CCCCCCCC","24779167","Found Concentration in Main Study",NA,NA,"No Match"
"BMDB08792","PC(24:1(15Z)/16:1(9Z))","ZHHDWDXQYDFYKQ-QYQAGSNQSA-N","CCCCCCCC\C=C/CCCCCCCCCCCCCC(=O)OC[C@]([H])(COP([O-])(=O)OCC[N+](C)(C)C)OC(=O)CCCCCCC\C=C/CCCCCC","53479495","Found Concentration in Main Study",NA,NA,"No Match"
"BMDB10381","LysoPC(15:0)","RJZVWDTYEWCUAR-JOCHJYFZSA-N","[H][C@@](O)(COC(=O)CCCCCCCCCCCCCC)COP([O-])(=O)OCC[N+](C)(C)C","24779458","Found Concentration in Main Study","DMD305229","DMD305229","Unique Match (by names and pubchem)"
"BMDB10382","LysoPC(16:0)","ASWBNKHCZGQVJV-HSZRJFAPSA-N","[H][C@@](O)(COC(=O)CCCCCCCCCCCCCCC)COP([O-])(=O)OCC[N+](C)(C)C","460602","Found Concentration in Main Study","DMD302308;DMD305534","DMD302308","Unique Match (by names and pubchem)"
"BMDB10386","LysoPC(18:2(9Z,12Z))","SPJFYYJXNPEZDW-FTJOPAKQSA-N","CCCCC\C=C/C\C=C/CCCCCCCC(=O)OC[C@@]([H])(O)COP([O-])(=O)OCC[N+](C)(C)C","11005824","Found Concentration in Main Study","DMD302312","DMD302312","Unique Match (by names and pubchem)"
"BMDB10411","TG(16:0/14:0/16:0)[iso3]","NSQZMMPMMBEIIA-UHFFFAOYSA-N","[H]C(COC(=O)CCCCCCCCCCCCCCC)(COC(=O)CCCCCCCCCCCCCCC)OC(=O)CCCCCCCCCCCCC","545606","No record in the main study",NA,NA,"No Match"
"BMDB10412","TG(16:0/14:0/16:1(9Z))[iso6]","VUYXIQLBLBPRDY-FIZKWYBOSA-N","[H][C@@](COC(=O)CCCCCCCCCCCCCCC)(COC(=O)CCCCCCC\C=C/CCCCCC)OC(=O)CCCCCCCCCCCCC","53480480","No record in the main study",NA,NA,"No Match"
"BMDB10413","TG(16:0/14:0/18:0)[iso6]","HVGKTEKOBPKGTR-QSCHNALKSA-N","[H][C@@](COC(=O)CCCCCCCCCCCCCCC)(COC(=O)CCCCCCCCCCCCCCCCC)OC(=O)CCCCCCCCCCCCC","","No record in the main study",NA,NA,"No Match"
"BMDB10414","TG(16:0/14:0/18:1(9Z))[iso6]","OXKCYPBFNOPGNR-FOBNYNKYSA-N","[H][C@@](COC(=O)CCCCCCCCCCCCCCC)(COC(=O)CCCCCCC\C=C/CCCCCCCC)OC(=O)CCCCCCCCCCCCC","53480481","No record in the main study","DMD302468","DMD302468","Unique Match (by names only)"
"BMDB10416","TG(16:0/16:0/18:1(11Z))[iso3]","ZKEWGTVAIGJNBK-VLBIAFCBSA-N","[H][C@@](COC(=O)CCCCCCCCCCCCCCC)(COC(=O)CCCCCCCCC\C=C/CCCCCC)OC(=O)CCCCCCCCCCCCCCC","53480483","No record in the main study",NA,NA,"No Match"
"BMDB10417","TG(16:0/16:0/18:3(9Z,12Z,15Z))[iso3]","WLFXGZDFDKIDIL-AVVZNEQPSA-N","[H][C@@](COC(=O)CCCCCCCCCCCCCCC)(COC(=O)CCCCCCC\C=C/C\C=C/C\C=C/CC)OC(=O)CCCCCCCCCCCCCCC","25240358","Found Concentration in Main Study",NA,NA,"No Match"
"BMDB10418","TG(16:0/16:0/22:6(4Z,7Z,10Z,13Z,16Z,19Z))[iso3]","GNADFLWMYUNMMR-RWKYOVKRSA-N","[H][C@@](COC(=O)CCCCCCCCCCCCCCC)(COC(=O)CC\C=C/C\C=C/C\C=C/C\C=C/C\C=C/C\C=C/CC)OC(=O)CCCCCCCCCCCCCCC","9544489","Found Concentration in Main Study","DMD302505","DMD302505","Unique Match (by names only)"
"BMDB10423","TG(16:1(9Z)/16:0/18:1(11Z))[iso6]","TVENQJOAVIJNCV-WMKGZJNJSA-N","[H][C@](COC(=O)CCCCCCCCC\C=C/CCCCCC)(COC(=O)CCCCCCC\C=C/CCCCCC)OC(=O)CCCCCCCCCCCCCCC","53480488","No record in the main study",NA,NA,"No Match"
"BMDB10424","TG(16:1(9Z)/16:0/18:3(9Z,12Z,15Z))[iso6]","LCCSSJALYOQLAY-PXKDUDJKSA-N","[H][C@@](COC(=O)CCCCCCC\C=C/CCCCCC)(COC(=O)CCCCCCC\C=C/C\C=C/C\C=C/CC)OC(=O)CCCCCCCCCCCCCCC","53480489","No record in the main study",NA,NA,"No Match"
"BMDB10425","TG(16:1(9Z)/18:0/18:1(11Z))[iso6]","QOKAQJJBGBHKQF-BHSMRSOWSA-N","[H][C@](COC(=O)CCCCCCCCC\C=C/CCCCCC)(COC(=O)CCCCCCC\C=C/CCCCCC)OC(=O)CCCCCCCCCCCCCCCCC","53480490","No record in the main study",NA,NA,"No Match"
"BMDB10426","TG(18:0/14:0/16:1(9Z))[iso6]","GDRDGFOLBPNIBE-XSIURGGPSA-N","[H][C@@](COC(=O)CCCCCCCCCCCCCCCCC)(COC(=O)CCCCCCC\C=C/CCCCCC)OC(=O)CCCCCCCCCCCCC","53480491","No record in the main study","DMD302468","DMD302468","Unique Match (by names only)"
"BMDB10427","TG(18:0/14:0/18:0)[iso3]","MARPCPMDFOPPJX-UHFFFAOYSA-N","[H]C(COC(=O)CCCCCCCCCCCCCCCCC)(COC(=O)CCCCCCCCCCCCCCCCC)OC(=O)CCCCCCCCCCCCC","545588","No record in the main study","DMD305416","DMD305416","Unique Match (by names and pubchem)"
"BMDB10428","TG(18:0/14:0/18:1(11Z))[iso6]","MITUBFKADCJAMS-ZMSSUMMHSA-N","[H][C@@](COC(=O)CCCCCCCCCCCCCCCCC)(COC(=O)CCCCCCCCC\C=C/CCCCCC)OC(=O)CCCCCCCCCCCCC","53480492","No record in the main study",NA,NA,"No Match"
"BMDB10429","TG(18:0/14:0/18:1(9Z))[iso6]","IFVQPZDHFMEHAS-YVUYSCDNSA-N","[H][C@@](COC(=O)CCCCCCCCCCCCCCCCC)(COC(=O)CCCCCCC\C=C/CCCCCCCC)OC(=O)CCCCCCCCCCCCC","53480493","No record in the main study",NA,NA,"No Match"
"BMDB10430","TG(18:0/14:0/18:2(9Z,12Z))[iso6]","ODCBLKWKYWYBIY-TUVYQMNMSA-N","[H][C@@](COC(=O)CCCCCCCCCCCCCCCCC)(COC(=O)CCCCCCC\C=C/C\C=C/CCCCC)OC(=O)CCCCCCCCCCCCC","53480494","No record in the main study",NA,NA,"No Match"
"BMDB10431","TG(18:0/16:0/18:1(11Z))[iso6]","XWOGDCXWTYZPKJ-QCSIWSIHSA-N","[H][C@@](COC(=O)CCCCCCCCCCCCCCCCC)(COC(=O)CCCCCCCCC\C=C/CCCCCC)OC(=O)CCCCCCCCCCCCCCC","53480495","No record in the main study",NA,NA,"No Match"
"BMDB10434","TG(18:1(11Z)/14:0/18:1(11Z))[iso3]","KSDAXSHCJFDETR-IKJQKJQYSA-N","[H]C(COC(=O)CCCCCCCCC\C=C/CCCCCC)(COC(=O)CCCCCCCCC\C=C/CCCCCC)OC(=O)CCCCCCCCCCCCC","53480498","No record in the main study",NA,NA,"No Match"
"BMDB10435","TG(18:1(11Z)/14:0/18:1(9Z))[iso6]","FYLBINGMERYUTQ-MSOJSNCQSA-N","[H][C@@](COC(=O)CCCCCCCCC\C=C/CCCCCC)(COC(=O)CCCCCCC\C=C/CCCCCCCC)OC(=O)CCCCCCCCCCCCC","53480499","No record in the main study",NA,NA,"No Match"
"BMDB10437","TG(18:1(11Z)/16:0/18:1(11Z))[iso3]","SFJDWDOXOLBSHJ-IKJQKJQYSA-N","[H]C(COC(=O)CCCCCCCCC\C=C/CCCCCC)(COC(=O)CCCCCCCCC\C=C/CCCCCC)OC(=O)CCCCCCCCCCCCCCC","53480501","No record in the main study",NA,NA,"No Match"
"BMDB10438","TG(18:1(11Z)/16:0/18:1(9Z))[iso6]","HYQDVSFOHNVBHQ-RXBOFXCQSA-N","[H][C@@](COC(=O)CCCCCCCCC\C=C/CCCCCC)(COC(=O)CCCCCCC\C=C/CCCCCCCC)OC(=O)CCCCCCCCCCCCCCC","53480502","No record in the main study",NA,NA,"No Match"
"BMDB10441","TG(18:1(11Z)/16:0/20:4(5Z,8Z,11Z,14Z))[iso6]","MZKZFZRBZNYKEI-JHELZGSHSA-N","[H][C@@](COC(=O)CCCCCCCCC\C=C/CCCCCC)(COC(=O)CCC\C=C/C\C=C/C\C=C/C\C=C/CCCCC)OC(=O)CCCCCCCCCCCCCCC","53480505","No record in the main study",NA,NA,"No Match"
"BMDB10448","TG(18:1(9Z)/14:0/18:1(9Z))[iso3]","DDNSMJIEBXEPOS-DSOYXUETSA-N","[H]C(COC(=O)CCCCCCC\C=C/CCCCCCCC)(COC(=O)CCCCCCC\C=C/CCCCCCCC)OC(=O)CCCCCCCCCCCCC","53480512","No record in the main study",NA,NA,"No Match"
"BMDB10453","TG(18:1(9Z)/16:0/20:5(5Z,8Z,11Z,14Z,17Z))[iso6]","QFWRCXUOTZVILC-UHMKBKRGSA-N","[H][C@@](COC(=O)CCCCCCC\C=C/CCCCCCCC)(COC(=O)CCC\C=C/C\C=C/C\C=C/C\C=C/C\C=C/CC)OC(=O)CCCCCCCCCCCCCCC","53480517","No record in the main study",NA,NA,"No Match"
"BMDB10454","TG(18:1(9Z)/16:0/22:5(7Z,10Z,13Z,16Z,19Z))[iso6]","FMWBJEAEGFGGAB-URMSEKCYSA-N","[H][C@@](COC(=O)CCCCCCC\C=C/CCCCCCCC)(COC(=O)CCCCC\C=C/C\C=C/C\C=C/C\C=C/C\C=C/CC)OC(=O)CCCCCCCCCCCCCCC","53480518","No record in the main study",NA,NA,"No Match"
"BMDB10459","TG(18:1(9Z)/18:1(9Z)/18:3(6Z,9Z,12Z))[iso6]","GOEUQPTVSLNGLY-SIPJYBKGSA-N","[H][C@@](COC(=O)CCCCCCC\C=C/CCCCCCCC)(COC(=O)CCCC\C=C/C\C=C/C\C=C/CCCCC)OC(=O)CCCCCCC\C=C/CCCCCCCC","53480523","No record in the main study",NA,NA,"No Match"
"BMDB10460","TG(18:1(9Z)/18:1(9Z)/18:3(9Z,12Z,15Z))[iso3]","OEJXMJPFOHYSIU-GRLFFVHSSA-N","[H][C@@](COC(=O)CCCCCCC\C=C/CCCCCCCC)(COC(=O)CCCCCCC\C=C/C\C=C/C\C=C/CC)OC(=O)CCCCCCC\C=C/CCCCCCCC","9544294","Found Concentration in Main Study","DMD302502","DMD302502","Unique Match (by names and pubchem)"
"BMDB10466","TG(18:1(9Z)/18:1(9Z)/22:1(13Z))[iso3]","TUJAWJCRCOOMQU-MPSDTBBVSA-N","[H][C@](COC(=O)CCCCCCCCCCC\C=C/CCCCCCCC)(COC(=O)CCCCCCC\C=C/CCCCCCCC)OC(=O)CCCCCCC\C=C/CCCCCCCC","25240385","No record in the main study",NA,NA,"No Match"
"BMDB10470","TG(18:2(9Z,12Z)/14:0/18:2(9Z,12Z))[iso3]","JZVVUGYNBNZRQI-ZBTSZJFVSA-N","[H]C(COC(=O)CCCCCCC\C=C/C\C=C/CCCCC)(COC(=O)CCCCCCC\C=C/C\C=C/CCCCC)OC(=O)CCCCCCCCCCCCC","53480526","No record in the main study",NA,NA,"No Match"
"BMDB10472","TG(18:2(9Z,12Z)/14:0/20:4(5Z,8Z,11Z,14Z))[iso6]","HQPWVNCYCOACEY-OAXWTFOCSA-N","[H][C@@](COC(=O)CCCCCCC\C=C/C\C=C/CCCCC)(COC(=O)CCC\C=C/C\C=C/C\C=C/C\C=C/CCCCC)OC(=O)CCCCCCCCCCCCC","53480528","No record in the main study",NA,NA,"No Match"
"BMDB10475","TG(18:2(9Z,12Z)/16:0/20:5(5Z,8Z,11Z,14Z,17Z))[iso6]","ABKREXPZUFOPCM-ZKSUYQBGSA-N","[H][C@@](COC(=O)CCCCCCC\C=C/C\C=C/CCCCC)(COC(=O)CCC\C=C/C\C=C/C\C=C/C\C=C/C\C=C/CC)OC(=O)CCCCCCCCCCCCCCC","53480531","No record in the main study",NA,NA,"No Match"
"BMDB10477","TG(18:2(9Z,12Z)/18:0/18:3(9Z,12Z,15Z))[iso6]","RRAQCLWYZXSZBE-ATHBHBQWSA-N","[H][C@@](COC(=O)CCCCCCC\C=C/C\C=C/CCCCC)(COC(=O)CCCCCCC\C=C/C\C=C/C\C=C/CC)OC(=O)CCCCCCCCCCCCCCCCC","53480533","No record in the main study",NA,NA,"No Match"
"BMDB10479","TG(18:2(9Z,12Z)/18:1(11Z)/18:2(9Z,12Z))[iso3]","YJBUODNAHDVYLJ-LNZLXKATSA-N","[H]C(COC(=O)CCCCCCC\C=C/C\C=C/CCCCC)(COC(=O)CCCCCCC\C=C/C\C=C/CCCCC)OC(=O)CCCCCCCCC\C=C/CCCCCC","53480535","No record in the main study",NA,NA,"No Match"
"BMDB10481","TG(18:2(9Z,12Z)/18:1(9Z)/18:3(6Z,9Z,12Z))[iso6]","JEUSYMMQMCKJOY-YHOLSIJASA-N","[H][C@@](COC(=O)CCCCCCC\C=C/C\C=C/CCCCC)(COC(=O)CCCC\C=C/C\C=C/C\C=C/CCCCC)OC(=O)CCCCCCC\C=C/CCCCCCCC","53480537","No record in the main study",NA,NA,"No Match"
"BMDB10482","TG(18:2(9Z,12Z)/18:1(9Z)/18:3(9Z,12Z,15Z))[iso6]","POGJAUDNOWLVNS-GTFIAHEWSA-N","[H][C@@](COC(=O)CCCCCCC\C=C/C\C=C/CCCCC)(COC(=O)CCCCCCC\C=C/C\C=C/C\C=C/CC)OC(=O)CCCCCCC\C=C/CCCCCCCC","53480538","No record in the main study","DMD302505","DMD302505","Unique Match (by names only)"
"BMDB10485","TG(18:2(9Z,12Z)/18:1(9Z)/20:3(8Z,11Z,14Z))[iso6]","BAYJGANIIKHKCP-JKEXLARWSA-N","[H][C@@](COC(=O)CCCCCCC\C=C/C\C=C/CCCCC)(COC(=O)CCCCCC\C=C/C\C=C/C\C=C/CCCCC)OC(=O)CCCCCCC\C=C/CCCCCCCC","53480541","No record in the main study",NA,NA,"No Match"
"BMDB10489","TG(18:2(9Z,12Z)/18:2(9Z,12Z)/18:3(6Z,9Z,12Z))[iso3]","GBDGUGNAHCFRDF-HCMATFEHSA-N","[H][C@@](COC(=O)CCCCCCC\C=C/C\C=C/CCCCC)(COC(=O)CCCC\C=C/C\C=C/C\C=C/CCCCC)OC(=O)CCCCCCC\C=C/C\C=C/CCCCC","53480545","No record in the main study",NA,NA,"No Match"
"BMDB10490","TG(18:2(9Z,12Z)/18:2(9Z,12Z)/18:3(9Z,12Z,15Z))[iso3]","NGPHUAVENUDDAO-VFDREBADSA-N","[H][C@@](COC(=O)CCCCCCC\C=C/C\C=C/CCCCC)(COC(=O)CCCCCCC\C=C/C\C=C/C\C=C/CC)OC(=O)CCCCCCC\C=C/C\C=C/CCCCC","9544383","No record in the main study",NA,NA,"No Match"
"BMDB10491","TG(18:2(9Z,12Z)/18:2(9Z,12Z)/20:2(11Z,14Z))[iso3]","ZTNDRFCABXFVMY-WJTCTALZSA-N","[H][C@](COC(=O)CCCCCCCCC\C=C/C\C=C/CCCCC)(COC(=O)CCCCCCC\C=C/C\C=C/CCCCC)OC(=O)CCCCCCC\C=C/C\C=C/CCCCC","9544625","Found Concentration in Main Study","DMD302510","DMD302510","Unique Match (by names and pubchem)"
"BMDB10499","TG(18:3(9Z,12Z,15Z)/16:0/18:3(9Z,12Z,15Z))[iso3]","RHWAKRNYKAWEPQ-HTINPRBKSA-N","[H]C(COC(=O)CCCCCCC\C=C/C\C=C/C\C=C/CC)(COC(=O)CCCCCCC\C=C/C\C=C/C\C=C/CC)OC(=O)CCCCCCCCCCCCCCC","10724251","No record in the main study",NA,NA,"No Match"
"BMDB10501","TG(18:3(9Z,12Z,15Z)/18:0/18:3(9Z,12Z,15Z))[iso3]","YNIUACHBBNUDCJ-AEIMPNQHSA-N","[H]C(COC(=O)CCCCCCC\C=C/C\C=C/C\C=C/CC)(COC(=O)CCCCCCC\C=C/C\C=C/C\C=C/CC)OC(=O)CCCCCCCCCCCCCCCCC","53480549","No record in the main study","DMD302505","DMD302505","Unique Match (by names only)"
"BMDB10502","TG(18:3(9Z,12Z,15Z)/18:1(11Z)/18:3(9Z,12Z,15Z))[iso3]","XAPLGDBVXAOWFP-MLQCFMLMSA-N","[H]C(COC(=O)CCCCCCC\C=C/C\C=C/C\C=C/CC)(COC(=O)CCCCCCC\C=C/C\C=C/C\C=C/CC)OC(=O)CCCCCCCCC\C=C/CCCCCC","53480550","No record in the main study",NA,NA,"No Match"
"BMDB10503","TG(18:3(9Z,12Z,15Z)/18:1(9Z)/18:3(9Z,12Z,15Z))[iso3]","NVWCWIVBYYFJGP-NVKSNHTESA-N","[H]C(COC(=O)CCCCCCC\C=C/C\C=C/C\C=C/CC)(COC(=O)CCCCCCC\C=C/C\C=C/C\C=C/CC)OC(=O)CCCCCCC\C=C/CCCCCCCC","53480551","No record in the main study",NA,NA,"No Match"
"BMDB10519","TG(20:4(5Z,8Z,11Z,14Z)/16:0/18:3(9Z,12Z,15Z))[iso6]","OREFSGWJXDJEBG-VJKJLHIWSA-N","[H][C@](COC(=O)CCCCCCC\C=C/C\C=C/C\C=C/CC)(COC(=O)CCC\C=C/C\C=C/C\C=C/C\C=C/CCCCC)OC(=O)CCCCCCCCCCCCCCC","53480562","No record in the main study",NA,NA,"No Match"
"BMDB10710","Galactosylceramide (d18:1/20:0) ","DFELABABMXOKTD-RBULGSFCSA-N","CCCCCCCCCCCCCCCCCCCC(=O)NC(CO[C@@H]1O[C@H](CO)[C@H](O)[C@H](O)[C@H]1O)C(O)\C=C/CCCCCCCCCCCCC","53480654","No record in the main study",NA,NA,"No Match"
"BMDB11128","LysoPC(0:0/18:0)","IQGPMZRCLCCXAG-RUZDIDTESA-N","[H][C@@](CO)(COP([O-])(=O)OCC[N+](C)(C)C)OC(=O)CCCCCCCCCCCCCCCCC","24779491","No record in the main study",NA,NA,"No Match"
"BMDB11151","PC(O-16:0/18:2(9Z,12Z))","IQACMFWAGALEAQ-WESJWMGVSA-N","CCCCCCCCCCCCCCCCOC[C@]([H])(COP([O-])(=O)OCC[N+](C)(C)C)OC(=O)CCCCCCC\C=C/C\C=C/CCCCC","6443157","Found Concentration in Main Study",NA,NA,"No Match"
"BMDB11163","L-beta-aspartyl-L-aspartic acid ","KXAWLANLJYMEGB-UHFFFAOYSA-N","NC(CC(=O)NC(CC(O)=O)C(O)=O)C(O)=O","274178","No record in the main study",NA,NA,"No Match"
"BMDB11165","L-beta-aspartyl-L-glycine ","ZTEDWFWBGPKUOD-UHFFFAOYSA-N","NC(CC(=O)NCC(O)=O)C(O)=O","302430","No record in the main study",NA,NA,"No Match"
"BMDB11174","L-isoleucyl-L-proline ","BBIXOODYWPFNDT-UHFFFAOYSA-N","CCC(C)C(N)C(=O)N1CCCC1C(O)=O","342734","No record in the main study",NA,NA,"No Match"
"BMDB11175","L-leucyl-L-proline ","VTJUNIYRYIAIHF-UHFFFAOYSA-N","CC(C)CC(N)C(=O)N1CCCC1C(O)=O","3977067","No record in the main study",NA,NA,"No Match"
"BMDB11177","L-phenylalanyl-L-proline ","WEQJQNWXCSUVMA-UHFFFAOYSA-N","NC(CC1=CC=CC=C1)C(=O)N1CCCC1C(O)=O","7020641","No record in the main study",NA,NA,"No Match"
"BMDB11180","L-prolyl-L-proline ","RWCOTTLHDJWHRS-UHFFFAOYSA-N","OC(=O)C1CCCN1C(=O)C1CCCN1","263469","No record in the main study",NA,NA,"No Match"
"BMDB11201","PC(20:3(8Z,11Z,14Z)/20:1(11Z))","LZXZOHSYOCWXFB-DWTYVZKUSA-N","CCCCCCCC\C=C/CCCCCCCCCC(=O)O[C@]([H])(COC(=O)CCCCCC\C=C/C\C=C/C\C=C/CCCCC)COP([O-])(=O)OCC[N+](C)(C)C","52923249","Found Concentration in Main Study",NA,NA,"No Match"
"BMDB11420","PE(P-18:1(11Z)/20:5(5Z,8Z,11Z,14Z,17Z))","RDLRIZLZWSNORN-FSOAWXQVSA-N","[H][C@@](CO\C=C/CCCCCCCC\C=C/CCCCCC)(COP(O)(=O)OCCN)OC(=O)CCC\C=C/C\C=C/C\C=C/C\C=C/C\C=C/CC","53480880","No record in the main study",NA,NA,"No Match"
"BMDB11635","p-Cresol sulfate","JOXIMZWYDAKGHI-UHFFFAOYSA-N","CC1=CC=C(C=C1)S(O)(=O)=O","4615423","No record in the main study","DMD305254","DMD305254","Unique Match (by names and pubchem)"
"BMDB11700","TG(15:0/16:0/20:2(11Z,14Z))[iso6]","VVCOWDFFHRITHU-AMOPXLHCSA-N","[H][C@@](COC(=O)CCCCCCCCCCCCCC)(COC(=O)CCCCCCCCC\C=C/C\C=C/CCCCC)OC(=O)CCCCCCCCCCCCCCC","53481032","Found Concentration in Main Study",NA,NA,"No Match"
"BMDB11701","TG(15:0/16:0/20:3(8Z,11Z,14Z))[iso6]","NVBSJAZGISYRIW-TYTGEOLTSA-N","[H][C@@](COC(=O)CCCCCCCCCCCCCC)(COC(=O)CCCCCC\C=C/C\C=C/C\C=C/CCCCC)OC(=O)CCCCCCCCCCCCCCC","53481033","Found Concentration in Main Study",NA,NA,"No Match"
"BMDB11702","TG(15:0/16:0/20:4(5Z,8Z,11Z,14Z))[iso6]","LVHOHHSODZICOO-WWFLFYERSA-N","[H][C@@](COC(=O)CCCCCCCCCCCCCC)(COC(=O)CCC\C=C/C\C=C/C\C=C/C\C=C/CCCCC)OC(=O)CCCCCCCCCCCCCCC","53481034","Found Concentration in Main Study",NA,NA,"No Match"
"BMDB11703","TG(15:0/18:0/18:2(9Z,12Z))[iso6]","HRJZTBUCFKIMBE-TXWVTNJISA-N","[H][C@@](COC(=O)CCCCCCCCCCCCCC)(COC(=O)CCCCCCC\C=C/C\C=C/CCCCC)OC(=O)CCCCCCCCCCCCCCCCC","53481035","Found Concentration in Main Study",NA,NA,"No Match"
"BMDB11704","TG(15:0/18:0/18:3(9Z,12Z,15Z))[iso6]","QELMLHKKGIZABI-ZCTUBHHNSA-N","[H][C@@](COC(=O)CCCCCCCCCCCCCC)(COC(=O)CCCCCCC\C=C/C\C=C/C\C=C/CC)OC(=O)CCCCCCCCCCCCCCCCC","53481036","Found Concentration in Main Study",NA,NA,"No Match"
"BMDB11705","TG(15:0/18:1(9Z)/16:0)[iso6]","BSQPTNJXCHRJSC-WURLXDQTSA-N","[H][C@@](COC(=O)CCCCCCCCCCCCCC)(COC(=O)CCCCCCCCCCCCCCC)OC(=O)CCCCCCC\C=C/CCCCCCCC","53481037","No record in the main study",NA,NA,"No Match"
"BMDB11707","TG(15:0/18:1(9Z)/18:1(9Z))[iso3]","AWIUIZBTCDJMSM-JGORSHKTSA-N","[H][C@@](COC(=O)CCCCCCCCCCCCCC)(COC(=O)CCCCCCC\C=C/CCCCCCCC)OC(=O)CCCCCCC\C=C/CCCCCCCC","53481039","Found Concentration in Main Study",NA,NA,"No Match"
"BMDB11708","TG(15:0/18:1(9Z)/18:2(9Z,12Z))[iso6]","AFUGNQFGFOCTMS-GBFVOJRPSA-N","[H][C@@](COC(=O)CCCCCCCCCCCCCC)(COC(=O)CCCCCCC\C=C/C\C=C/CCCCC)OC(=O)CCCCCCC\C=C/CCCCCCCC","53481040","Found Concentration in Main Study",NA,NA,"No Match"
"BMDB11709","TG(15:0/18:1(9Z)/18:3(9Z,12Z,15Z))[iso6]","AKXOSLAHFAWDCG-KQCPJNLHSA-N","[H][C@@](COC(=O)CCCCCCCCCCCCCC)(COC(=O)CCCCCCC\C=C/C\C=C/C\C=C/CC)OC(=O)CCCCCCC\C=C/CCCCCCCC","53481041","Found Concentration in Main Study",NA,NA,"No Match"
"BMDB11711","TG(15:0/18:2(9Z,12Z)/18:2(9Z,12Z))[iso3]","MIHLTJZHRJACQQ-QORKGRBZSA-N","[H][C@@](COC(=O)CCCCCCCCCCCCCC)(COC(=O)CCCCCCC\C=C/C\C=C/CCCCC)OC(=O)CCCCCCC\C=C/C\C=C/CCCCC","53481043","Found Concentration in Main Study",NA,NA,"No Match"
"BMDB11712","TG(15:0/20:0/14:1(9Z))[iso6]","OYJCGTSOIVQMIE-GFFYSNCTSA-N","[H][C@@](COC(=O)CCCCCCCCCCCCCC)(COC(=O)CCCCCCC\C=C/CCCC)OC(=O)CCCCCCCCCCCCCCCCCCC","53481044","No record in the main study",NA,NA,"No Match"
"BMDB11713","TG(15:0/20:1(11Z)/14:0)[iso6]","LJWLZNNKGFHCMA-AHTWSVOLSA-N","[H][C@](COC(=O)CCCCCCCCCCCCC)(COC(=O)CCCCCCCCCCCCCC)OC(=O)CCCCCCCCC\C=C/CCCCCCCC","53481045","No record in the main study",NA,NA,"No Match"
"BMDB11723","2-Methylhippuric acid","YOEBAVRJHRCKRE-UHFFFAOYSA-N","CC1=CC=CC=C1C(=O)NCC(O)=O","91637","No record in the main study",NA,NA,"No Match"
"BMDB11733","Glycyl-glycine","YMAWOPBAYDPSLA-UHFFFAOYSA-N","NCC(=O)NCC(O)=O","11163","No record in the main study",NA,NA,"No Match"
"BMDB11760","Cer(d18:0/16:0)","GCGTXOVNNFGTPQ-JEFWXSHNSA-N","CCCCCCCCCCCCCCCC(O)[C@H](CO)NC(=O)CCCCCCCCCCCCCCC","","Found Concentration in Main Study","DMD302225","DMD302225","Unique Match (by names only)"
"BMDB11766","Cer(d18:0/22:1(13Z))","AOHMXFJFQLUIJL-GTWPDLNHSA-N","CCCCCCCCCCCCCCCC(O)[C@H](CO)NC(=O)CCCCCCCCCCC\C=C/CCCCCCCC","","Found Concentration in Main Study",NA,NA,"No Match"
"BMDB11769","Cer(d18:0/24:1(15Z))","YUULKFVZRXQHPM-LSBITIDFSA-N","CCCCCCCCCCCCCCCC(O)[C@H](CO)NC(=O)CCCCCCCCCCCCC\C=C/CCCCCCCC","","Found Concentration in Main Study",NA,NA,"No Match"
"BMDB12089","SM(d18:0/18:1(9Z))","XYLWKHKCYHMVMA-RUMIPHAVSA-N","CCCCCCCCCCCCCCCC(O)[C@H](COP([O-])(=O)OCC[N+](C)(C)C)NC(=O)CCCCCCC\C=C/CCCCCCCC","","Found Concentration in Main Study",NA,NA,"No Match"
"BMDB12095","SM(d22:0/20:1(11Z))","RQSNQPLHLROUTM-ORMDINQLSA-N","CCCCCCCCCCCCCCCCCCCC(O)[C@H](COP([O-])(=O)OCC[N+](C)(C)C)NC(=O)CCCCCCCCC\C=C/CCCCCCCC",NA,"Found Concentration in Main Study",NA,NA,"No Match"
"BMDB12133","1,2-Benzoquinone","WOAHJDHKFWSLKE-UHFFFAOYSA-N","O=C1C=CC=CC1=O","11421","No record in the main study",NA,NA,"No Match"
"BMDB12275","Phenylethylamine","BHHGXPLMPWCGHP-UHFFFAOYSA-N","NCCC1=CC=CC=C1","1001","No record in the main study",NA,NA,"No Match"
"BMDB12305","UDP-L-rhamnose","DRDCJEIZVLVWNC-SLBWPEPYSA-N","C[C@@H]1O[C@H](OP(O)(=O)OP(O)(=O)OC[C@H]2O[C@H]([C@H](O)[C@@H]2O)N2C=CC(=O)NC2=O)[C@H](O)[C@H](O)[C@H]1O","192751","No record in the main study",NA,NA,"No Match"
"BMDB12328","Palmitelaidic acid","SECPZKHBENQXJG-BQYQJAHWSA-N","CCCCCC\C=C\CCCCCCCC(O)=O","5282745","No record in the main study","DMD302257","DMD302257","Unique Match (by names only)"
"BMDB13127","Hydroxybutyrylcarnitine","UEFRDQSMQXDWTO-GKAPJAKFSA-N","CC(O)CC(=O)O[C@@H](CC([O-])=O)C[N+](C)(C)C","53481617","Found Concentration in Main Study",NA,NA,"No Match"
"BMDB13128","Valerylcarnitine","VSNFQQXVMPSASB-JTQLQIEISA-N","CCCCC(=O)O[C@@H](CC([O-])=O)C[N+](C)(C)C","10157322","Found Concentration in Main Study","DMD305602","DMD305602","Unique Match (by names only)"
"BMDB01478","Gallium","PHMDYZQXPPOZDG-UHFFFAOYSA-N","[GaH3]","23983","Found Concentration in Main Study",NA,NA,"No Match"
"BMDB13326","trans-2-Dodecenoylcarnitine","JEOZLTJHDSKQIT-CLVCIHKQSA-N","[H]\C(CCCCCCCCC)=C(\[H])C(=O)O[C@@]([H])(CCC([O-])=O)[N+](C)(C)C","53481671","Found Concentration in Main Study",NA,NA,"No Match"
"BMDB13341","PC(o-14:0/16:0)","BYMZZQJJOHDZOU-DIPNUNPCSA-N","[H][C@@](COCCCCCCCCCCCCCC)(COP([O-])(=O)OCC[N+](C)(C)C)OC(=O)CCCCCCCCCCCCCCC","24779275","Found Concentration in Main Study",NA,NA,"No Match"
"BMDB13404","PC(o-16:0/16:1(9Z))","HJVQHTGUAIETCQ-VEAYGOGPSA-N","CCCCCCCCCCCCCCCCOC[C@]([H])(COP([O-])(=O)OCC[N+](C)(C)C)OC(=O)CCCCCCC\C=C/CCCCCC","52923742","Found Concentration in Main Study","DMD302330","DMD302330","Unique Match (by names only)"
"BMDB13405","PC(o-16:0/18:0)","PXPSGTINXJQLBR-VQJSHJPSSA-N","[H][C@@](COCCCCCCCCCCCCCCCC)(COP([O-])(=O)OCC[N+](C)(C)C)OC(=O)CCCCCCCCCCCCCCCCC","11803170","Found Concentration in Main Study",NA,NA,"No Match"
"BMDB13406","PC(o-16:0/20:0)","QFZSBLJYDQLBAG-VZUYHUTRSA-N","[H][C@@](COCCCCCCCCCCCCCCCC)(COP([O-])(=O)OCC[N+](C)(C)C)OC(=O)CCCCCCCCCCCCCCCCCCC","24779297","Found Concentration in Main Study",NA,NA,"No Match"
"BMDB13408","PC(o-16:0/22:0)","BIIIEBBIUJYGBZ-WBVITSLISA-N","[H][C@@](COCCCCCCCCCCCCCCCC)(COP([O-])(=O)OCC[N+](C)(C)C)OC(=O)CCCCCCCCCCCCCCCCCCCCC","24779301","Found Concentration in Main Study",NA,NA,"No Match"
"BMDB13412","PC(o-16:1(9Z)/18:0)","SVSLBZPEDBYFGG-HVLKLTLRSA-N","CCCCCCCCCCCCCCCCCC(=O)O[C@]([H])(COCCCCCCCC\C=C/CCCCCC)COP([O-])(=O)OCC[N+](C)(C)C","53481707","Found Concentration in Main Study","DMD305274","DMD305274","Unique Match (by names only)"
"BMDB13413","PC(o-16:1(9Z)/18:2(9Z,12Z))","AXCLECQLCBWNLZ-KZZBVOOISA-N","CCCCCC\C=C/CCCCCCCCOC[C@]([H])(COP([O-])(=O)OCC[N+](C)(C)C)OC(=O)CCCCCCC\C=C/C\C=C/CCCCC","53481709","Found Concentration in Main Study",NA,NA,"No Match"
"BMDB13414","PC(o-16:1(9Z)/20:0)","NEMVGIRAGVGOLH-RPBJOJELSA-N","CCCCCCCCCCCCCCCCCCCC(=O)O[C@]([H])(COCCCCCCCC\C=C/CCCCCC)COP([O-])(=O)OCC[N+](C)(C)C","53481711","Found Concentration in Main Study",NA,NA,"No Match"
"BMDB13417","PC(o-18:0/18:0)","BKEDGKIMIUGHDV-VZUYHUTRSA-N","[H][C@@](COCCCCCCCCCCCCCCCCCC)(COP([O-])(=O)OCC[N+](C)(C)C)OC(=O)CCCCCCCCCCCCCCCCC","24779326","Found Concentration in Main Study",NA,NA,"No Match"
"BMDB13418","PC(o-18:0/18:2(9Z,12Z))","LMGTVCKIUNTOEP-HJTCUGKVSA-N","CCCCCCCCCCCCCCCCCCOC[C@]([H])(COP([O-])(=O)OCC[N+](C)(C)C)OC(=O)CCCCCCC\C=C/C\C=C/CCCCC","6443070","Found Concentration in Main Study",NA,NA,"No Match"
"BMDB13419","PC(o-18:0/20:0)","BVCZSMAYNCVQDT-WBVITSLISA-N","[H][C@@](COCCCCCCCCCCCCCCCCCC)(COP([O-])(=O)OCC[N+](C)(C)C)OC(=O)CCCCCCCCCCCCCCCCCCC","24779329","Found Concentration in Main Study",NA,NA,"No Match"
"BMDB13422","PC(o-18:0/22:6(4Z,7Z,10Z,13Z,16Z,19Z))","QBZALASVZLFAHF-KYPHJRDXSA-N","CCCCCCCCCCCCCCCCCCOC[C@]([H])(COP([O-])(=O)OCC[N+](C)(C)C)OC(=O)CC\C=C/C\C=C/C\C=C/C\C=C/C\C=C/C\C=C/CC","24779341","Found Concentration in Main Study",NA,NA,"No Match"
"BMDB13426","PC(o-18:1(9Z)/16:0)","IQLHTKSHLGLPMG-HFWGUVFESA-N","CCCCCCCCCCCCCCCC(=O)O[C@]([H])(COCCCCCCCC\C=C/CCCCCCCC)COP([O-])(=O)OCC[N+](C)(C)C","6443119","Found Concentration in Main Study","DMD305274","DMD305274","Unique Match (by names only)"
"BMDB13429","PC(o-18:1(9Z)/18:2(9Z,12Z))","MFZLAZYUXHHSIA-HVODBARTSA-N","CCCCCCCC\C=C/CCCCCCCCOC[C@]([H])(COP([O-])(=O)OCC[N+](C)(C)C)OC(=O)CCCCCCC\C=C/C\C=C/CCCCC","6443159","Found Concentration in Main Study","DMD305279","DMD305279","Unique Match (by names only)"
"BMDB13434","PC(o-18:1(9Z)/24:0)","BSQIZOZBOXYNEW-WIEGMJJDSA-N","CCCCCCCCCCCCCCCCCCCCCCCC(=O)O[C@]([H])(COCCCCCCCC\C=C/CCCCCCCC)COP([O-])(=O)OCC[N+](C)(C)C","53481733","Found Concentration in Main Study",NA,NA,"No Match"
"BMDB13435","PC(o-18:2(9Z,12Z)/18:2(9Z,12Z))","XCCONPVPHCCYNF-KPFPPAHTSA-N","CCCCC\C=C/C\C=C/CCCCCCCCOC[C@]([H])(COP([O-])(=O)OCC[N+](C)(C)C)OC(=O)CCCCCCC\C=C/C\C=C/CCCCC","53481735","Found Concentration in Main Study",NA,NA,"No Match"
"BMDB13439","PC(o-20:0/18:3(6Z,9Z,12Z))","XHKFHCCQLHPBPZ-WKDUQDSSSA-N","CCCCCCCCCCCCCCCCCCCCOC[C@]([H])(COP([O-])(=O)OCC[N+](C)(C)C)OC(=O)CCCC\C=C/C\C=C/C\C=C/CCCCC","52923834","Found Concentration in Main Study",NA,NA,"No Match"
"BMDB13447","PC(o-22:0/20:1(11Z))","XKPLZICHJPNOFR-WIEGMJJDSA-N","CCCCCCCCCCCCCCCCCCCCCCOC[C@]([H])(COP([O-])(=O)OCC[N+](C)(C)C)OC(=O)CCCCCCCCC\C=C/CCCCCCCC","53481749","Found Concentration in Main Study",NA,NA,"No Match"
"BMDB13455","PC(o-22:2(13Z,16Z)/22:2(13Z,16Z))","GCAMFMBVIXVYSA-VIVKCUGUSA-N","CCCCC\C=C/C\C=C/CCCCCCCCCCCCOC[C@]([H])(COP([O-])(=O)OCC[N+](C)(C)C)OC(=O)CCCCCCCCCCC\C=C/C\C=C/CCCCC","53481765","Found Concentration in Main Study",NA,NA,"No Match"
"BMDB13460","PC(o-24:0/20:4(8Z,11Z,14Z,17Z))","AQJDGYZOTXPNFY-ZFRXABNDSA-N","CCCCCCCCCCCCCCCCCCCCCCCCOC[C@]([H])(COP([O-])(=O)OCC[N+](C)(C)C)OC(=O)CCC\C=C/C\C=C/C\C=C/C\C=C/CCCCC","53481775","Found Concentration in Main Study",NA,NA,"No Match"
"BMDB13667","Yttrium","VWQVUPCCIRVNHF-UHFFFAOYSA-N","[Y]","23993","Found Concentration in Main Study",NA,NA,"No Match"
"BMDB13669","Cesium","TVFDJXOCXUVLDH-UHFFFAOYSA-N","[Cs]","5354618","Found Concentration in Main Study",NA,NA,"No Match"
"BMDB13670","Palladium","KDLHZDBZIXYQEI-UHFFFAOYSA-N","[Pd]","23938","Found Concentration in Main Study",NA,NA,"No Match"
"BMDB13672","Cerium","GWXLDORMOJMVQZ-UHFFFAOYSA-N","[Ce]","23974","Found Concentration in Main Study",NA,NA,"No Match"
"BMDB13711","Lanthanum","AFCUGQOTNCVYSW-UHFFFAOYSA-H","","176168","Found Concentration in Main Study","DMD302654","DMD302654","Unique Match (by names only)"
"BMDB13715","Neodymium","QEFYFXOXNSNQGX-UHFFFAOYSA-N","[Nd]","23934","Found Concentration in Main Study",NA,NA,"No Match"
"BMDB13719","Rhenium","WUAPFZMCVAUBPE-UHFFFAOYSA-N","[Re]","23947","Found Concentration in Main Study",NA,NA,"No Match"
"BMDB13724","Thallium","GBECUEIQVRDUKB-UHFFFAOYSA-M","[Cl-].[Tl+]","24642","Found Concentration in Main Study",NA,NA,"No Match"
"BMDB14273","Vitamin C","CIWBSHSKHKDKBQ-JLAZNSOCSA-N","[H][C@@]1(OC(=O)C(O)=C1O)[C@@H](O)CO","54670067","No record in the main study",NA,NA,"No Match"
"BMDB13440","PC(o-20:0/18:3(9Z,12Z,15Z))","APWUUZRAVVATRC-GBRUYZQDSA-N","CCCCCCCCCCCCCCCCCCCCOC[C@]([H])(COP([O-])(=O)OCC[N+](C)(C)C)OC(=O)CCCCCCC\C=C/C\C=C/C\C=C/CC","52923836","Found Concentration in Main Study",NA,NA,"No Match"
"BMDB13453","PC(o-22:1(13Z)/22:3(10Z,13Z,16Z))","ADCPDRAGQLKVRI-DFPONBFASA-N","CCCCCCCC\C=C/CCCCCCCCCCCCOC[C@]([H])(COP([O-])(=O)OCC[N+](C)(C)C)OC(=O)CCCCCCCC\C=C/C\C=C/C\C=C/CCCCC","53481761","Found Concentration in Main Study",NA,NA,"No Match"
"BMDB03073","Gamma-Linolenic acid","VZCCETWTMQHEPK-QNEBEIHSSA-N","CCCCC\C=C/C\C=C/C\C=C/CCCCC(O)=O","5280933","No record in the main study","DMD302269;DMD302655","DMD302655","Unique Match (by names and pubchem)"
"BMDB06322","Tetracosapentaenoic acid (24:5n-6)","VENRYLMOFDSSDJ-WMPRHZDHSA-N","CCCCC\C=C/C\C=C/C\C=C/C\C=C/C\C=C/CCCCC(O)=O","14505435","No record in the main study",NA,NA,"No Match"
"BMDB06323","Tetracosapentaenoic acid (24:5n-3)","NPTIBOCVSPURCS-JLNKQSITSA-N","CC\C=C/C\C=C/C\C=C/C\C=C/C\C=C/CCCCCCCC(O)=O","52921801","No record in the main study",NA,NA,"No Match"
"BMDB12971","1-Hexanol","ZSIAUFGUXNUGDI-UHFFFAOYSA-N","CCCCCCO","8103","No record in the main study",NA,NA,"No Match"
"BMDB13025","6,9,12,15,18,21-Tetracosahexaenoic acid","YHGJECVSSKXFCJ-SFGLVEFQSA-M","CC\C=C\C\C=C\C\C=C\C\C=C\C\C=C\C\C=C\CCCCC([O-])=O","54508254","No record in the main study",NA,NA,"No Match"
"BMDB13036","1-Pentanol","AMQJEAYHLZJPGS-UHFFFAOYSA-N","CCCCCO","6276","No record in the main study",NA,NA,"No Match"
"BMDB13780","Dimethyl trisulfide","YWHLKYXPLRWGSE-UHFFFAOYSA-N","CSSSC","19310","No record in the main study",NA,NA,"No Match"
"BMDB30028","Ethyl isovalerate","PPXUHEORWJQRHJ-UHFFFAOYSA-N","CCOC(=O)CC(C)C","7945","No record in the main study",NA,NA,"No Match"
"BMDB30058","Ethyl propionate","FKRCODPIKNYEAC-UHFFFAOYSA-N","CCOC(=O)CC","7749","No record in the main study",NA,NA,"No Match"
"BMDB30962","Calendic acid","DQGMPXYVZZCNDQ-KBPWROHVSA-N","CCCCC\C=C/C=C/C=C/CCCCCCC(O)=O","5282818","No record in the main study",NA,NA,"No Match"
"BMDB31003","9-Decenoic acid","KHAVLLBUVKBTBG-UHFFFAOYSA-N","OC(=O)CCCCCCCC=C","61743","No record in the main study",NA,NA,"No Match"
"BMDB31206","Pentanal","HGBOYTHUEUWSSQ-UHFFFAOYSA-N","CCCCC=O","8063","No record in the main study",NA,NA,"No Match"
"BMDB31217","Ethyl acetate","XEKOWRVHYACXOJ-UHFFFAOYSA-N","CCOC(C)=O","8857","No record in the main study",NA,NA,"No Match"
"BMDB31243","2-Methylpropanal","AMIMRNSIRUDHCM-UHFFFAOYSA-N","CC(C)C=O","6561","No record in the main study",NA,NA,"No Match"
"BMDB31475","Heptanal","FXHGMKSSBGDXIY-UHFFFAOYSA-N","CCCCCCC=O","8130","No record in the main study",NA,NA,"No Match"
"BMDB31511","Diacetone alcohol","SWXVUIWOUIDPGS-UHFFFAOYSA-N","CC(=O)CC(C)(C)O","31256","No record in the main study",NA,NA,"No Match"
"BMDB31523","Methyl acetate","KXKVLQRXCPHEJC-UHFFFAOYSA-N","COC(C)=O","6584","No record in the main study","DMD302101","DMD302101","Unique Match (by names and pubchem)"
"BMDB31526","(±)-2-Methylbutanal","BYGQBDHUGHBGMD-UHFFFAOYSA-N","CCC(C)C=O","7284","No record in the main study",NA,NA,"No Match"
"BMDB31527","(S)-2-Methyl-1-butanol","QPRQEDXDYOZYLA-UHFFFAOYSA-N","CCC(C)CO","8723","No record in the main study",NA,NA,"No Match"
"BMDB31599","2-Pentanol","JYVLIDXNZAXMDK-UHFFFAOYSA-N","CCCC(C)O","22386","No record in the main study",NA,NA,"No Match"
"BMDB31605","1-Penten-3-ol","VHVMXWZXFBOANQ-UHFFFAOYSA-N","CCC(O)C=C","12020","No record in the main study",NA,NA,"No Match"
"BMDB32449","1-Octene","KWKAKUADMBZCLK-UHFFFAOYSA-N","CCCCCCC=C","8125","No record in the main study",NA,NA,"No Match"
"BMDB33890","Methyl butyrate","UUIQMZJEGPQKFD-UHFFFAOYSA-N","CCCC(=O)OC","12180","No record in the main study",NA,NA,"No Match"
"BMDB33908","(±)-2-Heptanol","CETWDUZRCINIHU-UHFFFAOYSA-N","CCCCCC(C)O","10976","No record in the main study",NA,NA,"No Match"
"BMDB34168","Toluene","YXFVVABEGXRONW-UHFFFAOYSA-N","CC1=CC=CC=C1","1140","No record in the main study",NA,NA,"No Match"
"BMDB34235","2-Pentanone","XNLICIUVMPYHGG-UHFFFAOYSA-N","CCCC(C)=O","7895","No record in the main study",NA,NA,"No Match"
"BMDB34729","(E,E)-2,4-Hexadienal","BATOPAZDIZEVQF-IAROGAJJSA-N","C\C=C\C=C/C=O","11829369","No record in the main study",NA,NA,"No Match"
"BMDB35658","(-)-alpha-Pinene","GRWFGVWFFZKLTI-IUCAKERBSA-N","[H][C@@]12C[C@@]([H])(C(C)=CC1)C2(C)C","440968","No record in the main study",NA,NA,"No Match"
"BMDB35915","Sulcatone","UHEPJGULSIKKTP-UHFFFAOYSA-N","CC(C)=CCCC(C)=O","9862","No record in the main study",NA,NA,"No Match"
"BMDB36574","Carbon disulfide","QGJOPFRUJISHPQ-UHFFFAOYSA-N","S=C=S","6348","No record in the main study",NA,NA,"No Match"
"BMDB40253","Propyl formate","KFNNIILCVOLYIR-UHFFFAOYSA-N","CCCOC=O","8073","No record in the main study",NA,NA,"No Match"
"BMDB40327","Pentyl formate","DIQMPQMYFZXDAX-UHFFFAOYSA-N","CCCCCOC=O","12529","No record in the main study",NA,NA,"No Match"
"BMDB59835","Nonanal","GYHFUZHODSMOHU-UHFFFAOYSA-N","CCCCCCCCC=O","31289","No record in the main study",NA,NA,"No Match"
"BMDB60038","10Z-Heptadecenoic acid","GDTXICBNEOEPAZ-FPLPWBNLSA-N","CCCCCC\C=C/CCCCCCCCC(O)=O","5312435","No record in the main study",NA,NA,"No Match"
"BMDB60039","11,14,17-Eicosatrienoic acid","AHANXAKGNAKFSK-PDBXOOCHSA-N","CC\C=C/C\C=C/C\C=C/CCCCCCCCCC(O)=O","5312529","No record in the main study","DMD302273;DMD302276","DMD302273;DMD302276","Multiple Match (by names only)"
"BMDB60102","Arachidonate","YZXBAPSDXZZRGB-DOFZRALJSA-N","CCCCC\C=C/C\C=C/C\C=C/C\C=C/CCCC(O)=O","444899","No record in the main study","DMD302277","DMD302277","Unique Match (by names and pubchem)"
"BMDB61883","Caproate (6:0)","FUZZWVXGSFPDMH-UHFFFAOYSA-N","CCCCCC(O)=O","8892","No record in the main study","DMD305116","DMD305116","Unique Match (by names and pubchem)"
"BMDB61885","3-Methylpentane","PFEOZHBOMNWTJB-UHFFFAOYSA-N","CCC(C)CC","7282","No record in the main study",NA,NA,"No Match"
"BMDB62034","3-Methyl-2-pentanone","UIHCLUNTQKBZGK-UHFFFAOYSA-N","CCC(C)C(C)=O","11262","No record in the main study",NA,NA,"No Match"
"BMDB62036","3-Methylfuran","KJRRQXYWFQKJIP-UHFFFAOYSA-N","CC1=COC=C1","13587","No record in the main study",NA,NA,"No Match"
"BMDB62037","Benzoic acid","WPYMKLBDIGXBTP-UHFFFAOYSA-N","OC(=O)C1=CC=CC=C1","243","No record in the main study",NA,NA,"No Match"
"BMDB62038","Thymol","MGSRCZKZVOBKFT-UHFFFAOYSA-N","CC(C)C1=C(O)C=C(C)C=C1","6989","No record in the main study",NA,NA,"No Match"
"BMDB62039","2,4-Diaminobutyric acid","OGNSCSPNOLGXSM-UHFFFAOYSA-N","NCCC(N)C(O)=O","470","No record in the main study",NA,NA,"No Match"
"BMDB62040","Oleoylcarnitine","ASTZXVSQSSBFOS-FRHQNKJESA-N","[H]\C(CCCCCCCC)=C(/[H])CCCCCCCC(=O)O[C@@]([H])(CCC([O-])=O)[N+](C)(C)C","53477789","No record in the main study",NA,NA,"No Match"
"BMDB62041","Phosphatidylserine","UNJJBGNPUUVVFQ-ZJUUUORDSA-N","[H][C@](N)(COP(O)(=O)OC[C@@]([H])(COC(=O)CC)OC(=O)CCC)C(O)=O","6323481","No record in the main study",NA,NA,"No Match"
"BMDB62042","Cycloserine","DYDCUQKUCUHJBH-UWTATZPHSA-N","[H][C@@]1(N)CON=C1O","6234","No record in the main study",NA,NA,"No Match"
"BMDB62043","Fosfomycin","YMDXZJFXQJVXBF-STHAYSLISA-N","[H][C@@]1(C)O[C@]1([H])P(O)(O)=O","446987","No record in the main study",NA,NA,"No Match"
"BMDB62044","Gamma Hydroxybutyric Acid","SJZRECIVHVDYJC-UHFFFAOYSA-M","OCCCC([O-])=O","3037032","No record in the main study",NA,NA,"No Match"
"BMDB62045","Saccharin","CVHZOJJKTDOEJC-UHFFFAOYSA-N","OC1=NS(=O)(=O)C2=CC=CC=C12","5143","No record in the main study",NA,NA,"No Match"
"BMDB62046","(S)-14-Methylhexadecanoic acid","FXUKWLSZZHVEJD-UHFFFAOYSA-N","CCC(C)CCCCCCCCCCCCC(O)=O","22207","No record in the main study",NA,NA,"No Match"
"BMDB62047","Isopalmitic acid","ZONJATNKKGGVSU-UHFFFAOYSA-N","CC(C)CCCCCCCCCCCCC(O)=O","36247","No record in the main study",NA,NA,"No Match"
"BMDB62048","12-Methyltridecanoic acid","YYVJAABUJYRQJO-UHFFFAOYSA-N","CC(C)CCCCCCCCCCC(O)=O","520298","No record in the main study",NA,NA,"No Match"
"BMDB62049","11-Dodecenoic acid","GZZPOFFXKUVNSW-UHFFFAOYSA-N","OC(=O)CCCCCCCCCC=C","125207","No record in the main study",NA,NA,"No Match"
"BMDB62050","5-(2-Hydroxyethyl)-4-methylthiazole","BKAWJIRCKVUVED-UHFFFAOYSA-N","CC1=C(CCO)SC=N1","1136","No record in the main study","DMD302183","DMD302183","Unique Match (by names and pubchem)"
"BMDB62051","Benzylamine","WGQKYBSKWIADBV-UHFFFAOYSA-N","NCC1=CC=CC=C1","7504","No record in the main study",NA,NA,"No Match"
"BMDB62052","Lactitol","VQHSOMBJVWLPSR-UHFFFAOYSA-N","OCC(O)C(O)C(OC1OC(CO)C(O)C(O)C1O)C(O)CO","3871","No record in the main study","DMD305120","DMD305120","Unique Match (by names only)"
"BMDB62053","Phosphocreatinine","HIPLEPXPNLWKCQ-UHFFFAOYSA-N","CN1CC(O)=NC1=NP(O)(O)=O","71214","No record in the main study",NA,NA,"No Match"
"BMDB62054","beta-Lactose","GUBGYTABKSRVRQ-DCSYEGIMSA-N","[H][C@@]1(O)O[C@]([H])(CO)[C@@]([H])(O[C@]2([H])O[C@]([H])(CO)[C@]([H])(O)[C@]([H])(O)[C@@]2([H])O)[C@]([H])(O)[C@@]1([H])O","6134","No record in the main study","DMD302114;DMD302694","DMD302114;DMD302694","Multiple Match (by names only)"
"BMDB62055","2-Hydroxyglutarate","HWXBTNAVRSUOJR-UHFFFAOYSA-N","OC(CCC(O)=O)C(O)=O","43","No record in the main study","DMD302614","DMD302614","Unique Match (by names and pubchem)"
"BMDB62056","Phosphatidylethanolamine","LVNGJLRDBYCPGB-KDXMTYKHSA-N","[H][C@](COC(=O)CCCCCCCCCCCCCCCCC)(COP(O)(=O)OCCN)OC(=O)CCCCCCCCCCCCCCCCC","17754131","No record in the main study",NA,NA,"No Match"
"BMDB62057","1,2-diacylglycerol","OTBZCXAQBQMYNZ-LURJTMIESA-N","[H][C@](CO)(COC=O)OC(C)=O","","No record in the main study",NA,NA,"No Match"
"BMDB62058","13-Methylmyristic acid","ZOCYQVNGROEVLU-UHFFFAOYSA-N","CC(C)CCCCCCCCCCCC(O)=O","151014","No record in the main study",NA,NA,"No Match"
"BMDB62059","TG(14:0/14:0/14:0)","DUXYWXYOBMKGIN-UHFFFAOYSA-N","[H]C(COC(=O)CCCCCCCCCCCCC)(COC(=O)CCCCCCCCCCCCC)OC(=O)CCCCCCCCCCCCC","11148","No record in the main study","DMD302449","DMD302449","Unique Match (by names and pubchem)"
"BMDB62060","TG(14:0/16:0/16:0)","JWVXCFSNEOMSHH-DXQCBLCSSA-N","[H][C@](COC(=O)CCCCCCCCCCCCC)(COC(=O)CCCCCCCCCCCCCCC)OC(=O)CCCCCCCCCCCCCCC","91867460","No record in the main study",NA,NA,"No Match"
"BMDB62061","TG(14:0/16:0/18:0)","JTDPHURHZMZJHD-DYVQZXGMSA-N","[H][C@](COC(=O)CCCCCCCCCCCCC)(COC(=O)CCCCCCCCCCCCCCCCC)OC(=O)CCCCCCCCCCCCCCC","131753268","No record in the main study",NA,NA,"No Match"
"BMDB62063","TG(14:0/16:0/18:2(9Z,12Z))","YUIIXXZIUIOJQY-RGFFXGESSA-N","[H][C@](COC(=O)CCCCCCCCCCCCC)(COC(=O)CCCCCCC\C=C/C\C=C/CCCCC)OC(=O)CCCCCCCCCCCCCCC","131753280","No record in the main study",NA,NA,"No Match"
"BMDB62064","TG(14:0/16:1(9Z)/18:1(9Z))","QABWZGMVIDDGGI-SWKFLNMBSA-N","[H][C@](COC(=O)CCCCCCCCCCCCC)(COC(=O)CCCCCCC\C=C/CCCCCCCC)OC(=O)CCCCCCC\C=C/CCCCCC","131753453","No record in the main study",NA,NA,"No Match"
"BMDB62065","TG(14:0/18:0/18:0)","RDVFJKJMACSAJD-DPDRHGIRSA-N","[H][C@](COC(=O)CCCCCCCCCCCCC)(COC(=O)CCCCCCCCCCCCCCCCC)OC(=O)CCCCCCCCCCCCCCCCC","101635996","No record in the main study",NA,NA,"No Match"
"BMDB62068","TG(15:0/16:0/18:0)","BABSZGMYWGFHOB-GGCSAXROSA-N","[H][C@](COC(=O)CCCCCCCCCCCCCC)(COC(=O)CCCCCCCCCCCCCCCCC)OC(=O)CCCCCCCCCCCCCCC","131754154","No record in the main study",NA,NA,"No Match"
"BMDB62069","TG(16:0/15:0/16:1(9Z))","PMHPAVPAGLAMOD-AHIIZLPLSA-N","[H][C@](COC(=O)CCCCCCCCCCCCCCC)(COC(=O)CCCCCCC\C=C/CCCCCC)OC(=O)CCCCCCCCCCCCCC","131754975","No record in the main study",NA,NA,"No Match"
"BMDB62071","TG(16:0/14:1(9Z)/18:0)","FTSVKEQEERVOIA-CVGXBFGDSA-N","[H][C@](COC(=O)CCCCCCCCCCCCCCC)(COC(=O)CCCCCCCCCCCCCCCCC)OC(=O)CCCCCCC\C=C/CCCC","131755114","No record in the main study","DMD302468","DMD302468","Unique Match (by names only)"
"BMDB62075","TG(18:0/16:0/18:0)","ZGVGTPFSVCXVNJ-UHFFFAOYSA-N","[H]C(COC(=O)CCCCCCCCCCCCCCCCC)(COC(=O)CCCCCCCCCCCCCCCCC)OC(=O)CCCCCCCCCCCCCCC","545567","No record in the main study",NA,NA,"No Match"
"BMDB62076","TG(18:0/16:0/18:1(9Z))","WRXCJQWYSUUELD-FQUZZJBASA-N","[H][C@](COC(=O)CCCCCCCCCCCCCCCCC)(COC(=O)CCCCCCC\C=C/CCCCCCCC)OC(=O)CCCCCCCCCCCCCCC","99649138","No record in the main study",NA,NA,"No Match"
"BMDB62077","cis-13-Octadecenoic acid ","BDLLSHRIFPDGQB-UHFFFAOYSA-N","CCCCC=CCCCCCCCCCCCC(O)=O","151734","No record in the main study",NA,NA,"No Match"
"BMDB62079","TG(18:1(9Z)/16:0/18:1(9Z))","PPTGNVIVNZLPPS-LBXGSASVSA-N","[H]C(COC(=O)CCCCCCC\C=C/CCCCCCCC)(COC(=O)CCCCCCC\C=C/CCCCCCCC)OC(=O)CCCCCCCCCCCCCCC","13183955","No record in the main study",NA,NA,"No Match"
"BMDB62083","(Z)-9-Heptadecenoic acid","QSBYPNXLFMSGKH-CMDGGOBGSA-N","[H]\C(CCCCCCC)=C(\[H])CCCCCCCC(O)=O","5312440","No record in the main study",NA,NA,"No Match"
"BMDB62084","TG(14:0/14:0/18:0)","YQLXPOXDXQWEKE-DXQCBLCSSA-N","[H][C@](COC(=O)CCCCCCCCCCCCC)(COC(=O)CCCCCCCCCCCCCCCCC)OC(=O)CCCCCCCCCCCCC","131753211","No record in the main study",NA,NA,"No Match"
"BMDB62085","TG(14:0/14:0/20:0)","ZARHKOGIOAZUIC-DYVQZXGMSA-N","[H][C@](COC(=O)CCCCCCCCCCCCC)(COC(=O)CCCCCCCCCCCCCCCCCCC)OC(=O)CCCCCCCCCCCCC","131753212","No record in the main study",NA,NA,"No Match"
"BMDB62086","3-Decenoic acid","CPVUNKGURQKKKX-FPLPWBNLSA-N","[H]\C(CCCCCC)=C(/[H])CC(O)=O","5312350","No record in the main study",NA,NA,"No Match"
"BMDB62088","TG(14:0/16:0/20:0)","VGEMNMJCWPDGJU-DPDRHGIRSA-N","[H][C@](COC(=O)CCCCCCCCCCCCC)(COC(=O)CCCCCCCCCCCCCCCCCCC)OC(=O)CCCCCCCCCCCCCCC","131753269","No record in the main study",NA,NA,"No Match"
"BMDB62089","(+)-12-Methyltetradecanoic acid","XKLJLHAPJBUBNL-UHFFFAOYSA-N","CCC(C)CCCCCCCCCCC(O)=O","21672","No record in the main study",NA,NA,"No Match"
"BMDB62090","1,2-Dipalmitoylglycerol","JEJLGIQLPYYGEE-UHFFFAOYSA-N","CCCCCCCCCCCCCCCC(=O)OCC(CO)OC(=O)CCCCCCCCCCCCCCC","99931","No record in the main study","DMD302236","DMD302236","Unique Match (by names and pubchem)"
"BMDB62091","11-Methyldodecanoic acid","SIOLDWZBFABPJU-UHFFFAOYSA-N","CC(C)CCCCCCCCCC(O)=O","33002","No record in the main study",NA,NA,"No Match"
"BMDB62092","15-Methylhexadecanoic acid","IIUXHTGBZYEGHI-UHFFFAOYSA-N","CC(C)CCCCCCCCCCCCCC(O)=O","","No record in the main study","DMD302261","DMD302261","Unique Match (by names only)"
"BMDB62093","4-(Methylamino)benzoic acid","ZVIDMSBTYRSMAR-UHFFFAOYSA-N","CNC1=CC=C(C=C1)C(O)=O","66345","No record in the main study",NA,NA,"No Match"
"BMDB62094","4-Hydroxyphenyl-beta-glucopyranoside","BJRNKVDFDLYUGJ-RMPHRYRLSA-N","[H][C@]1(CO)O[C@@]([H])(OC2=CC=C(O)C=C2)[C@]([H])(O)[C@@]([H])(O)[C@]1([H])O","440936","No record in the main study",NA,NA,"No Match"
"BMDB62095","Adipamide","GVNWZKBFMFUVNX-UHFFFAOYSA-N","OC(=N)CCCCC(O)=N","12364","No record in the main study",NA,NA,"No Match"
"BMDB62096","beta-D-Fructofuranosyl-(2,1)-beta-D-Fructofuranose","WOHYVFWWTVNXTP-IYDDCBTQSA-N","[H][C@@]1(O)[C@@]([H])(CO)O[C@](O)(CO[C@@]2(CO)O[C@]([H])(CO)[C@@]([H])(O)[C@]2([H])O)[C@@]1([H])O","45109757","No record in the main study",NA,NA,"No Match"
"BMDB62097","cis-11-Octadecenoic acid","UWHZIFQPPBDJPM-FPLPWBNLSA-N","[H]\C(CCCCCC)=C(/[H])CCCCCCCCCC(O)=O","5282761","No record in the main study","DMD305601","DMD305601","Unique Match (by names and pubchem)"
"BMDB62098","cis-12-Octadecenoic acid","OXEDXHIBHVMDST-SREVYHEPSA-N","[H]\C(CCCCC)=C(/[H])CCCCCCCCCCC(O)=O","446285","No record in the main study",NA,NA,"No Match"
"BMDB62099","cis-15-Octadecenoic acid","KSIKGJKZYDOVFA-UHFFFAOYSA-N","CCC=CCCCCCCCCCCCCCC(O)=O","177655","No record in the main study",NA,NA,"No Match"
"BMDB62100","Ethylenediaminetetraacetic acid","KCXVZYZYPLLWCC-UHFFFAOYSA-N","OC(=O)CN(CCN(CC(O)=O)CC(O)=O)CC(O)=O","6049","No record in the main study",NA,"DMD302137","Unique Match (by pubchem only)"
"BMDB62101","Isobutyrylcarnitine","LRCNOZRCYBNMEP-SECBINFHSA-O","[H][C@@](CC(O)=O)(C[N+](C)(C)C)OC(=O)C(C)C","168380","No record in the main study",NA,NA,"No Match"
"BMDB62102","Methyl alpha-D-glucopyranoside","HOVAGTYPODGVJG-ZFYZTMLRSA-N","[H][C@]1(O)[C@]([H])(O)[C@@]([H])(CO)O[C@]([H])(OC)[C@]1([H])O","64947","No record in the main study",NA,NA,"No Match"
"BMDB62103","N-acetyl-Muramic acid","MNLRQHMNZILYPY-MKFCKLDKSA-N","[H][C@](C)(O[C@@]1([H])[C@]([H])(O)[C@@]([H])(CO)OC([H])(O)[C@]1([H])N=C(C)O)C(O)=O","5462244","No record in the main study",NA,NA,"No Match"
"BMDB62104","Sophorose","HIWPGCMGAMJNRG-NCFXGAEVSA-N","[H][C@]1(O)O[C@]([H])(CO)[C@@]([H])(O)[C@]([H])(O)[C@@]1([H])O[C@]1([H])O[C@]([H])(CO)[C@@]([H])(O)[C@]([H])(O)[C@@]1([H])O","88719","No record in the main study",NA,NA,"No Match"
"BMDB62105","trans-10 Octadecenoic acid","QXJSBBXBKPUZAA-CMDGGOBGSA-N","[H]\C(CCCCCCC)=C(\[H])CCCCCCCCC(O)=O","5282760","No record in the main study",NA,NA,"No Match"
"BMDB62106","trans-12-Octadecenoic acid","OXEDXHIBHVMDST-VOTSOKGWSA-N","[H]\C(CCCCC)=C(\[H])CCCCCCCCCCC(O)=O","5282762","No record in the main study",NA,NA,"No Match"
"BMDB62107","trans-13-Octadecenoic acid","BDLLSHRIFPDGQB-AATRIKPKSA-N","[H]\C(CCCC)=C(\[H])CCCCCCCCCCCC(O)=O","6161490","No record in the main study",NA,NA,"No Match"
"BMDB62108","trans-14-Octadecenoic acid","JQBJOWDLTJOBRO-SNAWJCMRSA-N","[H]\C(CCC)=C(\[H])CCCCCCCCCCCCC(O)=O","15847269","No record in the main study",NA,NA,"No Match"
"BMDB62109","trans-15-Octadecenoic acid","KSIKGJKZYDOVFA-ONEGZZNKSA-N","[H]\C(CC)=C(\[H])CCCCCCCCCCCCCC(O)=O","5282763","No record in the main study",NA,NA,"No Match"
"BMDB62110","trans-16-Octadecenoic acid","DPUHOWDIWWPPIP-NSCUHMNNSA-N","[H]\C(C)=C(\[H])CCCCCCCCCCCCCCC(O)=O","5282764","No record in the main study",NA,NA,"No Match"
"BMDB62111","trans-4-Octadecenoic acid","OBNDIDKDLXSSCB-CCEZHUSRSA-N","[H]\C(CCCCCCCCCCCCC)=C(\[H])CCC(O)=O","5282752","No record in the main study",NA,NA,"No Match"
"BMDB62112","trans-5-Octadecenoic acid","AQWHMKSIVLSRNY-BUHFOSPRSA-N","[H]\C(CCCCCCCCCCCC)=C(\[H])CCCC(O)=O","5282753","No record in the main study",NA,NA,"No Match"
"BMDB62113","trans-6-Octadecenoic acid","CNVZJPUDSLNTQU-OUKQBFOZSA-N","[H]\C(CCCCCCCCCCC)=C(\[H])CCCCC(O)=O","5282754","No record in the main study",NA,NA,"No Match"
"BMDB62114","trans-7-Octadecenoic acid","RVUCYJXFCAVHNC-VAWYXSNFSA-N","[H]\C(CCCCCCCCCC)=C(\[H])CCCCCC(O)=O","5282756","No record in the main study",NA,NA,"No Match"
"BMDB62115","trans-8-Octadecenoic acid","WRIDQFICGBMAFQ-ZHACJKMWSA-N","[H]\C(CCCCCCCCC)=C(\[H])CCCCCCC(O)=O","5282758","No record in the main study",NA,NA,"No Match"
"BMDB62116","trans-Coniferylaldehyde","DKZBBWMURDFHNE-NSCUHMNNSA-N","[H]\C(C=O)=C(\[H])C1=CC(OC)=C(O)C=C1","5280536","No record in the main study",NA,"DMD302153","Unique Match (by pubchem only)"
"BMDB62117","Tropic acid","JACRWUWPXAESPB-UHFFFAOYSA-N","OCC(C(O)=O)C1=CC=CC=C1","10726","No record in the main study",NA,NA,"No Match"
"BMDB62118","Loganin","AMBQHHVBBHTQBF-UOUCRYGSSA-N","[H][C@]1(O)C[C@]2([H])C(=CO[C@@]([H])(O[C@]3([H])O[C@]([H])(CO)[C@@]([H])(O)[C@]([H])(O)[C@@]3([H])O)[C@]2([H])[C@@]1([H])C)C(=O)OC","87691","No record in the main study",NA,NA,"No Match"
"BMDB62119","Talose","WQZGKKKJIJFFOK-WHZQZERISA-N","[H]C1(O)O[C@]([H])(CO)[C@]([H])(O)[C@]([H])(O)[C@]1([H])O","441035","No record in the main study",NA,NA,"No Match"
"BMDB62120","Disialoganglioside Ib","VPUOVUBYFYUBRY-INNWTUFDSA-N","[H]C(CCCCCCCCCCCCC)=C([H])C([H])(O)C([H])(CO[C@]1([H])O[C@]([H])(CO)[C@@]([H])(O[C@]2([H])O[C@]([H])(CO)[C@]([H])(O[C@]3([H])O[C@]([H])(CO)[C@]([H])(O)[C@]([H])(O[C@]4([H])O[C@]([H])(CO)[C@]([H])(O)[C@]([H])(O)[C@@]4([H])O)[C@@]3([H])N=C(C)O)[C@]([H])(O[C@@]3(C[C@]([H])(O)[C@@]([H])(N=C(C)O)[C@@]([H])(O3)[C@]([H])(O)[C@@]([H])(CO)O[C@@]3(C[C@]([H])(O)[C@@]([H])(N=C(O)CO)[C@@]([H])(O3)[C@]([H])(O)[C@]([H])(O)CO)C(O)=O)C(O)=O)[C@@]2([H])O)[C@]([H])(O)[C@@]1([H])O)N=C(O)CCCCCCCCCCCCCCCCC","92132037","No record in the main study",NA,NA,"No Match"
"BMDB62121","Monosialoganglioside GM1","QPJBWNIQKHGLAU-BVLUPYCXSA-N","[H]\C(CCCCCCCCCCCCC)=C(\[H])C([H])(O)C([H])(CO[C@]1([H])O[C@]([H])(CO)[C@@]([H])(O[C@]2([H])O[C@]([H])(CO)[C@]([H])(O[C@]3([H])O[C@]([H])(CO)[C@]([H])(O)[C@]([H])(O[C@]4([H])O[C@]([H])(CO)[C@]([H])(O)[C@]([H])(O)[C@@]4([H])O)[C@@]3([H])N=C(C)O)[C@]([H])(O[C@@]3(C[C@]([H])(O)[C@@]([H])(N=C(C)O)[C@]([H])(O3)C([H])(O)C([H])(O)CO)C(O)=O)[C@@]2([H])O)[C@]([H])(O)[C@@]1([H])O)N=C(O)CCCCCCCCCCCCCCCCC","5497107","No record in the main study",NA,NA,"No Match"
"BMDB62122","Monosialoganglioside GM2","USMMPBVNWHAJBE-YMEOXFOQSA-N","[H]\C(CCCCCCCCCCCCC)=C(\[H])[C@]([H])(O)[C@@]([H])(CO[C@]1([H])O[C@@]([H])(CO)[C@]([H])(O[C@@]2([H])O[C@@]([H])(CO)[C@@]([H])(O[C@@]3([H])O[C@@]([H])(CO)[C@@]([H])(O)[C@@]([H])(O)[C@]3([H])N=C(C)O)[C@@]([H])(OC[C@]3(C[C@@]([H])(O)[C@]([H])(N=C(C)O)[C@]([H])(O3)[C@@]([H])(O)[C@@]([H])(O)CO)C(O)=O)[C@]2([H])O)[C@@]([H])(O)[C@]1([H])O)N=C(O)CCCCCCCCCCCCCCCCC","71308211","No record in the main study",NA,NA,"No Match"
"BMDB62123","Monosialoganglioside GM3","PFJKOHUKELZMLE-VEUXDRLPSA-N","[H]\C(CCCCCCCC)=C(/[H])CCCCCCCCCCCCCC(O)=N[C@@]([H])(CO[C@]1([H])O[C@]([H])(CO)[C@@]([H])(O[C@]2([H])O[C@]([H])(CO)[C@]([H])(O)[C@]([H])(O[C@@]3(C[C@]([H])(O)[C@@]([H])(N=C(C)O)[C@@]([H])(O3)[C@]([H])(O)[C@]([H])(O)CO)C(O)=O)[C@@]2([H])O)[C@]([H])(O)[C@@]1([H])O)[C@]([H])(O)C(\[H])=C(/[H])CCCCCCCCCCCCC","86583360","No record in the main study",NA,NA,"No Match"
"BMDB62124","TG(14:0/14:0/4:0)","CPUBTQNPGNMTLT-JGCGQSQUSA-N","[H][C@@](COC(=O)CCC)(COC(=O)CCCCCCCCCCCCC)OC(=O)CCCCCCCCCCCCC","","No record in the main study",NA,NA,"No Match"
"BMDB62125","TG(14:0/14:0/6:0)","RLJXXZJSIPCFFV-UUWRZZSWSA-N","[H][C@@](COC(=O)CCCCC)(COC(=O)CCCCCCCCCCCCC)OC(=O)CCCCCCCCCCCCC","","No record in the main study",NA,NA,"No Match"
"BMDB62126","TG(14:0/16:0/4:0)","SQKOCYHMNMIISZ-UUWRZZSWSA-N","[H][C@@](COC(=O)CCC)(COC(=O)CCCCCCCCCCCCC)OC(=O)CCCCCCCCCCCCCCC","","No record in the main study",NA,NA,"No Match"
"BMDB62127","TG(14:0/16:0/6:0)","DWIUNYGOSZKHPJ-PSXMRANNSA-N","[H][C@@](COC(=O)CCCCC)(COC(=O)CCCCCCCCCCCCC)OC(=O)CCCCCCCCCCCCCCC","","No record in the main study",NA,NA,"No Match"
"BMDB62128","TG(16:0/10:0/4:0)","NMPTUNQSGSBSHZ-SSEXGKCCSA-N","[H][C@@](COC(=O)CCC)(COC(=O)CCCCCCCCCCCCCCC)OC(=O)CCCCCCCCC","","No record in the main study",NA,NA,"No Match"
"BMDB62129","TG(16:0/10:0/6:0)","QKLBUEWDUVXZCS-JGCGQSQUSA-N","[H][C@@](COC(=O)CCCCC)(COC(=O)CCCCCCCCCCCCCCC)OC(=O)CCCCCCCCC","","No record in the main study",NA,NA,"No Match"
"BMDB62130","TG(16:0/12:0/4:0)","DNRWLLOQTTWJKS-JGCGQSQUSA-N","[H][C@@](COC(=O)CCC)(COC(=O)CCCCCCCCCCCCCCC)OC(=O)CCCCCCCCCCC","","No record in the main study",NA,NA,"No Match"
"BMDB62131","TG(16:0/12:0/6:0)","OGVRYRODVYXWHK-UUWRZZSWSA-N","[H][C@@](COC(=O)CCCCC)(COC(=O)CCCCCCCCCCCCCCC)OC(=O)CCCCCCCCCCC","101095262","No record in the main study",NA,NA,"No Match"
"BMDB62132","TG(16:0/14:0/10:0)","SMIGULGEODNQEX-RRHRGVEJSA-N","[H][C@@](COC(=O)CCCCCCCCC)(COC(=O)CCCCCCCCCCCCCCC)OC(=O)CCCCCCCCCCCCC","","No record in the main study","DMD305402","DMD305402","Unique Match (by names only)"
"BMDB62133","TG(16:0/14:0/14:0)","AMXRERGJDVUTMF-USYZEHPZSA-N","[H][C@@](COC(=O)CCCCCCCCCCCCC)(COC(=O)CCCCCCCCCCCCCCC)OC(=O)CCCCCCCCCCCCC","91865743","No record in the main study",NA,NA,"No Match"
"BMDB62134","TG(16:0/14:0/4:0)","ZRSCOWDQAGAMTK-UUWRZZSWSA-N","[H][C@@](COC(=O)CCC)(COC(=O)CCCCCCCCCCCCCCC)OC(=O)CCCCCCCCCCCCC","","No record in the main study",NA,NA,"No Match"
"BMDB62135","TG(16:0/14:0/6:0)","CRYHRFJZXLSNCF-PSXMRANNSA-N","[H][C@@](COC(=O)CCCCC)(COC(=O)CCCCCCCCCCCCCCC)OC(=O)CCCCCCCCCCCCC","","No record in the main study",NA,NA,"No Match"
"BMDB62136","TG(16:0/16:0/10:0)","WBURFJXMBPWRIG-HUESYALOSA-N","[H][C@@](COC(=O)CCCCCCCCC)(COC(=O)CCCCCCCCCCCCCCC)OC(=O)CCCCCCCCCCCCCCC","","No record in the main study","DMD302449","DMD302449","Unique Match (by names only)"
"BMDB62137","TG(16:0/16:0/12:0)","ZCHDZACIKMGEJU-USYZEHPZSA-N","[H][C@@](COC(=O)CCCCCCCCCCC)(COC(=O)CCCCCCCCCCCCCCC)OC(=O)CCCCCCCCCCCCCCC","","No record in the main study",NA,NA,"No Match"
"BMDB62138","TG(16:0/16:0/14:0)","JWVXCFSNEOMSHH-YACUFSJGSA-N","[H][C@@](COC(=O)CCCCCCCCCCCCC)(COC(=O)CCCCCCCCCCCCCCC)OC(=O)CCCCCCCCCCCCCCC","","No record in the main study",NA,NA,"No Match"
"BMDB62139","TG(16:0/16:0/4:0)","SPNPZKFZBBJGJK-PSXMRANNSA-N","[H][C@@](COC(=O)CCC)(COC(=O)CCCCCCCCCCCCCCC)OC(=O)CCCCCCCCCCCCCCC","101423820","No record in the main study",NA,NA,"No Match"
"BMDB62140","TG(16:0/16:0/6:0)","SAYUNMDZOOEJHF-KXQOOQHDSA-N","[H][C@@](COC(=O)CCCCC)(COC(=O)CCCCCCCCCCCCCCC)OC(=O)CCCCCCCCCCCCCCC","","No record in the main study",NA,NA,"No Match"
"BMDB62141","TG(16:0/16:0/8:0)","RFWJYKONNDGWCW-RRHRGVEJSA-N","[H][C@@](COC(=O)CCCCCCC)(COC(=O)CCCCCCCCCCCCCCC)OC(=O)CCCCCCCCCCCCCCC","","No record in the main study","DMD305402","DMD305402","Unique Match (by names only)"
"BMDB62142","TG(16:0/18:0/4:0)","QDICJGWYEVKHJA-KXQOOQHDSA-N","[H][C@@](COC(=O)CCC)(COC(=O)CCCCCCCCCCCCCCC)OC(=O)CCCCCCCCCCCCCCCCC","101923185","No record in the main study",NA,NA,"No Match"
"BMDB62143","TG(18:0/14:0/4:0)","GNPZHHYWFFYGOF-PSXMRANNSA-N","[H][C@@](COC(=O)CCC)(COC(=O)CCCCCCCCCCCCCCCCC)OC(=O)CCCCCCCCCCCCC","","No record in the main study",NA,NA,"No Match"
"BMDB62144","TG(18:0/14:0/6:0)","BYIJSVHOFIDXCL-KXQOOQHDSA-N","[H][C@@](COC(=O)CCCCC)(COC(=O)CCCCCCCCCCCCCCCCC)OC(=O)CCCCCCCCCCCCC","","No record in the main study",NA,NA,"No Match"
"BMDB62145","TG(18:0/16:0/4:0)","MSBNBDZZIPTJCP-KXQOOQHDSA-N","[H][C@@](COC(=O)CCC)(COC(=O)CCCCCCCCCCCCCCCCC)OC(=O)CCCCCCCCCCCCCCC","","No record in the main study",NA,NA,"No Match"
"BMDB62146","TG(18:0/16:0/6:0)","NJJSVYBVDBGZKT-RRHRGVEJSA-N","[H][C@@](COC(=O)CCCCC)(COC(=O)CCCCCCCCCCCCCCCCC)OC(=O)CCCCCCCCCCCCCCC","","No record in the main study",NA,NA,"No Match"
"BMDB62147","(+)-10-Methyldodecanoic acid","YETWOCQNUTWSQA-UHFFFAOYSA-N","CCC(C)CCCCCCCCC(O)=O","3014565","No record in the main study",NA,NA,"No Match"
"BMDB62148","trans-11,cis-15-Octadecadienoic acid","HHELYEVVXBEXIZ-ODYTWBPASA-N","[H]\C(CC)=C(/[H])CC\C([H])=C(/[H])CCCCCCCCCC(O)=O","13983931","No record in the main study",NA,NA,"No Match"
"BMDB62149","12E, 14E-Octadecadienoic acid","NLGIQISOWDWGRJ-YTXTXJHMSA-N","[H]\C(CCC)=C(\[H])/C(/[H])=C(\[H])CCCCCCCCCCC(O)=O","18356448","No record in the main study",NA,NA,"No Match"
"BMDB62150","11E, 13E-Octadecadienoic acid","JGFMXQLVWUGIPI-BSWSSELBSA-N","[H]\C(CCCC)=C(\[H])/C(/[H])=C(\[H])CCCCCCCCCC(O)=O","9856943","No record in the main study",NA,NA,"No Match"
"BMDB62151","10E, 12E-Octadecadienoic acid","GKJZMAHZJGSBKD-BLHCBFLLSA-N","[H]\C(CCCCC)=C(\[H])/C(/[H])=C(\[H])CCCCCCCCC(O)=O","5282801","No record in the main study",NA,NA,"No Match"
"BMDB62152","8E, 10E-Octadecadienoic acid","QJKCKUNKNNYJNS-BNFZFUHLSA-N","[H]\C(CCCCCCC)=C(\[H])/C(/[H])=C(\[H])CCCCCCC(O)=O","5282793","No record in the main study",NA,NA,"No Match"
"BMDB62153","7E, 9E-Octadecadienoic acid","HACBQSMIIGXKGA-HULFFUFUSA-N","[H]\C(CCCCCCCC)=C(\[H])/C(/[H])=C(\[H])CCCCCC(O)=O","9965528","No record in the main study",NA,NA,"No Match"
"BMDB62154","TG(6:0/8:0/14:0)","HMYXRAROFDYZSY-NDEPHWFRSA-N","[H][C@](COC(=O)CCCCC)(COC(=O)CCCCCCCCCCCCC)OC(=O)CCCCCCC","","No record in the main study",NA,NA,"No Match"
"BMDB62155","TG(4:0/8:0/16:0)","DQSUYNONXLJKFQ-NDEPHWFRSA-N","[H][C@](COC(=O)CCC)(COC(=O)CCCCCCCCCCCCCCC)OC(=O)CCCCCCC","","No record in the main study",NA,NA,"No Match"
"BMDB62156","TG(4:0/10:0/14:0)","CZNCEKYZOLXFEW-NDEPHWFRSA-N","[H][C@](COC(=O)CCC)(COC(=O)CCCCCCCCCCCCC)OC(=O)CCCCCCCCC","","No record in the main study",NA,NA,"No Match"
"BMDB62157","TG(6:0/10:0/14:0)","CTUNPMWDIDEHLG-PMERELPUSA-N","[H][C@](COC(=O)CCCCC)(COC(=O)CCCCCCCCCCCCC)OC(=O)CCCCCCCCC","","No record in the main study",NA,NA,"No Match"
"BMDB62158","TG(4:0/10:0/16:0)","NMPTUNQSGSBSHZ-PMERELPUSA-N","[H][C@](COC(=O)CCC)(COC(=O)CCCCCCCCCCCCCCC)OC(=O)CCCCCCCCC","","No record in the main study",NA,NA,"No Match"
"BMDB62159","TG(4:0/12:0/14:0)","SPIIOGCAPPVNDU-PMERELPUSA-N","[H][C@](COC(=O)CCC)(COC(=O)CCCCCCCCCCCCC)OC(=O)CCCCCCCCCCC","","No record in the main study",NA,NA,"No Match"
"BMDB62160","TG(10:0/16:0/6:0)","CBCAPZYHHAJWQD-JGCGQSQUSA-N","[H][C@@](COC(=O)CCCCC)(COC(=O)CCCCCCCCC)OC(=O)CCCCCCCCCCCCCCC","","No record in the main study",NA,NA,"No Match"
"BMDB62161","TG(6:0/12:0/14:0)","XTWZFTFRQTXTLI-YTTGMZPUSA-N","[H][C@](COC(=O)CCCCC)(COC(=O)CCCCCCCCCCCCC)OC(=O)CCCCCCCCCCC","","No record in the main study",NA,NA,"No Match"
"BMDB62162","TG(4:0/12:0/16:0)","DNRWLLOQTTWJKS-YTTGMZPUSA-N","[H][C@](COC(=O)CCC)(COC(=O)CCCCCCCCCCCCCCC)OC(=O)CCCCCCCCCCC","","No record in the main study",NA,NA,"No Match"
"BMDB62163","TG(4:0/14:0/14:0)","CPUBTQNPGNMTLT-YTTGMZPUSA-N","[H][C@](COC(=O)CCC)(COC(=O)CCCCCCCCCCCCC)OC(=O)CCCCCCCCCCCCC","129689885","No record in the main study",NA,NA,"No Match"
"BMDB62164","TG(4:0/14:0/15:0)","JMGKZUFRLWPSBP-XIFFEERXSA-N","[H][C@](COC(=O)CCC)(COC(=O)CCCCCCCCCCCCCC)OC(=O)CCCCCCCCCCCCC","","No record in the main study",NA,NA,"No Match"
"BMDB62165","TG(6:0/12:0/16:0)","OGVRYRODVYXWHK-UMSFTDKQSA-N","[H][C@](COC(=O)CCCCC)(COC(=O)CCCCCCCCCCCCCCC)OC(=O)CCCCCCCCCCC","","No record in the main study",NA,NA,"No Match"
"BMDB62166","TG(6:0/14:0/14:0)","RLJXXZJSIPCFFV-UMSFTDKQSA-N","[H][C@](COC(=O)CCCCC)(COC(=O)CCCCCCCCCCCCC)OC(=O)CCCCCCCCCCCCC","","No record in the main study",NA,NA,"No Match"
"BMDB62167","TG(8:0/12:0/14:0)","RJHHICMBDSUIHF-UMSFTDKQSA-N","[H][C@](COC(=O)CCCCCCC)(COC(=O)CCCCCCCCCCCCC)OC(=O)CCCCCCCCCCC","131779395","No record in the main study",NA,NA,"No Match"
"BMDB62168","TG(4:0/14:0/16:0)","ZRSCOWDQAGAMTK-UMSFTDKQSA-N","[H][C@](COC(=O)CCC)(COC(=O)CCCCCCCCCCCCCCC)OC(=O)CCCCCCCCCCCCC","","No record in the main study",NA,NA,"No Match"
"BMDB62169","TG(4:0/15:0/16:0)","PCDSPVRPORJHDW-DHUJRADRSA-N","[H][C@](COC(=O)CCC)(COC(=O)CCCCCCCCCCCCCCC)OC(=O)CCCCCCCCCCCCCC","","No record in the main study",NA,NA,"No Match"
"BMDB62170","TG(6:0/14:0/16:0)","CRYHRFJZXLSNCF-BHVANESWSA-N","[H][C@](COC(=O)CCCCC)(COC(=O)CCCCCCCCCCCCCCC)OC(=O)CCCCCCCCCCCCC","","No record in the main study",NA,NA,"No Match"
"BMDB62171","TG(4:0/14:0/18:0)","GNPZHHYWFFYGOF-BHVANESWSA-N","[H][C@](COC(=O)CCC)(COC(=O)CCCCCCCCCCCCCCCCC)OC(=O)CCCCCCCCCCCCC","","No record in the main study",NA,NA,"No Match"
"BMDB62172","TG(4:0/17:0/15:0)","CYIZPZFVFXXNAW-BHVANESWSA-N","[H][C@](COC(=O)CCC)(COC(=O)CCCCCCCCCCCCCC)OC(=O)CCCCCCCCCCCCCCCC","","No record in the main study",NA,NA,"No Match"
"BMDB62173","TG(4:0/16:0/16:0)","SPNPZKFZBBJGJK-BHVANESWSA-N","[H][C@](COC(=O)CCC)(COC(=O)CCCCCCCCCCCCCCC)OC(=O)CCCCCCCCCCCCCCC","87501547","No record in the main study",NA,NA,"No Match"
"BMDB62174","TG(4:0/15:0/18:0)","SORNCPQAUOVNGB-QNGWXLTQSA-N","[H][C@](COC(=O)CCC)(COC(=O)CCCCCCCCCCCCCCCCC)OC(=O)CCCCCCCCCCCCCC","","No record in the main study",NA,NA,"No Match"
"BMDB62175","TG(4:0/16:0/17:0)","VJWVCPAYJXNGCJ-QNGWXLTQSA-N","[H][C@](COC(=O)CCC)(COC(=O)CCCCCCCCCCCCCCCC)OC(=O)CCCCCCCCCCCCCCC","","No record in the main study",NA,NA,"No Match"
"BMDB62176","TG(6:0/16:0/16:0)","SAYUNMDZOOEJHF-LHEWISCISA-N","[H][C@](COC(=O)CCCCC)(COC(=O)CCCCCCCCCCCCCCC)OC(=O)CCCCCCCCCCCCCCC","129727630","No record in the main study",NA,NA,"No Match"
"BMDB62177","TG(8:0/14:0/16:0)","LONDUFXOLIQUKZ-LHEWISCISA-N","[H][C@](COC(=O)CCCCCCC)(COC(=O)CCCCCCCCCCCCCCC)OC(=O)CCCCCCCCCCCCC","131778738","No record in the main study",NA,NA,"No Match"
"BMDB62178","TG(10:0/14:0/14:0)","OECYYRPLQTZAGN-LHEWISCISA-N","[H][C@](COC(=O)CCCCCCCCC)(COC(=O)CCCCCCCCCCCCC)OC(=O)CCCCCCCCCCCCC","131779132","No record in the main study",NA,NA,"No Match"
"BMDB62179","TG(12:0/12:0/14:0)","SMUUMIRCIBXLGI-LHEWISCISA-N","[H][C@](COC(=O)CCCCCCCCCCC)(COC(=O)CCCCCCCCCCCCC)OC(=O)CCCCCCCCCCC","97045144","No record in the main study",NA,NA,"No Match"
"BMDB62180","TG(4:0/16:0/18:0)","MSBNBDZZIPTJCP-LHEWISCISA-N","[H][C@](COC(=O)CCC)(COC(=O)CCCCCCCCCCCCCCCCC)OC(=O)CCCCCCCCCCCCCCC","","No record in the main study",NA,NA,"No Match"
"BMDB62181","TG(6:0/16:0/18:0)","NJJSVYBVDBGZKT-FAIXQHPJSA-N","[H][C@](COC(=O)CCCCC)(COC(=O)CCCCCCCCCCCCCCCCC)OC(=O)CCCCCCCCCCCCCCC","","No record in the main study",NA,NA,"No Match"
"BMDB62182","TG(8:0/16:0/16:0)","RFWJYKONNDGWCW-FAIXQHPJSA-N","[H][C@](COC(=O)CCCCCCC)(COC(=O)CCCCCCCCCCCCCCC)OC(=O)CCCCCCCCCCCCCCC","131778716","No record in the main study","DMD305402","DMD305402","Unique Match (by names only)"
"BMDB62183","TG(10:0/16:0/14:0)","ZBYLOVWUEAWMBM-FAIXQHPJSA-N","[H][C@](COC(=O)CCCCCCCCC)(COC(=O)CCCCCCCCCCCCC)OC(=O)CCCCCCCCCCCCCCC","131778279","No record in the main study","DMD305402","DMD305402","Unique Match (by names only)"
"BMDB62184","TG(12:0/14:0/14:0)","UGBCBXMLXHJYBS-FAIXQHPJSA-N","[H][C@](COC(=O)CCCCCCCCCCC)(COC(=O)CCCCCCCCCCCCC)OC(=O)CCCCCCCCCCCCC","99649108","No record in the main study","DMD305402","DMD305402","Unique Match (by names only)"
"BMDB62185","TG(4:0/18:0/18:0)","XFFRLQGZYVVLQI-FAIXQHPJSA-N","[H][C@](COC(=O)CCC)(COC(=O)CCCCCCCCCCCCCCCCC)OC(=O)CCCCCCCCCCCCCCCCC","76959634","No record in the main study",NA,NA,"No Match"
"BMDB62186","TG(6:0/16:0/20:0)","DFKKDPLHBBTFFO-WBCKFURZSA-N","[H][C@](COC(=O)CCCCC)(COC(=O)CCCCCCCCCCCCCCCCCCC)OC(=O)CCCCCCCCCCCCCCC","","No record in the main study",NA,NA,"No Match"
"BMDB62187","TG(6:0/18:0/18:0)","WZPUIXJVKWWFBH-WBCKFURZSA-N","[H][C@](COC(=O)CCCCC)(COC(=O)CCCCCCCCCCCCCCCCC)OC(=O)CCCCCCCCCCCCCCCCC","","No record in the main study",NA,NA,"No Match"
"BMDB62188","TG(8:0/16:0/18:0)","SXRIIQRGPQMOSV-WBCKFURZSA-N","[H][C@](COC(=O)CCCCCCC)(COC(=O)CCCCCCCCCCCCCCCCC)OC(=O)CCCCCCCCCCCCCCC","131778361","No record in the main study","DMD302449","DMD302449","Unique Match (by names only)"
"BMDB62189","TG(10:0/16:0/16:0)","WBURFJXMBPWRIG-WBCKFURZSA-N","[H][C@](COC(=O)CCCCCCCCC)(COC(=O)CCCCCCCCCCCCCCC)OC(=O)CCCCCCCCCCCCCCC","101004497","No record in the main study","DMD302449","DMD302449","Unique Match (by names only)"
"BMDB62190","TG(12:0/14:0/16:0)","PGZSAELMQZLYOA-WBCKFURZSA-N","[H][C@](COC(=O)CCCCCCCCCCC)(COC(=O)CCCCCCCCCCCCCCC)OC(=O)CCCCCCCCCCCCC","131803451","No record in the main study","DMD302449","DMD302449","Unique Match (by names only)"
"BMDB62191","TG(12:0/14:0/20:0)","FNKDFKYDCKFOPA-DXQCBLCSSA-N","[H][C@](COC(=O)CCCCCCCCCCC)(COC(=O)CCCCCCCCCCCCCCCCCCC)OC(=O)CCCCCCCCCCCCC","131803487","No record in the main study",NA,NA,"No Match"
"BMDB62192","TG(12:0/16:0/18:0)","HBNALZRPCNRSPZ-DXQCBLCSSA-N","[H][C@](COC(=O)CCCCCCCCCCC)(COC(=O)CCCCCCCCCCCCCCCCC)OC(=O)CCCCCCCCCCCCCCC","101512754","No record in the main study",NA,NA,"No Match"
"BMDB62193","TG(14:0/17:0/18:0)","DIMXBKATFQGNNF-GGCSAXROSA-N","[H][C@](COC(=O)CCCCCCCCCCCCC)(COC(=O)CCCCCCCCCCCCCCCCC)OC(=O)CCCCCCCCCCCCCCCC","","No record in the main study",NA,NA,"No Match"
"BMDB62194","Glucaric acid-1,4-lactone","XECPAIJNBXCOBO-MMPJQOAZSA-N","[H][C@@](O)(C(O)=O)[C@@]1([H])OC(=O)[C@]([H])(O)[C@@]1([H])O","122306","No record in the main study",NA,NA,"No Match"
"BMDB62195","Methyl beta-D-glucopyranoside","HOVAGTYPODGVJG-VOQCIKJUSA-N","[H][C@]1(O)[C@@]([H])(O)[C@@]([H])(CO)O[C@@]([H])(OC)[C@]1([H])O","94214","No record in the main study",NA,NA,"No Match"
"BMDB62196","Methyl jasmonate","GEWDNTWNSAZUDX-XXJOZFEBSA-N","[H]\C(CC)=C(/[H])C[C@]1([H])C(=O)CC[C@@]1([H])CC(=O)OC","6428089","No record in the main study",NA,NA,"No Match"
"BMDB62197","N-(2-Oxohexanoyl)homoserine lactone","HXDSMMVKIYAMIA-ZETCQYMHSA-N","[H][C@@]1(CCOC1=O)NC(=O)C(=O)CCCC","45109776","No record in the main study",NA,NA,"No Match"
"BMDB62204","Thiamine hydrochloride","DPJRMOMPQZCRJU-UHFFFAOYSA-M","Cl.[Cl-].CC1=C(CCO)SC=[N+]1CC1=CN=C(C)NC1=N","6202","No record in the main study",NA,NA,"No Match"
"BMDB62205","Gadoleic acid","LQJBNNIYVWPHFW-QXMHVHEDSA-N","[H]\C(CCCCCCCCCC)=C(/[H])CCCCCCCC(O)=O","5282767","No record in the main study",NA,NA,"No Match"
"BMDB62210","Phenol","ISWSIDIOOBJBQZ-UHFFFAOYSA-N","OC1=CC=CC=C1","996","No record in the main study",NA,NA,"No Match"
"BMDB62211","Vanillic acid","WKOLLVMJNQIZCI-UHFFFAOYSA-N","COC1=C(O)C=CC(=C1)C(O)=O","8468","No record in the main study",NA,"DMD302036","Unique Match (by pubchem only)"
"BMDB62212","Salicylic acid","YGSDEFSMJLZEOE-UHFFFAOYSA-N","OC(=O)C1=CC=CC=C1O","338","No record in the main study",NA,"DMD302054","Unique Match (by pubchem only)"
"BMDB62213","Methylcysteine","IDIDJDIHTAOVLG-VKHMYHEASA-N","[H][C@](N)(CSC)C(O)=O","24417","No record in the main study",NA,NA,"No Match"
"BMDB62214","2-Methylbenzoic acid","ZWLPBLYKEWSWPD-UHFFFAOYSA-N","CC1=CC=CC=C1C(O)=O","0","No record in the main study",NA,NA,"No Match"
"BMDB62215","Erythrose","FMAORJIQYMIRHF-HERZVMAMSA-N","[H][C@@]1(O)COC([H])(O)[C@]1([H])O","439574","No record in the main study",NA,NA,"No Match"
"BMDB62216","Ergothioneine","SSISHJJTAXXQAX-ZETCQYMHSA-N","[H][C@](CC1=CN=C([S-])N1)(C(O)=O)[N+](C)(C)C","5351619","No record in the main study",NA,NA,"No Match"
"BMDB62217","Indolylacryloylglycine","DUIFVCFSAWHIOD-AATRIKPKSA-N","[H]\C(=C(\[H])C1=CNC2=CC=CC=C12)C(O)=NCC(O)=O","5370648","No record in the main study",NA,NA,"No Match"
"BMDB62218","N-Heptanoylglycine","RNFCYFVPNIXAHP-UHFFFAOYSA-N","CCCCCCC(O)=NCC(O)=O","10932172","No record in the main study",NA,NA,"No Match"
"BMDB62219","Capryloylcholine","AKYPZHWYYXDGEW-UHFFFAOYSA-N","CCCCCCCC(=O)OCC[N+](C)(C)C","22155836","No record in the main study",NA,NA,"No Match"
"BMDB62221","Alanyl-Aspartic acid","XAEWTDMGFGHWFK-UHFFFAOYSA-N","CC(N)C(O)=NC(CC(O)=O)C(O)=O","426317","No record in the main study",NA,NA,"No Match"
"BMDB62222","Alanyl-Histidine","XZWXFWBHYRFLEF-UHFFFAOYSA-N","CC(N)C(O)=NC(CC1=CN=CN1)C(O)=O","102960","No record in the main study",NA,NA,"No Match"
"BMDB62223","Alanyl-Proline","WPWUFUBLGADILS-UHFFFAOYSA-N","CC(N)C(=O)N1CCCC1C(O)=O","418040","No record in the main study",NA,NA,"No Match"
"BMDB62224","Alanyl-Tyrosine","ALZVPLKYDKJKQU-UHFFFAOYSA-N","CC(N)C(O)=NC(CC1=CC=C(O)C=C1)C(O)=O","572319","No record in the main study",NA,NA,"No Match"
"BMDB62225","Arginyl-Cysteine","OSASDIVHOSJVII-UHFFFAOYSA-N","NC(CCCNC(N)=N)C(O)=NC(CS)C(O)=O","9943513","No record in the main study",NA,NA,"No Match"
"BMDB62226","Asparaginyl-Methionine","IQTUDDBANZYMAR-UHFFFAOYSA-N","CSCCC(N=C(O)C(N)CC(O)=N)C(O)=O","18218183","No record in the main study",NA,NA,"No Match"
"BMDB62227","Aspartyl-Arginine","PSZNHSNIGMJYOZ-UHFFFAOYSA-N","NC(CC(O)=O)C(O)=NC(CCCNC(N)=N)C(O)=O","18218189","No record in the main study",NA,NA,"No Match"
"BMDB62228","Aspartyl-Valine","CPMKYMGGYUFOHS-UHFFFAOYSA-N","CC(C)C(N=C(O)C(N)CC(O)=O)C(O)=O","4991131","No record in the main study",NA,NA,"No Match"
"BMDB62229","Cysteinyl-Asparagine","AYKQJQVWUYEZNU-UHFFFAOYSA-N","NC(CS)C(O)=NC(CC(O)=N)C(O)=O","18218192","No record in the main study",NA,NA,"No Match"
"BMDB62230","Cysteinyl-Serine","YXQDRIRSAHTJKM-UHFFFAOYSA-N","NC(CS)C(O)=NC(CO)C(O)=O","21759496","No record in the main study",NA,NA,"No Match"
"BMDB62231","Glutaminylhistidine","JZOYFBPIEHCDFV-YUMQZZPRSA-N","[H][C@](N)(CCC(O)=N)C(O)=N[C@@]([H])(CC1=CN=CN1)C(O)=O","9814348","No record in the main study",NA,NA,"No Match"
"BMDB62232","Glutaminyllysine","CLSDNFWKGFJIBZ-YUMQZZPRSA-N","[H][C@](N)(CCC(O)=N)C(O)=N[C@@]([H])(CCCCN)C(O)=O","71363012","No record in the main study",NA,NA,"No Match"
"BMDB62233","Glutaminylphenylalanine","VHLZDSUANXBJHW-QWRGUYRKSA-N","[H][C@](N)(CCC(O)=N)C(O)=N[C@@]([H])(CC1=CC=CC=C1)C(O)=O","57288566","No record in the main study",NA,NA,"No Match"
"BMDB62234","Glycyl-Arginine","JLXVRFDTDUGQEE-UHFFFAOYSA-N","NCC(O)=NC(CCCNC(N)=N)C(O)=O","333414","No record in the main study",NA,NA,"No Match"
"BMDB62235","Glycyl-Phenylalanine","JBCLFWXMTIKCCB-UHFFFAOYSA-N","NCC(O)=NC(CC1=CC=CC=C1)C(O)=O","97415","No record in the main study",NA,NA,"No Match"
"BMDB62236","Glycyl-Serine","BCCRXDTUTZHDEU-UHFFFAOYSA-N","NCC(O)=NC(CO)C(O)=O","102466","No record in the main study",NA,NA,"No Match"
"BMDB62237","Glycyl-Tyrosine","XBGGUPMXALFZOT-UHFFFAOYSA-N","NCC(O)=NC(CC1=CC=C(O)C=C1)C(O)=O","256410","No record in the main study",NA,NA,"No Match"
"BMDB62238","Histidinyl-Asparagine","WSDOHRLQDGAOGU-UHFFFAOYSA-N","NC(CC1=CN=CN1)C(O)=NC(CC(O)=N)C(O)=O","9860193","No record in the main study",NA,NA,"No Match"
"BMDB62239","Histidinyl-Cysteine","MAJYPBAJPNUFPV-UHFFFAOYSA-N","NC(CC1=CN=CN1)C(O)=NC(CS)C(O)=O","21839149","No record in the main study",NA,NA,"No Match"
"BMDB62240","Histidinyl-Proline","LNCFUHAPNTYMJB-UHFFFAOYSA-N","NC(CC1=CN=CN1)C(=O)N1CCCC1C(O)=O","14324830","No record in the main study",NA,NA,"No Match"
"BMDB62241","Histidinyl-Tryptophan","FBTYOQIYBULKEH-UHFFFAOYSA-N","NC(CC1=CN=CN1)C(O)=NC(CC1=CNC2=CC=CC=C12)C(O)=O","6539217","No record in the main study",NA,NA,"No Match"
"BMDB62242","Histidinyl-Valine","VLDVBZICYBVQHB-UHFFFAOYSA-N","CC(C)C(N=C(O)C(N)CC1=CN=CN1)C(O)=O","18218216","No record in the main study",NA,NA,"No Match"
"BMDB62243","Leucyl-Alanine","HSQGMTRYSIHDAC-UHFFFAOYSA-N","CC(C)CC(N)C(O)=NC(C)C(O)=O","259321","No record in the main study",NA,NA,"No Match"
"BMDB62244","Leucyl-Aspartate","DVCSNHXRZUVYAM-UHFFFAOYSA-N","CC(C)CC(N)C(O)=NC(CC(O)=O)C(O)=O","3328705","No record in the main study",NA,NA,"No Match"
"BMDB62245","Leucyl-Leucine","LCPYQJIKPJDLLB-UHFFFAOYSA-N","CC(C)CC(N)C(O)=NC(CC(C)C)C(O)=O","0","No record in the main study",NA,NA,"No Match"
"BMDB62246","Leucyl-Serine","XGDCYUQSFDQISZ-UHFFFAOYSA-N","CC(C)CC(N)C(O)=NC(CO)C(O)=O","3621685","No record in the main study",NA,NA,"No Match"
"BMDB62247","Leucyl-Tryptophan","BQVUABVGYYSDCJ-UHFFFAOYSA-N","CC(C)CC(N)C(O)=NC(CC1=CNC2=CC=CC=C12)C(O)=O","329275","No record in the main study",NA,NA,"No Match"
"BMDB62248","Lysyl-Glycine","HGNRJCINZYHNOU-UHFFFAOYSA-N","NCCCCC(N)C(O)=NCC(O)=O","259320","No record in the main study",NA,NA,"No Match"
"BMDB62249","Lysyl-Lysine","NVGBPTNZLWRQSY-UHFFFAOYSA-N","NCCCCC(N)C(O)=NC(CCCCN)C(O)=O","4293571","No record in the main study",NA,NA,"No Match"
"BMDB62250","Lysyl-Phenylalanine","QCZYYEFXOBKCNQ-UHFFFAOYSA-N","NCCCCC(N)C(O)=NC(CC1=CC=CC=C1)C(O)=O","3459978","No record in the main study",NA,NA,"No Match"
"BMDB62251","Methionyl-Alanine","JHKXZYLNVJRAAJ-UHFFFAOYSA-N","CSCCC(N)C(O)=NC(C)C(O)=O","14878381","No record in the main study",NA,NA,"No Match"
"BMDB62252","Methionyl-Asparagine","JMEWFDUAFKVAAT-UHFFFAOYSA-N","CSCCC(N)C(O)=NC(CC(O)=N)C(O)=O","333467","No record in the main study",NA,NA,"No Match"
"BMDB62253","Methionyl-Proline","DZMGFGQBRYWJOR-UHFFFAOYSA-N","CSCCC(N)C(=O)N1CCCC1C(O)=O","3472451","No record in the main study",NA,NA,"No Match"
"BMDB62254","Phenylalanyl-Alanine","MIDZLCFIAINOQN-UHFFFAOYSA-N","CC(N=C(O)C(N)CC1=CC=CC=C1)C(O)=O","352040","No record in the main study","DMD302075","DMD302075","Unique Match (by names only)"
"BMDB62255","Phenylalanyl-Glycine","GLUBLISJVJFHQS-UHFFFAOYSA-N","NC(CC1=CC=CC=C1)C(O)=NCC(O)=O","98207","No record in the main study","DMD302074;DMD305570","DMD302074;DMD305570","Multiple Match (by names only)"
"BMDB62256","Prolyl-Asparagine","JQOHKCDMINQZRV-UHFFFAOYSA-N","OC(=N)CC(N=C(O)C1CCCN1)C(O)=O","18464218","No record in the main study",NA,NA,"No Match"
"BMDB62257","Prolyl-Histidine","BEPSGCXDIVACBU-UHFFFAOYSA-N","OC(=O)C(CC1=CN=CN1)N=C(O)C1CCCN1","18218235","No record in the main study",NA,NA,"No Match"
"BMDB62258","Serylmethionine","PBUXMVYWOSKHMF-UHFFFAOYSA-N","CSCCC(N=C(O)C(N)CO)C(O)=O","14843114","No record in the main study",NA,NA,"No Match"
"BMDB62259","Seryltryptophan","LZLREEUGSYITMX-UHFFFAOYSA-N","NC(CO)C(O)=NC(CC1=CNC2=CC=CC=C12)C(O)=O","14409363","No record in the main study",NA,NA,"No Match"
"BMDB62260","Threoninyl-Aspartate","IOWJRKAVLALBQB-UHFFFAOYSA-N","CC(O)C(N)C(O)=NC(CC(O)=O)C(O)=O","3280446","No record in the main study",NA,NA,"No Match"
"BMDB62261","Threoninyl-Tryptophan","KAFKKRJQHOECGW-UHFFFAOYSA-N","CC(O)C(N)C(O)=NC(CC1=CNC2=CC=CC=C12)C(O)=O","18218247","No record in the main study",NA,NA,"No Match"
"BMDB62262","Threoninyl-Valine","CKHWEVXPLJBEOZ-UHFFFAOYSA-N","CC(C)C(N=C(O)C(N)C(C)O)C(O)=O","416721","No record in the main study",NA,NA,"No Match"
"BMDB62263","Tryptophyl-Arginine","LCPVBXOHXMBLFW-UHFFFAOYSA-N","NC(CC1=CNC2=CC=CC=C12)C(O)=NC(CCCNC(N)=N)C(O)=O","21689254","No record in the main study",NA,NA,"No Match"
"BMDB62264","Tryptophyl-Leucine","LYMVXFSTACVOLP-UHFFFAOYSA-N","CC(C)CC(N=C(O)C(N)CC1=CNC2=CC=CC=C12)C(O)=O","323786","No record in the main study",NA,NA,"No Match"
"BMDB62265","Tyrosyl-Leucine","AUEJLPRZGVVDNU-UHFFFAOYSA-N","CC(C)CC(N=C(O)C(N)CC1=CC=C(O)C=C1)C(O)=O","4466134","No record in the main study",NA,NA,"No Match"
"BMDB62266","Tyrosyl-Valine","OYOQKMOWUDVWCR-UHFFFAOYSA-N","CC(C)C(N=C(O)C(N)CC1=CC=C(O)C=C1)C(O)=O","14767562","No record in the main study",NA,NA,"No Match"
"BMDB62267","Valyl-Arginine","IBIDRSSEHFLGSD-UHFFFAOYSA-N","CC(C)C(N)C(O)=NC(CCCNC(N)=N)C(O)=O","4266827","No record in the main study","DMD302038","DMD302038","Unique Match (by names only)"
"BMDB62268","Valyl-Leucine","XCTHZFGSVQBHBW-UHFFFAOYSA-N","CC(C)CC(N=C(O)C(N)C(C)C)C(O)=O","352039","No record in the main study",NA,NA,"No Match"
"BMDB62269","Valyl-Proline","GIAZPLMMQOERPN-UHFFFAOYSA-N","CC(C)C(N)C(=O)N1CCCC1C(O)=O","5003412","No record in the main study",NA,NA,"No Match"
"BMDB62270","4-Ethylphenol","HXDOZKJGKXYMEW-UHFFFAOYSA-N","CCC1=CC=C(O)C=C1","31242","No record in the main study",NA,NA,"No Match"
"BMDB62271","Acetylhomoserine","FCXZBWSIAGGPCB-UHFFFAOYSA-N","CC(=O)OCCC(N)C(O)=O","528","No record in the main study",NA,NA,"No Match"
"BMDB62272","L-4-Hydroxyglutamine","VTJRNXQBJNWLRA-UHFFFAOYSA-N","NC(CC(O)C(O)=N)C(O)=O","22621570","No record in the main study",NA,NA,"No Match"
"BMDB62273","Cyclohexane","XDTMQSROBMDMFD-UHFFFAOYSA-N","C1CCCCC1","8078","No record in the main study",NA,NA,"No Match"
"BMDB62274","Ethoxyacetic acid","YZGQDNOIGFBYKF-UHFFFAOYSA-N","CCOCC(O)=O","12301","No record in the main study",NA,NA,"No Match"
"BMDB62275","3-Nonanone","IYTXKIXETAELAV-UHFFFAOYSA-N","CCCCCCC(=O)CC","61235","No record in the main study",NA,NA,"No Match"
"BMDB62276","Benzyl methyl sulfide","OFQPKKGMNWASPN-UHFFFAOYSA-N","CSCC1=CC=CC=C1","13016","No record in the main study",NA,NA,"No Match"
"BMDB62277","Cyclohexylamine","PAFZNILMFXTMIY-UHFFFAOYSA-N","NC1CCCCC1","7965","No record in the main study","DMD302149","DMD302149","Unique Match (by names and pubchem)"
"BMDB62278","1-Heptanol","BBMCTIGTTCKYKF-UHFFFAOYSA-N","CCCCCCCO","8129","No record in the main study",NA,NA,"No Match"
"BMDB62279","3-Aminobutanoic acid","OQEBBZSWEGYTPG-UHFFFAOYSA-N","CC(N)CC(O)=O","10932","No record in the main study","DMD305473","DMD305473","Unique Match (by names only)"
"BMDB62280","N-Acetylhistidine","KBOJOGQFRVVWBH-UHFFFAOYSA-N","CC(O)=NC(CC1=CN=CN1)C(O)=O","273260","No record in the main study",NA,NA,"No Match"
"BMDB62281","Isopropyl beta-D-glucoside","UOEFDXYUEPHESS-UHFFFAOYSA-N","CC(C)OC1OC(CO)C(O)C(O)C1O","15613266","No record in the main study",NA,NA,"No Match"
"BMDB62282","Pentyl butanoate","CFNJLPHOBMVMNS-UHFFFAOYSA-N","CCCCCOC(=O)CCC","10890","No record in the main study",NA,NA,"No Match"
"BMDB62283","Isoquinoline","AWJUIBRHMBBTKR-UHFFFAOYSA-N","C1=CC=C2C=NC=CC2=C1","8405","No record in the main study",NA,NA,"No Match"
"BMDB62284","Piperidine","NQRYJNQNLNOLGT-UHFFFAOYSA-N","C1CCNCC1","8082","No record in the main study",NA,NA,"No Match"
"BMDB62285","N-Hydroxy-l-tyrosine","CNIUEVQJABPUIJ-UHFFFAOYSA-N","ONC(CC1=CC=C(O)C=C1)C(O)=O","4478048","No record in the main study",NA,NA,"No Match"
"BMDB62287","TG(14:0/14:0/16:0)","AMXRERGJDVUTMF-SJARJILFSA-N","[H][C@](COC(=O)CCCCCCCCCCCCC)(COC(=O)CCCCCCCCCCCCCCC)OC(=O)CCCCCCCCCCCCC","97045147","No record in the main study",NA,NA,"No Match"
"BMDB62288","TG(14:0/14:0/16:1(9Z))","UZLGGKDLJGDGEY-ZJNAVBKXSA-N","[H][C@](COC(=O)CCCCCCCCCCCCC)(COC(=O)CCCCCCC\C=C/CCCCCC)OC(=O)CCCCCCCCCCCCC","131753216","No record in the main study",NA,NA,"No Match"
"BMDB62289","TG(14:0/14:0/20:4(5Z,8Z,11Z,14Z))","KIZWKFNHVBOAMA-QXVCXXNRSA-N","[H][C@](COC(=O)CCCCCCCCCCCCC)(COC(=O)CCC\C=C/C\C=C/C\C=C/C\C=C/CCCCC)OC(=O)CCCCCCCCCCCCC","131753226","No record in the main study",NA,NA,"No Match"
"BMDB62290","TG(14:0/14:0/18:4(6Z,9Z,12Z,15Z))","NGZSPVCWAUNMGC-YZZQZZOJSA-N","[H][C@](COC(=O)CCCCCCCCCCCCC)(COC(=O)CCCC\C=C/C\C=C/C\C=C/C\C=C/CC)OC(=O)CCCCCCCCCCCCC","131753231","No record in the main study",NA,NA,"No Match"
"BMDB62292","TG(14:0/15:0/15:0)","ROBJWPSKKQDYDD-SJARJILFSA-N","[H][C@](COC(=O)CCCCCCCCCCCCC)(COC(=O)CCCCCCCCCCCCCC)OC(=O)CCCCCCCCCCCCCC","131753238","No record in the main study",NA,NA,"No Match"
"BMDB62293","TG(14:0/15:0/14:1(9Z))","PYWBOTIEOHDIPF-FKFLSBRZSA-N","[H][C@](COC(=O)CCCCCCCCCCCCC)(COC(=O)CCCCCCC\C=C/CCCC)OC(=O)CCCCCCCCCCCCCC","131753244","No record in the main study",NA,NA,"No Match"
"BMDB62294","TG(14:0/15:0/18:1(9Z))","LPFCBOFEKLNOFO-BQDYWPKPSA-N","[H][C@](COC(=O)CCCCCCCCCCCCC)(COC(=O)CCCCCCC\C=C/CCCCCCCC)OC(=O)CCCCCCCCCCCCCC","131753247","No record in the main study",NA,NA,"No Match"
"BMDB62295","TG(14:0/15:0/22:1(13Z))","AHYXNVIQMVRTEC-SQWFITPDSA-N","[H][C@](COC(=O)CCCCCCCCCCCCC)(COC(=O)CCCCCCCCCCC\C=C/CCCCCCCC)OC(=O)CCCCCCCCCCCCCC","131753250","No record in the main study",NA,NA,"No Match"
"BMDB62296","TG(14:0/16:0/14:0)","UXWDTZNNQVHGSG-UHFFFAOYSA-N","[H]C(COC(=O)CCCCCCCCCCCCC)(COC(=O)CCCCCCCCCCCCC)OC(=O)CCCCCCCCCCCCCCC","14169768","No record in the main study","DMD302455","DMD302455","Unique Match (by names and pubchem)"
"BMDB62297","TG(14:0/16:0/14:1(9Z))","LKQZQPJLOPLSMV-HZMXKNRLSA-N","[H][C@](COC(=O)CCCCCCCCCCCCC)(COC(=O)CCCCCCC\C=C/CCCC)OC(=O)CCCCCCCCCCCCCCC","131753272","No record in the main study",NA,NA,"No Match"
"BMDB62298","TG(14:0/16:0/18:4(6Z,9Z,12Z,15Z))","OERBUNDZQSEJCT-ZQWASXBHSA-N","[H][C@](COC(=O)CCCCCCCCCCCCC)(COC(=O)CCCC\C=C/C\C=C/C\C=C/C\C=C/CC)OC(=O)CCCCCCCCCCCCCCC","131753289","No record in the main study",NA,NA,"No Match"
"BMDB62299","TG(14:0/14:1(9Z)/15:0)","KHAUMDGBIRUXME-LNSHZACTSA-N","[H][C@](COC(=O)CCCCCCCCCCCCC)(COC(=O)CCCCCCCCCCCCCC)OC(=O)CCCCCCC\C=C/CCCC","131753414","No record in the main study",NA,NA,"No Match"
"BMDB62300","TG(14:0/14:1(9Z)/16:0)","JRZPEKVQFIJQHH-CTJRCAHCSA-N","[H][C@](COC(=O)CCCCCCCCCCCCC)(COC(=O)CCCCCCCCCCCCCCC)OC(=O)CCCCCCC\C=C/CCCC","131753415","No record in the main study",NA,NA,"No Match"
"BMDB62302","TG(14:0/14:1(9Z)/18:3(6Z,9Z,12Z))","QCZQFGBWINSNLX-HXZWHNRWSA-N","[H][C@](COC(=O)CCCCCCCCCCCCC)(COC(=O)CCCC\C=C/C\C=C/C\C=C/CCCCC)OC(=O)CCCCCCC\C=C/CCCC","131753429","No record in the main study",NA,NA,"No Match"
"BMDB62304","TG(14:0/14:1(9Z)/18:3(9Z,12Z,15Z))","CIZXNEUTBLZDKD-OZYUBDJZSA-N","[H][C@](COC(=O)CCCCCCCCCCCCC)(COC(=O)CCCCCCC\C=C/C\C=C/C\C=C/CC)OC(=O)CCCCCCC\C=C/CCCC","131753436","No record in the main study",NA,NA,"No Match"
"BMDB62305","TG(14:0/16:1(9Z)/14:0)","JJUUQTPTIFXQFZ-QOCHGBHMSA-N","[H]C(COC(=O)CCCCCCCCCCCCC)(COC(=O)CCCCCCCCCCCCC)OC(=O)CCCCCCC\C=C/CCCCCC","131753443","No record in the main study",NA,NA,"No Match"
"BMDB62306","TG(14:0/16:1(9Z)/18:3(6Z,9Z,12Z))","MBKZQWBNVBZDCB-ISUKPBISSA-N","[H][C@](COC(=O)CCCCCCCCCCCCC)(COC(=O)CCCC\C=C/C\C=C/C\C=C/CCCCC)OC(=O)CCCCCCC\C=C/CCCCCC","131753459","No record in the main study",NA,NA,"No Match"
"BMDB62307","TG(14:0/16:1(9Z)/18:3(9Z,12Z,15Z))","YADAGWFRJZDFQR-NGYNEUHUSA-N","[H][C@](COC(=O)CCCCCCCCCCCCC)(COC(=O)CCCCCCC\C=C/C\C=C/C\C=C/CC)OC(=O)CCCCCCC\C=C/CCCCCC","131753466","No record in the main study",NA,NA,"No Match"
"BMDB62309","TG(14:0/18:1(9Z)/15:0)","QWQOHDRXOBOYKI-BQDYWPKPSA-N","[H][C@](COC(=O)CCCCCCCCCCCCC)(COC(=O)CCCCCCCCCCCCCC)OC(=O)CCCCCCC\C=C/CCCCCCCC","131753503","No record in the main study",NA,NA,"No Match"
"BMDB62311","TG(14:0/22:1(13Z)/15:0)","LHQXGAXTQZVWAA-SQWFITPDSA-N","[H][C@](COC(=O)CCCCCCCCCCCCC)(COC(=O)CCCCCCCCCCCCCC)OC(=O)CCCCCCCCCCC\C=C/CCCCCCCC","131753589","No record in the main study",NA,NA,"No Match"
"BMDB62312","TG(14:0/18:3(6Z,9Z,12Z)/14:1(9Z))","ZXIYVSKARHZKFI-JMXIBXGVSA-N","[H][C@](COC(=O)CCCCCCCCCCCCC)(COC(=O)CCCCCCC\C=C/CCCC)OC(=O)CCCC\C=C/C\C=C/C\C=C/CCCCC","131753685","No record in the main study",NA,NA,"No Match"
"BMDB62313","TG(14:0/18:3(6Z,9Z,12Z)/16:1(9Z))","XAVJKUHRLWVFLG-ZPDOMMFMSA-N","[H][C@](COC(=O)CCCCCCCCCCCCC)(COC(=O)CCCCCCC\C=C/CCCCCC)OC(=O)CCCC\C=C/C\C=C/C\C=C/CCCCC","131753686","No record in the main study",NA,NA,"No Match"
"BMDB62315","TG(14:0/20:4(5Z,8Z,11Z,14Z)/14:0)","WDRRUHMNCUBQST-VUAUWLMFSA-N","[H]C(COC(=O)CCCCCCCCCCCCC)(COC(=O)CCCCCCCCCCCCC)OC(=O)CCC\C=C/C\C=C/C\C=C/C\C=C/CCCCC","131753768","No record in the main study",NA,NA,"No Match"
"BMDB62316","TG(14:0/18:3(9Z,12Z,15Z)/14:1(9Z))","NWBHQWSBDNIZGS-PJWQHDJPSA-N","[H][C@](COC(=O)CCCCCCCCCCCCC)(COC(=O)CCCCCCC\C=C/CCCC)OC(=O)CCCCCCC\C=C/C\C=C/C\C=C/CC","131753895","No record in the main study",NA,NA,"No Match"
"BMDB62317","TG(14:0/18:3(9Z,12Z,15Z)/16:1(9Z))","FAOJWEAKPNBWHR-NGYNEUHUSA-N","[H][C@](COC(=O)CCCCCCCCCCCCC)(COC(=O)CCCCCCC\C=C/CCCCCC)OC(=O)CCCCCCC\C=C/C\C=C/C\C=C/CC","131753896","No record in the main study",NA,NA,"No Match"
"BMDB62318","TG(14:0/18:4(6Z,9Z,12Z,15Z)/14:0)","WMFKLVFQRXZMAB-PFBCYAMXSA-N","[H]C(COC(=O)CCCCCCCCCCCCC)(COC(=O)CCCCCCCCCCCCC)OC(=O)CCCC\C=C/C\C=C/C\C=C/C\C=C/CC","131753918","No record in the main study",NA,NA,"No Match"
"BMDB62319","TG(14:0/18:4(6Z,9Z,12Z,15Z)/16:0)","OATMICFDINFCGJ-VTBOKXQCSA-N","[H][C@](COC(=O)CCCCCCCCCCCCC)(COC(=O)CCCCCCCCCCCCCCC)OC(=O)CCCC\C=C/C\C=C/C\C=C/C\C=C/CC","131753920","No record in the main study",NA,NA,"No Match"
"BMDB62321","TG(15:0/14:0/15:0)","MLEFRDDBNGCWLN-UHFFFAOYSA-N","[H]C(COC(=O)CCCCCCCCCCCCCC)(COC(=O)CCCCCCCCCCCCCC)OC(=O)CCCCCCCCCCCCC","131754096","No record in the main study",NA,NA,"No Match"
"BMDB62322","TG(15:0/14:0/14:1(9Z))","ICZGKLJORYWADN-FKFLSBRZSA-N","[H][C@](COC(=O)CCCCCCCCCCCCCC)(COC(=O)CCCCCCC\C=C/CCCC)OC(=O)CCCCCCCCCCCCC","131754102","No record in the main study",NA,NA,"No Match"
"BMDB62324","TG(15:0/14:0/18:1(9Z))","QJSQJKZBMJFBNS-BQDYWPKPSA-N","[H][C@](COC(=O)CCCCCCCCCCCCCC)(COC(=O)CCCCCCC\C=C/CCCCCCCC)OC(=O)CCCCCCCCCCCCC","131754105","No record in the main study",NA,NA,"No Match"
"BMDB62325","TG(15:0/14:0/22:1(13Z))","HWVIZZONLQJAIA-SQWFITPDSA-N","[H][C@](COC(=O)CCCCCCCCCCCCCC)(COC(=O)CCCCCCCCCCC\C=C/CCCCCCCC)OC(=O)CCCCCCCCCCCCC","131754108","No record in the main study",NA,NA,"No Match"
"BMDB62326","TG(15:0/15:0/14:1(9Z))","JLZYFORTRUGDQW-YVCFFHMXSA-N","[H][C@](COC(=O)CCCCCCCCCCCCCC)(COC(=O)CCCCCCC\C=C/CCCC)OC(=O)CCCCCCCCCCCCCC","56936636","No record in the main study",NA,NA,"No Match"
"BMDB62327","TG(15:0/15:0/18:4(6Z,9Z,12Z,15Z))","QSFMAXBBEXQJKS-QPNZBUHMSA-N","[H][C@](COC(=O)CCCCCCCCCCCCCC)(COC(=O)CCCC\C=C/C\C=C/C\C=C/C\C=C/CC)OC(=O)CCCCCCCCCCCCCC","131754146","No record in the main study",NA,NA,"No Match"
"BMDB62328","TG(15:0/16:0/16:1(9Z))","RCYIETYFTUBXFK-KWLHUJJFSA-N","[H][C@](COC(=O)CCCCCCCCCCCCCC)(COC(=O)CCCCCCC\C=C/CCCCCC)OC(=O)CCCCCCCCCCCCCCC","131754159","No record in the main study",NA,NA,"No Match"
"BMDB62329","TG(15:0/16:0/20:1(11Z))","SUYGGHGLHBZSPT-HGUUATKKSA-N","[H][C@](COC(=O)CCCCCCCCCCCCCC)(COC(=O)CCCCCCCCC\C=C/CCCCCCCC)OC(=O)CCCCCCCCCCCCCCC","131754162","No record in the main study",NA,NA,"No Match"
"BMDB62330","TG(15:0/18:0/14:1(9Z))","CFCHREDNKRFVCW-PDJUYAFRSA-N","[H][C@](COC(=O)CCCCCCCCCCCCCC)(COC(=O)CCCCCCC\C=C/CCCC)OC(=O)CCCCCCCCCCCCCCCCC","131754184","No record in the main study",NA,NA,"No Match"
"BMDB62332","TG(15:0/18:0/18:1(9Z))","NTCKBJDZYIUTCZ-CBOCDEIPSA-N","[H][C@](COC(=O)CCCCCCCCCCCCCC)(COC(=O)CCCCCCC\C=C/CCCCCCCC)OC(=O)CCCCCCCCCCCCCCCCC","131754187","No record in the main study",NA,NA,"No Match"
"BMDB62334","TG(15:0/20:0/16:1(9Z))","NCSPONLYMUMKKP-KMIVGPLPSA-N","[H][C@](COC(=O)CCCCCCCCCCCCCC)(COC(=O)CCCCCCC\C=C/CCCCCC)OC(=O)CCCCCCCCCCCCCCCCCCC","131754211","No record in the main study",NA,NA,"No Match"
"BMDB62339","TG(15:0/20:0/22:4(7Z,10Z,13Z,16Z))","HDDXOXZZGUTMGH-KUINUKFBSA-N","[H][C@](COC(=O)CCCCCCCCCCCCCC)(COC(=O)CCCCC\C=C/C\C=C/C\C=C/C\C=C/CCCCC)OC(=O)CCCCCCCCCCCCCCCCCCC","131754224","No record in the main study",NA,NA,"No Match"
"BMDB62340","TG(15:0/22:0/14:1(9Z))","ZZCNJAJGZOISDU-WAEMFQRBSA-N","[H][C@](COC(=O)CCCCCCCCCCCCCC)(COC(=O)CCCCCCC\C=C/CCCC)OC(=O)CCCCCCCCCCCCCCCCCCCCC","131754239","No record in the main study",NA,NA,"No Match"
"BMDB62342","TG(15:0/22:0/18:2(9Z,12Z))","SNCWETBQRMVHOV-KYEYXGJPSA-N","[H][C@](COC(=O)CCCCCCCCCCCCCC)(COC(=O)CCCCCCC\C=C/C\C=C/CCCCC)OC(=O)CCCCCCCCCCCCCCCCCCCCC","131754247","No record in the main study",NA,NA,"No Match"
"BMDB62343","TG(15:0/22:0/18:3(6Z,9Z,12Z))","IDANUBRXZAZNTQ-UNDCHBHASA-N","[H][C@](COC(=O)CCCCCCCCCCCCCC)(COC(=O)CCCC\C=C/C\C=C/C\C=C/CCCCC)OC(=O)CCCCCCCCCCCCCCCCCCCCC","131754248","No record in the main study",NA,NA,"No Match"
"BMDB62346","TG(15:0/22:0/20:4(5Z,8Z,11Z,14Z))","DXYNFUILRMSQEB-OUDMIXJTSA-N","[H][C@](COC(=O)CCCCCCCCCCCCCC)(COC(=O)CCC\C=C/C\C=C/C\C=C/C\C=C/CCCCC)OC(=O)CCCCCCCCCCCCCCCCCCCCC","131754251","No record in the main study",NA,NA,"No Match"
"BMDB62347","TG(15:0/22:0/22:4(7Z,10Z,13Z,16Z))","NREQOBXZRZZFOK-ZZJCQLRLSA-N","[H][C@](COC(=O)CCCCCCCCCCCCCC)(COC(=O)CCCCC\C=C/C\C=C/C\C=C/C\C=C/CCCCC)OC(=O)CCCCCCCCCCCCCCCCCCCCC","131754253","No record in the main study",NA,NA,"No Match"
"BMDB62348","TG(15:0/22:0/18:3(9Z,12Z,15Z))","GNXLOCJIEADZDN-UJKDMMPKSA-N","[H][C@](COC(=O)CCCCCCCCCCCCCC)(COC(=O)CCCCCCC\C=C/C\C=C/C\C=C/CC)OC(=O)CCCCCCCCCCCCCCCCCCCCC","131754255","No record in the main study",NA,NA,"No Match"
"BMDB62351","TG(15:0/24:0/18:2(9Z,12Z))","JFSKVJNMFDFHMR-PPLQAQDSSA-N","[H][C@](COC(=O)CCCCCCCCCCCCCC)(COC(=O)CCCCCCC\C=C/C\C=C/CCCCC)OC(=O)CCCCCCCCCCCCCCCCCCCCCCC","131754276","No record in the main study",NA,NA,"No Match"
"BMDB62352","TG(15:0/24:0/18:3(6Z,9Z,12Z))","FOPOUQXJSFCKNT-FEFACAKXSA-N","[H][C@](COC(=O)CCCCCCCCCCCCCC)(COC(=O)CCCC\C=C/C\C=C/C\C=C/CCCCC)OC(=O)CCCCCCCCCCCCCCCCCCCCCCC","131754277","No record in the main study",NA,NA,"No Match"
"BMDB62354","TG(15:0/24:0/20:4(5Z,8Z,11Z,14Z))","ZXJDZGDJRTWYTF-JOUCEHFPSA-N","[H][C@](COC(=O)CCCCCCCCCCCCCC)(COC(=O)CCC\C=C/C\C=C/C\C=C/C\C=C/CCCCC)OC(=O)CCCCCCCCCCCCCCCCCCCCCCC","131754280","No record in the main study",NA,NA,"No Match"
"BMDB62356","TG(15:0/24:0/18:3(9Z,12Z,15Z))","QHZQZFODHJGTEQ-YKMHXOHJSA-N","[H][C@](COC(=O)CCCCCCCCCCCCCC)(COC(=O)CCCCCCC\C=C/C\C=C/C\C=C/CC)OC(=O)CCCCCCCCCCCCCCCCCCCCCCC","131754284","No record in the main study",NA,NA,"No Match"
"BMDB62357","TG(15:0/24:0/18:4(6Z,9Z,12Z,15Z))","IRHTVXNQOMZIJV-UAQSPOJJSA-N","[H][C@](COC(=O)CCCCCCCCCCCCCC)(COC(=O)CCCC\C=C/C\C=C/C\C=C/C\C=C/CC)OC(=O)CCCCCCCCCCCCCCCCCCCCCCC","131754285","No record in the main study",NA,NA,"No Match"
"BMDB62359","TG(15:0/14:1(9Z)/15:0)","GSUGYNLLHVBBBD-SDXDJHTJSA-N","[H]C(COC(=O)CCCCCCCCCCCCCC)(COC(=O)CCCCCCCCCCCCCC)OC(=O)CCCCCCC\C=C/CCCC","131754291","No record in the main study",NA,NA,"No Match"
"BMDB62360","TG(15:0/14:1(9Z)/18:0)","LFJDGJMMGMSVRP-GLKDPILHSA-N","[H][C@](COC(=O)CCCCCCCCCCCCCC)(COC(=O)CCCCCCCCCCCCCCCCC)OC(=O)CCCCCCC\C=C/CCCC","131754293","No record in the main study",NA,NA,"No Match"
"BMDB62361","TG(15:0/14:1(9Z)/22:0)","RULYVNHKSZOHLQ-IALZTZDJSA-N","[H][C@](COC(=O)CCCCCCCCCCCCCC)(COC(=O)CCCCCCCCCCCCCCCCCCCCC)OC(=O)CCCCCCC\C=C/CCCC","131754295","No record in the main study",NA,NA,"No Match"
"BMDB62362","TG(15:0/14:1(9Z)/o-18:0)","JRNGCNUTRCCORS-WGIOATGOSA-N","[H][C@@](COCCCCCCCCCCCCCCCCCC)(COC(=O)CCCCCCCCCCCCCC)OC(=O)CCCCCCC\C=C/CCCC","131754318","No record in the main study",NA,NA,"No Match"
"BMDB62363","TG(15:0/16:1(9Z)/16:0)","IFKIXRIDBLJVHR-ILNKAXEKSA-N","[H][C@](COC(=O)CCCCCCCCCCCCCC)(COC(=O)CCCCCCCCCCCCCCC)OC(=O)CCCCCCC\C=C/CCCCCC","131754320","No record in the main study",NA,NA,"No Match"
"BMDB62364","TG(15:0/16:1(9Z)/20:0)","VCVDKBBECJTNHK-KMIVGPLPSA-N","[H][C@](COC(=O)CCCCCCCCCCCCCC)(COC(=O)CCCCCCCCCCCCCCCCCCC)OC(=O)CCCCCCC\C=C/CCCCCC","131754322","No record in the main study",NA,NA,"No Match"
"BMDB62365","TG(15:0/16:1(9Z)/24:1(15Z))","KZBGDZPDUHOLLM-BYOZWASUSA-N","[H][C@](COC(=O)CCCCCCCCCCCCCC)(COC(=O)CCCCCCCCCCCCC\C=C/CCCCCCCC)OC(=O)CCCCCCC\C=C/CCCCCC","131754332","No record in the main study",NA,NA,"No Match"
"BMDB62371","TG(15:0/18:1(9Z)/18:0)","XZOUIUJOUOGCSM-OLSVMMKASA-N","[H][C@](COC(=O)CCCCCCCCCCCCCC)(COC(=O)CCCCCCCCCCCCCCCCC)OC(=O)CCCCCCC\C=C/CCCCCCCC","131754378","No record in the main study",NA,NA,"No Match"
"BMDB62372","TG(15:0/18:1(9Z)/22:1(13Z))","OIKZZWRYPFNHCD-JPVYIBRBSA-N","[H][C@](COC(=O)CCCCCCCCCCCCCC)(COC(=O)CCCCCCCCCCC\C=C/CCCCCCCC)OC(=O)CCCCCCC\C=C/CCCCCCCC","131754386","No record in the main study",NA,NA,"No Match"
"BMDB62373","TG(15:0/18:1(9Z)/24:1(15Z))","ITAYORXBJXQRPB-BVWQVLTHSA-N","[H][C@](COC(=O)CCCCCCCCCCCCCC)(COC(=O)CCCCCCCCCCCCC\C=C/CCCCCCCC)OC(=O)CCCCCCC\C=C/CCCCCCCC","131754387","No record in the main study",NA,NA,"No Match"
"BMDB62375","TG(15:0/18:1(9Z)/o-18:0)","TZCQBTHNJDZQCH-FEKLXSIDSA-N","[H][C@@](COCCCCCCCCCCCCCCCCCC)(COC(=O)CCCCCCCCCCCCCC)OC(=O)CCCCCCC\C=C/CCCCCCCC","131754400","No record in the main study",NA,NA,"No Match"
"BMDB62376","TG(15:0/20:1(11Z)/16:0)","SWXNEJDKPPZNDD-HGUUATKKSA-N","[H][C@](COC(=O)CCCCCCCCCCCCCC)(COC(=O)CCCCCCCCCCCCCCC)OC(=O)CCCCCCCCC\C=C/CCCCCCCC","131754402","No record in the main study",NA,NA,"No Match"
"BMDB62377","TG(15:0/20:1(11Z)/20:1(11Z))","WGECLQCBWONQQW-IMDNHMHNSA-N","[H][C@](COC(=O)CCCCCCCCCCCCCC)(COC(=O)CCCCCCCCC\C=C/CCCCCCCC)OC(=O)CCCCCCCCC\C=C/CCCCCCCC","131754411","No record in the main study",NA,NA,"No Match"
"BMDB62378","TG(15:0/20:1(11Z)/22:1(13Z))","SQMJIJZRDJBURR-RQOLIHFSSA-N","[H][C@](COC(=O)CCCCCCCCCCCCCC)(COC(=O)CCCCCCCCCCC\C=C/CCCCCCCC)OC(=O)CCCCCCCCC\C=C/CCCCCCCC","131754413","No record in the main study",NA,NA,"No Match"
"BMDB62387","TG(15:0/22:1(13Z)/18:1(9Z))","AZDRPNZSLUOCOF-JPVYIBRBSA-N","[H][C@](COC(=O)CCCCCCCCCCCCCC)(COC(=O)CCCCCCC\C=C/CCCCCCCC)OC(=O)CCCCCCCCCCC\C=C/CCCCCCCC","131754468","No record in the main study",NA,NA,"No Match"
"BMDB62388","TG(15:0/22:1(13Z)/20:1(11Z))","JRDJTRWIPLQBPW-RQOLIHFSSA-N","[H][C@](COC(=O)CCCCCCCCCCCCCC)(COC(=O)CCCCCCCCC\C=C/CCCCCCCC)OC(=O)CCCCCCCCCCC\C=C/CCCCCCCC","131754469","No record in the main study",NA,NA,"No Match"
"BMDB62390","TG(15:0/22:1(13Z)/24:1(15Z))","KCEKYYMOTIUAOR-IRVPXVQWSA-N","[H][C@](COC(=O)CCCCCCCCCCCCCC)(COC(=O)CCCCCCCCCCCCC\C=C/CCCCCCCC)OC(=O)CCCCCCCCCCC\C=C/CCCCCCCC","131754472","No record in the main study",NA,NA,"No Match"
"BMDB62391","TG(15:0/22:1(13Z)/18:2(9Z,12Z))","BVUKOOZQIGAWRK-HRIHOIJHSA-N","[H][C@](COC(=O)CCCCCCCCCCCCCC)(COC(=O)CCCCCCC\C=C/C\C=C/CCCCC)OC(=O)CCCCCCCCCCC\C=C/CCCCCCCC","131754473","No record in the main study",NA,NA,"No Match"
"BMDB62395","TG(15:0/24:1(15Z)/16:1(9Z))","VECBQPDNQCMGKZ-BYOZWASUSA-N","[H][C@](COC(=O)CCCCCCCCCCCCCC)(COC(=O)CCCCCCC\C=C/CCCCCC)OC(=O)CCCCCCCCCCCCC\C=C/CCCCCCCC","131754495","No record in the main study",NA,NA,"No Match"
"BMDB62397","TG(15:0/24:1(15Z)/18:1(9Z))","HUPZHZLPCVHVKU-BVWQVLTHSA-N","[H][C@](COC(=O)CCCCCCCCCCCCCC)(COC(=O)CCCCCCC\C=C/CCCCCCCC)OC(=O)CCCCCCCCCCCCC\C=C/CCCCCCCC","131754497","No record in the main study",NA,NA,"No Match"
"BMDB62399","TG(15:0/24:1(15Z)/22:1(13Z))","XEMYZECDKVPSLH-IRVPXVQWSA-N","[H][C@](COC(=O)CCCCCCCCCCCCCC)(COC(=O)CCCCCCCCCCC\C=C/CCCCCCCC)OC(=O)CCCCCCCCCCCCC\C=C/CCCCCCCC","131754500","No record in the main study",NA,NA,"No Match"
"BMDB62400","TG(15:0/24:1(15Z)/18:2(9Z,12Z))","AFBPXDLUPKBQFZ-IBUFINAASA-N","[H][C@](COC(=O)CCCCCCCCCCCCCC)(COC(=O)CCCCCCC\C=C/C\C=C/CCCCC)OC(=O)CCCCCCCCCCCCC\C=C/CCCCCCCC","131754502","No record in the main study",NA,NA,"No Match"
"BMDB62401","TG(15:0/24:1(15Z)/18:3(6Z,9Z,12Z))","UCHBEMFCQZHFSL-XKROISJUSA-N","[H][C@](COC(=O)CCCCCCCCCCCCCC)(COC(=O)CCCC\C=C/C\C=C/C\C=C/CCCCC)OC(=O)CCCCCCCCCCCCC\C=C/CCCCCCCC","131754503","No record in the main study",NA,NA,"No Match"
"BMDB62405","TG(15:0/24:1(15Z)/18:3(9Z,12Z,15Z))","FMVSECQYWDCHHF-JGDRQJGZSA-N","[H][C@](COC(=O)CCCCCCCCCCCCCC)(COC(=O)CCCCCCC\C=C/C\C=C/C\C=C/CC)OC(=O)CCCCCCCCCCCCC\C=C/CCCCCCCC","131754510","No record in the main study",NA,NA,"No Match"
"BMDB62406","TG(15:0/18:2(9Z,12Z)/22:0)","AMDVCDGQSHKXKJ-KYEYXGJPSA-N","[H][C@](COC(=O)CCCCCCCCCCCCCC)(COC(=O)CCCCCCCCCCCCCCCCCCCCC)OC(=O)CCCCCCC\C=C/C\C=C/CCCCC","131754520","No record in the main study",NA,NA,"No Match"
"BMDB62407","TG(15:0/18:2(9Z,12Z)/24:0)","ZEBWOWFWNJDSCC-PPLQAQDSSA-N","[H][C@](COC(=O)CCCCCCCCCCCCCC)(COC(=O)CCCCCCCCCCCCCCCCCCCCCCC)OC(=O)CCCCCCC\C=C/C\C=C/CCCCC","131754521","No record in the main study",NA,NA,"No Match"
"BMDB62408","TG(15:0/18:2(9Z,12Z)/22:1(13Z))","WUDWGAJJZFZCER-HRIHOIJHSA-N","[H][C@](COC(=O)CCCCCCCCCCCCCC)(COC(=O)CCCCCCCCCCC\C=C/CCCCCCCC)OC(=O)CCCCCCC\C=C/C\C=C/CCCCC","131754528","No record in the main study",NA,NA,"No Match"
"BMDB62409","TG(15:0/18:2(9Z,12Z)/24:1(15Z))","NVFWCMLYJFBSCK-IBUFINAASA-N","[H][C@](COC(=O)CCCCCCCCCCCCCC)(COC(=O)CCCCCCCCCCCCC\C=C/CCCCCCCC)OC(=O)CCCCCCC\C=C/C\C=C/CCCCC","131754529","No record in the main study",NA,NA,"No Match"
"BMDB62410","TG(15:0/18:3(6Z,9Z,12Z)/22:0)","UYEQRCSOCOOKBP-SNGDCZRFSA-N","[H][C@](COC(=O)CCCCCCCCCCCCCC)(COC(=O)CCCCCCCCCCCCCCCCCCCCC)OC(=O)CCCC\C=C/C\C=C/C\C=C/CCCCC","131754548","No record in the main study",NA,NA,"No Match"
"BMDB62411","TG(15:0/18:3(6Z,9Z,12Z)/24:0)","JAVPHHAAEYIKMM-KNGAKILKSA-N","[H][C@](COC(=O)CCCCCCCCCCCCCC)(COC(=O)CCCCCCCCCCCCCCCCCCCCCCC)OC(=O)CCCC\C=C/C\C=C/C\C=C/CCCCC","131754549","No record in the main study",NA,NA,"No Match"
"BMDB62412","TG(15:0/18:3(6Z,9Z,12Z)/24:1(15Z))","GKMORUSRTMSQMC-GUYHVJHPSA-N","[H][C@](COC(=O)CCCCCCCCCCCCCC)(COC(=O)CCCCCCCCCCCCC\C=C/CCCCCCCC)OC(=O)CCCC\C=C/C\C=C/C\C=C/CCCCC","131754557","No record in the main study",NA,NA,"No Match"
"BMDB62424","TG(15:0/20:4(5Z,8Z,11Z,14Z)/22:0)","JUGMYMSENHZDFP-XHFKUHIXSA-N","[H][C@](COC(=O)CCCCCCCCCCCCCC)(COC(=O)CCCCCCCCCCCCCCCCCCCCC)OC(=O)CCC\C=C/C\C=C/C\C=C/C\C=C/CCCCC","131754635","No record in the main study",NA,NA,"No Match"
"BMDB62425","TG(15:0/20:4(5Z,8Z,11Z,14Z)/24:0)","SXYVNHYLNOIFCY-OZPQAXABSA-N","[H][C@](COC(=O)CCCCCCCCCCCCCC)(COC(=O)CCCCCCCCCCCCCCCCCCCCCCC)OC(=O)CCC\C=C/C\C=C/C\C=C/C\C=C/CCCCC","131754636","No record in the main study",NA,NA,"No Match"
"BMDB62437","TG(15:0/22:4(7Z,10Z,13Z,16Z)/20:0)","PVAYKYVAJQFPGE-KDUWMNDDSA-N","[H][C@](COC(=O)CCCCCCCCCCCCCC)(COC(=O)CCCCCCCCCCCCCCCCCCC)OC(=O)CCCCC\C=C/C\C=C/C\C=C/C\C=C/CCCCC","131754692","No record in the main study",NA,NA,"No Match"
"BMDB62438","TG(15:0/22:4(7Z,10Z,13Z,16Z)/22:0)","SEPVTUBBDRBGTC-SJLNYWKTSA-N","[H][C@](COC(=O)CCCCCCCCCCCCCC)(COC(=O)CCCCCCCCCCCCCCCCCCCCC)OC(=O)CCCCC\C=C/C\C=C/C\C=C/C\C=C/CCCCC","131754693","No record in the main study",NA,NA,"No Match"
"BMDB62439","TG(15:0/18:3(9Z,12Z,15Z)/22:0)","RFTLYHXOQWFSCO-UJKDMMPKSA-N","[H][C@](COC(=O)CCCCCCCCCCCCCC)(COC(=O)CCCCCCCCCCCCCCCCCCCCC)OC(=O)CCCCCCC\C=C/C\C=C/C\C=C/CC","131754751","No record in the main study",NA,NA,"No Match"
"BMDB62440","TG(15:0/18:3(9Z,12Z,15Z)/24:0)","GGDXZWHTUURKMJ-YKMHXOHJSA-N","[H][C@](COC(=O)CCCCCCCCCCCCCC)(COC(=O)CCCCCCCCCCCCCCCCCCCCCCC)OC(=O)CCCCCCC\C=C/C\C=C/C\C=C/CC","131754752","No record in the main study",NA,NA,"No Match"
"BMDB62441","TG(15:0/18:3(9Z,12Z,15Z)/24:1(15Z))","UJJXVIKWENGMNU-JGDRQJGZSA-N","[H][C@](COC(=O)CCCCCCCCCCCCCC)(COC(=O)CCCCCCCCCCCCC\C=C/CCCCCCCC)OC(=O)CCCCCCC\C=C/C\C=C/C\C=C/CC","131754760","No record in the main study",NA,NA,"No Match"
"BMDB62442","TG(15:0/18:4(6Z,9Z,12Z,15Z)/15:0)","DLCDFMLHLIWWGK-VNIKSONVSA-N","[H]C(COC(=O)CCCCCCCCCCCCCC)(COC(=O)CCCCCCCCCCCCCC)OC(=O)CCCC\C=C/C\C=C/C\C=C/C\C=C/CC","131754776","No record in the main study",NA,NA,"No Match"
"BMDB62443","TG(15:0/18:4(6Z,9Z,12Z,15Z)/24:0)","GPQRMWGHHPNZPB-RSWNSSALSA-N","[H][C@](COC(=O)CCCCCCCCCCCCCC)(COC(=O)CCCCCCCCCCCCCCCCCCCCCCC)OC(=O)CCCC\C=C/C\C=C/C\C=C/C\C=C/CC","131754781","No record in the main study",NA,NA,"No Match"
"BMDB62446","TG(15:0/o-18:0/14:1(9Z))","OLSSXNRRHDUTHQ-WGIOATGOSA-N","[H][C@](COC(=O)CCCCCCCCCCCCCC)(COC(=O)CCCCCCC\C=C/CCCC)OCCCCCCCCCCCCCCCCCC","131754925","No record in the main study",NA,NA,"No Match"
"BMDB62448","TG(15:0/o-18:0/18:1(9Z))","REVTZIGEZSBYTI-INSBXERHSA-N","[H][C@](COC(=O)CCCCCCCCCCCCCC)(COC(=O)CCCCCCC\C=C/CCCCCCCC)OCCCCCCCCCCCCCCCCCC","131754928","No record in the main study",NA,NA,"No Match"
"BMDB62450","TG(16:0/14:0/14:1(9Z))","ZLMFSPKUPXCIHA-HZMXKNRLSA-N","[H][C@](COC(=O)CCCCCCCCCCCCCCC)(COC(=O)CCCCCCC\C=C/CCCC)OC(=O)CCCCCCCCCCCCC","131754950","No record in the main study",NA,NA,"No Match"
"BMDB62451","TG(16:0/14:0/18:4(6Z,9Z,12Z,15Z))","NQHJUMRUDPWTGZ-SUWUYPOLSA-N","[H][C@](COC(=O)CCCCCCCCCCCCCCC)(COC(=O)CCCC\C=C/C\C=C/C\C=C/C\C=C/CC)OC(=O)CCCCCCCCCCCCC","131754964","No record in the main study",NA,NA,"No Match"
"BMDB62452","TG(16:0/15:0/20:1(11Z))","OLBAIUGFGBJONF-HGUUATKKSA-N","[H][C@](COC(=O)CCCCCCCCCCCCCCC)(COC(=O)CCCCCCCCC\C=C/CCCCCCCC)OC(=O)CCCCCCCCCCCCCC","131754978","No record in the main study",NA,NA,"No Match"
"BMDB62453","TG(16:0/14:1(9Z)/18:3(6Z,9Z,12Z))","NWLCPZZGVVUSFY-RRHUTUDWSA-N","[H][C@](COC(=O)CCCCCCCCCCCCCCC)(COC(=O)CCCC\C=C/C\C=C/C\C=C/CCCCC)OC(=O)CCCCCCC\C=C/CCCC","131755126","No record in the main study",NA,NA,"No Match"
"BMDB62454","TG(16:0/14:1(9Z)/18:3(9Z,12Z,15Z))","LWHJRSZLXRMOAP-YBPFWAPBSA-N","[H][C@](COC(=O)CCCCCCCCCCCCCCC)(COC(=O)CCCCCCC\C=C/C\C=C/C\C=C/CC)OC(=O)CCCCCCC\C=C/CCCC","131755133","No record in the main study",NA,NA,"No Match"
"BMDB62455","TG(16:0/18:3(6Z,9Z,12Z)/14:1(9Z))","HVYMAVYOYHRAHR-VIJIUOEUSA-N","[H][C@](COC(=O)CCCCCCCCCCCCCCC)(COC(=O)CCCCCCC\C=C/CCCC)OC(=O)CCCC\C=C/C\C=C/C\C=C/CCCCC","131755341","No record in the main study",NA,NA,"No Match"
"BMDB62456","TG(16:0/18:3(9Z,12Z,15Z)/14:1(9Z))","OQRLQTYUHSMYBO-XJIKFJTISA-N","[H][C@](COC(=O)CCCCCCCCCCCCCCC)(COC(=O)CCCCCCC\C=C/CCCC)OC(=O)CCCCCCC\C=C/C\C=C/C\C=C/CC","131755534","No record in the main study",NA,NA,"No Match"
"BMDB62457","TG(18:0/15:0/14:1(9Z))","POEMAXWBRPFZKX-PDJUYAFRSA-N","[H][C@](COC(=O)CCCCCCCCCCCCCCCCC)(COC(=O)CCCCCCC\C=C/CCCC)OC(=O)CCCCCCCCCCCCCC","56938367","No record in the main study",NA,NA,"No Match"
"BMDB62459","TG(18:0/15:0/18:1(9Z))","APVPOBGVVXVJSH-IWRJKWNLSA-N","[H][C@](COC(=O)CCCCCCCCCCCCCCCCC)(COC(=O)CCCCCCC\C=C/CCCCCCCC)OC(=O)CCCCCCCCCCCCCC","131755746","No record in the main study",NA,NA,"No Match"
"BMDB62461","TG(20:0/15:0/16:1(9Z))","HREUUVCMFUGBOQ-FECCDXIYSA-N","[H][C@](COC(=O)CCCCCCCCCCCCCCCCCCC)(COC(=O)CCCCCCC\C=C/CCCCCC)OC(=O)CCCCCCCCCCCCCC","131756507","No record in the main study",NA,NA,"No Match"
"BMDB62466","TG(20:0/15:0/22:4(7Z,10Z,13Z,16Z))","XJUZJPDCZUPASF-KDUWMNDDSA-N","[H][C@](COC(=O)CCCCCCCCCCCCCCCCCCC)(COC(=O)CCCCC\C=C/C\C=C/C\C=C/C\C=C/CCCCC)OC(=O)CCCCCCCCCCCCCC","131756520","No record in the main study",NA,NA,"No Match"
"BMDB62467","TG(22:0/15:0/14:1(9Z))","DZWUIBOQQCZJFO-WAEMFQRBSA-N","[H][C@](COC(=O)CCCCCCCCCCCCCCCCCCCCC)(COC(=O)CCCCCCC\C=C/CCCC)OC(=O)CCCCCCCCCCCCCC","56938382","No record in the main study",NA,NA,"No Match"
"BMDB62469","TG(22:0/15:0/18:2(9Z,12Z))","TZSOCBSSQBBTSS-JODOLNPYSA-N","[H][C@](COC(=O)CCCCCCCCCCCCCCCCCCCCC)(COC(=O)CCCCCCC\C=C/C\C=C/CCCCC)OC(=O)CCCCCCCCCCCCCC","131757238","No record in the main study",NA,NA,"No Match"
"BMDB62470","TG(22:0/15:0/18:3(6Z,9Z,12Z))","YTPRVRWPVFSOAL-MHPADUKNSA-N","[H][C@](COC(=O)CCCCCCCCCCCCCCCCCCCCC)(COC(=O)CCCC\C=C/C\C=C/C\C=C/CCCCC)OC(=O)CCCCCCCCCCCCCC","131757239","No record in the main study",NA,NA,"No Match"
"BMDB62473","TG(22:0/15:0/20:4(5Z,8Z,11Z,14Z))","OHIGSKGZRDLMSK-KWILIEPASA-N","[H][C@](COC(=O)CCCCCCCCCCCCCCCCCCCCC)(COC(=O)CCC\C=C/C\C=C/C\C=C/C\C=C/CCCCC)OC(=O)CCCCCCCCCCCCCC","131757242","No record in the main study",NA,NA,"No Match"
"BMDB62474","TG(22:0/15:0/22:4(7Z,10Z,13Z,16Z))","RBNFTDLTHUHQJO-VQIGVWRVSA-N","[H][C@](COC(=O)CCCCCCCCCCCCCCCCCCCCC)(COC(=O)CCCCC\C=C/C\C=C/C\C=C/C\C=C/CCCCC)OC(=O)CCCCCCCCCCCCCC","131757244","No record in the main study",NA,NA,"No Match"
"BMDB62475","TG(22:0/15:0/18:3(9Z,12Z,15Z))","YFTFKGRPESIBQI-FNRWURKDSA-N","[H][C@](COC(=O)CCCCCCCCCCCCCCCCCCCCC)(COC(=O)CCCCCCC\C=C/C\C=C/C\C=C/CC)OC(=O)CCCCCCCCCCCCCC","131757246","No record in the main study",NA,NA,"No Match"
"BMDB62478","TG(24:0/15:0/18:2(9Z,12Z))","LDPBQRWCJACJSJ-ZCGDJMIFSA-N","[H][C@](COC(=O)CCCCCCCCCCCCCCCCCCCCCCC)(COC(=O)CCCCCCC\C=C/C\C=C/CCCCC)OC(=O)CCCCCCCCCCCCCC","131757882","No record in the main study",NA,NA,"No Match"
"BMDB62479","TG(24:0/15:0/18:3(6Z,9Z,12Z))","AFRHTXSGJZBJEK-FKZFEJELSA-N","[H][C@](COC(=O)CCCCCCCCCCCCCCCCCCCCCCC)(COC(=O)CCCC\C=C/C\C=C/C\C=C/CCCCC)OC(=O)CCCCCCCCCCCCCC","131757883","No record in the main study",NA,NA,"No Match"
"BMDB62481","TG(24:0/15:0/20:4(5Z,8Z,11Z,14Z))","HVTDRKMNLXBRAC-FWRHJWPXSA-N","[H][C@](COC(=O)CCCCCCCCCCCCCCCCCCCCCCC)(COC(=O)CCC\C=C/C\C=C/C\C=C/C\C=C/CCCCC)OC(=O)CCCCCCCCCCCCCC","131757886","No record in the main study",NA,NA,"No Match"
"BMDB62483","TG(24:0/15:0/18:3(9Z,12Z,15Z))","ZLHFCDYCFQPFAG-QVXLBHFGSA-N","[H][C@](COC(=O)CCCCCCCCCCCCCCCCCCCCCCC)(COC(=O)CCCCCCC\C=C/C\C=C/C\C=C/CC)OC(=O)CCCCCCCCCCCCCC","131757890","No record in the main study",NA,NA,"No Match"
"BMDB62484","TG(24:0/15:0/18:4(6Z,9Z,12Z,15Z))","VPFZFWBQBROUGP-IWOSBTQLSA-N","[H][C@](COC(=O)CCCCCCCCCCCCCCCCCCCCCCC)(COC(=O)CCCC\C=C/C\C=C/C\C=C/C\C=C/CC)OC(=O)CCCCCCCCCCCCCC","131757891","No record in the main study",NA,NA,"No Match"
"BMDB62487","TG(14:1(9Z)/14:0/18:3(6Z,9Z,12Z))","GNLWEEXSDSFXNJ-HFBGPIEWSA-N","[H][C@](COC(=O)CCCCCCC\C=C/CCCC)(COC(=O)CCCC\C=C/C\C=C/C\C=C/CCCCC)OC(=O)CCCCCCCCCCCCC","131758575","No record in the main study",NA,NA,"No Match"
"BMDB62489","TG(14:1(9Z)/14:0/18:3(9Z,12Z,15Z))","HXZOAMZGAUDRLR-ZUMUJTSCSA-N","[H][C@](COC(=O)CCCCCCC\C=C/CCCC)(COC(=O)CCCCCCC\C=C/C\C=C/C\C=C/CC)OC(=O)CCCCCCCCCCCCC","131758582","No record in the main study",NA,NA,"No Match"
"BMDB62490","TG(14:1(9Z)/15:0/o-18:0)","JHXKWAARTHRGDX-WGIOATGOSA-N","[H][C@@](COCCCCCCCCCCCCCCCCCC)(COC(=O)CCCCCCC\C=C/CCCC)OC(=O)CCCCCCCCCCCCCC","131758611","No record in the main study",NA,NA,"No Match"
"BMDB62491","TG(14:1(9Z)/16:0/18:3(6Z,9Z,12Z))","WCTQHGKNXPVJMQ-BJOSFJKTSA-N","[H][C@](COC(=O)CCCCCCC\C=C/CCCC)(COC(=O)CCCC\C=C/C\C=C/C\C=C/CCCCC)OC(=O)CCCCCCCCCCCCCCC","131758621","No record in the main study",NA,NA,"No Match"
"BMDB62492","TG(14:1(9Z)/16:0/18:3(9Z,12Z,15Z))","XTRYZGWGRJXOOV-YBPFWAPBSA-N","[H][C@](COC(=O)CCCCCCC\C=C/CCCC)(COC(=O)CCCCCCC\C=C/C\C=C/C\C=C/CC)OC(=O)CCCCCCCCCCCCCCC","131758628","No record in the main study",NA,NA,"No Match"
"BMDB62493","TG(14:1(9Z)/14:1(9Z)/16:1(9Z))","SVKNSUKRPRJLMQ-QSDZTSERSA-N","[H][C@](COC(=O)CCCCCCC\C=C/CCCC)(COC(=O)CCCCCCC\C=C/CCCCCC)OC(=O)CCCCCCC\C=C/CCCC","131758727","No record in the main study",NA,NA,"No Match"
"BMDB62494","TG(14:1(9Z)/14:1(9Z)/18:2(9Z,12Z))","ZKUXYRGOHVAQTO-GJMMRMLPSA-N","[H][C@](COC(=O)CCCCCCC\C=C/CCCC)(COC(=O)CCCCCCC\C=C/C\C=C/CCCCC)OC(=O)CCCCCCC\C=C/CCCC","131758734","No record in the main study",NA,NA,"No Match"
"BMDB62496","TG(14:1(9Z)/16:1(9Z)/14:1(9Z))","UUHFVYROTXJXCR-SASKFMPESA-N","[H]C(COC(=O)CCCCCCC\C=C/CCCC)(COC(=O)CCCCCCC\C=C/CCCC)OC(=O)CCCCCCC\C=C/CCCCCC","131758749","No record in the main study",NA,NA,"No Match"
"BMDB62497","TG(14:1(9Z)/16:1(9Z)/18:2(9Z,12Z))","XPYGWWVHYLRURU-PZMZSIAASA-N","[H][C@](COC(=O)CCCCCCC\C=C/CCCC)(COC(=O)CCCCCCC\C=C/C\C=C/CCCCC)OC(=O)CCCCCCC\C=C/CCCCCC","131758757","No record in the main study",NA,NA,"No Match"
"BMDB62498","TG(14:1(9Z)/18:2(9Z,12Z)/14:1(9Z))","DIRRXTMFJOBQJL-HMORJWIESA-N","[H]C(COC(=O)CCCCCCC\C=C/CCCC)(COC(=O)CCCCCCC\C=C/CCCC)OC(=O)CCCCCCC\C=C/C\C=C/CCCCC","131758910","No record in the main study",NA,NA,"No Match"
"BMDB62499","TG(14:1(9Z)/18:2(9Z,12Z)/16:1(9Z))","WJWQEGJNNYAEMU-PZMZSIAASA-N","[H][C@](COC(=O)CCCCCCC\C=C/CCCC)(COC(=O)CCCCCCC\C=C/CCCCCC)OC(=O)CCCCCCC\C=C/C\C=C/CCCCC","131758911","No record in the main study",NA,NA,"No Match"
"BMDB62501","TG(16:1(9Z)/14:0/18:3(6Z,9Z,12Z))","IEMSJARCABXYAI-DSHDAVCZSA-N","[H][C@](COC(=O)CCCCCCC\C=C/CCCCCC)(COC(=O)CCCC\C=C/C\C=C/C\C=C/CCCCC)OC(=O)CCCCCCCCCCCCC","131759258","No record in the main study",NA,NA,"No Match"
"BMDB62502","TG(16:1(9Z)/14:0/18:3(9Z,12Z,15Z))","KHMIUYHHLSILFQ-NGYNEUHUSA-N","[H][C@](COC(=O)CCCCCCC\C=C/CCCCCC)(COC(=O)CCCCCCC\C=C/C\C=C/C\C=C/CC)OC(=O)CCCCCCCCCCCCC","131759265","No record in the main study",NA,NA,"No Match"
"BMDB62503","TG(16:1(9Z)/15:0/24:1(15Z))","BIVVWXVYGHOKIM-BYOZWASUSA-N","[H][C@@](COC(=O)CCCCCCCCCCCCC\C=C/CCCCCCCC)(COC(=O)CCCCCCC\C=C/CCCCCC)OC(=O)CCCCCCCCCCCCCC","131759278","No record in the main study",NA,NA,"No Match"
"BMDB62504","TG(16:1(9Z)/14:1(9Z)/18:2(9Z,12Z))","ZPZGOYQBHJNTHP-PZMZSIAASA-N","[H][C@](COC(=O)CCCCCCC\C=C/CCCCCC)(COC(=O)CCCCCCC\C=C/C\C=C/CCCCC)OC(=O)CCCCCCC\C=C/CCCC","131759401","No record in the main study",NA,NA,"No Match"
"BMDB62508","TG(18:1(9Z)/15:0/22:1(13Z))","WDEQRGGWWPURTM-JPVYIBRBSA-N","[H][C@@](COC(=O)CCCCCCCCCCC\C=C/CCCCCCCC)(COC(=O)CCCCCCC\C=C/CCCCCCCC)OC(=O)CCCCCCCCCCCCCC","131760518","No record in the main study",NA,NA,"No Match"
"BMDB62509","TG(18:1(9Z)/15:0/24:1(15Z))","CQHBNHZPQMAQRQ-BVWQVLTHSA-N","[H][C@@](COC(=O)CCCCCCCCCCCCC\C=C/CCCCCCCC)(COC(=O)CCCCCCC\C=C/CCCCCCCC)OC(=O)CCCCCCCCCCCCCC","131760519","No record in the main study",NA,NA,"No Match"
"BMDB62511","TG(18:1(9Z)/15:0/o-18:0)","FUYXCWQRELQTDS-FEKLXSIDSA-N","[H][C@@](COCCCCCCCCCCCCCCCCCC)(COC(=O)CCCCCCC\C=C/CCCCCCCC)OC(=O)CCCCCCCCCCCCCC","131760534","No record in the main study",NA,NA,"No Match"
"BMDB62512","TG(20:1(11Z)/15:0/20:1(11Z))","PWOMLGILNAAXBL-LBXGSASVSA-N","[H]C(COC(=O)CCCCCCCCC\C=C/CCCCCCCC)(COC(=O)CCCCCCCCC\C=C/CCCCCCCC)OC(=O)CCCCCCCCCCCCCC","131761071","No record in the main study",NA,NA,"No Match"
"BMDB62513","TG(20:1(11Z)/15:0/22:1(13Z))","BHMNYQXXBGBVQM-RQOLIHFSSA-N","[H][C@@](COC(=O)CCCCCCCCCCC\C=C/CCCCCCCC)(COC(=O)CCCCCCCCC\C=C/CCCCCCCC)OC(=O)CCCCCCCCCCCCCC","131761073","No record in the main study",NA,NA,"No Match"
"BMDB62518","TG(22:1(13Z)/15:0/24:1(15Z))","ZESOFCBMWKPOCB-IRVPXVQWSA-N","[H][C@@](COC(=O)CCCCCCCCCCCCC\C=C/CCCCCCCC)(COC(=O)CCCCCCCCCCC\C=C/CCCCCCCC)OC(=O)CCCCCCCCCCCCCC","131762157","No record in the main study",NA,NA,"No Match"
"BMDB62519","TG(22:1(13Z)/15:0/18:2(9Z,12Z))","ZMLPYXDICDGROD-BQIKIWBJSA-N","[H][C@](COC(=O)CCCCCCCCCCC\C=C/CCCCCCCC)(COC(=O)CCCCCCC\C=C/C\C=C/CCCCC)OC(=O)CCCCCCCCCCCCCC","131762158","No record in the main study",NA,NA,"No Match"
"BMDB62523","TG(24:1(15Z)/15:0/18:2(9Z,12Z))","JJKFGVCMRIJWBI-ZMHWGGBRSA-N","[H][C@](COC(=O)CCCCCCCCCCCCC\C=C/CCCCCCCC)(COC(=O)CCCCCCC\C=C/C\C=C/CCCCC)OC(=O)CCCCCCCCCCCCCC","131762626","No record in the main study",NA,NA,"No Match"
"BMDB62524","TG(24:1(15Z)/15:0/18:3(6Z,9Z,12Z))","ABBJVEBAFLLCTN-UHCIUADBSA-N","[H][C@](COC(=O)CCCCCCCCCCCCC\C=C/CCCCCCCC)(COC(=O)CCCC\C=C/C\C=C/C\C=C/CCCCC)OC(=O)CCCCCCCCCCCCCC","131762627","No record in the main study",NA,NA,"No Match"
"BMDB62528","TG(24:1(15Z)/15:0/18:3(9Z,12Z,15Z))","IROOPZMKLWWAJR-LBVZHLKQSA-N","[H][C@](COC(=O)CCCCCCCCCCCCC\C=C/CCCCCCCC)(COC(=O)CCCCCCC\C=C/C\C=C/C\C=C/CC)OC(=O)CCCCCCCCCCCCCC","131762634","No record in the main study",NA,NA,"No Match"
"BMDB62532","Ethyl furoate","NHXSTXWKZVAVOQ-UHFFFAOYSA-N","CCOC(=O)C1=CC=CO1","11980","No record in the main study",NA,NA,"No Match"
"BMDB62533","beta-Alanyl-L-arginine","DLRGFJGVZXSSTP-LURJTMIESA-N","[H][C@@](CCCNC(N)=N)(N=C(O)CCN)C(O)=O","440637","No record in the main study",NA,NA,"No Match"
"BMDB62534","Uranium","JFALSRSLKYAFGM-UHFFFAOYSA-N","[U]","23989","No record in the main study",NA,NA,"No Match"
"BMDB62535","9E-tetradecenoic acid","YWWVWXASSLXJHU-AATRIKPKSA-N","[H]\C(CCCC)=C(\[H])CCCCCCCC(O)=O","5312402","No record in the main study",NA,NA,"No Match"
"BMDB62536","N-methyl-L-glutamic Acid","XLBVNMSMFQMKEY-BYPYZUCNSA-N","[H][C@@](CCC(O)=O)(NC)C(O)=O","439377","No record in the main study",NA,NA,"No Match"
"BMDB62537","N(5)-ethyl-L-glutamine","DATAGRPVKZEWHA-YFKPBYRVSA-N","[H][C@](N)(CCC(O)=NCC)C(O)=O","439378","No record in the main study",NA,NA,"No Match"
"BMDB62538","13Z-Octadecenoic acid","BDLLSHRIFPDGQB-WAYWQWQTSA-N","[H]\C(CCCC)=C(/[H])CCCCCCCCCCCC(O)=O","5312441","No record in the main study",NA,NA,"No Match"
"BMDB62540","2-Thiouracil","ZEMGGZBWXRYJHK-UHFFFAOYSA-N","OC1=NC(S)=NC=C1","","No record in the main study",NA,NA,"No Match"
"BMDB62541","4-Oxoproline","HFXAFXVXPMUQCQ-UHFFFAOYSA-M","[O-]C(=O)C1CC(=O)CN1","25200726","No record in the main study",NA,NA,"No Match"
"BMDB62542","7,11-Dioxolanost-8-en-3-yl acetate","MMVITYGCRCBTDU-UHFFFAOYSA-N","CC(C)CCCC(C)C1CCC2(C)C3=C(C(=O)CC12C)C1(C)CCC(OC(C)=O)C(C)(C)C1CC3=O","226177","No record in the main study",NA,NA,"No Match"
"BMDB62548","9Z,15Z-octadecadienoic acid","AWGFYZFANDHELM-RTAKVZRXSA-N","[H]\C(CC)=C(/[H])CCCC\C([H])=C(\[H])CCCCCCCC(O)=O","10062222","No record in the main study",NA,NA,"No Match"
"BMDB62549","Ala-Phe-Ala","XRUJOVRWNMBAAA-UHFFFAOYSA-N","CC(N)C(O)=NC(CC1=CC=CC=C1)C(O)=NC(C)C(O)=O","23080783","No record in the main study",NA,NA,"No Match"
"BMDB62550","Arg-Arg-Arg","XPSGESXVBSQZPL-UHFFFAOYSA-N","NC(CCCNC(N)=N)C(O)=NC(CCCNC(N)=N)C(O)=NC(CCCNC(N)=N)C(O)=O","4631411","No record in the main study",NA,NA,"No Match"
"BMDB62551","Arg-Thr-Lys-Arg","UPLCTTWJNCYYAW-UHFFFAOYSA-N","CC(O)C(N=C(O)C(N)CCCNC(N)=N)C(O)=NC(CCCCN)C(O)=NC(CCCNC(N)=N)C(O)=O","22650711","No record in the main study",NA,NA,"No Match"
"BMDB62552","Asn-Arg-Ala-Ile","SVSBLOSMLPLILN-UHFFFAOYSA-N","CCC(C)C(N=C(O)C(C)N=C(O)C(CCCNC(N)=N)N=C(O)C(N)CC(O)=N)C(O)=O","22652485","No record in the main study",NA,NA,"No Match"
"BMDB62553","C20:1 c5","FPAQLJHSZVFKES-NXVVXOECSA-N","[H]\C(CCCCCCCCCCCCCC)=C(/[H])CCCC(O)=O","5312522","No record in the main study",NA,NA,"No Match"
"BMDB62554","Coenzyme B","JBJSVEVEEGOEBZ-UHFFFAOYSA-N","CC(OP(O)(O)=O)C(N=C(O)CCCCCCS)C(O)=O","350","No record in the main study",NA,NA,"No Match"
"BMDB62555","Conduritol B epoxide","ZHMWOVGZCINIHW-FTYOSCRSSA-N","[H][C@]12O[C@@]1([H])[C@]([H])(O)[C@@]([H])(O)[C@]([H])(O)[C@@]2([H])O","119054","No record in the main study",NA,NA,"No Match"
"BMDB62556","Cys-Cys-Asp-Pro","DKZZUBANFHKYBC-UHFFFAOYSA-N","NC(CS)C(O)=NC(CS)C(O)=NC(CC(O)=O)C(=O)N1CCCC1C(O)=O","18256157","No record in the main study",NA,NA,"No Match"
"BMDB62557","Ethyl glutarate","OUWSNHWQZPEFEX-UHFFFAOYSA-N","CCOC(=O)CCCC(=O)OCC","13163","No record in the main study",NA,NA,"No Match"
"BMDB62558","Hydrogen-azide","JUINSXZKUKVTMD-UHFFFAOYSA-N","N=[N+]=[N-]","24530","No record in the main study",NA,NA,"No Match"
"BMDB62559","Ile-Ile-Ile-Pro","OCEZPDBEDULORM-UHFFFAOYSA-N","CCC(C)C(N)C(O)=NC(C(C)CC)C(O)=NC(C(C)CC)C(=O)N1CCCC1C(O)=O","18295197","No record in the main study",NA,NA,"No Match"
"BMDB62560","Ile-Val-Val","YHFPHRUWZMEOIX-UHFFFAOYSA-N","CCC(C)C(N)C(O)=NC(C(C)C)C(O)=NC(C(C)C)C(O)=O","18221977","No record in the main study",NA,NA,"No Match"
"BMDB62561","Jacaric acid","DQGMPXYVZZCNDQ-KDQYYBQISA-N","[H]\C(CCCCC)=C(/[H])\C(\[H])=C(/[H])\C(\[H])=C(\[H])CCCCCCC(O)=O","5282817","No record in the main study",NA,NA,"No Match"
"BMDB62562","Leu-Arg-Asn-Arg","PFUDAVBUJIYNMF-UHFFFAOYSA-N","CC(C)CC(N)C(O)=NC(CCCNC(N)=N)C(O)=NC(CC(O)=N)C(O)=NC(CCCNC(N)=N)C(O)=O","22702886","No record in the main study",NA,NA,"No Match"
"BMDB62563","Leu-Arg-Leu-Ile","UEEBGIUHABTYMD-UHFFFAOYSA-N","CCC(C)C(N=C(O)C(CC(C)C)N=C(O)C(CCCNC(N)=N)N=C(O)C(N)CC(C)C)C(O)=O","22703053","No record in the main study",NA,NA,"No Match"
"BMDB62564","Leu-Leu-Tyr","UCNNZELZXFXXJQ-BZSNNMDCSA-N","[H][C@](N)(CC(C)C)C(O)=N[C@@]([H])(CC(C)C)C(O)=N[C@@]([H])(CC1=CC=C(O)C=C1)C(O)=O","88513","No record in the main study",NA,NA,"No Match"
"BMDB62565","Leu-Pro-Ile","YUTNOGOMBNYPFH-UHFFFAOYSA-N","CCC(C)C(N=C(O)C1CCCN1C(=O)C(N)CC(C)C)C(O)=O","18222229","No record in the main study",NA,NA,"No Match"
"BMDB62566","Lys-Asp-Tyr","NTBFKPBULZGXQL-KKUMJFAQSA-N","[H][C@](N)(CCCCN)C(O)=N[C@@]([H])(CC(O)=O)C(O)=N[C@@]([H])(CC1=CC=C(O)C=C1)C(O)=O","24889972","No record in the main study",NA,NA,"No Match"
"BMDB62567","Methanesulfonic acid","AFVFQIVMOAPDHO-UHFFFAOYSA-N","CS(O)(=O)=O","6395","No record in the main study",NA,NA,"No Match"
"BMDB62569","N-oleoyl glutamine","ZHVSXWCIYWYBQP-QJRAZLAKSA-N","[H]\C(CCCCCCCC)=C(/[H])CCCCCCCC(O)=N[C@@]([H])(CCC(O)=N)C(O)=O","52922072","No record in the main study",NA,NA,"No Match"
"BMDB62570","O-Succinyl-L-homoserine","GNISQJGXJIDKDJ-YFKPBYRVSA-N","[H][C@](N)(CCOC(=O)CCC(O)=O)C(O)=O","439406","No record in the main study",NA,NA,"No Match"
"BMDB62571","Phe-Phe-Pro-Arg","ANAFHSULEWIOPZ-UHFFFAOYSA-N","NC(CC1=CC=CC=C1)C(O)=NC(CC1=CC=CC=C1)C(=O)N1CCCC1C(O)=NC(CCCNC(N)=N)C(O)=O","20006954","No record in the main study",NA,NA,"No Match"
"BMDB62572","Phe-Pro-Ile","FZBGMXYQPACKNC-UHFFFAOYSA-N","CCC(C)C(N=C(O)C1CCCN1C(=O)C(N)CC1=CC=CC=C1)C(O)=O","18223318","No record in the main study",NA,NA,"No Match"
"BMDB62573","Pretyrosine","MIEILDYWGANZNH-DSQUFTABSA-N","[H][C@](N)(CC1(C=CC([H])(O)C=C1)C(O)=O)C(O)=O","439319","No record in the main study",NA,NA,"No Match"
"BMDB62574","Pro-Ile","OCYROESYHWUPBP-CIUDSAMLSA-N","[H][C@](C)(CC)[C@]([H])(N=C(O)[C@]1([H])CCCN1)C(O)=O","7079600","No record in the main study",NA,NA,"No Match"
"BMDB62575","Pro-Pro-Phe","NAIPAPCKKRCMBL-UHFFFAOYSA-N","OC(=O)C(CC1=CC=CC=C1)N=C(O)C1CCCN1C(=O)C1CCCN1","18223681","No record in the main study",NA,NA,"No Match"
"BMDB62576","Terbium","GZCRRIHWUXGPOV-UHFFFAOYSA-N","[Tb]","23958","No record in the main study",NA,NA,"No Match"
"BMDB62577","Val-Phe-Val-Tyr","HRJFPLCYTCOZOV-UHFFFAOYSA-N","CC(C)C(N)C(O)=NC(CC1=CC=CC=C1)C(O)=NC(C(C)C)C(O)=NC(CC1=CC=C(O)C=C1)C(O)=O","20052426","No record in the main study",NA,NA,"No Match"
"BMDB62578","Val-Pro-Pro","DOFAQXCYFQKSHT-SRVKXCTJSA-N","[H][C@](N)(C(C)C)C(=O)N1CCC[C@@]1([H])C(=O)N1CCC[C@@]1([H])C(O)=O","9818200","No record in the main study",NA,NA,"No Match"
"BMDB62579","Xestoaminol C","WMUMHAZHWIUBPN-UONOGXRCSA-N","[H][C@@](C)(N)[C@]([H])(O)CCCCCCCCCCC","14756407","No record in the main study",NA,NA,"No Match"
"BMDB62580","alpha-D-Allofuranose","AVVWPBAENSWJCB-RXRWUWDJSA-N","[H][C@@](O)(CO)[C@@]1([H])O[C@]([H])(O)[C@]([H])(O)[C@]1([H])O","21627865","No record in the main study",NA,NA,"No Match"
"BMDB62581","beta-Calendic acid","DQGMPXYVZZCNDQ-OBWVEWQSSA-N","[H]\C(CCCCC)=C(\[H])/C(/[H])=C(\[H])/C(/[H])=C(\[H])CCCCCCC(O)=O","5282819","No record in the main study",NA,NA,"No Match"
"BMDB62583","homo-cis-Aconitate","BJYPZFUWWJSAKC-ARJAWSKDSA-N","[H]\C(C(O)=O)=C(/CCC(O)=O)C(O)=O","5280640","No record in the main study",NA,NA,"No Match"
"BMDB62584","Val-Tyr-Leu-Arg","PQXJRCMPKACZNI-UHFFFAOYSA-N","CC(C)CC(N=C(O)C(CC1=CC=C(O)C=C1)N=C(O)C(N)C(C)C)C(O)=NC(CCCNC(N)=N)C(O)=O","20054220","No record in the main study",NA,NA,"No Match"
"BMDB62585","3E-tetradecenoic acid","KYQLBACAKNAOOC-VAWYXSNFSA-N","[H]\C(CCCCCCCCCC)=C(\[H])CC(O)=O","5312398","No record in the main study",NA,NA,"No Match"
"BMDB62586","Physeteric acid","AFGUVBVUFZMJMX-KTKRTIGZSA-N","[H]\C(CCCCCCCC)=C(/[H])CCCC(O)=O","5282740","No record in the main study","DMD302252","DMD302252","Unique Match (by names only)"
"BMDB62587","7Z-tetradecenoic acid","ZVXDGKJSUPWREP-FPLPWBNLSA-N","[H]\C(CCCCCC)=C(/[H])CCCCCC(O)=O","5312401","No record in the main study",NA,NA,"No Match"
"BMDB62588","Lycopodic acid","JGMYDQCXGIMHLL-AATRIKPKSA-N","[H]\C(CCCC)=C(\[H])CCCCCCCCCC(O)=O","5312413","No record in the main study",NA,NA,"No Match"
"BMDB62589","11Z-hexadecenoic acid","JGMYDQCXGIMHLL-WAYWQWQTSA-N","[H]\C(CCCC)=C(/[H])CCCCCCCCCC(O)=O","5312414","No record in the main study",NA,NA,"No Match"
"BMDB62590","5Z-hexadecenoic acid","KVXIRQZWCOAYRD-QXMHVHEDSA-N","[H]\C(CCCCCCCCCC)=C(/[H])CCCC(O)=O","13105360","No record in the main study",NA,NA,"No Match"
"BMDB62591","10E-heptadecenoic acid","GDTXICBNEOEPAZ-BQYQJAHWSA-N","[H]\C(CCCCCC)=C(\[H])CCCCCCCCC(O)=O","5312434","No record in the main study",NA,NA,"No Match"
"BMDB62592","8E-heptadecenoic acid","ZBIGLIMGCLJKHN-MDZDMXLPSA-N","[H]\C(CCCCCCCC)=C(\[H])CCCCCCC(O)=O","5312438","No record in the main study",NA,NA,"No Match"
"BMDB62593","Civetic acid","ZBIGLIMGCLJKHN-KTKRTIGZSA-N","[H]\C(CCCCCCCC)=C(/[H])CCCCCCC(O)=O","5312439","No record in the main study",NA,NA,"No Match"
"BMDB62594","7Z,14Z-eicosadienoic acid","LYJCLHKKCLWCLC-ZBXVJARNSA-N","[H]\C(CCCCC)=C(/[H])CCCCC\C([H])=C(\[H])CCCCCC(O)=O","52921830","No record in the main study",NA,NA,"No Match"
"BMDB62595","(5Z,8Z)-3-Hydroxytetradecadienoylcarnitine","LVNITLZCNUEXQK-UTJQPWESSA-N","[H]\C(CCCCC)=C(/[H])CC([H])=C([H])CC(O)CC(=O)OC(CC([O-])=O)C[N+](C)(C)C","71464482","Found Concentration in Main Study",NA,NA,"No Match"
"BMDB62597","(9Z)-3-Hydroxyoctadecenoylcarnitine","YBCVTTMMURGSEY-SEYXRHQNSA-N","[H]\C(CCCCCCCC)=C(/[H])CCCCCC(O)CC(=O)OC(CC([O-])=O)C[N+](C)(C)C","71464558","Found Concentration in Main Study",NA,NA,"No Match"
"BMDB62598","(9Z,12Z)-3-Hydroxyhexadecadienoylcarnitine","CPHHQDCIGLXPCO-NQLNTKRDSA-N","[H]\C(CCC)=C(/[H])C\C([H])=C(\[H])CCCCCC(O)CC(=O)OC(CC([O-])=O)C[N+](C)(C)C","71464484","Found Concentration in Main Study",NA,NA,"No Match"
"BMDB62599","16:0 Cholesteryl ester","BBJQPKLGPMQWBU-JADYGXMDSA-N","[H][C@@](C)(CCCC(C)C)[C@@]1([H])CC[C@@]2([H])[C@]3([H])CC=C4C[C@]([H])(CC[C@]4(C)[C@@]3([H])CC[C@]12C)OC(=O)CCCCCCCCCCCCCCC","246520","Found Concentration in Main Study",NA,NA,"No Match"
"BMDB62600","18:1 Cholesteryl ester","RJECHNNFRHZQKU-RMUVNZEASA-N","[H]\C(CCCCCCCC)=C(/[H])CCCCCCCC(=O)O[C@@]1([H])CC[C@@]2(C)C(C1)=CC[C@@]1([H])[C@]3([H])CC[C@]([H])([C@]([H])(C)CCCC(C)C)[C@@]3(C)CC[C@]21[H]","5283632","Found Concentration in Main Study",NA,NA,"No Match"
"BMDB62601","18:2 Cholesteryl ester","NAACPBBQTFFYQB-LJAITQKLSA-N","[H]\C(CCCCC)=C(/[H])C\C([H])=C(\[H])CCCCCCCC(=O)O[C@@]1([H])CC[C@@]2(C)C(C1)=CC[C@@]1([H])[C@]3([H])CC[C@]([H])([C@]([H])(C)CCCC(C)C)[C@@]3(C)CC[C@]21[H]","5287939","Found Concentration in Main Study",NA,NA,"No Match"
"BMDB62602","2-Ethylacryloylcarnitine","AUFJTEGVQXGXTG-UHFFFAOYSA-N","CCC(=C)C(=O)OC(CC([O-])=O)C[N+](C)(C)C","71306333","Found Concentration in Main Study",NA,NA,"No Match"
"BMDB62603","20:5 Cholesteryl ester","XZFUGMCJZFRBKF-BDJFIEMMSA-N","[H]\C(CC)=C(/[H])C\C([H])=C(\[H])C\C([H])=C(\[H])C\C([H])=C(\[H])C\C([H])=C(\[H])CCCC(=O)O[C@@]1([H])CC[C@@]2(C)C(C1)=CC[C@@]1([H])[C@]3([H])CC[C@]([H])([C@]([H])(C)CCCC(C)C)[C@@]3(C)CC[C@]21[H]","10372299","Found Concentration in Main Study",NA,NA,"No Match"
"BMDB62604","22:5 Cholesteryl ester","XOLZNHXNFMEUGA-DCDLNIKOSA-N","[H]\C(CC)=C(/[H])C\C([H])=C(\[H])C\C([H])=C(\[H])C\C([H])=C(\[H])C\C([H])=C(\[H])CCCCCC(=O)O[C@@]1([H])CC[C@@]2(C)C(C1)=CC[C@@]1([H])[C@]3([H])CC[C@]([H])([C@]([H])(C)CCCC(C)C)[C@@]3(C)CC[C@]21[H]","42608400","Found Concentration in Main Study",NA,NA,"No Match"
"BMDB62605","3-Hydroxybutyrylcarnitine","UEFRDQSMQXDWTO-UHFFFAOYSA-N","CC(O)CC(=O)OC(CC([O-])=O)C[N+](C)(C)C","71464477","Found Concentration in Main Study","DMD302196;DMD305467","DMD305467","Unique Match (by names and pubchem)"
"BMDB62606","Acetyl-D-carnitine","RDHQFKQIGNGIED-QMMMGPOBSA-N","[H][C@](CC([O-])=O)(C[N+](C)(C)C)OC(C)=O","18230","Found Concentration in Main Study",NA,NA,"No Match"
"BMDB62607","DG(12:0/20:1(11Z)/0:0)[iso2]","FWHSISWHFVYSNM-ILGKRYBBSA-N","[H][C@@](CO)(COC(=O)CCCCCCCCCCC)OC(=O)CCCCCCCCC\C=C/CCCCCCCC","","Found Concentration in Main Study",NA,NA,"No Match"
"BMDB62608","DG(12:0/20:2(11Z,14Z)/0:0)[iso2]","ROMBWMLCYZZIBF-FLUNPBKGSA-N","[H][C@@](CO)(COC(=O)CCCCCCCCCCC)OC(=O)CCCCCCCCC\C=C/C\C=C/CCCCC","","Found Concentration in Main Study",NA,NA,"No Match"
"BMDB62609","DG(14:0/18:1(9Z)/0:0)[iso2]","XEQQGHISHUGMIP-NTEJXHNLSA-N","[H][C@@](CO)(COC(=O)CCCCCCCCCCCCC)OC(=O)CCCCCCC\C=C/CCCCCCCC","71728388","Found Concentration in Main Study","DMD305191","DMD305191","Unique Match (by names only)"
"BMDB62610","DG(14:0/18:2(9Z,12Z)/0:0)[iso2]","WVBVUWWRPSWGDS-PNMFJBQASA-N","[H][C@@](CO)(COC(=O)CCCCCCCCCCCCC)OC(=O)CCCCCCC\C=C/C\C=C/CCCCC","","Found Concentration in Main Study",NA,NA,"No Match"
"BMDB62611","DG(14:0/20:1(11Z)/0:0)[iso2]","VQOIASKPUKUIDV-XHYHITGYSA-N","[H][C@@](CO)(COC(=O)CCCCCCCCCCCCC)OC(=O)CCCCCCCCC\C=C/CCCCCCCC","","Found Concentration in Main Study",NA,NA,"No Match"
"BMDB62612","DG(14:0/20:3(8Z,11Z,14Z)/0:0)[iso2]","MIOCZRAJMXIEKP-WAWAFNTHSA-N","[H][C@@](CO)(COC(=O)CCCCCCCCCCCCC)OC(=O)CCCCCC\C=C/C\C=C/C\C=C/CCCCC","","Found Concentration in Main Study",NA,NA,"No Match"
"BMDB62613","DG(14:1(9Z)/18:0/0:0)[iso2]","PAHKOLCUPPSBEU-ALMVXPMNSA-N","[H][C@@](CO)(COC(=O)CCCCCCC\C=C/CCCC)OC(=O)CCCCCCCCCCCCCCCCC","","Found Concentration in Main Study",NA,NA,"No Match"
"BMDB62614","DG(14:1(9Z)/18:1(9Z)/0:0)[iso2]","HJBMLXDFAMFHQW-DBEXYCMZSA-N","[H][C@@](CO)(COC(=O)CCCCCCC\C=C/CCCC)OC(=O)CCCCCCC\C=C/CCCCCCCC","","Found Concentration in Main Study",NA,NA,"No Match"
"BMDB62615","DG(14:1(9Z)/20:0/0:0)[iso2]","MTIPZYJQFUTOHS-YPZHICNLSA-N","[H][C@@](CO)(COC(=O)CCCCCCC\C=C/CCCC)OC(=O)CCCCCCCCCCCCCCCCCCC","","Found Concentration in Main Study",NA,NA,"No Match"
"BMDB62616","DG(14:1(9Z)/20:2(11Z,14Z)/0:0)[iso2]","YMQRUULVAHFQLL-CTBOXKONSA-N","[H][C@@](CO)(COC(=O)CCCCCCC\C=C/CCCC)OC(=O)CCCCCCCCC\C=C/C\C=C/CCCCC","","Found Concentration in Main Study",NA,NA,"No Match"
"BMDB62617","DG(16:0/16:1(9Z)/0:0)[iso2]","ADLOEVQMJKYKSR-BSAOHMCWSA-N","[H][C@@](CO)(COC(=O)CCCCCCCCCCCCCCC)OC(=O)CCCCCCC\C=C/CCCCCC","","Found Concentration in Main Study",NA,NA,"No Match"
"BMDB62618","DG(16:0/18:3(9Z,12Z,15Z)/0:0)[iso2]","UHPKYXAUVQOHQL-RGDIWOFYSA-N","[H][C@@](CO)(COC(=O)CCCCCCCCCCCCCCC)OC(=O)CCCCCCC\C=C/C\C=C/C\C=C/CC","102241525","Found Concentration in Main Study",NA,NA,"No Match"
"BMDB62619","DG(16:0/20:2(11Z,14Z)/0:0)[iso2]","MVAYIPZWUCBXOE-NHCUFCNUSA-N","[H][C@@](CO)(COC(=O)CCCCCCCCCCCCCCC)OC(=O)CCCCCCCCC\C=C/C\C=C/CCCCC","","Found Concentration in Main Study",NA,NA,"No Match"
"BMDB62620","DG(16:0/20:3(8Z,11Z,14Z)/0:0)[iso2]","XYIQDUUJTXPBFG-QNKWBPIESA-N","[H][C@@](CO)(COC(=O)CCCCCCCCCCCCCCC)OC(=O)CCCCCC\C=C/C\C=C/C\C=C/CCCCC","","Found Concentration in Main Study",NA,NA,"No Match"
"BMDB62621","DG(16:0/22:0/0:0)[iso2]","JAJNYVORAKCQCM-LDLOPFEMSA-N","[H][C@@](CO)(COC(=O)CCCCCCCCCCCCCCC)OC(=O)CCCCCCCCCCCCCCCCCCCCC","","Found Concentration in Main Study",NA,NA,"No Match"
"BMDB62622","DG(16:1(9Z)/18:0/0:0)[iso2]","SPBROLJVHYTNGF-WMHOIYFHSA-N","[H][C@@](CO)(COC(=O)CCCCCCC\C=C/CCCCCC)OC(=O)CCCCCCCCCCCCCCCCC","","Found Concentration in Main Study",NA,NA,"No Match"
"BMDB62623","DG(16:1(9Z)/18:2(9Z,12Z)/0:0)[iso2]","BHGPPCIWDXQOMA-AXXPJHFTSA-N","[H][C@@](CO)(COC(=O)CCCCCCC\C=C/CCCCCC)OC(=O)CCCCCCC\C=C/C\C=C/CCCCC","","Found Concentration in Main Study","DMD305194","DMD305194","Unique Match (by names only)"
"BMDB62624","DG(16:1(9Z)/20:1(11Z)/0:0)[iso2]","FBCDXXQBGHZSLI-AVWHJSSGSA-N","[H][C@@](CO)(COC(=O)CCCCCCC\C=C/CCCCCC)OC(=O)CCCCCCCCC\C=C/CCCCCCCC","","Found Concentration in Main Study",NA,NA,"No Match"
"BMDB62625","DG(16:1(9Z)/20:2(11Z,14Z)/0:0)[iso2]","WPAJXHHVSWVZKN-DFCPKGTFSA-N","[H][C@@](CO)(COC(=O)CCCCCCC\C=C/CCCCCC)OC(=O)CCCCCCCCC\C=C/C\C=C/CCCCC","","Found Concentration in Main Study",NA,NA,"No Match"
"BMDB62626","DG(17:0/21:0/0:0)[iso2]","UBMVHLXKTLMMJU-LDLOPFEMSA-N","[H][C@@](CO)(COC(=O)CCCCCCCCCCCCCCCC)OC(=O)CCCCCCCCCCCCCCCCCCCC","","Found Concentration in Main Study",NA,NA,"No Match"
"BMDB62627","DG(17:0/22:0/0:0)[iso2]","OXOSWOLENAISIR-RRHRGVEJSA-N","[H][C@@](CO)(COC(=O)CCCCCCCCCCCCCCCC)OC(=O)CCCCCCCCCCCCCCCCCCCCC","","Found Concentration in Main Study",NA,NA,"No Match"
"BMDB62628","DG(18:0/18:2(9Z,12Z)/0:0)[iso2]","AJMZUFBKADIAKC-DAKWMOBOSA-N","[H][C@@](CO)(COC(=O)CCCCCCCCCCCCCCCCC)OC(=O)CCCCCCC\C=C/C\C=C/CCCCC","90471657","Found Concentration in Main Study",NA,NA,"No Match"
"BMDB62629","DG(18:0/18:3(9Z,12Z,15Z)/0:0)[iso2]","UBECYQFWKVVULW-JTIFTRAISA-N","[H][C@@](CO)(COC(=O)CCCCCCCCCCCCCCCCC)OC(=O)CCCCCCC\C=C/C\C=C/C\C=C/CC","102272272","Found Concentration in Main Study",NA,NA,"No Match"
"BMDB62630","DG(18:0/20:0/0:0)[iso2]","JPKVDETWOQEHQO-LDLOPFEMSA-N","[H][C@@](CO)(COC(=O)CCCCCCCCCCCCCCCCC)OC(=O)CCCCCCCCCCCCCCCCCCC","101858606","Found Concentration in Main Study",NA,NA,"No Match"
"BMDB62631","DG(18:0/21:0/0:0)[iso2]","RJBJDNUTASYQLX-RRHRGVEJSA-N","[H][C@@](CO)(COC(=O)CCCCCCCCCCCCCCCCC)OC(=O)CCCCCCCCCCCCCCCCCCCC","","Found Concentration in Main Study",NA,NA,"No Match"
"BMDB62632","DG(18:1(11E)/16:0/0:0)","GSEVZLBSIOIEFK-JUOLSMOWSA-N","[H][C@@](CO)(COC(=O)CCCCCCCCC\C=C/CCCCCC)OC(=O)CCCCCCCCCCCCCCC","","Found Concentration in Main Study",NA,NA,"No Match"
"BMDB62633","DG(18:1(9Z)/18:2(9Z,12Z)/0:0)[iso2]","BLZVZPYMHLXLHG-PKJIHPHSSA-N","[H][C@@](CO)(COC(=O)CCCCCCC\C=C/CCCCCCCC)OC(=O)CCCCCCC\C=C/C\C=C/CCCCC","95858726","Found Concentration in Main Study",NA,NA,"No Match"
"BMDB62634","DG(18:3(6Z,9Z,12Z)/16:0/0:0)[iso2]","NFVDEXJHCNKRNB-WQWKIVPWSA-N","[H][C@@](CO)(COC(=O)CCCC\C=C/C\C=C/C\C=C/CCCCC)OC(=O)CCCCCCCCCCCCCCC","","Found Concentration in Main Study",NA,NA,"No Match"
"BMDB62635","DG(18:3(6Z,9Z,12Z)/18:0/0:0)[iso2]","ZPHRNEDMZVPDPW-VWDIIEQPSA-N","[H][C@@](CO)(COC(=O)CCCC\C=C/C\C=C/C\C=C/CCCCC)OC(=O)CCCCCCCCCCCCCCCCC","","Found Concentration in Main Study",NA,NA,"No Match"
"BMDB62636","DG(19:0/19:0/0:0)","UNXQXIYZHULSKR-LDLOPFEMSA-N","[H][C@@](CO)(COC(=O)CCCCCCCCCCCCCCCCCC)OC(=O)CCCCCCCCCCCCCCCCCC","98117759","Found Concentration in Main Study",NA,NA,"No Match"
"BMDB62637","DG(19:0/20:0/0:0)[iso2]","WOYQNYWDHIPWIB-RRHRGVEJSA-N","[H][C@@](CO)(COC(=O)CCCCCCCCCCCCCCCCCC)OC(=O)CCCCCCCCCCCCCCCCCCC","98117760","Found Concentration in Main Study",NA,NA,"No Match"
"BMDB62638","DG(19:0/22:1(13Z)/0:0)[iso2]","SECFFWQDXUWKND-HTDYWKJCSA-N","[H][C@@](CO)(COC(=O)CCCCCCCCCCCCCCCCCC)OC(=O)CCCCCCCCCCC\C=C/CCCCCCCC","","Found Concentration in Main Study",NA,NA,"No Match"
"BMDB62639","DG(20:0/22:0/0:0)[iso2]","FASMRHWOTINWGZ-VZUYHUTRSA-N","[H][C@@](CO)(COC(=O)CCCCCCCCCCCCCCCCCCC)OC(=O)CCCCCCCCCCCCCCCCCCCCC","","Found Concentration in Main Study",NA,NA,"No Match"
"BMDB62640","DG(20:0/22:1(13Z)/0:0)[iso2]","DSCILNRDAOLXET-RPBJOJELSA-N","[H][C@@](CO)(COC(=O)CCCCCCCCCCCCCCCCCCC)OC(=O)CCCCCCCCCCC\C=C/CCCCCCCC","","Found Concentration in Main Study",NA,NA,"No Match"
"BMDB62641","DG(20:1(11Z)/21:0/0:0)[iso2]","JBZLTWGWTHFDEQ-PEBSJOBXSA-N","[H][C@@](CO)(COC(=O)CCCCCCCCC\C=C/CCCCCCCC)OC(=O)CCCCCCCCCCCCCCCCCCCC","","Found Concentration in Main Study",NA,NA,"No Match"
"BMDB62642","DG(20:1(11Z)/22:0/0:0)[iso2]","KKUJWTOLSKTBLP-KAKKGSANSA-N","[H][C@@](CO)(COC(=O)CCCCCCCCC\C=C/CCCCCCCC)OC(=O)CCCCCCCCCCCCCCCCCCCCC","","Found Concentration in Main Study",NA,NA,"No Match"
"BMDB62643","DG(20:1(11Z)/22:1(13Z)/0:0)[iso2]","TXSPVVDGQJIPFG-OYJIOEIKSA-N","[H][C@@](CO)(COC(=O)CCCCCCCCC\C=C/CCCCCCCC)OC(=O)CCCCCCCCCCC\C=C/CCCCCCCC","","Found Concentration in Main Study",NA,NA,"No Match"
"BMDB62644","DG(20:2(11Z,14Z)/22:0/0:0)[iso2]","KVPLVJYCAJVIFI-RNLCRUPCSA-N","[H][C@@](CO)(COC(=O)CCCCCCCCC\C=C/C\C=C/CCCCC)OC(=O)CCCCCCCCCCCCCCCCCCCCC","","Found Concentration in Main Study",NA,NA,"No Match"
"BMDB62645","DG(21:0/21:0/0:0)","PALXRFBPSNIFEK-VZUYHUTRSA-N","[H][C@@](CO)(COC(=O)CCCCCCCCCCCCCCCCCCCC)OC(=O)CCCCCCCCCCCCCCCCCCCC","","Found Concentration in Main Study",NA,NA,"No Match"
"BMDB62646","DG(O-16:0/18:1(9Z))","ZDRGKGZHXIWXJD-QJEXQQAGSA-N","[H][C@@](CO)(COCCCCCCCCCCCCCCCC)OC(=O)CCCCCCC\C=C/CCCCCCCC","102427949","Found Concentration in Main Study",NA,NA,"No Match"
"BMDB62647","DL-Acetylcarnitine","RDHQFKQIGNGIED-UHFFFAOYSA-N","CC(=O)OC(CC([O-])=O)C[N+](C)(C)C","1","Found Concentration in Main Study","DMD302173","DMD302173","Unique Match (by names only)"
"BMDB62648","Isovaleryl-L-carnitine","IGQBPDJNUXPEMT-SNVBAGLBSA-N","[H][C@@](CC([O-])=O)(C[N+](C)(C)C)OC(=O)CC(C)C","169235","Found Concentration in Main Study",NA,NA,"No Match"
"BMDB62650","Methylmalonylcarnitine","XROYFEWIXXCPAW-MQWKRIRWSA-N","[H]C(C)(C([O-])=O)C(=O)O[C@@]([H])(CC(O)=O)C[N+](C)(C)C","53481628","Found Concentration in Main Study",NA,NA,"No Match"
"BMDB62651","O-Adipoylcarnitine","BSVHAXJKBCWVDA-UHFFFAOYSA-N","C[N+](C)(C)CC(CC([O-])=O)OC(=O)CCCCC(O)=O","71296139","Found Concentration in Main Study",NA,NA,"No Match"
"BMDB62652","O-Dodecanoylcarnitine","FUJLYHJROOYKRA-UHFFFAOYSA-N","CCCCCCCCCCCC(=O)OC(CC([O-])=O)C[N+](C)(C)C","10427569","Found Concentration in Main Study",NA,NA,"No Match"
"BMDB62654","O-Methylmalonylcarnitine","XROYFEWIXXCPAW-UHFFFAOYSA-N","CC(C([O-])=O)C(=O)OC(CC(O)=O)C[N+](C)(C)C","71464478","Found Concentration in Main Study",NA,NA,"No Match"
"BMDB62655","O-Propanoyl-D-carnitine","UFAHZIUFPNSHSL-QMMMGPOBSA-N","[H][C@](CC([O-])=O)(C[N+](C)(C)C)OC(=O)CC","12879828","Found Concentration in Main Study",NA,NA,"No Match"
"BMDB62656","O-Succinylcarnitine","HAEVNYBCYZZDFL-UHFFFAOYSA-N","C[N+](C)(C)CC(CC([O-])=O)OC(=O)CCC(O)=O","71464481","Found Concentration in Main Study","DMD305564","DMD305564","Unique Match (by names and pubchem)"
"BMDB62657","O-Tetradecanoylcarnitine","PSHXNVGSVNEJBD-UHFFFAOYSA-N","CCCCCCCCCCCCCC(=O)OC(CC([O-])=O)C[N+](C)(C)C","6426854","Found Concentration in Main Study",NA,NA,"No Match"
"BMDB62662","PC(10:0/18:1(9Z))","LHGRLARXULFYPW-RZCWWDNZSA-N","[H][C@@](COC(=O)CCCCCCCCC)(COP([O-])(=O)OCC[N+](C)(C)C)OC(=O)CCCCCCC\C=C/CCCCCCCC","24778531","Found Concentration in Main Study",NA,NA,"No Match"
"BMDB62663","PC(10:0/19:0)","UPBDHGWIURTORP-PGUFJCEWSA-N","[H][C@@](COC(=O)CCCCCCCCC)(COP([O-])(=O)OCC[N+](C)(C)C)OC(=O)CCCCCCCCCCCCCCCCCC","24778533","Found Concentration in Main Study",NA,NA,"No Match"
"BMDB62664","PC(10:0/20:0)","SVIWSHKAEXRJFD-PSXMRANNSA-N","[H][C@@](COC(=O)CCCCCCCCC)(COP([O-])(=O)OCC[N+](C)(C)C)OC(=O)CCCCCCCCCCCCCCCCCCC","24778534","Found Concentration in Main Study",NA,NA,"No Match"
"BMDB62665","PC(10:0/21:0)","QIPBUWAWTWBGPP-DIPNUNPCSA-N","[H][C@@](COC(=O)CCCCCCCCC)(COP([O-])(=O)OCC[N+](C)(C)C)OC(=O)CCCCCCCCCCCCCCCCCCCC","24778535","Found Concentration in Main Study",NA,NA,"No Match"
"BMDB62666","PC(10:0/22:0)","IOFVELCSFOVZPC-KXQOOQHDSA-N","[H][C@@](COC(=O)CCCCCCCCC)(COP([O-])(=O)OCC[N+](C)(C)C)OC(=O)CCCCCCCCCCCCCCCCCCCCC","24778536","Found Concentration in Main Study",NA,NA,"No Match"
"BMDB62667","PC(10:0/23:0)","RCFPRPKUCWXQNV-LDLOPFEMSA-N","[H][C@@](COC(=O)CCCCCCCCC)(COP([O-])(=O)OCC[N+](C)(C)C)OC(=O)CCCCCCCCCCCCCCCCCCCCCC","24778538","Found Concentration in Main Study",NA,NA,"No Match"
"BMDB62668","PC(10:0/24:0)","KMJHXPMCMOXODU-RRHRGVEJSA-N","[H][C@@](COC(=O)CCCCCCCCC)(COP([O-])(=O)OCC[N+](C)(C)C)OC(=O)CCCCCCCCCCCCCCCCCCCCCCC","24778539","Found Concentration in Main Study",NA,NA,"No Match"
"BMDB62669","PC(11:0/19:0)","QEJBTEZRLKJPKT-PSXMRANNSA-N","[H][C@@](COC(=O)CCCCCCCCCC)(COP([O-])(=O)OCC[N+](C)(C)C)OC(=O)CCCCCCCCCCCCCCCCCC","24778554","Found Concentration in Main Study",NA,NA,"No Match"
"BMDB62670","PC(11:0/20:0)","OELOTERACVRIQH-DIPNUNPCSA-N","[H][C@@](COC(=O)CCCCCCCCCC)(COP([O-])(=O)OCC[N+](C)(C)C)OC(=O)CCCCCCCCCCCCCCCCCCC","24778555","Found Concentration in Main Study",NA,NA,"No Match"
"BMDB62671","PC(11:0/21:0)","SFHLFLGTWUXKDJ-KXQOOQHDSA-N","[H][C@@](COC(=O)CCCCCCCCCC)(COP([O-])(=O)OCC[N+](C)(C)C)OC(=O)CCCCCCCCCCCCCCCCCCCC","24778556","Found Concentration in Main Study",NA,NA,"No Match"
"BMDB62672","PC(11:0/22:0)","LDFNJDAPTPJKTN-LDLOPFEMSA-N","[H][C@@](COC(=O)CCCCCCCCCC)(COP([O-])(=O)OCC[N+](C)(C)C)OC(=O)CCCCCCCCCCCCCCCCCCCCC","24778557","Found Concentration in Main Study",NA,NA,"No Match"
"BMDB62673","PC(11:0/23:0)","ARPFEYKJAOELFX-RRHRGVEJSA-N","[H][C@@](COC(=O)CCCCCCCCCC)(COP([O-])(=O)OCC[N+](C)(C)C)OC(=O)CCCCCCCCCCCCCCCCCCCCCC","24778558","Found Concentration in Main Study",NA,NA,"No Match"
"BMDB62674","PC(11:0/24:0)","WSIRPZLICLQFIR-VQJSHJPSSA-N","[H][C@@](COC(=O)CCCCCCCCCC)(COP([O-])(=O)OCC[N+](C)(C)C)OC(=O)CCCCCCCCCCCCCCCCCCCCCCC","24778559","Found Concentration in Main Study",NA,NA,"No Match"
"BMDB62675","PC(12:0/16:1(9Z))","YTBUBHOCZIYJCN-ALNMSFLZSA-N","[H][C@@](COC(=O)CCCCCCCCCCC)(COP([O-])(=O)OCC[N+](C)(C)C)OC(=O)CCCCCCC\C=C/CCCCCC","52922120","Found Concentration in Main Study",NA,NA,"No Match"
"BMDB62676","PC(12:0/17:0)","UHQZAGLLHJLILZ-PGUFJCEWSA-N","[H][C@@](COC(=O)CCCCCCCCCCC)(COP([O-])(=O)OCC[N+](C)(C)C)OC(=O)CCCCCCCCCCCCCCCC","52922122","Found Concentration in Main Study",NA,NA,"No Match"
"BMDB62677","PC(12:0/18:0)","XMMPMEPNQVLMLI-PSXMRANNSA-N","[H][C@@](COC(=O)CCCCCCCCCCC)(COP([O-])(=O)OCC[N+](C)(C)C)OC(=O)CCCCCCCCCCCCCCCCC","24778573","Found Concentration in Main Study",NA,NA,"No Match"
"BMDB62678","PC(12:0/18:1(9Z))","LPUZRKCOBURCPA-UAIAYBLDSA-N","[H][C@@](COC(=O)CCCCCCCCCCC)(COP([O-])(=O)OCC[N+](C)(C)C)OC(=O)CCCCCCC\C=C/CCCCCCCC","24778575","Found Concentration in Main Study",NA,NA,"No Match"
"BMDB62679","PC(12:0/19:0)","WMOFTJILTZIKIH-DIPNUNPCSA-N","[H][C@@](COC(=O)CCCCCCCCCCC)(COP([O-])(=O)OCC[N+](C)(C)C)OC(=O)CCCCCCCCCCCCCCCCCC","52922136","Found Concentration in Main Study",NA,NA,"No Match"
"BMDB62680","PC(12:0/20:0)","UZNWSMIOMFUEDK-KXQOOQHDSA-N","[H][C@@](COC(=O)CCCCCCCCCCC)(COP([O-])(=O)OCC[N+](C)(C)C)OC(=O)CCCCCCCCCCCCCCCCCCC","24778579","Found Concentration in Main Study",NA,NA,"No Match"
"BMDB62681","PC(12:0/20:1(11Z))","BUFPMOFUFXIVNG-YWTUKGCKSA-N","[H][C@@](COC(=O)CCCCCCCCCCC)(COP([O-])(=O)OCC[N+](C)(C)C)OC(=O)CCCCCCCCC\C=C/CCCCCCCC","52922140","Found Concentration in Main Study",NA,NA,"No Match"
"BMDB62682","PC(12:0/20:2(11Z,14Z))","IABPRJCFINAMLD-JSHIBXJCSA-N","[H][C@@](COC(=O)CCCCCCCCCCC)(COP([O-])(=O)OCC[N+](C)(C)C)OC(=O)CCCCCCCCC\C=C/C\C=C/CCCCC","52922142","Found Concentration in Main Study",NA,NA,"No Match"
"BMDB62683","PC(12:0/20:3(8Z,11Z,14Z))","KSFNDKKWDZYJSF-XDBAXXFZSA-N","[H][C@@](COC(=O)CCCCCCCCCCC)(COP([O-])(=O)OCC[N+](C)(C)C)OC(=O)CCCCCC\C=C/C\C=C/C\C=C/CCCCC","52922144","Found Concentration in Main Study",NA,NA,"No Match"
"BMDB62684","PC(12:0/21:0)","VQFNJMUDCGKGQK-LDLOPFEMSA-N","[H][C@@](COC(=O)CCCCCCCCCCC)(COP([O-])(=O)OCC[N+](C)(C)C)OC(=O)CCCCCCCCCCCCCCCCCCCC","52922150","Found Concentration in Main Study",NA,NA,"No Match"
"BMDB62685","PC(12:0/22:0)","WFNYHLJLDCXMDV-RRHRGVEJSA-N","[H][C@@](COC(=O)CCCCCCCCCCC)(COP([O-])(=O)OCC[N+](C)(C)C)OC(=O)CCCCCCCCCCCCCCCCCCCCC","24778581","Found Concentration in Main Study",NA,NA,"No Match"
"BMDB62686","PC(12:0/22:4(7Z,10Z,13Z,16Z))","YOKRROJLYKOJNI-SRHQVDMPSA-N","[H][C@@](COC(=O)CCCCCCCCCCC)(COP([O-])(=O)OCC[N+](C)(C)C)OC(=O)CCCCC\C=C/C\C=C/C\C=C/C\C=C/CCCCC","52922156","Found Concentration in Main Study",NA,NA,"No Match"
"BMDB62687","PC(12:0/23:0)","JYMIPWOZASSGGM-VQJSHJPSSA-N","[H][C@@](COC(=O)CCCCCCCCCCC)(COP([O-])(=O)OCC[N+](C)(C)C)OC(=O)CCCCCCCCCCCCCCCCCCCCCC","24778583","Found Concentration in Main Study",NA,NA,"No Match"
"BMDB62688","PC(12:0/24:0)","IIKFGPGQHMMADZ-HUESYALOSA-N","[H][C@@](COC(=O)CCCCCCCCCCC)(COP([O-])(=O)OCC[N+](C)(C)C)OC(=O)CCCCCCCCCCCCCCCCCCCCCCC","24778584","Found Concentration in Main Study",NA,NA,"No Match"
"BMDB62689","PC(13:0/16:0)","GYPKSXNFKICCOR-PGUFJCEWSA-N","[H][C@@](COC(=O)CCCCCCCCCCCC)(COP([O-])(=O)OCC[N+](C)(C)C)OC(=O)CCCCCCCCCCCCCCC","52922166","Found Concentration in Main Study",NA,NA,"No Match"
"BMDB62690","PC(13:0/17:0)","AZEAMUNCULVBPK-PSXMRANNSA-N","[H][C@@](COC(=O)CCCCCCCCCCCC)(COP([O-])(=O)OCC[N+](C)(C)C)OC(=O)CCCCCCCCCCCCCCCC","24778595","Found Concentration in Main Study",NA,NA,"No Match"
"BMDB62691","PC(13:0/18:0)","JCYHLCNGJZYTHB-DIPNUNPCSA-N","[H][C@@](COC(=O)CCCCCCCCCCCC)(COP([O-])(=O)OCC[N+](C)(C)C)OC(=O)CCCCCCCCCCCCCCCCC","52922174","Found Concentration in Main Study",NA,NA,"No Match"
"BMDB62692","PC(13:0/18:1(9Z))","JLKJDPHPYLQTAM-PLOGQBHYSA-N","[H][C@@](COC(=O)CCCCCCCCCCCC)(COP([O-])(=O)OCC[N+](C)(C)C)OC(=O)CCCCCCC\C=C/CCCCCCCC","52922176","Found Concentration in Main Study",NA,NA,"No Match"
"BMDB62693","PC(13:0/18:2(9Z,12Z))","VYIZOJIGQOJWGL-HFWMYYSASA-N","[H][C@@](COC(=O)CCCCCCCCCCCC)(COP([O-])(=O)OCC[N+](C)(C)C)OC(=O)CCCCCCC\C=C/C\C=C/CCCCC","52922178","Found Concentration in Main Study",NA,NA,"No Match"
"BMDB62694","PC(13:0/19:0)","CXQDKCMMOXUQLJ-KXQOOQHDSA-N","[H][C@@](COC(=O)CCCCCCCCCCCC)(COP([O-])(=O)OCC[N+](C)(C)C)OC(=O)CCCCCCCCCCCCCCCCCC","24778597","Found Concentration in Main Study",NA,NA,"No Match"
"BMDB62695","PC(13:0/20:0)","STFDYQJAZCASBW-LDLOPFEMSA-N","[H][C@@](COC(=O)CCCCCCCCCCCC)(COP([O-])(=O)OCC[N+](C)(C)C)OC(=O)CCCCCCCCCCCCCCCCCCC","24778599","Found Concentration in Main Study",NA,NA,"No Match"
"BMDB62696","PC(13:0/20:1(11Z))","HILNHYCWLDRSKJ-DPTAKULKSA-N","[H][C@@](COC(=O)CCCCCCCCCCCC)(COP([O-])(=O)OCC[N+](C)(C)C)OC(=O)CCCCCCCCC\C=C/CCCCCCCC","52922188","Found Concentration in Main Study",NA,NA,"No Match"
"BMDB62697","PC(13:0/20:2(11Z,14Z))","QHOURZDLKBFDGQ-ZSIBMOKUSA-N","[H][C@@](COC(=O)CCCCCCCCCCCC)(COP([O-])(=O)OCC[N+](C)(C)C)OC(=O)CCCCCCCCC\C=C/C\C=C/CCCCC","52922190","Found Concentration in Main Study",NA,NA,"No Match"
"BMDB62698","PC(13:0/21:0)","YNAVPMYVEPIOMV-RRHRGVEJSA-N","[H][C@@](COC(=O)CCCCCCCCCCCC)(COP([O-])(=O)OCC[N+](C)(C)C)OC(=O)CCCCCCCCCCCCCCCCCCCC","24778600","Found Concentration in Main Study",NA,NA,"No Match"
"BMDB62699","PC(13:0/22:0)","QASAKYKIYWSVDC-VQJSHJPSSA-N","[H][C@@](COC(=O)CCCCCCCCCCCC)(COP([O-])(=O)OCC[N+](C)(C)C)OC(=O)CCCCCCCCCCCCCCCCCCCCC","52922198","Found Concentration in Main Study",NA,NA,"No Match"
"BMDB62700","PC(13:0/23:0)","KMWAIMBDGYWJJR-HUESYALOSA-N","[H][C@@](COC(=O)CCCCCCCCCCCC)(COP([O-])(=O)OCC[N+](C)(C)C)OC(=O)CCCCCCCCCCCCCCCCCCCCCC","24778602","Found Concentration in Main Study",NA,NA,"No Match"
"BMDB62701","PC(14:0/17:0)","XVICSSKXVFMPSZ-DIPNUNPCSA-N","[H][C@@](COC(=O)CCCCCCCCCCCCC)(COP([O-])(=O)OCC[N+](C)(C)C)OC(=O)CCCCCCCCCCCCCCCC","52922214","Found Concentration in Main Study",NA,NA,"No Match"
"BMDB62702","PC(14:0/19:0)","LQBNSMVVDPMRST-LDLOPFEMSA-N","[H][C@@](COC(=O)CCCCCCCCCCCCC)(COP([O-])(=O)OCC[N+](C)(C)C)OC(=O)CCCCCCCCCCCCCCCCCC","52922222","Found Concentration in Main Study",NA,NA,"No Match"
"BMDB62703","PC(14:0/21:0)","ZAEASCYIFCXOFJ-VQJSHJPSSA-N","[H][C@@](COC(=O)CCCCCCCCCCCCC)(COP([O-])(=O)OCC[N+](C)(C)C)OC(=O)CCCCCCCCCCCCCCCCCCCC","52922232","Found Concentration in Main Study",NA,NA,"No Match"
"BMDB62704","PC(14:1(9Z)/17:0)","UWZMQXDPMXICQP-IEHWZJNJSA-N","[H][C@@](COC(=O)CCCCCCC\C=C/CCCC)(COP([O-])(=O)OCC[N+](C)(C)C)OC(=O)CCCCCCCCCCCCCCCC","52922254","Found Concentration in Main Study",NA,NA,"No Match"
"BMDB62705","PC(14:1(9Z)/19:0)","XUJPXXPURAZXIE-DTKYWWSASA-N","[H][C@@](COC(=O)CCCCCCC\C=C/CCCC)(COP([O-])(=O)OCC[N+](C)(C)C)OC(=O)CCCCCCCCCCCCCCCCCC","52922272","Found Concentration in Main Study",NA,NA,"No Match"
"BMDB62706","PC(14:1(9Z)/21:0)","APGJPFHCNZZTPN-XTSQRIEGSA-N","[H][C@@](COC(=O)CCCCCCC\C=C/CCCC)(COP([O-])(=O)OCC[N+](C)(C)C)OC(=O)CCCCCCCCCCCCCCCCCCCC","52922288","Found Concentration in Main Study",NA,NA,"No Match"
"BMDB62708","PC(15:0/17:0)","CAGAUSXUXQQKRC-KXQOOQHDSA-N","[H][C@@](COC(=O)CCCCCCCCCCCCCC)(COP([O-])(=O)OCC[N+](C)(C)C)OC(=O)CCCCCCCCCCCCCCCC","24778659","Found Concentration in Main Study",NA,NA,"No Match"
"BMDB62709","PC(15:0/19:0)","YVCPDSWUXVQBNE-RRHRGVEJSA-N","[H][C@@](COC(=O)CCCCCCCCCCCCCC)(COP([O-])(=O)OCC[N+](C)(C)C)OC(=O)CCCCCCCCCCCCCCCCCC","24778666","Found Concentration in Main Study",NA,NA,"No Match"
"BMDB62710","PC(15:0/21:0)","VWLICNQRTMDGNI-HUESYALOSA-N","[H][C@@](COC(=O)CCCCCCCCCCCCCC)(COP([O-])(=O)OCC[N+](C)(C)C)OC(=O)CCCCCCCCCCCCCCCCCCCC","24778670","Found Concentration in Main Study",NA,NA,"No Match"
"BMDB62712","PC(16:0/13:0)","JTPYLSOQEHJKNH-PGUFJCEWSA-N","[H][C@@](COC(=O)CCCCCCCCCCCCCCC)(COP([O-])(=O)OCC[N+](C)(C)C)OC(=O)CCCCCCCCCCCC","52922406","Found Concentration in Main Study",NA,NA,"No Match"
"BMDB62713","PC(16:0/17:0)","CNHYMCCAIZQMPA-LDLOPFEMSA-N","[H][C@@](COC(=O)CCCCCCCCCCCCCCC)(COP([O-])(=O)OCC[N+](C)(C)C)OC(=O)CCCCCCCCCCCCCCCC","24778682","Found Concentration in Main Study",NA,NA,"No Match"
"BMDB62714","PC(16:0/18:1(11E))","AEPVLLKGEBHLEJ-KWNHIAGJSA-N","[H][C@@](COC(=O)CCCCCCCCCCCCCCC)(COP([O-])(=O)OCC[N+](C)(C)C)OC(=O)CCCCCCCCC\C=C/CCCCCC","24778688","Found Concentration in Main Study","DMD305274","DMD305274","Unique Match (by names only)"
"BMDB62715","PC(16:0/18:1(9E))","WTJKGGKOPKCXLL-VYOBOKEXSA-N","[H][C@@](COC(=O)CCCCCCCCCCCCCCC)(COP([O-])(=O)OCC[N+](C)(C)C)OC(=O)CCCCCCC\C=C/CCCCCCCC","5497103","Found Concentration in Main Study","DMD305274","DMD305274","Unique Match (by names and pubchem)"
"BMDB62716","PC(16:0/18:2(9E,12E))","JLPULHDHAOZNQI-ZTIMHPMXSA-N","[H][C@@](COC(=O)CCCCCCCCCCCCCCC)(COP([O-])(=O)OCC[N+](C)(C)C)OC(=O)CCCCCCC\C=C/C\C=C/CCCCC","5287971","Found Concentration in Main Study","DMD302337","DMD302337","Unique Match (by names and pubchem)"
"BMDB62717","PC(16:0/19:0)","DRHYTKZTKWDSBJ-VQJSHJPSSA-N","[H][C@@](COC(=O)CCCCCCCCCCCCCCC)(COP([O-])(=O)OCC[N+](C)(C)C)OC(=O)CCCCCCCCCCCCCCCCCC","52922414","Found Concentration in Main Study",NA,NA,"No Match"
"BMDB62718","PC(16:0/21:0)","MLFCBZAXKCJVAK-VZUYHUTRSA-N","[H][C@@](COC(=O)CCCCCCCCCCCCCCC)(COP([O-])(=O)OCC[N+](C)(C)C)OC(=O)CCCCCCCCCCCCCCCCCCCC","52922422","Found Concentration in Main Study",NA,NA,"No Match"
"BMDB62719","PC(16:1(9Z)/12:0)","NEMULSNXBUKEGX-ALNMSFLZSA-N","[H][C@@](COC(=O)CCCCCCC\C=C/CCCCCC)(COP([O-])(=O)OCC[N+](C)(C)C)OC(=O)CCCCCCCCCCC","52922428","Found Concentration in Main Study",NA,NA,"No Match"
"BMDB62720","PC(16:1(9Z)/17:0)","OFRWLQSOUIZELQ-VEAYGOGPSA-N","[H][C@@](COC(=O)CCCCCCC\C=C/CCCCCC)(COP([O-])(=O)OCC[N+](C)(C)C)OC(=O)CCCCCCCCCCCCCCCC","52922442","Found Concentration in Main Study","DMD302333","DMD302333","Unique Match (by names and pubchem)"
"BMDB62721","PC(16:1(9Z)/19:0)","BKOVIRNFTBFFRO-HVLKLTLRSA-N","[H][C@@](COC(=O)CCCCCCC\C=C/CCCCCC)(COP([O-])(=O)OCC[N+](C)(C)C)OC(=O)CCCCCCCCCCCCCCCCCC","52922454","Found Concentration in Main Study",NA,NA,"No Match"
"BMDB62722","PC(17:0/12:0)","FKXLGHWVLBZNMB-PGUFJCEWSA-N","[H][C@@](COC(=O)CCCCCCCCCCCCCCCC)(COP([O-])(=O)OCC[N+](C)(C)C)OC(=O)CCCCCCCCCCC","52922477","Found Concentration in Main Study",NA,NA,"No Match"
"BMDB62723","PC(17:0/13:0)","WCVPTHRKFPAKIN-PSXMRANNSA-N","[H][C@@](COC(=O)CCCCCCCCCCCCCCCC)(COP([O-])(=O)OCC[N+](C)(C)C)OC(=O)CCCCCCCCCCCC","24778779","Found Concentration in Main Study",NA,NA,"No Match"
"BMDB62724","PC(17:0/14:0)","JSYFGYWOHKUBJD-DIPNUNPCSA-N","[H][C@@](COC(=O)CCCCCCCCCCCCCCCC)(COP([O-])(=O)OCC[N+](C)(C)C)OC(=O)CCCCCCCCCCCCC","52922479","Found Concentration in Main Study",NA,NA,"No Match"
"BMDB62725","PC(17:0/14:1(9Z))","PLMJQEBGYPYWCL-IEHWZJNJSA-N","[H][C@@](COC(=O)CCCCCCCCCCCCCCCC)(COP([O-])(=O)OCC[N+](C)(C)C)OC(=O)CCCCCCC\C=C/CCCC","24778520","Found Concentration in Main Study",NA,NA,"No Match"
"BMDB62726","PC(17:0/15:0)","LOLPCAJPUJWKHZ-KXQOOQHDSA-N","[H][C@@](COC(=O)CCCCCCCCCCCCCCCC)(COP([O-])(=O)OCC[N+](C)(C)C)OC(=O)CCCCCCCCCCCCCC","24778781","Found Concentration in Main Study",NA,NA,"No Match"
"BMDB62727","PC(17:0/16:0)","ULRGYXXISKXLRY-LDLOPFEMSA-N","[H][C@@](COC(=O)CCCCCCCCCCCCCCCC)(COP([O-])(=O)OCC[N+](C)(C)C)OC(=O)CCCCCCCCCCCCCCC","52922483","Found Concentration in Main Study",NA,NA,"No Match"
"BMDB62728","PC(17:0/16:1(9Z))","DISVYZNGGMDUPX-VEAYGOGPSA-N","[H][C@@](COC(=O)CCCCCCCCCCCCCCCC)(COP([O-])(=O)OCC[N+](C)(C)C)OC(=O)CCCCCCC\C=C/CCCCCC","52922485","Found Concentration in Main Study",NA,NA,"No Match"
"BMDB62729","PC(17:0/17:0)","RTWAYAIMWLNAJW-RRHRGVEJSA-N","[H][C@@](COC(=O)CCCCCCCCCCCCCCCC)(COP([O-])(=O)OCC[N+](C)(C)C)OC(=O)CCCCCCCCCCCCCCCC","24778784","Found Concentration in Main Study",NA,NA,"No Match"
"BMDB62730","PC(17:0/18:0)","YJWIMUXYXBHXDA-VQJSHJPSSA-N","[H][C@@](COC(=O)CCCCCCCCCCCCCCCC)(COP([O-])(=O)OCC[N+](C)(C)C)OC(=O)CCCCCCCCCCCCCCCCC","24778785","Found Concentration in Main Study",NA,NA,"No Match"
"BMDB62731","PC(17:0/18:1(9Z))","SXNXGNVZTLZDHE-IYEJTHTFSA-N","[H][C@@](COC(=O)CCCCCCCCCCCCCCCC)(COP([O-])(=O)OCC[N+](C)(C)C)OC(=O)CCCCCCC\C=C/CCCCCCCC","24778787","Found Concentration in Main Study",NA,NA,"No Match"
"BMDB62732","PC(17:0/18:2(9Z,12Z))","ZSKWZJYUVZYDQU-WESJWMGVSA-N","[H][C@@](COC(=O)CCCCCCCCCCCCCCCC)(COP([O-])(=O)OCC[N+](C)(C)C)OC(=O)CCCCCCC\C=C/C\C=C/CCCCC","52922491","Found Concentration in Main Study",NA,NA,"No Match"
"BMDB62733","PC(17:0/18:3(6Z,9Z,12Z))","FRGPJGOCQLYORI-LKMVIVGJSA-N","[H][C@@](COC(=O)CCCCCCCCCCCCCCCC)(COP([O-])(=O)OCC[N+](C)(C)C)OC(=O)CCCC\C=C/C\C=C/C\C=C/CCCCC","52922493","Found Concentration in Main Study",NA,NA,"No Match"
"BMDB62734","PC(17:0/18:3(9Z,12Z,15Z))","JWRXJXZFMNQZBD-CAPSFDDTSA-N","[H][C@@](COC(=O)CCCCCCCCCCCCCCCC)(COP([O-])(=O)OCC[N+](C)(C)C)OC(=O)CCCCCCC\C=C/C\C=C/C\C=C/CC","10373012","Found Concentration in Main Study",NA,NA,"No Match"
"BMDB62735","PC(17:0/19:0)","YTOAPAUFDPDITM-HUESYALOSA-N","[H][C@@](COC(=O)CCCCCCCCCCCCCCCC)(COP([O-])(=O)OCC[N+](C)(C)C)OC(=O)CCCCCCCCCCCCCCCCCC","52922497","Found Concentration in Main Study",NA,NA,"No Match"
"BMDB62736","PC(17:0/20:0)","DUHNELFGOVIVQQ-VZUYHUTRSA-N","[H][C@@](COC(=O)CCCCCCCCCCCCCCCC)(COP([O-])(=O)OCC[N+](C)(C)C)OC(=O)CCCCCCCCCCCCCCCCCCC","52922501","Found Concentration in Main Study",NA,NA,"No Match"
"BMDB62738","PC(17:1(10Z)/17:1(10Z))","IPVXFAFRWUVOLG-JSLHZOBYSA-N","[H][C@@](COC(=O)CCCCCCCC\C=C/CCCCCC)(COP([O-])(=O)OCC[N+](C)(C)C)OC(=O)CCCCCCCC\C=C/CCCCCC","24778802","Found Concentration in Main Study",NA,NA,"No Match"
"BMDB62740","PC(18:0/12:0)","BRNGDJBMPAYDPP-PSXMRANNSA-N","[H][C@@](COC(=O)CCCCCCCCCCCCCCCCC)(COP([O-])(=O)OCC[N+](C)(C)C)OC(=O)CCCCCCCCCCC","24778808","Found Concentration in Main Study",NA,NA,"No Match"
"BMDB62741","PC(18:0/13:0)","MBVGMFMZJMLHCN-DIPNUNPCSA-N","[H][C@@](COC(=O)CCCCCCCCCCCCCCCCC)(COP([O-])(=O)OCC[N+](C)(C)C)OC(=O)CCCCCCCCCCCC","52922641","Found Concentration in Main Study",NA,NA,"No Match"
"BMDB62742","PC(18:0/17:0)","INGHVKLNPWCPOK-VQJSHJPSSA-N","[H][C@@](COC(=O)CCCCCCCCCCCCCCCCC)(COP([O-])(=O)OCC[N+](C)(C)C)OC(=O)CCCCCCCCCCCCCCCC","52922649","Found Concentration in Main Study",NA,NA,"No Match"
"BMDB62743","PC(18:0/18:1(9E))","ATHVAWFAEPLPPQ-VRDBWYNSSA-N","[H][C@@](COC(=O)CCCCCCCCCCCCCCCCC)(COP([O-])(=O)OCC[N+](C)(C)C)OC(=O)CCCCCCC\C=C/CCCCCCCC","24778825","Found Concentration in Main Study","DMD302344;DMD302345","DMD302344","Unique Match (by names and pubchem)"
"BMDB62744","PC(18:0/19:0)","IFJJJCCHAXWTHR-VZUYHUTRSA-N","[H][C@@](COC(=O)CCCCCCCCCCCCCCCCC)(COP([O-])(=O)OCC[N+](C)(C)C)OC(=O)CCCCCCCCCCCCCCCCCC","52922659","Found Concentration in Main Study",NA,NA,"No Match"
"BMDB62745","PC(18:1(11E)/18:1(11E))","XUCDYRWWRZBNCQ-BHOZFUPKSA-N","[H][C@@](COC(=O)CCCCCCCCC\C=C/CCCCCC)(COP([O-])(=O)OCC[N+](C)(C)C)OC(=O)CCCCCCCCC\C=C/CCCCCC","24778895","Found Concentration in Main Study","DMD302346","DMD302346","Unique Match (by names only)"
"BMDB62747","PC(18:1(9E)/18:1(9E))","SNKAWJBJQDLSFF-NVKMUCNASA-N","[H][C@@](COC(=O)CCCCCCC\C=C/CCCCCCCC)(COP([O-])(=O)OCC[N+](C)(C)C)OC(=O)CCCCCCC\C=C/CCCCCCCC","10350317","Found Concentration in Main Study","DMD302346","DMD302346","Unique Match (by names and pubchem)"
"BMDB62749","PC(18:1(9Z)/12:0)","KVJSTSHUTARPIN-UAIAYBLDSA-N","[H][C@@](COC(=O)CCCCCCC\C=C/CCCCCCCC)(COP([O-])(=O)OCC[N+](C)(C)C)OC(=O)CCCCCCCCCCC","52922669","Found Concentration in Main Study",NA,NA,"No Match"
"BMDB62750","PC(18:1(9Z)/13:0)","IGTKDXNVLGHPAA-PLOGQBHYSA-N","[H][C@@](COC(=O)CCCCCCC\C=C/CCCCCCCC)(COP([O-])(=O)OCC[N+](C)(C)C)OC(=O)CCCCCCCCCCCC","52922671","Found Concentration in Main Study",NA,NA,"No Match"
"BMDB62751","PC(18:1(9Z)/17:0)","MFHIZGSSDZJFKD-IYEJTHTFSA-N","[H][C@@](COC(=O)CCCCCCC\C=C/CCCCCCCC)(COP([O-])(=O)OCC[N+](C)(C)C)OC(=O)CCCCCCCCCCCCCCCC","52922679","Found Concentration in Main Study","DMD302340","DMD302340","Unique Match (by names and pubchem)"
"BMDB62753","PC(18:2(9Z,12Z)/13:0)","RFJWWQWWVQESGK-HFWMYYSASA-N","[H][C@@](COC(=O)CCCCCCC\C=C/C\C=C/CCCCC)(COP([O-])(=O)OCC[N+](C)(C)C)OC(=O)CCCCCCCCCCCC","52922709","Found Concentration in Main Study",NA,NA,"No Match"
"BMDB62754","PC(18:2(9Z,12Z)/17:0)","MJWAVUYQCBFFHQ-WESJWMGVSA-N","[H][C@@](COC(=O)CCCCCCC\C=C/C\C=C/CCCCC)(COP([O-])(=O)OCC[N+](C)(C)C)OC(=O)CCCCCCCCCCCCCCCC","52922721","Found Concentration in Main Study","DMD302342","DMD302342","Unique Match (by names and pubchem)"
"BMDB62755","PC(18:2(9Z,12Z)/20:1(13Z))","VQHXLFJRJYRJKV-IIRKCDRKSA-N","[H][C@@](COC(=O)CCCCCCC\C=C/C\C=C/CCCCC)(COP([O-])(=O)OCC[N+](C)(C)C)OC(=O)CCCCCCCCCCC\C=C/CCCCCC","24778978","Found Concentration in Main Study",NA,NA,"No Match"
"BMDB62756","PC(18:3(6Z,9Z,12Z)/17:0)","PUHAYEBYJPOIQY-MZWPLUPDSA-N","[H][C@@](COC(=O)CCCC\C=C/C\C=C/C\C=C/CCCCC)(COP([O-])(=O)OCC[N+](C)(C)C)OC(=O)CCCCCCCCCCCCCCCC","52922775","Found Concentration in Main Study",NA,NA,"No Match"
"BMDB62757","PC(18:3(9Z,12Z,15Z)/17:0)","GCHJOKRHLDGHKV-CAPSFDDTSA-N","[H][C@@](COC(=O)CCCCCCC\C=C/C\C=C/C\C=C/CC)(COP([O-])(=O)OCC[N+](C)(C)C)OC(=O)CCCCCCCCCCCCCCCC","52922837","Found Concentration in Main Study",NA,NA,"No Match"
"BMDB62758","PC(19:0/10:0)","KPRFWGHYCQLGIB-PGUFJCEWSA-N","[H][C@@](COC(=O)CCCCCCCCCCCCCCCCCC)(COP([O-])(=O)OCC[N+](C)(C)C)OC(=O)CCCCCCCCC","24779001","Found Concentration in Main Study",NA,NA,"No Match"
"BMDB62759","PC(19:0/11:0)","CLIZQKAVTJPDEN-PSXMRANNSA-N","[H][C@@](COC(=O)CCCCCCCCCCCCCCCCCC)(COP([O-])(=O)OCC[N+](C)(C)C)OC(=O)CCCCCCCCCC","24779002","Found Concentration in Main Study",NA,NA,"No Match"
"BMDB62760","PC(19:0/12:0)","DXWQYRCWRLUKOS-DIPNUNPCSA-N","[H][C@@](COC(=O)CCCCCCCCCCCCCCCCCC)(COP([O-])(=O)OCC[N+](C)(C)C)OC(=O)CCCCCCCCCCC","24779000","Found Concentration in Main Study",NA,NA,"No Match"
"BMDB62761","PC(19:0/13:0)","DKJFFVQSQABKEK-KXQOOQHDSA-N","[H][C@@](COC(=O)CCCCCCCCCCCCCCCCCC)(COP([O-])(=O)OCC[N+](C)(C)C)OC(=O)CCCCCCCCCCCC","24779003","Found Concentration in Main Study",NA,NA,"No Match"
"BMDB62762","PC(19:0/14:0)","ICFUPYGUNPVSGP-LDLOPFEMSA-N","[H][C@@](COC(=O)CCCCCCCCCCCCCCCCCC)(COP([O-])(=O)OCC[N+](C)(C)C)OC(=O)CCCCCCCCCCCCC","24779004","Found Concentration in Main Study",NA,NA,"No Match"
"BMDB62763","PC(19:0/14:1(9Z))","GOHYYOQGBYBAOF-DTKYWWSASA-N","[H][C@@](COC(=O)CCCCCCCCCCCCCCCCCC)(COP([O-])(=O)OCC[N+](C)(C)C)OC(=O)CCCCCCC\C=C/CCCC","52922941","Found Concentration in Main Study",NA,NA,"No Match"
"BMDB62764","PC(19:0/15:0)","UPCIYBKCVDLVKU-RRHRGVEJSA-N","[H][C@@](COC(=O)CCCCCCCCCCCCCCCCCC)(COP([O-])(=O)OCC[N+](C)(C)C)OC(=O)CCCCCCCCCCCCCC","24779005","Found Concentration in Main Study",NA,NA,"No Match"
"BMDB62765","PC(19:0/16:0)","RVFNLUBQFSKSDF-VQJSHJPSSA-N","[H][C@@](COC(=O)CCCCCCCCCCCCCCCCCC)(COP([O-])(=O)OCC[N+](C)(C)C)OC(=O)CCCCCCCCCCCCCCC","52922945","Found Concentration in Main Study",NA,NA,"No Match"
"BMDB62766","PC(19:0/16:1(9Z))","TYYCWWRIQSAMHL-HVLKLTLRSA-N","[H][C@@](COC(=O)CCCCCCCCCCCCCCCCCC)(COP([O-])(=O)OCC[N+](C)(C)C)OC(=O)CCCCCCC\C=C/CCCCCC","52922947","Found Concentration in Main Study",NA,NA,"No Match"
"BMDB62767","PC(19:0/17:0)","OQLHGHFYLRSIBN-HUESYALOSA-N","[H][C@@](COC(=O)CCCCCCCCCCCCCCCCCC)(COP([O-])(=O)OCC[N+](C)(C)C)OC(=O)CCCCCCCCCCCCCCCC","52922949","Found Concentration in Main Study",NA,NA,"No Match"
"BMDB62768","PC(19:0/18:0)","BRXGZTCFEWZBRM-VZUYHUTRSA-N","[H][C@@](COC(=O)CCCCCCCCCCCCCCCCCC)(COP([O-])(=O)OCC[N+](C)(C)C)OC(=O)CCCCCCCCCCCCCCCCC","24779008","Found Concentration in Main Study",NA,NA,"No Match"
"BMDB62770","PC(20:0/10:0)","MTTZRTHCTZNGFG-PSXMRANNSA-N","[H][C@@](COC(=O)CCCCCCCCCCCCCCCCCCC)(COP([O-])(=O)OCC[N+](C)(C)C)OC(=O)CCCCCCCCC","24779023","Found Concentration in Main Study",NA,NA,"No Match"
"BMDB62771","PC(20:0/11:0)","NLEPZIUGLKQAFD-DIPNUNPCSA-N","[H][C@@](COC(=O)CCCCCCCCCCCCCCCCCCC)(COP([O-])(=O)OCC[N+](C)(C)C)OC(=O)CCCCCCCCCC","24779024","Found Concentration in Main Study",NA,NA,"No Match"
"BMDB62772","PC(20:0/12:0)","OEKBHTCWCOFVKC-KXQOOQHDSA-N","[H][C@@](COC(=O)CCCCCCCCCCCCCCCCCCC)(COP([O-])(=O)OCC[N+](C)(C)C)OC(=O)CCCCCCCCCCC","24779025","Found Concentration in Main Study",NA,NA,"No Match"
"BMDB62773","PC(20:0/13:0)","CJNXCVHAGWTVKV-LDLOPFEMSA-N","[H][C@@](COC(=O)CCCCCCCCCCCCCCCCCCC)(COP([O-])(=O)OCC[N+](C)(C)C)OC(=O)CCCCCCCCCCCC","24779027","Found Concentration in Main Study",NA,NA,"No Match"
"BMDB62774","PC(20:0/17:0)","NQDMCNOOWGQYBO-VZUYHUTRSA-N","[H][C@@](COC(=O)CCCCCCCCCCCCCCCCCCC)(COP([O-])(=O)OCC[N+](C)(C)C)OC(=O)CCCCCCCCCCCCCCCC","52923061","Found Concentration in Main Study",NA,NA,"No Match"
"BMDB62775","PC(20:0/20:3(11Z,14Z,17Z))","REABNEVSLLNWCN-NEUZZYPFSA-N","[H][C@@](COC(=O)CCCCCCCCCCCCCCCCCCC)(COP([O-])(=O)OCC[N+](C)(C)C)OC(=O)CCCCCCCCC\C=C/C\C=C/C\C=C/CC","24779047","Found Concentration in Main Study",NA,NA,"No Match"
"BMDB62776","PC(20:0/9:0)","YTMYGNSSWREFBW-PGUFJCEWSA-N","[H][C@@](COC(=O)CCCCCCCCCCCCCCCCCCC)(COP([O-])(=O)OCC[N+](C)(C)C)OC(=O)CCCCCCCC","24779060","Found Concentration in Main Study",NA,NA,"No Match"
"BMDB62777","PC(20:1(11Z)/12:0)","XIRHBJHIIUMUKR-YWTUKGCKSA-N","[H][C@@](COC(=O)CCCCCCCCC\C=C/CCCCCCCC)(COP([O-])(=O)OCC[N+](C)(C)C)OC(=O)CCCCCCCCCCC","52923089","Found Concentration in Main Study",NA,NA,"No Match"
"BMDB62778","PC(20:1(11Z)/13:0)","FOVVQGVAJUZWET-DPTAKULKSA-N","[H][C@@](COC(=O)CCCCCCCCC\C=C/CCCCCCCC)(COP([O-])(=O)OCC[N+](C)(C)C)OC(=O)CCCCCCCCCCCC","52923091","Found Concentration in Main Study",NA,NA,"No Match"
"BMDB62780","PC(20:2(11Z,14Z)/12:0)","ADIAWBPVWHYXNV-JSHIBXJCSA-N","[H][C@@](COC(=O)CCCCCCCCC\C=C/C\C=C/CCCCC)(COP([O-])(=O)OCC[N+](C)(C)C)OC(=O)CCCCCCCCCCC","52923149","Found Concentration in Main Study",NA,NA,"No Match"
"BMDB62781","PC(20:2(11Z,14Z)/13:0)","GYFILLBYNRTMGU-ZSIBMOKUSA-N","[H][C@@](COC(=O)CCCCCCCCC\C=C/C\C=C/CCCCC)(COP([O-])(=O)OCC[N+](C)(C)C)OC(=O)CCCCCCCCCCCC","52923151","Found Concentration in Main Study",NA,NA,"No Match"
"BMDB62782","PC(20:3(8Z,11Z,14Z)/12:0)","IVCMKVDNISHOEW-XDBAXXFZSA-N","[H][C@@](COC(=O)CCCCCC\C=C/C\C=C/C\C=C/CCCCC)(COP([O-])(=O)OCC[N+](C)(C)C)OC(=O)CCCCCCCCCCC","52923209","Found Concentration in Main Study",NA,NA,"No Match"
"BMDB62783","PC(20:4(8E,11E,14E,17E)/16:0)","JWAPTBDWCHGPTG-HCYAGMRRSA-N","[H][C@@](COC(=O)CCCCCC\C=C/C\C=C/C\C=C/C\C=C/CC)(COP([O-])(=O)OCC[N+](C)(C)C)OC(=O)CCCCCCCCCCCCCCC","53479063","Found Concentration in Main Study",NA,NA,"No Match"
"BMDB62784","PC(21:0/10:0)","FXZOHFRKKZKXPD-DIPNUNPCSA-N","[H][C@@](COC(=O)CCCCCCCCCCCCCCCCCCCC)(COP([O-])(=O)OCC[N+](C)(C)C)OC(=O)CCCCCCCCC","24779083","Found Concentration in Main Study",NA,NA,"No Match"
"BMDB62785","PC(21:0/11:0)","NRPOMZRRLOEOKX-KXQOOQHDSA-N","[H][C@@](COC(=O)CCCCCCCCCCCCCCCCCCCC)(COP([O-])(=O)OCC[N+](C)(C)C)OC(=O)CCCCCCCCCC","24779084","Found Concentration in Main Study",NA,NA,"No Match"
"BMDB62786","PC(21:0/12:0)","ZEQNNYKWRFDTGA-LDLOPFEMSA-N","[H][C@@](COC(=O)CCCCCCCCCCCCCCCCCCCC)(COP([O-])(=O)OCC[N+](C)(C)C)OC(=O)CCCCCCCCCCC","24779085","Found Concentration in Main Study",NA,NA,"No Match"
"BMDB62787","PC(21:0/13:0)","LVVWZXOZKXLVLZ-RRHRGVEJSA-N","[H][C@@](COC(=O)CCCCCCCCCCCCCCCCCCCC)(COP([O-])(=O)OCC[N+](C)(C)C)OC(=O)CCCCCCCCCCCC","24779086","Found Concentration in Main Study",NA,NA,"No Match"
"BMDB62788","PC(21:0/14:0)","ALLHTRSITKAMHF-VQJSHJPSSA-N","[H][C@@](COC(=O)CCCCCCCCCCCCCCCCCCCC)(COP([O-])(=O)OCC[N+](C)(C)C)OC(=O)CCCCCCCCCCCCC","24779087","Found Concentration in Main Study",NA,NA,"No Match"
"BMDB62789","PC(21:0/14:1(9Z))","JLMJHJHQZIEXTR-XTSQRIEGSA-N","[H][C@@](COC(=O)CCCCCCCCCCCCCCCCCCCC)(COP([O-])(=O)OCC[N+](C)(C)C)OC(=O)CCCCCCC\C=C/CCCC","52923387","Found Concentration in Main Study",NA,NA,"No Match"
"BMDB62790","PC(21:0/15:0)","GAYMLEAVRJPZQZ-HUESYALOSA-N","[H][C@@](COC(=O)CCCCCCCCCCCCCCCCCCCC)(COP([O-])(=O)OCC[N+](C)(C)C)OC(=O)CCCCCCCCCCCCCC","52923389","Found Concentration in Main Study",NA,NA,"No Match"
"BMDB62791","PC(21:0/16:0)","VCWGWIAETRVTSS-VZUYHUTRSA-N","[H][C@@](COC(=O)CCCCCCCCCCCCCCCCCCCC)(COP([O-])(=O)OCC[N+](C)(C)C)OC(=O)CCCCCCCCCCCCCCC","52923393","Found Concentration in Main Study",NA,NA,"No Match"
"BMDB62793","PC(22:0/10:0)","VSXSGSFCMUCJEP-KXQOOQHDSA-N","[H][C@@](COC(=O)CCCCCCCCCCCCCCCCCCCCC)(COP([O-])(=O)OCC[N+](C)(C)C)OC(=O)CCCCCCCCC","24779101","Found Concentration in Main Study",NA,NA,"No Match"
"BMDB62794","PC(22:0/11:0)","UDZHTHXFNTYZET-LDLOPFEMSA-N","[H][C@@](COC(=O)CCCCCCCCCCCCCCCCCCCCC)(COP([O-])(=O)OCC[N+](C)(C)C)OC(=O)CCCCCCCCCC","24779102","Found Concentration in Main Study",NA,NA,"No Match"
"BMDB62795","PC(22:0/12:0)","MCNGJGRPYKOAMP-RRHRGVEJSA-N","[H][C@@](COC(=O)CCCCCCCCCCCCCCCCCCCCC)(COP([O-])(=O)OCC[N+](C)(C)C)OC(=O)CCCCCCCCCCC","129220","Found Concentration in Main Study",NA,NA,"No Match"
"BMDB62796","PC(22:0/13:0)","JXUNNMKLYVGIJB-VQJSHJPSSA-N","[H][C@@](COC(=O)CCCCCCCCCCCCCCCCCCCCC)(COP([O-])(=O)OCC[N+](C)(C)C)OC(=O)CCCCCCCCCCCC","24779103","Found Concentration in Main Study",NA,NA,"No Match"
"BMDB62797","PC(22:4(7Z,10Z,13Z,16Z)/12:0)","MGGLQCYIGIKUIE-SRHQVDMPSA-N","[H][C@@](COC(=O)CCCCC\C=C/C\C=C/C\C=C/C\C=C/CCCCC)(COP([O-])(=O)OCC[N+](C)(C)C)OC(=O)CCCCCCCCCCC","52923609","Found Concentration in Main Study",NA,NA,"No Match"
"BMDB62798","PC(8:0/21:0)","XZKUOSQHYOWFDI-PGUFJCEWSA-N","[H][C@@](COC(=O)CCCCCCC)(COP([O-])(=O)OCC[N+](C)(C)C)OC(=O)CCCCCCCCCCCCCCCCCCCC","24779239","Found Concentration in Main Study",NA,NA,"No Match"
"BMDB62799","PC(9:0/20:0)","XQHFCKHXMOVTPR-PGUFJCEWSA-N","[H][C@@](COC(=O)CCCCCCCC)(COP([O-])(=O)OCC[N+](C)(C)C)OC(=O)CCCCCCCCCCCCCCCCCCC","24779256","Found Concentration in Main Study",NA,NA,"No Match"
"BMDB62800","PC(9:0/21:0)","DUIXEMAPYZKKBI-PSXMRANNSA-N","[H][C@@](COC(=O)CCCCCCCC)(COP([O-])(=O)OCC[N+](C)(C)C)OC(=O)CCCCCCCCCCCCCCCCCCCC","24779257","Found Concentration in Main Study",NA,NA,"No Match"
"BMDB62801","PC(9:0/22:0)","RGNMOUGZXRAJNF-DIPNUNPCSA-N","[H][C@@](COC(=O)CCCCCCCC)(COP([O-])(=O)OCC[N+](C)(C)C)OC(=O)CCCCCCCCCCCCCCCCCCCCC","24779258","Found Concentration in Main Study",NA,NA,"No Match"
"BMDB62802","PC(9:0/23:0)","HVWSSWJXFOIYDD-KXQOOQHDSA-N","[H][C@@](COC(=O)CCCCCCCC)(COP([O-])(=O)OCC[N+](C)(C)C)OC(=O)CCCCCCCCCCCCCCCCCCCCCC","24779259","Found Concentration in Main Study",NA,NA,"No Match"
"BMDB62803","PC(O-14:0/18:1(9Z))","KKCGBTJTPQETOY-KUNNKMQBSA-N","[H][C@@](COCCCCCCCCCCCCCC)(COP([O-])(=O)OCC[N+](C)(C)C)OC(=O)CCCCCCC\C=C/CCCCCCCC","24779279","Found Concentration in Main Study",NA,NA,"No Match"
"BMDB62804","PC(O-14:0/18:2(9Z,12Z))","IWGRIIUADPXTSC-UESLNCBNSA-N","[H][C@@](COCCCCCCCCCCCCCC)(COP([O-])(=O)OCC[N+](C)(C)C)OC(=O)CCCCCCC\C=C/C\C=C/CCCCC","24779280","Found Concentration in Main Study",NA,NA,"No Match"
"BMDB62805","PC(O-14:0/22:0)","KRRFXAFWBWXGHS-VZUYHUTRSA-N","[H][C@@](COCCCCCCCCCCCCCC)(COP([O-])(=O)OCC[N+](C)(C)C)OC(=O)CCCCCCCCCCCCCCCCCCCCC","24779285","Found Concentration in Main Study",NA,NA,"No Match"
"BMDB62807","PC(O-16:0/14:0)","WYKBXGAXGHENAM-DIPNUNPCSA-N","[H][C@@](COCCCCCCCCCCCCCCCC)(COP([O-])(=O)OCC[N+](C)(C)C)OC(=O)CCCCCCCCCCCCC","52923734","Found Concentration in Main Study",NA,NA,"No Match"
"BMDB62808","PC(O-16:0/18:1(9Z))","SIEDNCDNGMIKST-IYEJTHTFSA-N","[H][C@@](COCCCCCCCCCCCCCCCC)(COP([O-])(=O)OCC[N+](C)(C)C)OC(=O)CCCCCCC\C=C/CCCCCCCC","24779266","Found Concentration in Main Study",NA,NA,"No Match"
"BMDB62809","PC(O-16:0/18:3(6Z,9Z,12Z))","QEWRXEALGMKRGP-MZWPLUPDSA-N","[H][C@@](COCCCCCCCCCCCCCCCC)(COP([O-])(=O)OCC[N+](C)(C)C)OC(=O)CCCC\C=C/C\C=C/C\C=C/CCCCC","24779293","Found Concentration in Main Study",NA,NA,"No Match"
"BMDB62810","PC(O-16:0/18:3(9Z,12Z,15Z))","AZHDIOOLUSYGPE-CAPSFDDTSA-N","[H][C@@](COCCCCCCCCCCCCCCCC)(COP([O-])(=O)OCC[N+](C)(C)C)OC(=O)CCCCCCC\C=C/C\C=C/C\C=C/CC","24779294","Found Concentration in Main Study",NA,NA,"No Match"
"BMDB62811","PC(O-16:0/20:1(11Z))","RZVLQGOIANISBO-GRVDSVFJSA-N","[H][C@@](COCCCCCCCCCCCCCCCC)(COP([O-])(=O)OCC[N+](C)(C)C)OC(=O)CCCCCCCCC\C=C/CCCCCCCC","52923752","Found Concentration in Main Study",NA,NA,"No Match"
"BMDB62812","PC(O-16:0/20:2(11Z,14Z))","ZYLPVUZBZNMVMR-ZBBHDILGSA-N","[H][C@@](COCCCCCCCCCCCCCCCC)(COP([O-])(=O)OCC[N+](C)(C)C)OC(=O)CCCCCCCCC\C=C/C\C=C/CCCCC","52923754","Found Concentration in Main Study","DMD305288","DMD305288","Unique Match (by names and pubchem)"
"BMDB62813","PC(O-16:0/20:3(8Z,11Z,14Z))","VYKSGWCIVDQIQR-MEAIPJDCSA-N","[H][C@@](COCCCCCCCCCCCCCCCC)(COP([O-])(=O)OCC[N+](C)(C)C)OC(=O)CCCCCC\C=C/C\C=C/C\C=C/CCCCC","16759365","Found Concentration in Main Study",NA,NA,"No Match"
"BMDB62814","PC(O-16:0/20:4(5Z,8Z,11Z,14Z))","DUUSFCFZBREELS-WWBBCYQPSA-N","[H][C@@](COCCCCCCCCCCCCCCCC)(COP([O-])(=O)OCC[N+](C)(C)C)OC(=O)CCC\C=C/C\C=C/C\C=C/C\C=C/CCCCC","6443139","Found Concentration in Main Study",NA,NA,"No Match"
"BMDB62815","PC(O-16:0/20:5(5Z,8Z,11Z,14Z,17Z))","YHSSHPWVFALMBA-IARQOZKNSA-N","[H][C@@](COCCCCCCCCCCCCCCCC)(COP([O-])(=O)OCC[N+](C)(C)C)OC(=O)CCC\C=C/C\C=C/C\C=C/C\C=C/C\C=C/CC","10485310","Found Concentration in Main Study",NA,NA,"No Match"
"BMDB62817","PC(O-16:0/22:5(7Z,10Z,13Z,16Z,19Z))","VGMPOLIXNOOTMT-HEYUSFSCSA-N","[H][C@@](COCCCCCCCCCCCCCCCC)(COP([O-])(=O)OCC[N+](C)(C)C)OC(=O)CCCCC\C=C/C\C=C/C\C=C/C\C=C/C\C=C/CC","24779306","Found Concentration in Main Study",NA,NA,"No Match"
"BMDB62819","PC(O-17:0/17:0)","SLZUFSMGYDSDNB-VQJSHJPSSA-N","[H][C@@](COCCCCCCCCCCCCCCCCC)(COP([O-])(=O)OCC[N+](C)(C)C)OC(=O)CCCCCCCCCCCCCCCC","24779313","Found Concentration in Main Study",NA,NA,"No Match"
"BMDB62820","PC(O-18:0/12:0)","SCBCAJMFNKQLFX-DIPNUNPCSA-N","[H][C@@](COCCCCCCCCCCCCCCCCCC)(COP([O-])(=O)OCC[N+](C)(C)C)OC(=O)CCCCCCCCCCC","52923764","Found Concentration in Main Study",NA,NA,"No Match"
"BMDB62821","PC(O-18:0/14:1(9Z))","JAYJLDJDIZHIGU-DTKYWWSASA-N","[H][C@@](COCCCCCCCCCCCCCCCCCC)(COP([O-])(=O)OCC[N+](C)(C)C)OC(=O)CCCCCCC\C=C/CCCC","52923770","Found Concentration in Main Study",NA,NA,"No Match"
"BMDB62822","PC(O-18:0/16:0)","GTFLTTXDLGEBAI-VQJSHJPSSA-N","[H][C@@](COCCCCCCCCCCCCCCCCCC)(COP([O-])(=O)OCC[N+](C)(C)C)OC(=O)CCCCCCCCCCCCCCC","24779323","Found Concentration in Main Study",NA,NA,"No Match"
"BMDB62823","PC(O-18:0/16:1(9Z))","WFFMOIADEZZLFU-HVLKLTLRSA-N","[H][C@@](COCCCCCCCCCCCCCCCCCC)(COP([O-])(=O)OCC[N+](C)(C)C)OC(=O)CCCCCCC\C=C/CCCCCC","24779325","Found Concentration in Main Study",NA,NA,"No Match"
"BMDB62824","PC(O-18:0/18:1(9Z))","JDBBQTCNJFZWPL-KXTYCBLYSA-N","[H][C@@](COCCCCCCCCCCCCCCCCCC)(COP([O-])(=O)OCC[N+](C)(C)C)OC(=O)CCCCCCC\C=C/CCCCCCCC","52923782","Found Concentration in Main Study",NA,NA,"No Match"
"BMDB62825","PC(O-18:0/18:3(6Z,9Z,12Z))","MDZVCBQVXWZBOL-QEGPCSBISA-N","[H][C@@](COCCCCCCCCCCCCCCCCCC)(COP([O-])(=O)OCC[N+](C)(C)C)OC(=O)CCCC\C=C/C\C=C/C\C=C/CCCCC","52923784","Found Concentration in Main Study",NA,NA,"No Match"
"BMDB62826","PC(O-18:0/18:3(9Z,12Z,15Z))","GKKOTWSKEIRXDA-JUUDQZDJSA-N","[H][C@@](COCCCCCCCCCCCCCCCCCC)(COP([O-])(=O)OCC[N+](C)(C)C)OC(=O)CCCCCCC\C=C/C\C=C/C\C=C/CC","52923786","Found Concentration in Main Study",NA,NA,"No Match"
"BMDB62827","PC(O-18:0/18:4(6Z,9Z,12Z,15Z))","IQGMAFMVIYAJCQ-WHZQUDHQSA-N","[H][C@@](COCCCCCCCCCCCCCCCCCC)(COP([O-])(=O)OCC[N+](C)(C)C)OC(=O)CCCC\C=C/C\C=C/C\C=C/C\C=C/CC","52923788","Found Concentration in Main Study",NA,NA,"No Match"
"BMDB62829","PC(O-18:0/20:3(8Z,11Z,14Z))","ITTGOTHIEJWVDA-FMMXMNMWSA-N","[H][C@@](COCCCCCCCCCCCCCCCCCC)(COP([O-])(=O)OCC[N+](C)(C)C)OC(=O)CCCCCC\C=C/C\C=C/C\C=C/CCCCC","52923798","Found Concentration in Main Study",NA,NA,"No Match"
"BMDB62831","PC(O-18:0/20:5(5Z,8Z,11Z,14Z,17Z))","ISUWUEZOULAQMD-WQDQUKPRSA-N","[H][C@@](COCCCCCCCCCCCCCCCCCC)(COP([O-])(=O)OCC[N+](C)(C)C)OC(=O)CCC\C=C/C\C=C/C\C=C/C\C=C/C\C=C/CC","24779335","Found Concentration in Main Study",NA,NA,"No Match"
"BMDB62832","PC(O-18:0/22:5(7Z,10Z,13Z,16Z,19Z))","HJDYJUQFSIJNGA-BGDNETPNSA-N","[H][C@@](COCCCCCCCCCCCCCCCCCC)(COP([O-])(=O)OCC[N+](C)(C)C)OC(=O)CCCCC\C=C/C\C=C/C\C=C/C\C=C/C\C=C/CC","24779340","Found Concentration in Main Study",NA,NA,"No Match"
"BMDB62833","PC(O-18:1(9Z)/20:4(5Z,8Z,11Z,14Z))","VJNPDLZENXBRLB-MQEDXBOASA-N","[H][C@@](COCCCCCCCC\C=C/CCCCCCCC)(COP([O-])(=O)OCC[N+](C)(C)C)OC(=O)CCC\C=C/C\C=C/C\C=C/C\C=C/CCCCC","24779379","Found Concentration in Main Study",NA,NA,"No Match"
"BMDB62834","PC(O-20:0/14:0)","WYLXSSKRFXZLGS-VQJSHJPSSA-N","[H][C@@](COCCCCCCCCCCCCCCCCCCCC)(COP([O-])(=O)OCC[N+](C)(C)C)OC(=O)CCCCCCCCCCCCC","52923812","Found Concentration in Main Study",NA,NA,"No Match"
"BMDB62835","PC(O-20:0/14:1(9Z))","KXGWGPVSNKQXRB-XTSQRIEGSA-N","[H][C@@](COCCCCCCCCCCCCCCCCCCCC)(COP([O-])(=O)OCC[N+](C)(C)C)OC(=O)CCCCCCC\C=C/CCCC","52923814","Found Concentration in Main Study",NA,NA,"No Match"
"BMDB62836","PC(O-20:0/16:0)","LYTUERCDYBANSA-VZUYHUTRSA-N","[H][C@@](COCCCCCCCCCCCCCCCCCCCC)(COP([O-])(=O)OCC[N+](C)(C)C)OC(=O)CCCCCCCCCCCCCCC","24779351","Found Concentration in Main Study",NA,NA,"No Match"
"BMDB62837","PC(O-20:0/16:1(9Z))","IMGMENFUBIMZDJ-RPBJOJELSA-N","[H][C@@](COCCCCCCCCCCCCCCCCCCCC)(COP([O-])(=O)OCC[N+](C)(C)C)OC(=O)CCCCCCC\C=C/CCCCCC","52923820","Found Concentration in Main Study",NA,NA,"No Match"
"BMDB62838","PC(O-20:0/18:0)","FJHUSOLWXAPDEY-WBVITSLISA-N","[H][C@@](COCCCCCCCCCCCCCCCCCCCC)(COP([O-])(=O)OCC[N+](C)(C)C)OC(=O)CCCCCCCCCCCCCCCCC","52923828","Found Concentration in Main Study",NA,NA,"No Match"
"BMDB62842","PC(O-20:0/20:5(5Z,8Z,11Z,14Z,17Z))","AGKCACWGAXVMPI-BVWWTNGZSA-N","[H][C@@](COCCCCCCCCCCCCCCCCCCCC)(COP([O-])(=O)OCC[N+](C)(C)C)OC(=O)CCC\C=C/C\C=C/C\C=C/C\C=C/C\C=C/CC","52923854","Found Concentration in Main Study",NA,NA,"No Match"
"BMDB62858","Pivaloylcarnitine","YICAQFPUDACYGQ-UHFFFAOYSA-N","CC(C)(C)C(=O)OC(CC([O-])=O)C[N+](C)(C)C","126894","Found Concentration in Main Study",NA,NA,"No Match"
"BMDB62860","TG(12:0/12:0/20:1(11Z))[iso3]","GRNYLLDULGFJIH-KPJCTZQCSA-N","[H][C@](COC(=O)CCCCCCCCCCC)(COC(=O)CCCCCCCCC\C=C/CCCCCCCC)OC(=O)CCCCCCCCCCC","","Found Concentration in Main Study",NA,NA,"No Match"
"BMDB62861","TG(12:0/12:0/20:2(11Z,14Z))[iso3]","CVVRPLLCUNBBAA-BICVMLFOSA-N","[H][C@](COC(=O)CCCCCCCCCCC)(COC(=O)CCCCCCCCC\C=C/C\C=C/CCCCC)OC(=O)CCCCCCCCCCC","","Found Concentration in Main Study",NA,NA,"No Match"
"BMDB62862","TG(12:0/12:0/20:4(5Z,8Z,11Z,14Z))[iso3]","LYHWFHTYVJGJCI-WBGUIYGTSA-N","[H][C@](COC(=O)CCCCCCCCCCC)(COC(=O)CCC\C=C/C\C=C/C\C=C/C\C=C/CCCCC)OC(=O)CCCCCCCCCCC","","Found Concentration in Main Study","DMD305407","DMD305407","Unique Match (by names only)"
"BMDB62863","TG(12:0/14:0/18:1(9Z))[iso6]","MVBJOSAJFXMGHL-ABRYTUDFSA-N","[H][C@](COC(=O)CCCCCCCCCCC)(COC(=O)CCCCCCC\C=C/CCCCCCCC)OC(=O)CCCCCCCCCCCCC","","Found Concentration in Main Study",NA,NA,"No Match"
"BMDB62864","TG(12:0/14:0/18:2(9Z,12Z))[iso6]","LXHJRBQAAZJFFA-QRMAQVRMSA-N","[H][C@](COC(=O)CCCCCCCCCCC)(COC(=O)CCCCCCC\C=C/C\C=C/CCCCC)OC(=O)CCCCCCCCCCCCC","","Found Concentration in Main Study",NA,NA,"No Match"
"BMDB62865","TG(12:0/14:0/18:4(6Z,9Z,12Z,15Z))[iso6]","DQTSGDMJXFCFHQ-LYHHEJMKSA-N","[H][C@](COC(=O)CCCCCCCCCCC)(COC(=O)CCCC\C=C/C\C=C/C\C=C/C\C=C/CC)OC(=O)CCCCCCCCCCCCC","","Found Concentration in Main Study",NA,NA,"No Match"
"BMDB62866","TG(12:0/14:0/20:2(11Z,14Z))[iso6]","CYWGAXSMAHWMGU-YRRSXJFSSA-N","[H][C@](COC(=O)CCCCCCCCCCC)(COC(=O)CCCCCCCCC\C=C/C\C=C/CCCCC)OC(=O)CCCCCCCCCCCCC","","Found Concentration in Main Study",NA,NA,"No Match"
"BMDB62867","TG(12:0/14:1(9Z)/18:0)[iso6]","AVOSYSUBIBSHKI-ABOJEUERSA-N","[H][C@](COC(=O)CCCCCCCCCCC)(COC(=O)CCCCCCCCCCCCCCCCC)OC(=O)CCCCCCC\C=C/CCCC","","Found Concentration in Main Study",NA,NA,"No Match"
"BMDB62868","TG(12:0/14:1(9Z)/18:1(9Z))[iso6]","MBDIKHHUXKJHDN-QHRRKSMMSA-N","[H][C@](COC(=O)CCCCCCCCCCC)(COC(=O)CCCCCCC\C=C/CCCCCCCC)OC(=O)CCCCCCC\C=C/CCCC","","Found Concentration in Main Study",NA,NA,"No Match"
"BMDB62869","TG(12:0/14:1(9Z)/18:3(6Z,9Z,12Z))[iso6]","IKBGEQZYRUHAHP-UIZJOBFRSA-N","[H][C@](COC(=O)CCCCCCCCCCC)(COC(=O)CCCC\C=C/C\C=C/C\C=C/CCCCC)OC(=O)CCCCCCC\C=C/CCCC","","Found Concentration in Main Study",NA,NA,"No Match"
"BMDB62870","TG(12:0/14:1(9Z)/18:3(9Z,12Z,15Z))[iso6]","AFFSAIPAHKQBQB-MKUXWWROSA-N","[H][C@](COC(=O)CCCCCCCCCCC)(COC(=O)CCCCCCC\C=C/C\C=C/C\C=C/CC)OC(=O)CCCCCCC\C=C/CCCC","","Found Concentration in Main Study",NA,NA,"No Match"
"BMDB62871","TG(12:0/14:1(9Z)/20:1(11Z))[iso6]","WEVPBZFUEDNYCR-BUJWOWMESA-N","[H][C@](COC(=O)CCCCCCCCCCC)(COC(=O)CCCCCCCCC\C=C/CCCCCCCC)OC(=O)CCCCCCC\C=C/CCCC","","Found Concentration in Main Study",NA,NA,"No Match"
"BMDB62872","TG(12:0/16:0/16:1(9Z))[iso6]","OUKDNADVOQVFAR-YPSIIMEBSA-N","[H][C@](COC(=O)CCCCCCCCCCC)(COC(=O)CCCCCCC\C=C/CCCCCC)OC(=O)CCCCCCCCCCCCCCC","","Found Concentration in Main Study","DMD302456","DMD302456","Unique Match (by names only)"
"BMDB62873","TG(12:0/16:0/18:2(9Z,12Z))[iso6]","JORMHQSOEAESEA-UZVIVRTPSA-N","[H][C@](COC(=O)CCCCCCCCCCC)(COC(=O)CCCCCCC\C=C/C\C=C/CCCCC)OC(=O)CCCCCCCCCCCCCCC","","Found Concentration in Main Study",NA,NA,"No Match"
"BMDB62874","TG(12:0/16:0/20:2(11Z,14Z))[iso6]","JPEYPDKNKAECDK-VPTBOMMUSA-N","[H][C@](COC(=O)CCCCCCCCCCC)(COC(=O)CCCCCCCCC\C=C/C\C=C/CCCCC)OC(=O)CCCCCCCCCCCCCCC","","Found Concentration in Main Study",NA,NA,"No Match"
"BMDB62875","TG(12:0/16:0/20:3(8Z,11Z,14Z))[iso6]","LSXSLOKSIWRONY-KVFGBHPRSA-N","[H][C@](COC(=O)CCCCCCCCCCC)(COC(=O)CCCCCC\C=C/C\C=C/C\C=C/CCCCC)OC(=O)CCCCCCCCCCCCCCC","","Found Concentration in Main Study",NA,NA,"No Match"
"BMDB62876","TG(12:0/16:0/22:4(7Z,10Z,13Z,16Z))[iso6]","MXNVSGZRQAPTRK-HWEYRSRFSA-N","[H][C@](COC(=O)CCCCCCCCCCC)(COC(=O)CCCCC\C=C/C\C=C/C\C=C/C\C=C/CCCCC)OC(=O)CCCCCCCCCCCCCCC","","Found Concentration in Main Study",NA,NA,"No Match"
"BMDB62877","TG(12:0/16:1(9Z)/16:1(9Z))[iso3]","LJXSUVSRRMQRRA-PMXDFFEXSA-N","[H][C@](COC(=O)CCCCCCCCCCC)(COC(=O)CCCCCCC\C=C/CCCCCC)OC(=O)CCCCCCC\C=C/CCCCCC","","Found Concentration in Main Study","DMD302457","DMD302457","Unique Match (by names only)"
"BMDB62878","TG(12:0/16:1(9Z)/18:1(9Z))[iso6]","MIEULIUWCBAVBF-SSNYDTSRSA-N","[H][C@](COC(=O)CCCCCCCCCCC)(COC(=O)CCCCCCC\C=C/CCCCCCCC)OC(=O)CCCCCCC\C=C/CCCCCC","","Found Concentration in Main Study",NA,NA,"No Match"
"BMDB62879","TG(12:0/16:1(9Z)/20:1(11Z))[iso6]","YUFODVPWPWJIPV-BKAREHGYSA-N","[H][C@](COC(=O)CCCCCCCCCCC)(COC(=O)CCCCCCCCC\C=C/CCCCCCCC)OC(=O)CCCCCCC\C=C/CCCCCC","","Found Concentration in Main Study",NA,NA,"No Match"
"BMDB62880","TG(12:0/16:1(9Z)/20:2(11Z,14Z))[iso6]","CBQKNYIQOAJYOW-JRVGSKKBSA-N","[H][C@](COC(=O)CCCCCCCCCCC)(COC(=O)CCCCCCCCC\C=C/C\C=C/CCCCC)OC(=O)CCCCCCC\C=C/CCCCCC","","Found Concentration in Main Study",NA,NA,"No Match"
"BMDB62881","TG(12:0/16:1(9Z)/21:0)[iso6]","NSVUZTVADNFZSD-OQCZBKTHSA-N","[H][C@](COC(=O)CCCCCCCCCCC)(COC(=O)CCCCCCCCCCCCCCCCCCCC)OC(=O)CCCCCCC\C=C/CCCCCC","","Found Concentration in Main Study",NA,NA,"No Match"
"BMDB62882","TG(12:0/16:1(9Z)/22:0)[iso6]","BUWKZKZKQQRMFN-NXAFDFGUSA-N","[H][C@](COC(=O)CCCCCCCCCCC)(COC(=O)CCCCCCCCCCCCCCCCCCCCC)OC(=O)CCCCCCC\C=C/CCCCCC","","Found Concentration in Main Study",NA,NA,"No Match"
"BMDB62883","TG(12:0/17:0/20:1(11Z))[iso6]","SCITWUZDHVUOGE-VJHOMCIMSA-N","[H][C@](COC(=O)CCCCCCCCCCC)(COC(=O)CCCCCCCCC\C=C/CCCCCCCC)OC(=O)CCCCCCCCCCCCCCCC","","Found Concentration in Main Study",NA,NA,"No Match"
"BMDB62884","TG(12:0/17:0/20:2(11Z,14Z))[iso6]","RPZKNMRSPIPUJS-VBRMGQJTSA-N","[H][C@](COC(=O)CCCCCCCCCCC)(COC(=O)CCCCCCCCC\C=C/C\C=C/CCCCC)OC(=O)CCCCCCCCCCCCCCCC","","Found Concentration in Main Study",NA,NA,"No Match"
"BMDB62885","TG(12:0/17:0/22:4(7Z,10Z,13Z,16Z))[iso6]","FXUNFLVNPAPRED-QETKJVNZSA-N","[H][C@](COC(=O)CCCCCCCCCCC)(COC(=O)CCCCC\C=C/C\C=C/C\C=C/C\C=C/CCCCC)OC(=O)CCCCCCCCCCCCCCCC","","Found Concentration in Main Study",NA,NA,"No Match"
"BMDB62886","TG(12:0/17:0/22:5(7Z,10Z,13Z,16Z,19Z)) [iso6]","CREXGVDCPQBJHO-NQBSPWFISA-N","[H][C@](COC(=O)CCCCCCCCCCC)(COC(=O)CCCCC\C=C/C\C=C/C\C=C/C\C=C/C\C=C/CC)OC(=O)CCCCCCCCCCCCCCCC","","Found Concentration in Main Study",NA,NA,"No Match"
"BMDB62887","TG(12:0/18:0/18:2(9Z,12Z))[iso6]","WSEFKAMFRMFZNK-LUXFGZKDSA-N","[H][C@](COC(=O)CCCCCCCCCCC)(COC(=O)CCCCCCC\C=C/C\C=C/CCCCC)OC(=O)CCCCCCCCCCCCCCCCC","","Found Concentration in Main Study",NA,NA,"No Match"
"BMDB62888","TG(12:0/18:0/18:3(6Z,9Z,12Z))[iso6]","ROQIOXAIYDBLMI-DRUIPNIQSA-N","[H][C@](COC(=O)CCCCCCCCCCC)(COC(=O)CCCC\C=C/C\C=C/C\C=C/CCCCC)OC(=O)CCCCCCCCCCCCCCCCC","","Found Concentration in Main Study",NA,NA,"No Match"
"BMDB62889","TG(12:0/18:0/18:3(9Z,12Z,15Z))[iso6]","BEHCIKXBZPPALT-MPBPULMFSA-N","[H][C@](COC(=O)CCCCCCCCCCC)(COC(=O)CCCCCCC\C=C/C\C=C/C\C=C/CC)OC(=O)CCCCCCCCCCCCCCCCC","","Found Concentration in Main Study",NA,NA,"No Match"
"BMDB62890","TG(12:0/18:0/20:1(11Z))[iso6]","QHVHJGFVANFNIG-DYSYEDCYSA-N","[H][C@](COC(=O)CCCCCCCCCCC)(COC(=O)CCCCCCCCC\C=C/CCCCCCCC)OC(=O)CCCCCCCCCCCCCCCCC","","Found Concentration in Main Study",NA,NA,"No Match"
"BMDB62891","TG(12:0/18:0/20:2(11Z,14Z))[iso6]","VAVYYRAXCZMJLD-ASCUZVPCSA-N","[H][C@](COC(=O)CCCCCCCCCCC)(COC(=O)CCCCCCCCC\C=C/C\C=C/CCCCC)OC(=O)CCCCCCCCCCCCCCCCC","","Found Concentration in Main Study",NA,NA,"No Match"
"BMDB62892","TG(12:0/18:0/20:3(8Z,11Z,14Z))[iso6]","XGLSJRPIBRAFDY-LXQIPBIJSA-N","[H][C@](COC(=O)CCCCCCCCCCC)(COC(=O)CCCCCC\C=C/C\C=C/C\C=C/CCCCC)OC(=O)CCCCCCCCCCCCCCCCC","","Found Concentration in Main Study",NA,NA,"No Match"
"BMDB62893","TG(12:0/18:0/20:4(5Z,8Z,11Z,14Z))[iso6]","XPMVBSKNIWWAQA-RCEPUWHRSA-N","[H][C@](COC(=O)CCCCCCCCCCC)(COC(=O)CCC\C=C/C\C=C/C\C=C/C\C=C/CCCCC)OC(=O)CCCCCCCCCCCCCCCCC","","Found Concentration in Main Study",NA,NA,"No Match"
"BMDB62894","TG(12:0/18:0/22:4(7Z,10Z,13Z,16Z))[iso6]","NVMOFUULIGVOLA-PEEQXIKTSA-N","[H][C@](COC(=O)CCCCCCCCCCC)(COC(=O)CCCCC\C=C/C\C=C/C\C=C/C\C=C/CCCCC)OC(=O)CCCCCCCCCCCCCCCCC","","Found Concentration in Main Study",NA,NA,"No Match"
"BMDB62895","TG(12:0/18:0/22:5(7Z,10Z,13Z,16Z,19Z))[iso6]","ZZEBATNCADRNOB-KZIIIBBYSA-N","[H][C@](COC(=O)CCCCCCCCCCC)(COC(=O)CCCCC\C=C/C\C=C/C\C=C/C\C=C/C\C=C/CC)OC(=O)CCCCCCCCCCCCCCCCC","","Found Concentration in Main Study",NA,NA,"No Match"
"BMDB62896","TG(12:0/18:1(9Z)/18:1(9Z))[iso3]","SJWUGKDDADDDHD-ZITMFCPVSA-N","[H][C@](COC(=O)CCCCCCCCCCC)(COC(=O)CCCCCCC\C=C/CCCCCCCC)OC(=O)CCCCCCC\C=C/CCCCCCCC","86289329","Found Concentration in Main Study",NA,NA,"No Match"
"BMDB62897","TG(12:0/18:1(9Z)/18:2(9Z,12Z))[iso6]","PURPKTYKZMLEGI-KEMCNQBKSA-N","[H][C@](COC(=O)CCCCCCCCCCC)(COC(=O)CCCCCCC\C=C/C\C=C/CCCCC)OC(=O)CCCCCCC\C=C/CCCCCCCC","","Found Concentration in Main Study",NA,NA,"No Match"
"BMDB62898","TG(12:0/18:1(9Z)/19:0)[iso6]","XQZVDLLWOJQTSL-BECVICMGSA-N","[H][C@](COC(=O)CCCCCCCCCCC)(COC(=O)CCCCCCCCCCCCCCCCCC)OC(=O)CCCCCCC\C=C/CCCCCCCC","","Found Concentration in Main Study",NA,NA,"No Match"
"BMDB62899","TG(12:0/18:1(9Z)/20:0)[iso6]","MQIVOLLFTNWBMM-LRHMKNEPSA-N","[H][C@](COC(=O)CCCCCCCCCCC)(COC(=O)CCCCCCCCCCCCCCCCCCC)OC(=O)CCCCCCC\C=C/CCCCCCCC","","Found Concentration in Main Study",NA,NA,"No Match"
"BMDB62900","TG(12:0/18:1(9Z)/20:1(11Z))[iso6]","ZCLLAQIDPCDZRM-YQYJRGHPSA-N","[H][C@](COC(=O)CCCCCCCCCCC)(COC(=O)CCCCCCCCC\C=C/CCCCCCCC)OC(=O)CCCCCCC\C=C/CCCCCCCC","","Found Concentration in Main Study",NA,NA,"No Match"
"BMDB62901","TG(12:0/18:1(9Z)/20:2(11Z,14Z))[iso6]","OPHWHXJWWWOVLK-CNUVEAJVSA-N","[H][C@](COC(=O)CCCCCCCCCCC)(COC(=O)CCCCCCCCC\C=C/C\C=C/CCCCC)OC(=O)CCCCCCC\C=C/CCCCCCCC","","Found Concentration in Main Study",NA,NA,"No Match"
"BMDB62902","TG(12:0/18:1(9Z)/20:3(8Z,11Z,14Z))[iso6]","VUBLNAWUBCVBJY-KCHBVDRJSA-N","[H][C@](COC(=O)CCCCCCCCCCC)(COC(=O)CCCCCC\C=C/C\C=C/C\C=C/CCCCC)OC(=O)CCCCCCC\C=C/CCCCCCCC","","Found Concentration in Main Study",NA,NA,"No Match"
"BMDB62903","TG(12:0/18:1(9Z)/21:0)[iso6]","CKFJANRMGDOEHT-ONEBHMSQSA-N","[H][C@](COC(=O)CCCCCCCCCCC)(COC(=O)CCCCCCCCCCCCCCCCCCCC)OC(=O)CCCCCCC\C=C/CCCCCCCC","","Found Concentration in Main Study",NA,NA,"No Match"
"BMDB62904","TG(12:0/18:1(9Z)/22:4(7Z,10Z,13Z,16Z))[iso6]","FZYJOKBEHYPLBA-XJUHILAYSA-N","[H][C@](COC(=O)CCCCCCCCCCC)(COC(=O)CCCCC\C=C/C\C=C/C\C=C/C\C=C/CCCCC)OC(=O)CCCCCCC\C=C/CCCCCCCC","","Found Concentration in Main Study",NA,NA,"No Match"
"BMDB62905","TG(12:0/18:2(9Z,12Z)/19:0)[iso6]","NZCVNPXNRZNFIR-YBDWUIGXSA-N","[H][C@](COC(=O)CCCCCCCCCCC)(COC(=O)CCCCCCCCCCCCCCCCCC)OC(=O)CCCCCCC\C=C/C\C=C/CCCCC","","Found Concentration in Main Study",NA,NA,"No Match"
"BMDB62906","TG(12:0/18:2(9Z,12Z)/20:0)[iso6]","IRKYEXPJVDQYNO-CIPMQXRCSA-N","[H][C@](COC(=O)CCCCCCCCCCC)(COC(=O)CCCCCCCCCCCCCCCCCCC)OC(=O)CCCCCCC\C=C/C\C=C/CCCCC","","Found Concentration in Main Study",NA,NA,"No Match"
"BMDB62907","TG(12:0/18:2(9Z,12Z)/20:1(11Z))[iso6]","VNOFKXSESRNPPT-APJJKHFISA-N","[H][C@](COC(=O)CCCCCCCCCCC)(COC(=O)CCCCCCCCC\C=C/CCCCCCCC)OC(=O)CCCCCCC\C=C/C\C=C/CCCCC","","Found Concentration in Main Study",NA,NA,"No Match"
"BMDB62908","TG(12:0/18:2(9Z,12Z)/20:2(11Z,14Z))[iso6]","JAEXCRFFNQOZAF-MGNDXBPFSA-N","[H][C@](COC(=O)CCCCCCCCCCC)(COC(=O)CCCCCCCCC\C=C/C\C=C/CCCCC)OC(=O)CCCCCCC\C=C/C\C=C/CCCCC","","Found Concentration in Main Study",NA,NA,"No Match"
"BMDB62909","TG(12:0/18:2(9Z,12Z)/21:0)[iso6]","ZNCSECOGHWMXLF-SAPBBEOSSA-N","[H][C@](COC(=O)CCCCCCCCCCC)(COC(=O)CCCCCCCCCCCCCCCCCCCC)OC(=O)CCCCCCC\C=C/C\C=C/CCCCC","","Found Concentration in Main Study",NA,NA,"No Match"
"BMDB62910","TG(12:0/18:2(9Z,12Z)/22:0)[iso6]","PDAHUZARCINDIF-CMRGYIKSSA-N","[H][C@](COC(=O)CCCCCCCCCCC)(COC(=O)CCCCCCCCCCCCCCCCCCCCC)OC(=O)CCCCCCC\C=C/C\C=C/CCCCC","","Found Concentration in Main Study",NA,NA,"No Match"
"BMDB62911","TG(12:0/18:3(6Z,9Z,12Z)/20:0)[iso6]","KUABSKFJNSJJCC-BKTAPRNMSA-N","[H][C@](COC(=O)CCCCCCCCCCC)(COC(=O)CCCCCCCCCCCCCCCCCCC)OC(=O)CCCC\C=C/C\C=C/C\C=C/CCCCC","","Found Concentration in Main Study",NA,NA,"No Match"
"BMDB62912","TG(12:0/18:3(6Z,9Z,12Z)/20:1(11Z))[iso6]","GGUBZFSQITUOPH-FFMJOGPISA-N","[H][C@](COC(=O)CCCCCCCCCCC)(COC(=O)CCCCCCCCC\C=C/CCCCCCCC)OC(=O)CCCC\C=C/C\C=C/C\C=C/CCCCC","","Found Concentration in Main Study",NA,NA,"No Match"
"BMDB62913","TG(12:0/18:3(6Z,9Z,12Z)/21:0)[iso6]","ONSMCHKWMPFEEO-UASYJKCXSA-N","[H][C@](COC(=O)CCCCCCCCCCC)(COC(=O)CCCCCCCCCCCCCCCCCCCC)OC(=O)CCCC\C=C/C\C=C/C\C=C/CCCCC","","Found Concentration in Main Study",NA,NA,"No Match"
"BMDB62914","TG(12:0/18:3(6Z,9Z,12Z)/22:0)[iso6]","PECCGPPZHUNPLO-NIZDXQHKSA-N","[H][C@](COC(=O)CCCCCCCCCCC)(COC(=O)CCCCCCCCCCCCCCCCCCCCC)OC(=O)CCCC\C=C/C\C=C/C\C=C/CCCCC","","Found Concentration in Main Study",NA,NA,"No Match"
"BMDB62915","TG(12:0/18:3(9Z,12Z,15Z)/20:0)[iso6]","CIKPTEOQBNTCBH-LCKSDJLGSA-N","[H][C@](COC(=O)CCCCCCCCCCC)(COC(=O)CCCCCCCCCCCCCCCCCCC)OC(=O)CCCCCCC\C=C/C\C=C/C\C=C/CC","","Found Concentration in Main Study",NA,NA,"No Match"
"BMDB62916","TG(12:0/18:3(9Z,12Z,15Z)/20:1(11Z))[iso6]","NSCKVCVXVJTRRP-YNJPTXPCSA-N","[H][C@](COC(=O)CCCCCCCCCCC)(COC(=O)CCCCCCCCC\C=C/CCCCCCCC)OC(=O)CCCCCCC\C=C/C\C=C/C\C=C/CC","","Found Concentration in Main Study",NA,NA,"No Match"
"BMDB62917","TG(12:0/18:3(9Z,12Z,15Z)/21:0)[iso6]","YARNUHXFWBMPGT-APHRHGFBSA-N","[H][C@](COC(=O)CCCCCCCCCCC)(COC(=O)CCCCCCCCCCCCCCCCCCCC)OC(=O)CCCCCCC\C=C/C\C=C/C\C=C/CC","","Found Concentration in Main Study",NA,NA,"No Match"
"BMDB62918","TG(12:0/18:3(9Z,12Z,15Z)/22:0)[iso6]","HKVSAJZAPYFKLS-QXPFBKBUSA-N","[H][C@](COC(=O)CCCCCCCCCCC)(COC(=O)CCCCCCCCCCCCCCCCCCCCC)OC(=O)CCCCCCC\C=C/C\C=C/C\C=C/CC","","Found Concentration in Main Study",NA,NA,"No Match"
"BMDB62919","TG(12:0/18:4(6Z,9Z,12Z,15Z)/20:0)[iso6]","SFAXDXHZHCYSMY-SGHYKFLCSA-N","[H][C@](COC(=O)CCCCCCCCCCC)(COC(=O)CCCCCCCCCCCCCCCCCCC)OC(=O)CCCC\C=C/C\C=C/C\C=C/C\C=C/CC","","Found Concentration in Main Study",NA,NA,"No Match"
"BMDB62920","TG(12:0/18:4(6Z,9Z,12Z,15Z)/21:0)[iso6]","MSYSVIDEPYGIPJ-YZEICNBISA-N","[H][C@](COC(=O)CCCCCCCCCCC)(COC(=O)CCCCCCCCCCCCCCCCCCCC)OC(=O)CCCC\C=C/C\C=C/C\C=C/C\C=C/CC","","Found Concentration in Main Study",NA,NA,"No Match"
"BMDB62921","TG(12:0/18:4(6Z,9Z,12Z,15Z)/22:0)[iso6]","RZXVPZVEHCHXOZ-VRSYIZCRSA-N","[H][C@](COC(=O)CCCCCCCCCCC)(COC(=O)CCCCCCCCCCCCCCCCCCCCC)OC(=O)CCCC\C=C/C\C=C/C\C=C/C\C=C/CC","","Found Concentration in Main Study",NA,NA,"No Match"
"BMDB62922","TG(12:0/19:0/20:1(11Z))[iso6]","ZJAMPDZFZUXTNF-NJWPGQOHSA-N","[H][C@](COC(=O)CCCCCCCCCCC)(COC(=O)CCCCCCCCC\C=C/CCCCCCCC)OC(=O)CCCCCCCCCCCCCCCCCC","","Found Concentration in Main Study",NA,NA,"No Match"
"BMDB62923","TG(12:0/19:0/20:2(11Z,14Z))[iso6]","DDWWNLPQVFVVHK-YSJPYITMSA-N","[H][C@](COC(=O)CCCCCCCCCCC)(COC(=O)CCCCCCCCC\C=C/C\C=C/CCCCC)OC(=O)CCCCCCCCCCCCCCCCCC","","Found Concentration in Main Study",NA,NA,"No Match"
"BMDB62924","TG(12:0/19:0/20:3(8Z,11Z,14Z))[iso6]","VYFUIGAABXGCHN-QYWOXNRNSA-N","[H][C@](COC(=O)CCCCCCCCCCC)(COC(=O)CCCCCC\C=C/C\C=C/C\C=C/CCCCC)OC(=O)CCCCCCCCCCCCCCCCCC","","Found Concentration in Main Study",NA,NA,"No Match"
"BMDB62925","TG(12:0/19:0/20:4(5Z,8Z,11Z,14Z))[iso6]","PRJVEYMTIMLMKT-ONASJJGOSA-N","[H][C@](COC(=O)CCCCCCCCCCC)(COC(=O)CCC\C=C/C\C=C/C\C=C/C\C=C/CCCCC)OC(=O)CCCCCCCCCCCCCCCCCC","","Found Concentration in Main Study",NA,NA,"No Match"
"BMDB62926","TG(12:0/19:0/20:5(5Z,8Z,11Z,14Z,17Z)) [iso6]","IBMHCOHGVKCHST-ZKNBRDMRSA-N","[H][C@](COC(=O)CCCCCCCCCCC)(COC(=O)CCC\C=C/C\C=C/C\C=C/C\C=C/C\C=C/CC)OC(=O)CCCCCCCCCCCCCCCCCC","","Found Concentration in Main Study",NA,NA,"No Match"
"BMDB62927","TG(12:0/19:0/22:4(7Z,10Z,13Z,16Z))[iso6]","HSPFBEZCZCSGHP-NMUXNFCESA-N","[H][C@](COC(=O)CCCCCCCCCCC)(COC(=O)CCCCC\C=C/C\C=C/C\C=C/C\C=C/CCCCC)OC(=O)CCCCCCCCCCCCCCCCCC","","Found Concentration in Main Study",NA,NA,"No Match"
"BMDB62928","TG(12:0/19:0/22:5(7Z,10Z,13Z,16Z,19Z))[iso6]","UZESERBCFQEOJN-BXOIIECBSA-N","[H][C@](COC(=O)CCCCCCCCCCC)(COC(=O)CCCCC\C=C/C\C=C/C\C=C/C\C=C/C\C=C/CC)OC(=O)CCCCCCCCCCCCCCCCCC","","Found Concentration in Main Study",NA,NA,"No Match"
"BMDB62929","TG(12:0/19:0/22:6(4Z,7Z,10Z,13Z,16Z,19Z))[iso6]","ZJMCMRBZPWIKOR-XZKKMAKASA-N","[H][C@](COC(=O)CCCCCCCCCCC)(COC(=O)CC\C=C/C\C=C/C\C=C/C\C=C/C\C=C/C\C=C/CC)OC(=O)CCCCCCCCCCCCCCCCCC","","Found Concentration in Main Study",NA,NA,"No Match"
"BMDB62930","TG(12:0/20:0/20:2(11Z,14Z))[iso6]","SVXLLGLOBZCVOX-UIYOKZBGSA-N","[H][C@](COC(=O)CCCCCCCCCCC)(COC(=O)CCCCCCCCC\C=C/C\C=C/CCCCC)OC(=O)CCCCCCCCCCCCCCCCCCC","","Found Concentration in Main Study",NA,NA,"No Match"
"BMDB62931","TG(12:0/20:0/20:3(8Z,11Z,14Z))[iso6]","WVVSIJRZVJIVCG-PRTZEJFKSA-N","[H][C@](COC(=O)CCCCCCCCCCC)(COC(=O)CCCCCC\C=C/C\C=C/C\C=C/CCCCC)OC(=O)CCCCCCCCCCCCCCCCCCC","","Found Concentration in Main Study",NA,NA,"No Match"
"BMDB62932","TG(12:0/20:0/20:4(5Z,8Z,11Z,14Z))[iso6]","JZPVBZYHZFOOSG-LQDJPJCFSA-N","[H][C@](COC(=O)CCCCCCCCCCC)(COC(=O)CCC\C=C/C\C=C/C\C=C/C\C=C/CCCCC)OC(=O)CCCCCCCCCCCCCCCCCCC","","Found Concentration in Main Study",NA,NA,"No Match"
"BMDB62933","TG(12:0/20:0/20:5(5Z,8Z,11Z,14Z,17Z))[iso6]","QXIJWHIKLQHJPN-VSIMMTCYSA-N","[H][C@](COC(=O)CCCCCCCCCCC)(COC(=O)CCC\C=C/C\C=C/C\C=C/C\C=C/C\C=C/CC)OC(=O)CCCCCCCCCCCCCCCCCCC","","Found Concentration in Main Study",NA,NA,"No Match"
"BMDB62934","TG(12:0/20:0/22:4(7Z,10Z,13Z,16Z))[iso6]","RKORFIGATZMSDF-CHLZEOOYSA-N","[H][C@](COC(=O)CCCCCCCCCCC)(COC(=O)CCCCC\C=C/C\C=C/C\C=C/C\C=C/CCCCC)OC(=O)CCCCCCCCCCCCCCCCCCC","","Found Concentration in Main Study",NA,NA,"No Match"
"BMDB62935","TG(12:0/20:0/22:5(7Z,10Z,13Z,16Z,19Z))[iso6]","XFSYXEGJYOCSNZ-RTENQHPDSA-N","[H][C@](COC(=O)CCCCCCCCCCC)(COC(=O)CCCCC\C=C/C\C=C/C\C=C/C\C=C/C\C=C/CC)OC(=O)CCCCCCCCCCCCCCCCCCC","","Found Concentration in Main Study",NA,NA,"No Match"
"BMDB62936","TG(12:0/20:0/22:6(4Z,7Z,10Z,13Z,16Z,19Z))[iso6]","XFUIHQAOPZPIMB-BKQITPRBSA-N","[H][C@](COC(=O)CCCCCCCCCCC)(COC(=O)CC\C=C/C\C=C/C\C=C/C\C=C/C\C=C/C\C=C/CC)OC(=O)CCCCCCCCCCCCCCCCCCC","","Found Concentration in Main Study",NA,NA,"No Match"
"BMDB62937","TG(12:0/20:1(11Z)/20:1(11Z))[iso3]","ITKPTVCPGKAUSR-AKGJDKGVSA-N","[H][C@](COC(=O)CCCCCCCCCCC)(COC(=O)CCCCCCCCC\C=C/CCCCCCCC)OC(=O)CCCCCCCCC\C=C/CCCCCCCC","","Found Concentration in Main Study",NA,NA,"No Match"
"BMDB62938","TG(12:0/20:1(11Z)/20:2(11Z,14Z))[iso6]","GQRHFSUEYMNFGP-RUMSBYJFSA-N","[H][C@](COC(=O)CCCCCCCCCCC)(COC(=O)CCCCCCCCC\C=C/C\C=C/CCCCC)OC(=O)CCCCCCCCC\C=C/CCCCCCCC","","Found Concentration in Main Study",NA,NA,"No Match"
"BMDB62939","TG(12:0/20:1(11Z)/20:3(8Z,11Z,14Z))[iso6]","SOLVSVVHDNLWGB-FVGJGBSGSA-N","[H][C@](COC(=O)CCCCCCCCCCC)(COC(=O)CCCCCC\C=C/C\C=C/C\C=C/CCCCC)OC(=O)CCCCCCCCC\C=C/CCCCCCCC","","Found Concentration in Main Study",NA,NA,"No Match"
"BMDB62940","TG(12:0/20:1(11Z)/20:4(5Z,8Z,11Z,14Z))[iso6]","SFNMQJOWSONERD-VIEMTFETSA-N","[H][C@](COC(=O)CCCCCCCCCCC)(COC(=O)CCC\C=C/C\C=C/C\C=C/C\C=C/CCCCC)OC(=O)CCCCCCCCC\C=C/CCCCCCCC","","Found Concentration in Main Study",NA,NA,"No Match"
"BMDB62941","TG(12:0/20:1(11Z)/22:4(7Z,10Z,13Z,16Z))[iso6]","IZOVEEZIPGFTHR-IOLOQNMFSA-N","[H][C@](COC(=O)CCCCCCCCCCC)(COC(=O)CCCCC\C=C/C\C=C/C\C=C/C\C=C/CCCCC)OC(=O)CCCCCCCCC\C=C/CCCCCCCC","","Found Concentration in Main Study",NA,NA,"No Match"
"BMDB62942","TG(12:0/20:1(11Z)/22:5(7Z,10Z,13Z,16Z,19Z))[iso6]","ISSDVCAZGDNZNW-XZZXKDSRSA-N","[H][C@](COC(=O)CCCCCCCCCCC)(COC(=O)CCCCC\C=C/C\C=C/C\C=C/C\C=C/C\C=C/CC)OC(=O)CCCCCCCCC\C=C/CCCCCCCC","","Found Concentration in Main Study",NA,NA,"No Match"
"BMDB62943","TG(12:0/20:2(11Z,14Z)/20:2(11Z,14Z))[iso3]","APQSFWXWFHPYLD-FQMGHLQGSA-N","[H][C@](COC(=O)CCCCCCCCCCC)(COC(=O)CCCCCCCCC\C=C/C\C=C/CCCCC)OC(=O)CCCCCCCCC\C=C/C\C=C/CCCCC","","Found Concentration in Main Study",NA,NA,"No Match"
"BMDB62944","TG(12:0/20:2(11Z,14Z)/20:3(8Z,11Z,14Z))[iso6]","CZWWDPZCCBALQM-JIOLMCDVSA-N","[H][C@](COC(=O)CCCCCCCCCCC)(COC(=O)CCCCCC\C=C/C\C=C/C\C=C/CCCCC)OC(=O)CCCCCCCCC\C=C/C\C=C/CCCCC","","Found Concentration in Main Study",NA,NA,"No Match"
"BMDB62945","TG(12:0/20:2(11Z,14Z)/22:0)[iso6]","ZYUCRKVOUJUNFA-IBLGBKHBSA-N","[H][C@](COC(=O)CCCCCCCCCCC)(COC(=O)CCCCCCCCCCCCCCCCCCCCC)OC(=O)CCCCCCCCC\C=C/C\C=C/CCCCC","","Found Concentration in Main Study",NA,NA,"No Match"
"BMDB62946","TG(12:0/20:2(11Z,14Z)/22:4(7Z,10Z,13Z,16Z))[iso6]","YPRWJPINHXHUPY-YSSDXILJSA-N","[H][C@](COC(=O)CCCCCCCCCCC)(COC(=O)CCCCC\C=C/C\C=C/C\C=C/C\C=C/CCCCC)OC(=O)CCCCCCCCC\C=C/C\C=C/CCCCC","","Found Concentration in Main Study",NA,NA,"No Match"
"BMDB62947","TG(12:0/20:3(8Z,11Z,14Z)/21:0)[iso6]","QKRBLQDGBRLIGM-ATRVMFSLSA-N","[H][C@](COC(=O)CCCCCCCCCCC)(COC(=O)CCCCCCCCCCCCCCCCCCCC)OC(=O)CCCCCC\C=C/C\C=C/C\C=C/CCCCC","","Found Concentration in Main Study",NA,NA,"No Match"
"BMDB62948","TG(12:0/20:3(8Z,11Z,14Z)/22:0)[iso6]","VLHYRMSJLUACJA-SWLNQUICSA-N","[H][C@](COC(=O)CCCCCCCCCCC)(COC(=O)CCCCCCCCCCCCCCCCCCCCC)OC(=O)CCCCCC\C=C/C\C=C/C\C=C/CCCCC","","Found Concentration in Main Study",NA,NA,"No Match"
"BMDB62949","TG(12:0/20:4(5Z,8Z,11Z,14Z)/21:0)[iso6]","MVCFRDRRHPCLEV-GTKMEANGSA-N","[H][C@](COC(=O)CCCCCCCCCCC)(COC(=O)CCCCCCCCCCCCCCCCCCCC)OC(=O)CCC\C=C/C\C=C/C\C=C/C\C=C/CCCCC","","Found Concentration in Main Study",NA,NA,"No Match"
"BMDB62950","TG(12:0/20:4(5Z,8Z,11Z,14Z)/22:0)[iso6]","MGQMGGUWTIFWOC-CVLVQIDISA-N","[H][C@](COC(=O)CCCCCCCCCCC)(COC(=O)CCCCCCCCCCCCCCCCCCCCC)OC(=O)CCC\C=C/C\C=C/C\C=C/C\C=C/CCCCC","","Found Concentration in Main Study",NA,NA,"No Match"
"BMDB62951","TG(12:0/20:5(5Z,8Z,11Z,14Z,17Z)/21:0)[iso6]","OZFGEFDUPOAJMN-NPTYWZOTSA-N","[H][C@](COC(=O)CCCCCCCCCCC)(COC(=O)CCCCCCCCCCCCCCCCCCCC)OC(=O)CCC\C=C/C\C=C/C\C=C/C\C=C/C\C=C/CC","","Found Concentration in Main Study",NA,NA,"No Match"
"BMDB62952","TG(12:0/20:5(5Z,8Z,11Z,14Z,17Z)/22:0)[iso6]","CVUCKDOPJGVEGC-VDXWIDMYSA-N","[H][C@](COC(=O)CCCCCCCCCCC)(COC(=O)CCCCCCCCCCCCCCCCCCCCC)OC(=O)CCC\C=C/C\C=C/C\C=C/C\C=C/C\C=C/CC","","Found Concentration in Main Study",NA,NA,"No Match"
"BMDB62953","TG(12:0/21:0/22:6(4Z,7Z,10Z,13Z,16Z,19Z))[iso6]","JHHGYOALRGWULX-OEMXPNGESA-N","[H][C@](COC(=O)CCCCCCCCCCC)(COC(=O)CC\C=C/C\C=C/C\C=C/C\C=C/C\C=C/C\C=C/CC)OC(=O)CCCCCCCCCCCCCCCCCCCC","","Found Concentration in Main Study",NA,NA,"No Match"
"BMDB62954","TG(12:0/22:0/22:6(4Z,7Z,10Z,13Z,16Z,19Z))[iso6]","DBVWYMAAALQYDW-IDWWUEHVSA-N","[H][C@](COC(=O)CCCCCCCCCCC)(COC(=O)CC\C=C/C\C=C/C\C=C/C\C=C/C\C=C/C\C=C/CC)OC(=O)CCCCCCCCCCCCCCCCCCCCC","","Found Concentration in Main Study",NA,NA,"No Match"
"BMDB62955","TG(13:0/13:0/18:1(9Z))[iso3]","GGVPEFFSCWJNIA-NLEOTPFDSA-N","[H][C@](COC(=O)CCCCCCCCCCCC)(COC(=O)CCCCCCC\C=C/CCCCCCCC)OC(=O)CCCCCCCCCCCC","","Found Concentration in Main Study",NA,NA,"No Match"
"BMDB62956","TG(13:0/13:0/18:2(9Z,12Z))[iso3]","WCSHVUBSHKREDG-OOFJJGFMSA-N","[H][C@](COC(=O)CCCCCCCCCCCC)(COC(=O)CCCCCCC\C=C/C\C=C/CCCCC)OC(=O)CCCCCCCCCCCC","","Found Concentration in Main Study",NA,NA,"No Match"
"BMDB62957","TG(13:0/13:0/18:4(6Z,9Z,12Z,15Z))[iso3]","ZDGQXLQHDMBLIA-IGVGVCPDSA-N","[H][C@](COC(=O)CCCCCCCCCCCC)(COC(=O)CCCC\C=C/C\C=C/C\C=C/C\C=C/CC)OC(=O)CCCCCCCCCCCC","","Found Concentration in Main Study",NA,NA,"No Match"
"BMDB62958","TG(13:0/13:0/20:2(11Z,14Z))[iso3]","CHIHFBRVSHTOGA-UZVIVRTPSA-N","[H][C@](COC(=O)CCCCCCCCCCCC)(COC(=O)CCCCCCCCC\C=C/C\C=C/CCCCC)OC(=O)CCCCCCCCCCCC","","Found Concentration in Main Study",NA,NA,"No Match"
"BMDB62959","TG(13:0/14:1(9Z)/17:0)[iso6]","NYTHUGZAKYLXQB-ABOJEUERSA-N","[H][C@](COC(=O)CCCCCCCCCCCC)(COC(=O)CCCCCCCCCCCCCCCC)OC(=O)CCCCCCC\C=C/CCCC","","Found Concentration in Main Study",NA,NA,"No Match"
"BMDB62960","TG(13:0/14:1(9Z)/22:0)[iso6]","HMIFSEWNIWVFIH-XYMFCUSKSA-N","[H][C@](COC(=O)CCCCCCCCCCCC)(COC(=O)CCCCCCCCCCCCCCCCCCCCC)OC(=O)CCCCCCC\C=C/CCCC","","Found Concentration in Main Study",NA,NA,"No Match"
"BMDB62961","TG(13:0/15:0/16:1(9Z))[iso6]","NWMBZDQXLSCPKA-ZJNAVBKXSA-N","[H][C@](COC(=O)CCCCCCCCCCCC)(COC(=O)CCCCCCC\C=C/CCCCCC)OC(=O)CCCCCCCCCCCCCC","","Found Concentration in Main Study",NA,NA,"No Match"
"BMDB62962","TG(13:0/15:0/18:2(9Z,12Z))[iso6]","IUDOKIABRZVDOI-WWNPDYEESA-N","[H][C@](COC(=O)CCCCCCCCCCCC)(COC(=O)CCCCCCC\C=C/C\C=C/CCCCC)OC(=O)CCCCCCCCCCCCCC","","Found Concentration in Main Study",NA,NA,"No Match"
"BMDB62963","TG(13:0/15:0/20:2(11Z,14Z))[iso6]","RASDPAORLPVSRI-RGFFXGESSA-N","[H][C@](COC(=O)CCCCCCCCCCCC)(COC(=O)CCCCCCCCC\C=C/C\C=C/CCCCC)OC(=O)CCCCCCCCCCCCCC","","Found Concentration in Main Study",NA,NA,"No Match"
"BMDB62964","TG(13:0/15:0/20:3(8Z,11Z,14Z))[iso6]","XTIXMOHKZTYZBK-RVMWUOHGSA-N","[H][C@](COC(=O)CCCCCCCCCCCC)(COC(=O)CCCCCC\C=C/C\C=C/C\C=C/CCCCC)OC(=O)CCCCCCCCCCCCCC","","Found Concentration in Main Study",NA,NA,"No Match"
"BMDB62965","TG(13:0/15:0/22:4(7Z,10Z,13Z,16Z))[iso6]","RJZNVPSSFBYEQG-VBONPLQXSA-N","[H][C@](COC(=O)CCCCCCCCCCCC)(COC(=O)CCCCC\C=C/C\C=C/C\C=C/C\C=C/CCCCC)OC(=O)CCCCCCCCCCCCCC","","Found Concentration in Main Study",NA,NA,"No Match"
"BMDB62966","TG(13:0/16:0/20:1(11Z))[iso6]","XVLAWFCHGNBVMP-AHTWSVOLSA-N","[H][C@](COC(=O)CCCCCCCCCCCC)(COC(=O)CCCCCCCCC\C=C/CCCCCCCC)OC(=O)CCCCCCCCCCCCCCC","","Found Concentration in Main Study",NA,NA,"No Match"
"BMDB62967","TG(13:0/16:0/20:2(11Z,14Z))[iso6]","OKUVFELQPOGWIP-ASUOMLQXSA-N","[H][C@](COC(=O)CCCCCCCCCCCC)(COC(=O)CCCCCCCCC\C=C/C\C=C/CCCCC)OC(=O)CCCCCCCCCCCCCCC","","Found Concentration in Main Study",NA,NA,"No Match"
"BMDB62968","TG(13:0/16:0/22:4(7Z,10Z,13Z,16Z))[iso6]","VYBIOIYDPQZXCL-CTMUKDPYSA-N","[H][C@](COC(=O)CCCCCCCCCCCC)(COC(=O)CCCCC\C=C/C\C=C/C\C=C/C\C=C/CCCCC)OC(=O)CCCCCCCCCCCCCCC","","Found Concentration in Main Study",NA,NA,"No Match"
"BMDB62969","TG(13:0/16:0/22:5(7Z,10Z,13Z,16Z,19Z)) [iso6]","PSZFRKPKXBAWCL-LRFBEJBQSA-N","[H][C@](COC(=O)CCCCCCCCCCCC)(COC(=O)CCCCC\C=C/C\C=C/C\C=C/C\C=C/C\C=C/CC)OC(=O)CCCCCCCCCCCCCCC","","Found Concentration in Main Study",NA,NA,"No Match"
"BMDB62970","TG(13:0/16:1(9Z)/20:0)[iso6]","RKHRZOFBRXROOF-ZCXHGMKPSA-N","[H][C@](COC(=O)CCCCCCCCCCCC)(COC(=O)CCCCCCCCCCCCCCCCCCC)OC(=O)CCCCCCC\C=C/CCCCCC","","Found Concentration in Main Study",NA,NA,"No Match"
"BMDB62971","TG(13:0/16:1(9Z)/20:1(11Z))[iso6]","HXLJROVZNRBAEI-NMVAYRARSA-N","[H][C@](COC(=O)CCCCCCCCCCCC)(COC(=O)CCCCCCCCC\C=C/CCCCCCCC)OC(=O)CCCCCCC\C=C/CCCCCC","","Found Concentration in Main Study",NA,NA,"No Match"
"BMDB62972","TG(13:0/16:1(9Z)/21:0)[iso6]","YBSVRQOYFXBGQD-YVMYVILJSA-N","[H][C@](COC(=O)CCCCCCCCCCCC)(COC(=O)CCCCCCCCCCCCCCCCCCCC)OC(=O)CCCCCCC\C=C/CCCCCC","","Found Concentration in Main Study",NA,NA,"No Match"
"BMDB62973","TG(13:0/16:1(9Z)/22:0)[iso6]","SVNKNRVTRHEZLT-KMIVGPLPSA-N","[H][C@](COC(=O)CCCCCCCCCCCC)(COC(=O)CCCCCCCCCCCCCCCCCCCCC)OC(=O)CCCCCCC\C=C/CCCCCC","","Found Concentration in Main Study",NA,NA,"No Match"
"BMDB62974","TG(13:0/16:1(9Z)/22:4(7Z,10Z,13Z,16Z)) [iso6]","FNTLKBBHGHNWDC-YWLNVRHBSA-N","[H][C@](COC(=O)CCCCCCCCCCCC)(COC(=O)CCCCC\C=C/C\C=C/C\C=C/C\C=C/CCCCC)OC(=O)CCCCCCC\C=C/CCCCCC","","Found Concentration in Main Study",NA,NA,"No Match"
"BMDB62975","TG(13:0/17:0/18:2(9Z,12Z))[iso6]","OZJYKACPBBLZSG-HNBCDQRFSA-N","[H][C@](COC(=O)CCCCCCCCCCCC)(COC(=O)CCCCCCC\C=C/C\C=C/CCCCC)OC(=O)CCCCCCCCCCCCCCCC","","Found Concentration in Main Study",NA,NA,"No Match"
"BMDB62976","TG(13:0/17:0/18:3(6Z,9Z,12Z))[iso6]","JQSYLJUKYGRJSK-BGJCZQFZSA-N","[H][C@](COC(=O)CCCCCCCCCCCC)(COC(=O)CCCC\C=C/C\C=C/C\C=C/CCCCC)OC(=O)CCCCCCCCCCCCCCCC","","Found Concentration in Main Study",NA,NA,"No Match"
"BMDB62977","TG(13:0/17:0/18:3(9Z,12Z,15Z))[iso6]","KAEPXNLYZDRZMB-APLCPMATSA-N","[H][C@](COC(=O)CCCCCCCCCCCC)(COC(=O)CCCCCCC\C=C/C\C=C/C\C=C/CC)OC(=O)CCCCCCCCCCCCCCCC","","Found Concentration in Main Study",NA,NA,"No Match"
"BMDB62978","TG(13:0/17:0/20:1(11Z))[iso6]","CVOIZWDZHGKEOI-YVUYSCDNSA-N","[H][C@](COC(=O)CCCCCCCCCCCC)(COC(=O)CCCCCCCCC\C=C/CCCCCCCC)OC(=O)CCCCCCCCCCCCCCCC","","Found Concentration in Main Study",NA,NA,"No Match"
"BMDB62979","TG(13:0/17:0/20:2(11Z,14Z))[iso6]","QPFDNHJFFVQVBS-TUVYQMNMSA-N","[H][C@](COC(=O)CCCCCCCCCCCC)(COC(=O)CCCCCCCCC\C=C/C\C=C/CCCCC)OC(=O)CCCCCCCCCCCCCCCC","","Found Concentration in Main Study",NA,NA,"No Match"
"BMDB62980","TG(13:0/17:0/20:3(8Z,11Z,14Z))[iso6]","ZKJGYVGAJPHYFC-ARXXLZDASA-N","[H][C@](COC(=O)CCCCCCCCCCCC)(COC(=O)CCCCCC\C=C/C\C=C/C\C=C/CCCCC)OC(=O)CCCCCCCCCCCCCCCC","","Found Concentration in Main Study",NA,NA,"No Match"
"BMDB62981","TG(13:0/17:0/20:4(5Z,8Z,11Z,14Z))[iso6]","LRPVSDFSGZQPBM-LBDKGULVSA-N","[H][C@](COC(=O)CCCCCCCCCCCC)(COC(=O)CCC\C=C/C\C=C/C\C=C/C\C=C/CCCCC)OC(=O)CCCCCCCCCCCCCCCC","","Found Concentration in Main Study",NA,NA,"No Match"
"BMDB62982","TG(13:0/17:0/22:4(7Z,10Z,13Z,16Z))[iso6]","QVKNIVNDYMBGDU-XVIRPOKRSA-N","[H][C@](COC(=O)CCCCCCCCCCCC)(COC(=O)CCCCC\C=C/C\C=C/C\C=C/C\C=C/CCCCC)OC(=O)CCCCCCCCCCCCCCCC","","Found Concentration in Main Study",NA,NA,"No Match"
"BMDB62983","TG(13:0/17:0/22:5(7Z,10Z,13Z,16Z,19Z))[iso6]","AHUWPHLEHINDNR-MLFBNNMUSA-N","[H][C@](COC(=O)CCCCCCCCCCCC)(COC(=O)CCCCC\C=C/C\C=C/C\C=C/C\C=C/C\C=C/CC)OC(=O)CCCCCCCCCCCCCCCC","","Found Concentration in Main Study",NA,NA,"No Match"
"BMDB62984","TG(13:0/18:0/18:1(9Z))[iso6]","QJWQMVKTAVFSDI-BECVICMGSA-N","[H][C@](COC(=O)CCCCCCCCCCCC)(COC(=O)CCCCCCC\C=C/CCCCCCCC)OC(=O)CCCCCCCCCCCCCCCCC","","Found Concentration in Main Study",NA,NA,"No Match"
"BMDB62985","TG(13:0/18:0/18:2(9Z,12Z))[iso6]","MPSZKUJKQLQTGL-GTOVTWMZSA-N","[H][C@](COC(=O)CCCCCCCCCCCC)(COC(=O)CCCCCCC\C=C/C\C=C/CCCCC)OC(=O)CCCCCCCCCCCCCCCCC","","Found Concentration in Main Study",NA,NA,"No Match"
"BMDB62986","TG(13:0/18:0/20:1(11Z))[iso6]","QUWUOGDVBVKMGQ-TUZFXVNVSA-N","[H][C@](COC(=O)CCCCCCCCCCCC)(COC(=O)CCCCCCCCC\C=C/CCCCCCCC)OC(=O)CCCCCCCCCCCCCCCCC","","Found Concentration in Main Study",NA,NA,"No Match"
"BMDB62987","TG(13:0/18:0/20:2(11Z,14Z))[iso6]","PWZURXUZDLYDSO-GZAKRJTLSA-N","[H][C@](COC(=O)CCCCCCCCCCCC)(COC(=O)CCCCCCCCC\C=C/C\C=C/CCCCC)OC(=O)CCCCCCCCCCCCCCCCC","","Found Concentration in Main Study",NA,NA,"No Match"
"BMDB62988","TG(13:0/18:0/20:3(8Z,11Z,14Z))[iso6]","ZFKDRSAWXWIDMM-QVHHXCRHSA-N","[H][C@](COC(=O)CCCCCCCCCCCC)(COC(=O)CCCCCC\C=C/C\C=C/C\C=C/CCCCC)OC(=O)CCCCCCCCCCCCCCCCC","","Found Concentration in Main Study",NA,NA,"No Match"
"BMDB62989","TG(13:0/18:0/20:4(5Z,8Z,11Z,14Z))[iso6]","WKJHFGHOTZEQSN-IBKOZDTASA-N","[H][C@](COC(=O)CCCCCCCCCCCC)(COC(=O)CCC\C=C/C\C=C/C\C=C/C\C=C/CCCCC)OC(=O)CCCCCCCCCCCCCCCCC","","Found Concentration in Main Study",NA,NA,"No Match"
"BMDB62990","TG(13:0/18:0/20:5(5Z,8Z,11Z,14Z,17Z)) [iso6]","UNZGAPDOGSJJPO-AMXGNSSDSA-N","[H][C@](COC(=O)CCCCCCCCCCCC)(COC(=O)CCC\C=C/C\C=C/C\C=C/C\C=C/C\C=C/CC)OC(=O)CCCCCCCCCCCCCCCCC","","Found Concentration in Main Study",NA,NA,"No Match"
"BMDB62991","TG(13:0/18:0/22:4(7Z,10Z,13Z,16Z))[iso6]","YGUMWAQSARLQFW-WQLIHNPWSA-N","[H][C@](COC(=O)CCCCCCCCCCCC)(COC(=O)CCCCC\C=C/C\C=C/C\C=C/C\C=C/CCCCC)OC(=O)CCCCCCCCCCCCCCCCC","","Found Concentration in Main Study",NA,NA,"No Match"
"BMDB62992","TG(13:0/18:0/22:5(7Z,10Z,13Z,16Z,19Z))[iso6]","HFVHAUAVZCIYCK-XQJAOTSNSA-N","[H][C@](COC(=O)CCCCCCCCCCCC)(COC(=O)CCCCC\C=C/C\C=C/C\C=C/C\C=C/C\C=C/CC)OC(=O)CCCCCCCCCCCCCCCCC","","Found Concentration in Main Study",NA,NA,"No Match"
"BMDB62993","TG(13:0/18:0/22:6(4Z,7Z,10Z,13Z,16Z,19Z))[iso6]","CZHDPIRCZCRMPL-OOHHMSMLSA-N","[H][C@](COC(=O)CCCCCCCCCCCC)(COC(=O)CC\C=C/C\C=C/C\C=C/C\C=C/C\C=C/C\C=C/CC)OC(=O)CCCCCCCCCCCCCCCCC","","Found Concentration in Main Study",NA,NA,"No Match"
"BMDB62994","TG(13:0/18:1(9Z)/18:1(9Z))[iso3]","CKCCBJSARYBDHM-PTXHZILLSA-N","[H][C@](COC(=O)CCCCCCCCCCCC)(COC(=O)CCCCCCC\C=C/CCCCCCCC)OC(=O)CCCCCCC\C=C/CCCCCCCC","","Found Concentration in Main Study",NA,NA,"No Match"
"BMDB62995","TG(13:0/18:1(9Z)/19:0)[iso6]","MRFSPTSAEVUAAE-QMQKRLOWSA-N","[H][C@](COC(=O)CCCCCCCCCCCC)(COC(=O)CCCCCCCCCCCCCCCCCC)OC(=O)CCCCCCC\C=C/CCCCCCCC","","Found Concentration in Main Study",NA,NA,"No Match"
"BMDB62996","TG(13:0/18:1(9Z)/20:0)[iso6]","ACQCATAWVAMHOW-XGJCFNBDSA-N","[H][C@](COC(=O)CCCCCCCCCCCC)(COC(=O)CCCCCCCCCCCCCCCCCCC)OC(=O)CCCCCCC\C=C/CCCCCCCC","","Found Concentration in Main Study",NA,NA,"No Match"
"BMDB62997","TG(13:0/18:1(9Z)/20:1(11Z))[iso6]","HLPHIWKXOMMFJW-POVVDDHSSA-N","[H][C@](COC(=O)CCCCCCCCCCCC)(COC(=O)CCCCCCCCC\C=C/CCCCCCCC)OC(=O)CCCCCCC\C=C/CCCCCCCC","","Found Concentration in Main Study",NA,NA,"No Match"
"BMDB62998","TG(13:0/18:1(9Z)/20:2(11Z,14Z))[iso6]","LQFDWCOUHOLIAZ-NDDJKLGGSA-N","[H][C@](COC(=O)CCCCCCCCCCCC)(COC(=O)CCCCCCCCC\C=C/C\C=C/CCCCC)OC(=O)CCCCCCC\C=C/CCCCCCCC","","Found Concentration in Main Study",NA,NA,"No Match"
"BMDB62999","TG(13:0/18:1(9Z)/20:3(8Z,11Z,14Z))[iso6]","FVIWAMDZIUQJFG-ISFQXSLXSA-N","[H][C@](COC(=O)CCCCCCCCCCCC)(COC(=O)CCCCCC\C=C/C\C=C/C\C=C/CCCCC)OC(=O)CCCCCCC\C=C/CCCCCCCC","","Found Concentration in Main Study",NA,NA,"No Match"
"BMDB63000","TG(13:0/18:1(9Z)/20:4(5Z,8Z,11Z,14Z)) [iso6]","FNUNSCUMSTXXAA-RIJYTWBGSA-N","[H][C@](COC(=O)CCCCCCCCCCCC)(COC(=O)CCC\C=C/C\C=C/C\C=C/C\C=C/CCCCC)OC(=O)CCCCCCC\C=C/CCCCCCCC","","Found Concentration in Main Study",NA,NA,"No Match"
"BMDB63001","TG(13:0/18:1(9Z)/22:4(7Z,10Z,13Z,16Z))[iso6]","SKGYSQPNOVMJNM-SYKPUWPCSA-N","[H][C@](COC(=O)CCCCCCCCCCCC)(COC(=O)CCCCC\C=C/C\C=C/C\C=C/C\C=C/CCCCC)OC(=O)CCCCCCC\C=C/CCCCCCCC","","Found Concentration in Main Study",NA,NA,"No Match"
"BMDB63002","TG(13:0/18:1(9Z)/22:5(7Z,10Z,13Z,16Z,19Z))[iso6]","RKIMJDOKUVKTAO-PSLXYLSISA-N","[H][C@](COC(=O)CCCCCCCCCCCC)(COC(=O)CCCCC\C=C/C\C=C/C\C=C/C\C=C/C\C=C/CC)OC(=O)CCCCCCC\C=C/CCCCCCCC","","Found Concentration in Main Study",NA,NA,"No Match"
"BMDB63003","TG(13:0/18:2(9Z,12Z)/19:0)[iso6]","PEAGXULBJKUAIC-KWTXMQEJSA-N","[H][C@](COC(=O)CCCCCCCCCCCC)(COC(=O)CCCCCCCCCCCCCCCCCC)OC(=O)CCCCCCC\C=C/C\C=C/CCCCC","","Found Concentration in Main Study",NA,NA,"No Match"
"BMDB63004","TG(13:0/18:2(9Z,12Z)/20:0)[iso6]","VLBFRGUWJIXFOW-MBRRCTAISA-N","[H][C@](COC(=O)CCCCCCCCCCCC)(COC(=O)CCCCCCCCCCCCCCCCCCC)OC(=O)CCCCCCC\C=C/C\C=C/CCCCC","","Found Concentration in Main Study",NA,NA,"No Match"
"BMDB63005","TG(13:0/18:2(9Z,12Z)/20:1(11Z))[iso6]","POBJFNDKDPKMRR-FMAWTZAGSA-N","[H][C@](COC(=O)CCCCCCCCCCCC)(COC(=O)CCCCCCCCC\C=C/CCCCCCCC)OC(=O)CCCCCCC\C=C/C\C=C/CCCCC","","Found Concentration in Main Study",NA,NA,"No Match"
"BMDB63006","TG(13:0/18:2(9Z,12Z)/20:2(11Z,14Z))[iso6]","YTKDKIKYOWJUBZ-VHDOBDHESA-N","[H][C@](COC(=O)CCCCCCCCCCCC)(COC(=O)CCCCCCCCC\C=C/C\C=C/CCCCC)OC(=O)CCCCCCC\C=C/C\C=C/CCCCC","","Found Concentration in Main Study",NA,NA,"No Match"
"BMDB63007","TG(13:0/18:2(9Z,12Z)/20:3(8Z,11Z,14Z)) [iso6]","RJDDQDDFVRXSER-FMIIDCPYSA-N","[H][C@](COC(=O)CCCCCCCCCCCC)(COC(=O)CCCCCC\C=C/C\C=C/C\C=C/CCCCC)OC(=O)CCCCCCC\C=C/C\C=C/CCCCC","","Found Concentration in Main Study",NA,NA,"No Match"
"BMDB63008","TG(13:0/18:2(9Z,12Z)/21:0)[iso6]","CNPYKTUWCNLZQA-SBNBWDRPSA-N","[H][C@](COC(=O)CCCCCCCCCCCC)(COC(=O)CCCCCCCCCCCCCCCCCCCC)OC(=O)CCCCCCC\C=C/C\C=C/CCCCC","","Found Concentration in Main Study",NA,NA,"No Match"
"BMDB63009","TG(13:0/18:2(9Z,12Z)/22:4(7Z,10Z,13Z,16Z))[iso6]","KBAFIDSGAZQARH-RVUZSCCQSA-N","[H][C@](COC(=O)CCCCCCCCCCCC)(COC(=O)CCCCC\C=C/C\C=C/C\C=C/C\C=C/CCCCC)OC(=O)CCCCCCC\C=C/C\C=C/CCCCC","","Found Concentration in Main Study",NA,NA,"No Match"
"BMDB63010","TG(13:0/18:3(6Z,9Z,12Z)/19:0)[iso6]","MKJAQODNPUUQJU-BSOQDWHRSA-N","[H][C@](COC(=O)CCCCCCCCCCCC)(COC(=O)CCCCCCCCCCCCCCCCCC)OC(=O)CCCC\C=C/C\C=C/C\C=C/CCCCC","","Found Concentration in Main Study",NA,NA,"No Match"
"BMDB63011","TG(13:0/18:3(6Z,9Z,12Z)/20:0)[iso6]","QXUCOIAXMVMJPL-AOWJAQEFSA-N","[H][C@](COC(=O)CCCCCCCCCCCC)(COC(=O)CCCCCCCCCCCCCCCCCCC)OC(=O)CCCC\C=C/C\C=C/C\C=C/CCCCC","","Found Concentration in Main Study",NA,NA,"No Match"
"BMDB63012","TG(13:0/18:3(6Z,9Z,12Z)/20:1(11Z))[iso6]","TYSISORFUUEKNA-FIOWJEAUSA-N","[H][C@](COC(=O)CCCCCCCCCCCC)(COC(=O)CCCCCCCCC\C=C/CCCCCCCC)OC(=O)CCCC\C=C/C\C=C/C\C=C/CCCCC","","Found Concentration in Main Study",NA,NA,"No Match"
"BMDB63013","TG(13:0/18:3(6Z,9Z,12Z)/20:2(11Z,14Z)) [iso6]","HIZLCDUBCWMXSQ-ZFRQISOWSA-N","[H][C@](COC(=O)CCCCCCCCCCCC)(COC(=O)CCCCCCCCC\C=C/C\C=C/CCCCC)OC(=O)CCCC\C=C/C\C=C/C\C=C/CCCCC","","Found Concentration in Main Study",NA,NA,"No Match"
"BMDB63014","TG(13:0/18:3(6Z,9Z,12Z)/21:0)[iso6]","KCSFDVNMTBKNRH-NXVOMUFBSA-N","[H][C@](COC(=O)CCCCCCCCCCCC)(COC(=O)CCCCCCCCCCCCCCCCCCCC)OC(=O)CCCC\C=C/C\C=C/C\C=C/CCCCC","","Found Concentration in Main Study",NA,NA,"No Match"
"BMDB63015","TG(13:0/18:3(6Z,9Z,12Z)/22:0)[iso6]","ZBMXEESYDQWCQB-WGAPNYSMSA-N","[H][C@](COC(=O)CCCCCCCCCCCC)(COC(=O)CCCCCCCCCCCCCCCCCCCCC)OC(=O)CCCC\C=C/C\C=C/C\C=C/CCCCC","","Found Concentration in Main Study",NA,NA,"No Match"
"BMDB63016","TG(13:0/18:3(9Z,12Z,15Z)/19:0)[iso6]","XCRVZQKOXHLKQX-VSCFVRSVSA-N","[H][C@](COC(=O)CCCCCCCCCCCC)(COC(=O)CCCCCCCCCCCCCCCCCC)OC(=O)CCCCCCC\C=C/C\C=C/C\C=C/CC","","Found Concentration in Main Study",NA,NA,"No Match"
"BMDB63017","TG(13:0/18:3(9Z,12Z,15Z)/20:0)[iso6]","WKYHJLWZNBYHAB-LZPDCDGMSA-N","[H][C@](COC(=O)CCCCCCCCCCCC)(COC(=O)CCCCCCCCCCCCCCCCCCC)OC(=O)CCCCCCC\C=C/C\C=C/C\C=C/CC","","Found Concentration in Main Study",NA,NA,"No Match"
"BMDB63018","TG(13:0/18:3(9Z,12Z,15Z)/20:1(11Z))[iso6]","XGAFWZHWPWRYRV-JPRXEINZSA-N","[H][C@](COC(=O)CCCCCCCCCCCC)(COC(=O)CCCCCCCCC\C=C/CCCCCCCC)OC(=O)CCCCCCC\C=C/C\C=C/C\C=C/CC","","Found Concentration in Main Study",NA,NA,"No Match"
"BMDB63019","TG(13:0/18:3(9Z,12Z,15Z)/20:2(11Z,14Z)) [iso6]","GITROKWKDRHGHQ-GZLVWJFZSA-N","[H][C@](COC(=O)CCCCCCCCCCCC)(COC(=O)CCCCCCCCC\C=C/C\C=C/CCCCC)OC(=O)CCCCCCC\C=C/C\C=C/C\C=C/CC","","Found Concentration in Main Study",NA,NA,"No Match"
"BMDB63020","TG(13:0/18:3(9Z,12Z,15Z)/21:0)[iso6]","FRHOLDLEYVPPSH-YHABEKHXSA-N","[H][C@](COC(=O)CCCCCCCCCCCC)(COC(=O)CCCCCCCCCCCCCCCCCCCC)OC(=O)CCCCCCC\C=C/C\C=C/C\C=C/CC","","Found Concentration in Main Study",NA,NA,"No Match"
"BMDB63021","TG(13:0/18:3(9Z,12Z,15Z)/22:0)[iso6]","WQADSUPBDNWBQM-SYYPBDLKSA-N","[H][C@](COC(=O)CCCCCCCCCCCC)(COC(=O)CCCCCCCCCCCCCCCCCCCCC)OC(=O)CCCCCCC\C=C/C\C=C/C\C=C/CC","","Found Concentration in Main Study",NA,NA,"No Match"
"BMDB63022","TG(13:0/18:4(6Z,9Z,12Z,15Z)/19:0)[iso6]","XECCMAXKFAAKSU-BNZGIGIVSA-N","[H][C@](COC(=O)CCCCCCCCCCCC)(COC(=O)CCCCCCCCCCCCCCCCCC)OC(=O)CCCC\C=C/C\C=C/C\C=C/C\C=C/CC","","Found Concentration in Main Study",NA,NA,"No Match"
"BMDB63023","TG(13:0/18:4(6Z,9Z,12Z,15Z)/20:0)[iso6]","CYGLTSNZHJSZCI-POICDLJVSA-N","[H][C@](COC(=O)CCCCCCCCCCCC)(COC(=O)CCCCCCCCCCCCCCCCCCC)OC(=O)CCCC\C=C/C\C=C/C\C=C/C\C=C/CC","","Found Concentration in Main Study",NA,NA,"No Match"
"BMDB63024","TG(13:0/18:4(6Z,9Z,12Z,15Z)/20:1(11Z)) [iso6]","QUNPQBBDPLOGIB-LOGXWNIASA-N","[H][C@](COC(=O)CCCCCCCCCCCC)(COC(=O)CCCCCCCCC\C=C/CCCCCCCC)OC(=O)CCCC\C=C/C\C=C/C\C=C/C\C=C/CC","","Found Concentration in Main Study",NA,NA,"No Match"
"BMDB63025","TG(13:0/18:4(6Z,9Z,12Z,15Z)/21:0)[iso6]","NUKNGHBZJMVIRF-NSQUIEEXSA-N","[H][C@](COC(=O)CCCCCCCCCCCC)(COC(=O)CCCCCCCCCCCCCCCCCCCC)OC(=O)CCCC\C=C/C\C=C/C\C=C/C\C=C/CC","","Found Concentration in Main Study",NA,NA,"No Match"
"BMDB63026","TG(13:0/18:4(6Z,9Z,12Z,15Z)/22:0)[iso6]","GUYIIRIEUDZMHW-XKMOIMIYSA-N","[H][C@](COC(=O)CCCCCCCCCCCC)(COC(=O)CCCCCCCCCCCCCCCCCCCCC)OC(=O)CCCC\C=C/C\C=C/C\C=C/C\C=C/CC","","Found Concentration in Main Study",NA,NA,"No Match"
"BMDB63027","TG(13:0/19:0/20:2(11Z,14Z))[iso6]","GGDFLPOOONJXKF-QZLSUQTPSA-N","[H][C@](COC(=O)CCCCCCCCCCCC)(COC(=O)CCCCCCCCC\C=C/C\C=C/CCCCC)OC(=O)CCCCCCCCCCCCCCCCCC","","Found Concentration in Main Study",NA,NA,"No Match"
"BMDB63028","TG(13:0/19:0/20:3(8Z,11Z,14Z))[iso6]","SKEHTPDBNRFSFP-FMWAWUPVSA-N","[H][C@](COC(=O)CCCCCCCCCCCC)(COC(=O)CCCCCC\C=C/C\C=C/C\C=C/CCCCC)OC(=O)CCCCCCCCCCCCCCCCCC","","Found Concentration in Main Study",NA,NA,"No Match"
"BMDB63029","TG(13:0/19:0/20:4(5Z,8Z,11Z,14Z))[iso6]","FBZFBASQMCMBJP-SWMLTYPISA-N","[H][C@](COC(=O)CCCCCCCCCCCC)(COC(=O)CCC\C=C/C\C=C/C\C=C/C\C=C/CCCCC)OC(=O)CCCCCCCCCCCCCCCCCC","","Found Concentration in Main Study",NA,NA,"No Match"
"BMDB63030","TG(13:0/19:0/20:5(5Z,8Z,11Z,14Z,17Z))[iso6]","KTDQXVPKYOJWOG-SUMWWSLLSA-N","[H][C@](COC(=O)CCCCCCCCCCCC)(COC(=O)CCC\C=C/C\C=C/C\C=C/C\C=C/C\C=C/CC)OC(=O)CCCCCCCCCCCCCCCCCC","","Found Concentration in Main Study",NA,NA,"No Match"
"BMDB63031","TG(13:0/19:0/22:4(7Z,10Z,13Z,16Z))[iso6]","XXRRJDZBDOTZKQ-IGKWMDJDSA-N","[H][C@](COC(=O)CCCCCCCCCCCC)(COC(=O)CCCCC\C=C/C\C=C/C\C=C/C\C=C/CCCCC)OC(=O)CCCCCCCCCCCCCCCCCC","","Found Concentration in Main Study",NA,NA,"No Match"
"BMDB63032","TG(13:0/19:0/22:5(7Z,10Z,13Z,16Z,19Z))","PCIGODHFXXZPQE-HDAQVNLFSA-N","[H][C@](COC(=O)CCCCCCCCCCCC)(COC(=O)CCCCC\C=C/C\C=C/C\C=C/C\C=C/C\C=C/CC)OC(=O)CCCCCCCCCCCCCCCCCC","","Found Concentration in Main Study",NA,NA,"No Match"
"BMDB63033","TG(13:0/19:0/22:6(4Z,7Z,10Z,13Z,16Z,19Z))[iso6]","RNYPYOLUVPCWFW-WXUCRGGPSA-N","[H][C@](COC(=O)CCCCCCCCCCCC)(COC(=O)CC\C=C/C\C=C/C\C=C/C\C=C/C\C=C/C\C=C/CC)OC(=O)CCCCCCCCCCCCCCCCCC","","Found Concentration in Main Study",NA,NA,"No Match"
"BMDB63034","TG(13:0/20:0/20:3(8Z,11Z,14Z))[iso6]","VRICKTNJSPGHHB-AIHUYUAHSA-N","[H][C@](COC(=O)CCCCCCCCCCCC)(COC(=O)CCCCCC\C=C/C\C=C/C\C=C/CCCCC)OC(=O)CCCCCCCCCCCCCCCCCCC","","Found Concentration in Main Study",NA,NA,"No Match"
"BMDB63035","TG(13:0/20:0/20:4(5Z,8Z,11Z,14Z))[iso6]","VSGSABBJUHCJEP-IAQABCMLSA-N","[H][C@](COC(=O)CCCCCCCCCCCC)(COC(=O)CCC\C=C/C\C=C/C\C=C/C\C=C/CCCCC)OC(=O)CCCCCCCCCCCCCCCCCCC","","Found Concentration in Main Study",NA,NA,"No Match"
"BMDB63036","TG(13:0/20:0/20:5(5Z,8Z,11Z,14Z,17Z))[iso6]","HXJUQDNTHUHKNC-OFXPJKAYSA-N","[H][C@](COC(=O)CCCCCCCCCCCC)(COC(=O)CCC\C=C/C\C=C/C\C=C/C\C=C/C\C=C/CC)OC(=O)CCCCCCCCCCCCCCCCCCC","","Found Concentration in Main Study",NA,NA,"No Match"
"BMDB63037","TG(13:0/20:0/22:6(4Z,7Z,10Z,13Z,16Z,19Z))[iso6]","QGVGATHFHMISPE-LTIXGWCISA-N","[H][C@](COC(=O)CCCCCCCCCCCC)(COC(=O)CC\C=C/C\C=C/C\C=C/C\C=C/C\C=C/C\C=C/CC)OC(=O)CCCCCCCCCCCCCCCCCCC","","Found Concentration in Main Study",NA,NA,"No Match"
"BMDB63038","TG(13:0/20:1(11Z)/20:2(11Z,14Z))[iso6]","RLYKBVXUOITRNC-DXTAPYRQSA-N","[H][C@](COC(=O)CCCCCCCCCCCC)(COC(=O)CCCCCCCCC\C=C/C\C=C/CCCCC)OC(=O)CCCCCCCCC\C=C/CCCCCCCC","","Found Concentration in Main Study",NA,NA,"No Match"
"BMDB63039","TG(13:0/20:1(11Z)/20:3(8Z,11Z,14Z))[iso6]","GVATYCQPFPPDCU-LJWDURGFSA-N","[H][C@](COC(=O)CCCCCCCCCCCC)(COC(=O)CCCCCC\C=C/C\C=C/C\C=C/CCCCC)OC(=O)CCCCCCCCC\C=C/CCCCCCCC","","Found Concentration in Main Study",NA,NA,"No Match"
"BMDB63040","TG(13:0/20:1(11Z)/20:4(5Z,8Z,11Z,14Z))[iso6]","WKMQXAWGDBGPLW-IFTWVINWSA-N","[H][C@](COC(=O)CCCCCCCCCCCC)(COC(=O)CCC\C=C/C\C=C/C\C=C/C\C=C/CCCCC)OC(=O)CCCCCCCCC\C=C/CCCCCCCC","","Found Concentration in Main Study",NA,NA,"No Match"
"BMDB63041","TG(13:0/20:1(11Z)/20:5(5Z,8Z,11Z,14Z,17Z))[iso6]","XYZTXZZQLIABPO-BQEAYBCPSA-N","[H][C@](COC(=O)CCCCCCCCCCCC)(COC(=O)CCC\C=C/C\C=C/C\C=C/C\C=C/C\C=C/CC)OC(=O)CCCCCCCCC\C=C/CCCCCCCC","","Found Concentration in Main Study",NA,NA,"No Match"
"BMDB63042","TG(13:0/20:1(11Z)/22:5(7Z,10Z,13Z,16Z,19Z))[iso6]","RAYBRQHFOJPEHD-GREWLWLBSA-N","[H][C@](COC(=O)CCCCCCCCCCCC)(COC(=O)CCCCC\C=C/C\C=C/C\C=C/C\C=C/C\C=C/CC)OC(=O)CCCCCCCCC\C=C/CCCCCCCC","","Found Concentration in Main Study",NA,NA,"No Match"
"BMDB63043","TG(13:0/20:1(11Z)/22:6(4Z,7Z,10Z,13Z,16Z,19Z))[iso6]","SNWAOGURWHHSCC-PRLLKOEJSA-N","[H][C@](COC(=O)CCCCCCCCCCCC)(COC(=O)CC\C=C/C\C=C/C\C=C/C\C=C/C\C=C/C\C=C/CC)OC(=O)CCCCCCCCC\C=C/CCCCCCCC","","Found Concentration in Main Study",NA,NA,"No Match"
"BMDB63044","TG(13:0/20:2(11Z,14Z)/20:2(11Z,14Z))[iso3]","WBAIDSIARPKCRG-GPVUURELSA-N","[H][C@](COC(=O)CCCCCCCCCCCC)(COC(=O)CCCCCCCCC\C=C/C\C=C/CCCCC)OC(=O)CCCCCCCCC\C=C/C\C=C/CCCCC","","Found Concentration in Main Study",NA,NA,"No Match"
"BMDB63045","TG(13:0/20:2(11Z,14Z)/20:3(8Z,11Z,14Z))[iso6]","WAUCVVAHGQIVSW-KMLWWYSMSA-N","[H][C@](COC(=O)CCCCCCCCCCCC)(COC(=O)CCCCCC\C=C/C\C=C/C\C=C/CCCCC)OC(=O)CCCCCCCCC\C=C/C\C=C/CCCCC","","Found Concentration in Main Study",NA,NA,"No Match"
"BMDB63046","TG(13:0/20:2(11Z,14Z)/20:4(5Z,8Z,11Z,14Z))[iso6]","XCXAOKOIHAJPDA-PCGFXVLCSA-N","[H][C@](COC(=O)CCCCCCCCCCCC)(COC(=O)CCC\C=C/C\C=C/C\C=C/C\C=C/CCCCC)OC(=O)CCCCCCCCC\C=C/C\C=C/CCCCC","","Found Concentration in Main Study",NA,NA,"No Match"
"BMDB63047","TG(13:0/20:2(11Z,14Z)/21:0)[iso6]","DVXHSMSOPLCBJA-FACXCSMHSA-N","[H][C@](COC(=O)CCCCCCCCCCCC)(COC(=O)CCCCCCCCCCCCCCCCCCCC)OC(=O)CCCCCCCCC\C=C/C\C=C/CCCCC","","Found Concentration in Main Study",NA,NA,"No Match"
"BMDB63048","TG(13:0/20:2(11Z,14Z)/22:4(7Z,10Z,13Z,16Z))[iso6]","HLYUUJHRBVGOGI-QBZOGZBBSA-N","[H][C@](COC(=O)CCCCCCCCCCCC)(COC(=O)CCCCC\C=C/C\C=C/C\C=C/C\C=C/CCCCC)OC(=O)CCCCCCCCC\C=C/C\C=C/CCCCC","","Found Concentration in Main Study",NA,NA,"No Match"
"BMDB63049","TG(13:0/20:2(11Z,14Z)/22:5(7Z,10Z,13Z,16Z,19Z))[iso6]","DOKKYCNIKZOORW-SAZGMFISSA-N","[H][C@](COC(=O)CCCCCCCCCCCC)(COC(=O)CCCCC\C=C/C\C=C/C\C=C/C\C=C/C\C=C/CC)OC(=O)CCCCCCCCC\C=C/C\C=C/CCCCC","","Found Concentration in Main Study",NA,NA,"No Match"
"BMDB63050","TG(13:0/20:2(11Z,14Z)/22:6(4Z,7Z,10Z,13Z,16Z,19Z))[iso6]","IJSODANHJUMVFP-VJVFEGNNSA-N","[H][C@](COC(=O)CCCCCCCCCCCC)(COC(=O)CC\C=C/C\C=C/C\C=C/C\C=C/C\C=C/C\C=C/CC)OC(=O)CCCCCCCCC\C=C/C\C=C/CCCCC","","Found Concentration in Main Study",NA,NA,"No Match"
"BMDB63051","TG(13:0/20:3(8Z,11Z,14Z)/21:0)[iso6]","MEKRZPGBUSDGMQ-VRGSIRCKSA-N","[H][C@](COC(=O)CCCCCCCCCCCC)(COC(=O)CCCCCCCCCCCCCCCCCCCC)OC(=O)CCCCCC\C=C/C\C=C/C\C=C/CCCCC","","Found Concentration in Main Study",NA,NA,"No Match"
"BMDB63052","TG(13:0/20:3(8Z,11Z,14Z)/22:4(7Z,10Z,13Z,16Z))[iso6]","JXFHTHDRVIFTMW-LTPWZERUSA-N","[H][C@](COC(=O)CCCCCCCCCCCC)(COC(=O)CCCCC\C=C/C\C=C/C\C=C/C\C=C/CCCCC)OC(=O)CCCCCC\C=C/C\C=C/C\C=C/CCCCC","","Found Concentration in Main Study",NA,NA,"No Match"
"BMDB63053","TG(13:0/20:3(8Z,11Z,14Z)/22:5(7Z,10Z,13Z,16Z,19Z))[iso6]","MYCVZNAVFHAUCQ-RDDZELNPSA-N","[H][C@](COC(=O)CCCCCCCCCCCC)(COC(=O)CCCCC\C=C/C\C=C/C\C=C/C\C=C/C\C=C/CC)OC(=O)CCCCCC\C=C/C\C=C/C\C=C/CCCCC","","Found Concentration in Main Study",NA,NA,"No Match"
"BMDB63054","TG(13:0/20:3(8Z,11Z,14Z)/22:6(4Z,7Z,10Z,13Z,16Z,19Z))[iso6]","MQJSRJLYYUXOOK-WHOYYDSSSA-N","[H][C@](COC(=O)CCCCCCCCCCCC)(COC(=O)CC\C=C/C\C=C/C\C=C/C\C=C/C\C=C/C\C=C/CC)OC(=O)CCCCCC\C=C/C\C=C/C\C=C/CCCCC","","Found Concentration in Main Study",NA,NA,"No Match"
"BMDB63055","TG(13:0/20:4(5Z,8Z,11Z,14Z)/21:0)[iso6]","KXKPOODGHPGHKT-JRXXFNMSSA-N","[H][C@](COC(=O)CCCCCCCCCCCC)(COC(=O)CCCCCCCCCCCCCCCCCCCC)OC(=O)CCC\C=C/C\C=C/C\C=C/C\C=C/CCCCC","","Found Concentration in Main Study",NA,NA,"No Match"
"BMDB63056","TG(13:0/20:4(5Z,8Z,11Z,14Z)/22:4(7Z,10Z,13Z,16Z))[iso6]","CIMIOMZMAPARFJ-LAAHYUTESA-N","[H][C@](COC(=O)CCCCCCCCCCCC)(COC(=O)CCCCC\C=C/C\C=C/C\C=C/C\C=C/CCCCC)OC(=O)CCC\C=C/C\C=C/C\C=C/C\C=C/CCCCC","","Found Concentration in Main Study",NA,NA,"No Match"
"BMDB63057","TG(13:0/20:4(5Z,8Z,11Z,14Z)/22:5(7Z,10Z,13Z,16Z,19Z))[iso6]","XXTMTWCTXAVQLO-NCFALMMPSA-N","[H][C@](COC(=O)CCCCCCCCCCCC)(COC(=O)CCCCC\C=C/C\C=C/C\C=C/C\C=C/C\C=C/CC)OC(=O)CCC\C=C/C\C=C/C\C=C/C\C=C/CCCCC","","Found Concentration in Main Study",NA,NA,"No Match"
"BMDB63058","TG(13:0/20:5(5Z,8Z,11Z,14Z,17Z)/21:0)[iso6]","OPHPJZGIMUCXFX-AIBKEQNHSA-N","[H][C@](COC(=O)CCCCCCCCCCCC)(COC(=O)CCCCCCCCCCCCCCCCCCCC)OC(=O)CCC\C=C/C\C=C/C\C=C/C\C=C/C\C=C/CC","","Found Concentration in Main Study",NA,NA,"No Match"
"BMDB63059","TG(13:0/20:5(5Z,8Z,11Z,14Z,17Z)/22:4(7Z,10Z,13Z,16Z))[iso6]","LMGZUEVEWZNGID-NXUMDMQGSA-N","[H][C@](COC(=O)CCCCCCCCCCCC)(COC(=O)CCCCC\C=C/C\C=C/C\C=C/C\C=C/CCCCC)OC(=O)CCC\C=C/C\C=C/C\C=C/C\C=C/C\C=C/CC","","Found Concentration in Main Study",NA,NA,"No Match"
"BMDB63060","TG(13:0/21:0/22:6(4Z,7Z,10Z,13Z,16Z,19Z))[iso6]","IDXHCFMUKBIJQY-HYHKMVTFSA-N","[H][C@](COC(=O)CCCCCCCCCCCC)(COC(=O)CC\C=C/C\C=C/C\C=C/C\C=C/C\C=C/C\C=C/CC)OC(=O)CCCCCCCCCCCCCCCCCCCC","","Found Concentration in Main Study",NA,NA,"No Match"
"BMDB63061","TG(14:0/14:0/16:1(9Z))[iso3]","UZLGGKDLJGDGEY-ZJNAVBKXSA-N","[H][C@](COC(=O)CCCCCCCCCCCCC)(COC(=O)CCCCCCC\C=C/CCCCCC)OC(=O)CCCCCCCCCCCCC","131753216","Found Concentration in Main Study",NA,NA,"No Match"
"BMDB63062","TG(14:0/14:0/18:2(9Z,12Z))[iso3]","PQNMFXNJDJFSAL-UZVIVRTPSA-N","[H][C@](COC(=O)CCCCCCCCCCCCC)(COC(=O)CCCCCCC\C=C/C\C=C/CCCCC)OC(=O)CCCCCCCCCCCCC","131753222","Found Concentration in Main Study",NA,NA,"No Match"
"BMDB63063","TG(14:0/14:0/20:2(11Z,14Z))[iso3]","ZBGYWUISVSKLJL-VPTBOMMUSA-N","[H][C@](COC(=O)CCCCCCCCCCCCC)(COC(=O)CCCCCCCCC\C=C/C\C=C/CCCCC)OC(=O)CCCCCCCCCCCCC","131753224","Found Concentration in Main Study",NA,NA,"No Match"
"BMDB63064","TG(14:0/14:0/20:3(8Z,11Z,14Z))[iso3]","PEEVPWLSIPWIPE-FZCZWOBLSA-N","[H][C@](COC(=O)CCCCCCCCCCCCC)(COC(=O)CCCCCC\C=C/C\C=C/C\C=C/CCCCC)OC(=O)CCCCCCCCCCCCC","131753225","Found Concentration in Main Study",NA,NA,"No Match"
"BMDB63065","TG(14:0/14:0/22:4(7Z,10Z,13Z,16Z))[iso3]","HPAQAIDULVVZHU-QOQDMXSDSA-N","[H][C@](COC(=O)CCCCCCCCCCCCC)(COC(=O)CCCCC\C=C/C\C=C/C\C=C/C\C=C/CCCCC)OC(=O)CCCCCCCCCCCCC","131753228","Found Concentration in Main Study",NA,NA,"No Match"
"BMDB63066","TG(14:0/14:1(9Z)/16:0)[iso6]","JRZPEKVQFIJQHH-CTJRCAHCSA-N","[H][C@](COC(=O)CCCCCCCCCCCCC)(COC(=O)CCCCCCCCCCCCCCC)OC(=O)CCCCCCC\C=C/CCCC","131753415","Found Concentration in Main Study",NA,NA,"No Match"
"BMDB63067","TG(14:0/14:1(9Z)/16:1(9Z))[iso6]","SGPSMGCUZQMTGS-CCRVATGYSA-N","[H][C@](COC(=O)CCCCCCCCCCCCC)(COC(=O)CCCCCCC\C=C/CCCCCC)OC(=O)CCCCCCC\C=C/CCCC","131753421","Found Concentration in Main Study",NA,NA,"No Match"
"BMDB63068","TG(14:0/14:1(9Z)/18:1(9Z))[iso6]","UVAHIOIFDNNSJD-KKDGLHMPSA-N","[H][C@](COC(=O)CCCCCCCCCCCCC)(COC(=O)CCCCCCC\C=C/CCCCCCCC)OC(=O)CCCCCCC\C=C/CCCC","131753423","Found Concentration in Main Study",NA,NA,"No Match"
"BMDB63069","TG(14:0/14:1(9Z)/20:1(11Z))[iso6]","CONMOUURRLRVRA-BTQICEKWSA-N","[H][C@](COC(=O)CCCCCCCCCCCCC)(COC(=O)CCCCCCCCC\C=C/CCCCCCCC)OC(=O)CCCCCCC\C=C/CCCC","131753424","Found Concentration in Main Study",NA,NA,"No Match"
"BMDB63070","TG(14:0/14:1(9Z)/20:2(11Z,14Z))[iso6]","WSNMQTIYKBFKOK-AZNZSXSESA-N","[H][C@](COC(=O)CCCCCCCCCCCCC)(COC(=O)CCCCCCCCC\C=C/C\C=C/CCCCC)OC(=O)CCCCCCC\C=C/CCCC","131753430","Found Concentration in Main Study",NA,NA,"No Match"
"BMDB63071","TG(14:0/14:1(9Z)/21:0)[iso6]","IKQVPNFZYICSKE-GFFYSNCTSA-N","[H][C@](COC(=O)CCCCCCCCCCCCC)(COC(=O)CCCCCCCCCCCCCCCCCCCC)OC(=O)CCCCCCC\C=C/CCCC","","Found Concentration in Main Study",NA,NA,"No Match"
"BMDB63072","TG(14:0/14:1(9Z)/22:0)[iso6]","CEYRSRJJGFUDSX-JDGSYGFWSA-N","[H][C@](COC(=O)CCCCCCCCCCCCC)(COC(=O)CCCCCCCCCCCCCCCCCCCCC)OC(=O)CCCCCCC\C=C/CCCC","131753418","Found Concentration in Main Study",NA,NA,"No Match"
"BMDB63073","TG(14:0/15:0/20:1(11Z))[iso6]","KGFYMRDBADNRFA-AHTWSVOLSA-N","[H][C@](COC(=O)CCCCCCCCCCCCC)(COC(=O)CCCCCCCCC\C=C/CCCCCCCC)OC(=O)CCCCCCCCCCCCCC","131753248","Found Concentration in Main Study",NA,NA,"No Match"
"BMDB63074","TG(14:0/15:0/20:2(11Z,14Z))[iso6]","BNMAVVCRFTYTND-ASUOMLQXSA-N","[H][C@](COC(=O)CCCCCCCCCCCCC)(COC(=O)CCCCCCCCC\C=C/C\C=C/CCCCC)OC(=O)CCCCCCCCCCCCCC","131753254","Found Concentration in Main Study",NA,NA,"No Match"
"BMDB63075","TG(14:0/15:0/22:4(7Z,10Z,13Z,16Z))[iso6]","RMSVDGYULQBZFR-SVIBBISDSA-N","[H][C@](COC(=O)CCCCCCCCCCCCC)(COC(=O)CCCCC\C=C/C\C=C/C\C=C/C\C=C/CCCCC)OC(=O)CCCCCCCCCCCCCC","131753258","Found Concentration in Main Study",NA,NA,"No Match"
"BMDB63076","TG(14:0/15:0/22:5(7Z,10Z,13Z,16Z,19Z)) [iso6]","OTBZLUUCZPBSNU-WKQINSMFSA-N","[H][C@](COC(=O)CCCCCCCCCCCCC)(COC(=O)CCCCC\C=C/C\C=C/C\C=C/C\C=C/C\C=C/CC)OC(=O)CCCCCCCCCCCCCC","131753264","Found Concentration in Main Study",NA,NA,"No Match"
"BMDB63077","TG(14:0/16:0/18:2(9Z,12Z))[iso6]","YUIIXXZIUIOJQY-RGFFXGESSA-N","[H][C@](COC(=O)CCCCCCCCCCCCC)(COC(=O)CCCCCCC\C=C/C\C=C/CCCCC)OC(=O)CCCCCCCCCCCCCCC","131753280","Found Concentration in Main Study",NA,NA,"No Match"
"BMDB63078","TG(14:0/16:0/18:3(6Z,9Z,12Z))[iso6]","ROOGPSPBLOJPPQ-MMNSDLEGSA-N","[H][C@](COC(=O)CCCCCCCCCCCCC)(COC(=O)CCCC\C=C/C\C=C/C\C=C/CCCCC)OC(=O)CCCCCCCCCCCCCCC","131753281","Found Concentration in Main Study",NA,NA,"No Match"
"BMDB63079","TG(14:0/16:0/18:3(9Z,12Z,15Z))[iso6]","IJXMVNJNIOUHCI-UFMXUTEYSA-N","[H][C@](COC(=O)CCCCCCCCCCCCC)(COC(=O)CCCCCCC\C=C/C\C=C/C\C=C/CC)OC(=O)CCCCCCCCCCCCCCC","131753288","Found Concentration in Main Study",NA,NA,"No Match"
"BMDB63080","TG(14:0/16:0/20:1(11Z))[iso6]","PHAZXJMIZJNKNN-WTDFYVPFSA-N","[H][C@](COC(=O)CCCCCCCCCCCCC)(COC(=O)CCCCCCCCC\C=C/CCCCCCCC)OC(=O)CCCCCCCCCCCCCCC","131753276","Found Concentration in Main Study",NA,NA,"No Match"
"BMDB63081","TG(14:0/16:0/20:2(11Z,14Z))[iso6]","JBDIRAWBRFQEGE-QHOVMSCMSA-N","[H][C@](COC(=O)CCCCCCCCCCCCC)(COC(=O)CCCCCCCCC\C=C/C\C=C/CCCCC)OC(=O)CCCCCCCCCCCCCCC","131753282","Found Concentration in Main Study",NA,NA,"No Match"
"BMDB63082","TG(14:0/16:0/20:3(8Z,11Z,14Z))[iso6]","FENAYUACXGWLFP-KOTGQKDPSA-N","[H][C@](COC(=O)CCCCCCCCCCCCC)(COC(=O)CCCCCC\C=C/C\C=C/C\C=C/CCCCC)OC(=O)CCCCCCCCCCCCCCC","131753283","Found Concentration in Main Study",NA,NA,"No Match"
"BMDB63083","TG(14:0/16:0/20:4(5Z,8Z,11Z,14Z))[iso6]","FKJNKIIHHYXTFQ-SUNRTHERSA-N","[H][C@](COC(=O)CCCCCCCCCCCCC)(COC(=O)CCC\C=C/C\C=C/C\C=C/C\C=C/CCCCC)OC(=O)CCCCCCCCCCCCCCC","131753284","Found Concentration in Main Study",NA,NA,"No Match"
"BMDB63084","TG(14:0/16:0/22:4(7Z,10Z,13Z,16Z))[iso6]","SNUZLEOJKMJJKW-AUCUUICSSA-N","[H][C@](COC(=O)CCCCCCCCCCCCC)(COC(=O)CCCCC\C=C/C\C=C/C\C=C/C\C=C/CCCCC)OC(=O)CCCCCCCCCCCCCCC","131753286","Found Concentration in Main Study",NA,NA,"No Match"
"BMDB63085","TG(14:0/16:0/22:5(7Z,10Z,13Z,16Z,19Z))[iso6]","PDOWBMFLISSQRT-BAWFBKEMSA-N","[H][C@](COC(=O)CCCCCCCCCCCCC)(COC(=O)CCCCC\C=C/C\C=C/C\C=C/C\C=C/C\C=C/CC)OC(=O)CCCCCCCCCCCCCCC","131753292","Found Concentration in Main Study",NA,NA,"No Match"
"BMDB63086","TG(14:0/16:1(9Z)/16:1(9Z))[iso3]","XUEMVUXNOCIHLG-ZTJIGJDTSA-N","[H][C@](COC(=O)CCCCCCCCCCCCC)(COC(=O)CCCCCCC\C=C/CCCCCC)OC(=O)CCCCCCC\C=C/CCCCCC","131753451","Found Concentration in Main Study","DMD302464","DMD302464","Unique Match (by names only)"
"BMDB63087","TG(14:0/16:1(9Z)/18:1(9Z))[iso6]","QABWZGMVIDDGGI-SWKFLNMBSA-N","[H][C@](COC(=O)CCCCCCCCCCCCC)(COC(=O)CCCCCCC\C=C/CCCCCCCC)OC(=O)CCCCCCC\C=C/CCCCCC","131753453","Found Concentration in Main Study",NA,NA,"No Match"
"BMDB63088","TG(14:0/16:1(9Z)/18:2(9Z,12Z))[iso6]","IWSNEFQVYNGXGZ-ZWSZJGPESA-N","[H][C@](COC(=O)CCCCCCCCCCCCC)(COC(=O)CCCCCCC\C=C/C\C=C/CCCCC)OC(=O)CCCCCCC\C=C/CCCCCC","131753458","Found Concentration in Main Study",NA,NA,"No Match"
"BMDB63089","TG(14:0/16:1(9Z)/19:0)[iso6]","WHNAHGSPJXSFHV-ZCXHGMKPSA-N","[H][C@](COC(=O)CCCCCCCCCCCCC)(COC(=O)CCCCCCCCCCCCCCCCCC)OC(=O)CCCCCCC\C=C/CCCCCC","","Found Concentration in Main Study",NA,NA,"No Match"
"BMDB63090","TG(14:0/16:1(9Z)/20:0)[iso6]","ALZSQWYLHHUOEG-YVMYVILJSA-N","[H][C@](COC(=O)CCCCCCCCCCCCC)(COC(=O)CCCCCCCCCCCCCCCCCCC)OC(=O)CCCCCCC\C=C/CCCCCC","131753447","Found Concentration in Main Study",NA,NA,"No Match"
"BMDB63091","TG(14:0/16:1(9Z)/20:1(11Z))[iso6]","FKZROTPCYKGHJU-HISZCDFUSA-N","[H][C@](COC(=O)CCCCCCCCCCCCC)(COC(=O)CCCCCCCCC\C=C/CCCCCCCC)OC(=O)CCCCCCC\C=C/CCCCCC","131753454","Found Concentration in Main Study",NA,NA,"No Match"
"BMDB63092","TG(14:0/16:1(9Z)/20:2(11Z,14Z))[iso6]","QCEMLZQSNJUFFH-YLFLZVBXSA-N","[H][C@](COC(=O)CCCCCCCCCCCCC)(COC(=O)CCCCCCCCC\C=C/C\C=C/CCCCC)OC(=O)CCCCCCC\C=C/CCCCCC","131753460","Found Concentration in Main Study",NA,NA,"No Match"
"BMDB63093","TG(14:0/16:1(9Z)/20:3(8Z,11Z,14Z))[iso6]","VZAVZRSRDZQJRY-YZRFHVQASA-N","[H][C@](COC(=O)CCCCCCCCCCCCC)(COC(=O)CCCCCC\C=C/C\C=C/C\C=C/CCCCC)OC(=O)CCCCCCC\C=C/CCCCCC","131753461","Found Concentration in Main Study",NA,NA,"No Match"
"BMDB63094","TG(14:0/16:1(9Z)/21:0)[iso6]","WJPVDXLBCPFXSS-KMIVGPLPSA-N","[H][C@](COC(=O)CCCCCCCCCCCCC)(COC(=O)CCCCCCCCCCCCCCCCCCCC)OC(=O)CCCCCCC\C=C/CCCCCC","","Found Concentration in Main Study",NA,NA,"No Match"
"BMDB63095","TG(14:0/16:1(9Z)/22:4(7Z,10Z,13Z,16Z))[iso6]","XOVZBEYRPDKHAL-OOBFHMLASA-N","[H][C@](COC(=O)CCCCCCCCCCCCC)(COC(=O)CCCCC\C=C/C\C=C/C\C=C/C\C=C/CCCCC)OC(=O)CCCCCCC\C=C/CCCCCC","131753464","Found Concentration in Main Study",NA,NA,"No Match"
"BMDB63096","TG(14:0/17:0/18:1(9Z))[iso6]","KJAOFVHLADOELN-BECVICMGSA-N","[H][C@](COC(=O)CCCCCCCCCCCCC)(COC(=O)CCCCCCC\C=C/CCCCCCCC)OC(=O)CCCCCCCCCCCCCCCC","","Found Concentration in Main Study",NA,NA,"No Match"
"BMDB63097","TG(14:0/17:0/18:2(9Z,12Z))[iso6]","PTMMGTLFYOOVNO-GTOVTWMZSA-N","[H][C@](COC(=O)CCCCCCCCCCCCC)(COC(=O)CCCCCCC\C=C/C\C=C/CCCCC)OC(=O)CCCCCCCCCCCCCCCC","","Found Concentration in Main Study",NA,NA,"No Match"
"BMDB63098","TG(14:0/17:0/20:1(11Z))[iso6]","CXSSLLNQUCRVGG-TUZFXVNVSA-N","[H][C@](COC(=O)CCCCCCCCCCCCC)(COC(=O)CCCCCCCCC\C=C/CCCCCCCC)OC(=O)CCCCCCCCCCCCCCCC","","Found Concentration in Main Study",NA,NA,"No Match"
"BMDB63099","TG(14:0/17:0/20:2(11Z,14Z))[iso6]","LBNIAXTWTCVEDE-GZAKRJTLSA-N","[H][C@](COC(=O)CCCCCCCCCCCCC)(COC(=O)CCCCCCCCC\C=C/C\C=C/CCCCC)OC(=O)CCCCCCCCCCCCCCCC","","Found Concentration in Main Study",NA,NA,"No Match"
"BMDB63100","TG(14:0/17:0/20:3(8Z,11Z,14Z))[iso6]","WMHOTLLMUILWBX-HBRJFACWSA-N","[H][C@](COC(=O)CCCCCCCCCCCCC)(COC(=O)CCCCCC\C=C/C\C=C/C\C=C/CCCCC)OC(=O)CCCCCCCCCCCCCCCC","","Found Concentration in Main Study",NA,NA,"No Match"
"BMDB63101","TG(14:0/17:0/20:4(5Z,8Z,11Z,14Z))[iso6]","ZCUUWDYUENHCLL-PUAHAFEASA-N","[H][C@](COC(=O)CCCCCCCCCCCCC)(COC(=O)CCC\C=C/C\C=C/C\C=C/C\C=C/CCCCC)OC(=O)CCCCCCCCCCCCCCCC","","Found Concentration in Main Study",NA,NA,"No Match"
"BMDB63102","TG(14:0/17:0/20:5(5Z,8Z,11Z,14Z,17Z)) [iso6]","DGXUSUPNUXPCCE-ARZFATDSSA-N","[H][C@](COC(=O)CCCCCCCCCCCCC)(COC(=O)CCC\C=C/C\C=C/C\C=C/C\C=C/C\C=C/CC)OC(=O)CCCCCCCCCCCCCCCC","","Found Concentration in Main Study",NA,NA,"No Match"
"BMDB63103","TG(14:0/17:0/22:4(7Z,10Z,13Z,16Z))[iso6]","VQRMNFIGFUTPML-WQLIHNPWSA-N","[H][C@](COC(=O)CCCCCCCCCCCCC)(COC(=O)CCCCC\C=C/C\C=C/C\C=C/C\C=C/CCCCC)OC(=O)CCCCCCCCCCCCCCCC","","Found Concentration in Main Study",NA,NA,"No Match"
"BMDB63104","TG(14:0/17:0/22:5(7Z,10Z,13Z,16Z,19Z))[iso6]","PTTOWKDHRZUPQZ-XQJAOTSNSA-N","[H][C@](COC(=O)CCCCCCCCCCCCC)(COC(=O)CCCCC\C=C/C\C=C/C\C=C/C\C=C/C\C=C/CC)OC(=O)CCCCCCCCCCCCCCCC","","Found Concentration in Main Study",NA,NA,"No Match"
"BMDB63105","TG(14:0/17:0/22:6(4Z,7Z,10Z,13Z,16Z,19Z))[iso6]","WQMFBEABMBKVCF-OOHHMSMLSA-N","[H][C@](COC(=O)CCCCCCCCCCCCC)(COC(=O)CC\C=C/C\C=C/C\C=C/C\C=C/C\C=C/C\C=C/CC)OC(=O)CCCCCCCCCCCCCCCC","","Found Concentration in Main Study",NA,NA,"No Match"
"BMDB63106","TG(14:0/18:0/18:1(9Z))[iso6]","STJWLLYLXYVNSF-YVUYSCDNSA-N","[H][C@](COC(=O)CCCCCCCCCCCCC)(COC(=O)CCCCCCC\C=C/CCCCCCCC)OC(=O)CCCCCCCCCCCCCCCCC","131753303","Found Concentration in Main Study",NA,NA,"No Match"
"BMDB63107","TG(14:0/18:0/18:2(9Z,12Z))[iso6]","PQNLYGDUOQNSNZ-TUVYQMNMSA-N","[H][C@](COC(=O)CCCCCCCCCCCCC)(COC(=O)CCCCCCC\C=C/C\C=C/CCCCC)OC(=O)CCCCCCCCCCCCCCCCC","131753308","Found Concentration in Main Study",NA,NA,"No Match"
"BMDB63108","TG(14:0/18:0/18:3(6Z,9Z,12Z))[iso6]","WPIXNLNRUFBFSX-STBBTERCSA-N","[H][C@](COC(=O)CCCCCCCCCCCCC)(COC(=O)CCCC\C=C/C\C=C/C\C=C/CCCCC)OC(=O)CCCCCCCCCCCCCCCCC","131753309","Found Concentration in Main Study",NA,NA,"No Match"
"BMDB63109","TG(14:0/18:0/18:3(9Z,12Z,15Z))[iso6]","HYCJEHMBNSROSN-ZITZSBPZSA-N","[H][C@](COC(=O)CCCCCCCCCCCCC)(COC(=O)CCCCCCC\C=C/C\C=C/C\C=C/CC)OC(=O)CCCCCCCCCCCCCCCCC","131753316","Found Concentration in Main Study",NA,NA,"No Match"
"BMDB63110","TG(14:0/18:0/18:4(6Z,9Z,12Z,15Z))[iso6]","HBXDNORVVBXTEO-ISUJQMKXSA-N","[H][C@](COC(=O)CCCCCCCCCCCCC)(COC(=O)CCCC\C=C/C\C=C/C\C=C/C\C=C/CC)OC(=O)CCCCCCCCCCCCCCCCC","131753317","Found Concentration in Main Study",NA,NA,"No Match"
"BMDB63111","TG(14:0/18:0/20:2(11Z,14Z))[iso6]","QXBLJSPUDMDKNU-QZLSUQTPSA-N","[H][C@](COC(=O)CCCCCCCCCCCCC)(COC(=O)CCCCCCCCC\C=C/C\C=C/CCCCC)OC(=O)CCCCCCCCCCCCCCCCC","131753310","Found Concentration in Main Study",NA,NA,"No Match"
"BMDB63112","TG(14:0/18:0/20:3(8Z,11Z,14Z))[iso6]","ZYFACDKCDVPZSE-DYFNGAEKSA-N","[H][C@](COC(=O)CCCCCCCCCCCCC)(COC(=O)CCCCCC\C=C/C\C=C/C\C=C/CCCCC)OC(=O)CCCCCCCCCCCCCCCCC","131753311","Found Concentration in Main Study",NA,NA,"No Match"
"BMDB63113","TG(14:0/18:0/20:4(5Z,8Z,11Z,14Z))[iso6]","NOCKWBKJMQWVLP-SCGARFMQSA-N","[H][C@](COC(=O)CCCCCCCCCCCCC)(COC(=O)CCC\C=C/C\C=C/C\C=C/C\C=C/CCCCC)OC(=O)CCCCCCCCCCCCCCCCC","131753312","Found Concentration in Main Study",NA,NA,"No Match"
"BMDB63114","TG(14:0/18:0/20:5(5Z,8Z,11Z,14Z,17Z))[iso6]","JYQXYTFYWDKLPT-JLHNSBSWSA-N","[H][C@](COC(=O)CCCCCCCCCCCCC)(COC(=O)CCC\C=C/C\C=C/C\C=C/C\C=C/C\C=C/CC)OC(=O)CCCCCCCCCCCCCCCCC","131753319","Found Concentration in Main Study",NA,NA,"No Match"
"BMDB63115","TG(14:0/18:0/22:4(7Z,10Z,13Z,16Z))[iso6]","XEOFILXSSITART-MCSSEQPZSA-N","[H][C@](COC(=O)CCCCCCCCCCCCC)(COC(=O)CCCCC\C=C/C\C=C/C\C=C/C\C=C/CCCCC)OC(=O)CCCCCCCCCCCCCCCCC","131753314","Found Concentration in Main Study",NA,NA,"No Match"
"BMDB63116","TG(14:0/18:0/22:5(7Z,10Z,13Z,16Z,19Z))[iso6]","IEIOCZLRHWBWAA-KWJYYFBQSA-N","[H][C@](COC(=O)CCCCCCCCCCCCC)(COC(=O)CCCCC\C=C/C\C=C/C\C=C/C\C=C/C\C=C/CC)OC(=O)CCCCCCCCCCCCCCCCC","131753320","Found Concentration in Main Study",NA,NA,"No Match"
"BMDB63117","TG(14:0/18:0/22:6(4Z,7Z,10Z,13Z,16Z,19Z))[iso6]","SRTYEBAWRUTXIT-VAODIREVSA-N","[H][C@](COC(=O)CCCCCCCCCCCCC)(COC(=O)CC\C=C/C\C=C/C\C=C/C\C=C/C\C=C/C\C=C/CC)OC(=O)CCCCCCCCCCCCCCCCC","131753321","Found Concentration in Main Study","DMD302505","DMD302505","Unique Match (by names only)"
"BMDB63118","TG(14:0/18:1(9Z)/18:1(9Z))[iso3]","AFLXUGKIZQFJJI-OQPNEMOVSA-N","[H][C@](COC(=O)CCCCCCCCCCCCC)(COC(=O)CCCCCCC\C=C/CCCCCCCC)OC(=O)CCCCCCC\C=C/CCCCCCCC","86289328","Found Concentration in Main Study",NA,NA,"No Match"
"BMDB63119","TG(14:0/18:1(9Z)/18:2(9Z,12Z))[iso6]","LVCDKQHOIIGWET-OUCITFGBSA-N","[H][C@](COC(=O)CCCCCCCCCCCCC)(COC(=O)CCCCCCC\C=C/C\C=C/CCCCC)OC(=O)CCCCCCC\C=C/CCCCCCCC","131753514","Found Concentration in Main Study",NA,NA,"No Match"
"BMDB63120","TG(14:0/18:1(9Z)/18:3(6Z,9Z,12Z))[iso6]","TYUYVOHLQUKDNN-MZFHOYHLSA-N","[H][C@](COC(=O)CCCCCCCCCCCCC)(COC(=O)CCCC\C=C/C\C=C/C\C=C/CCCCC)OC(=O)CCCCCCC\C=C/CCCCCCCC","131753515","Found Concentration in Main Study",NA,NA,"No Match"
"BMDB63121","TG(14:0/18:1(9Z)/18:3(9Z,12Z,15Z))[iso6]","GTOYFHSNXPGLKS-SQHISJNISA-N","[H][C@](COC(=O)CCCCCCCCCCCCC)(COC(=O)CCCCCCC\C=C/C\C=C/C\C=C/CC)OC(=O)CCCCCCC\C=C/CCCCCCCC","131753522","Found Concentration in Main Study",NA,NA,"No Match"
"BMDB63122","TG(14:0/18:1(9Z)/19:0)[iso6]","KGXWCBPHXXNMHZ-CBOCDEIPSA-N","[H][C@](COC(=O)CCCCCCCCCCCCC)(COC(=O)CCCCCCCCCCCCCCCCCC)OC(=O)CCCCCCC\C=C/CCCCCCCC","","Found Concentration in Main Study",NA,NA,"No Match"
"BMDB63123","TG(14:0/18:1(9Z)/20:1(11Z))[iso6]","PKXAVJXEGNYXLJ-DZEPMMRRSA-N","[H][C@](COC(=O)CCCCCCCCCCCCC)(COC(=O)CCCCCCCCC\C=C/CCCCCCCC)OC(=O)CCCCCCC\C=C/CCCCCCCC","131753510","Found Concentration in Main Study",NA,NA,"No Match"
"BMDB63124","TG(14:0/18:1(9Z)/20:2(11Z,14Z))[iso6]","HNKDMZBYGADBFP-LOUZIDRQSA-N","[H][C@](COC(=O)CCCCCCCCCCCCC)(COC(=O)CCCCCCCCC\C=C/C\C=C/CCCCC)OC(=O)CCCCCCC\C=C/CCCCCCCC","131753516","Found Concentration in Main Study",NA,NA,"No Match"
"BMDB63125","TG(14:0/18:1(9Z)/20:3(8Z,11Z,14Z))[iso6]","NUCVTMFYAFILJA-YGWJPMFMSA-N","[H][C@](COC(=O)CCCCCCCCCCCCC)(COC(=O)CCCCCC\C=C/C\C=C/C\C=C/CCCCC)OC(=O)CCCCCCC\C=C/CCCCCCCC","131753517","Found Concentration in Main Study",NA,NA,"No Match"
"BMDB63126","TG(14:0/18:1(9Z)/20:4(5Z,8Z,11Z,14Z))[iso6]","ITNUXAAETYEROX-ROWCXXIOSA-N","[H][C@](COC(=O)CCCCCCCCCCCCC)(COC(=O)CCC\C=C/C\C=C/C\C=C/C\C=C/CCCCC)OC(=O)CCCCCCC\C=C/CCCCCCCC","131753518","Found Concentration in Main Study",NA,NA,"No Match"
"BMDB63127","TG(14:0/18:1(9Z)/22:4(7Z,10Z,13Z,16Z))[iso6]","XSDZXQPLCUUMHQ-UVCLIKTKSA-N","[H][C@](COC(=O)CCCCCCCCCCCCC)(COC(=O)CCCCC\C=C/C\C=C/C\C=C/C\C=C/CCCCC)OC(=O)CCCCCCC\C=C/CCCCCCCC","131753520","Found Concentration in Main Study",NA,NA,"No Match"
"BMDB63128","TG(14:0/18:1(9Z)/22:5(7Z,10Z,13Z,16Z,19Z))[iso6]","HWQNUCDGDUFCMI-FMBVYJAUSA-N","[H][C@](COC(=O)CCCCCCCCCCCCC)(COC(=O)CCCCC\C=C/C\C=C/C\C=C/C\C=C/C\C=C/CC)OC(=O)CCCCCCC\C=C/CCCCCCCC","131753526","Found Concentration in Main Study","DMD302505","DMD302505","Unique Match (by names only)"
"BMDB63129","TG(14:0/18:2(9Z,12Z)/18:2(9Z,12Z))[iso3]","UVOGHPPAYFAQIT-AVIDDATOSA-N","[H][C@](COC(=O)CCCCCCCCCCCCC)(COC(=O)CCCCCCC\C=C/C\C=C/CCCCC)OC(=O)CCCCCCC\C=C/C\C=C/CCCCC","131753663","Found Concentration in Main Study",NA,NA,"No Match"
"BMDB63130","TG(14:0/18:2(9Z,12Z)/19:0)[iso6]","PBFVSBYKDKSDLA-ZZPLNQQVSA-N","[H][C@](COC(=O)CCCCCCCCCCCCC)(COC(=O)CCCCCCCCCCCCCCCCCC)OC(=O)CCCCCCC\C=C/C\C=C/CCCCC","","Found Concentration in Main Study",NA,NA,"No Match"
"BMDB63131","TG(14:0/18:2(9Z,12Z)/20:0)[iso6]","TXMWKTABZBAJCW-WTTMJSKZSA-N","[H][C@](COC(=O)CCCCCCCCCCCCC)(COC(=O)CCCCCCCCCCCCCCCCCCC)OC(=O)CCCCCCC\C=C/C\C=C/CCCCC","131753652","Found Concentration in Main Study","DMD302488","DMD302488","Unique Match (by names only)"
"BMDB63132","TG(14:0/18:2(9Z,12Z)/20:1(11Z))[iso6]","DQXQIWIQYYEGLG-GZAUDGQBSA-N","[H][C@](COC(=O)CCCCCCCCCCCCC)(COC(=O)CCCCCCCCC\C=C/CCCCCCCC)OC(=O)CCCCCCC\C=C/C\C=C/CCCCC","131753659","Found Concentration in Main Study","DMD302489","DMD302489","Unique Match (by names only)"
"BMDB63133","TG(14:0/18:2(9Z,12Z)/20:2(11Z,14Z))[iso6]","WROLOLWFWWANQZ-ULHNGCIUSA-N","[H][C@](COC(=O)CCCCCCCCCCCCC)(COC(=O)CCCCCCCCC\C=C/C\C=C/CCCCC)OC(=O)CCCCCCC\C=C/C\C=C/CCCCC","131753665","Found Concentration in Main Study",NA,NA,"No Match"
"BMDB63134","TG(14:0/18:2(9Z,12Z)/20:3(8Z,11Z,14Z))[iso6]","KRVDGBILMBJWGW-QEPIHLJKSA-N","[H][C@](COC(=O)CCCCCCCCCCCCC)(COC(=O)CCCCCC\C=C/C\C=C/C\C=C/CCCCC)OC(=O)CCCCCCC\C=C/C\C=C/CCCCC","131753666","Found Concentration in Main Study",NA,NA,"No Match"
"BMDB63135","TG(14:0/18:2(9Z,12Z)/22:0)[iso6]","WUUWGORPQFKFQN-VOGNSCLKSA-N","[H][C@](COC(=O)CCCCCCCCCCCCC)(COC(=O)CCCCCCCCCCCCCCCCCCCCC)OC(=O)CCCCCCC\C=C/C\C=C/CCCCC","131753653","Found Concentration in Main Study",NA,NA,"No Match"
"BMDB63136","TG(14:0/18:2(9Z,12Z)/22:4(7Z,10Z,13Z,16Z))[iso6]","TXTFQSNMOAFCQE-WDKHAEKISA-N","[H][C@](COC(=O)CCCCCCCCCCCCC)(COC(=O)CCCCC\C=C/C\C=C/C\C=C/C\C=C/CCCCC)OC(=O)CCCCCCC\C=C/C\C=C/CCCCC","131753669","Found Concentration in Main Study","DMD302505","DMD302505","Unique Match (by names only)"
"BMDB63137","TG(14:0/18:3(6Z,9Z,12Z)/19:0)[iso6]","MPIXKWXMBIWCTC-NJRQMPGXSA-N","[H][C@](COC(=O)CCCCCCCCCCCCC)(COC(=O)CCCCCCCCCCCCCCCCCC)OC(=O)CCCC\C=C/C\C=C/C\C=C/CCCCC","","Found Concentration in Main Study",NA,NA,"No Match"
"BMDB63138","TG(14:0/18:3(6Z,9Z,12Z)/20:0)[iso6]","XOUODEXYIDULFE-IFLWFWKYSA-N","[H][C@](COC(=O)CCCCCCCCCCCCC)(COC(=O)CCCCCCCCCCCCCCCCCCC)OC(=O)CCCC\C=C/C\C=C/C\C=C/CCCCC","131753682","Found Concentration in Main Study",NA,NA,"No Match"
"BMDB63139","TG(14:0/18:3(6Z,9Z,12Z)/20:1(11Z))[iso6]","JFGKZRHSXFSHMF-AJQWOHOBSA-N","[H][C@](COC(=O)CCCCCCCCCCCCC)(COC(=O)CCCCCCCCC\C=C/CCCCCCCC)OC(=O)CCCC\C=C/C\C=C/C\C=C/CCCCC","131753689","Found Concentration in Main Study",NA,NA,"No Match"
"BMDB63140","TG(14:0/18:3(6Z,9Z,12Z)/20:2(11Z,14Z))[iso6]","QQZZZCIYMICCKG-GHRAELQXSA-N","[H][C@](COC(=O)CCCCCCCCCCCCC)(COC(=O)CCCCCCCCC\C=C/C\C=C/CCCCC)OC(=O)CCCC\C=C/C\C=C/C\C=C/CCCCC","131753695","Found Concentration in Main Study",NA,NA,"No Match"
"BMDB63141","TG(14:0/18:3(6Z,9Z,12Z)/21:0)[iso6]","LCNKSLJADTTXQE-JTCUYNSOSA-N","[H][C@](COC(=O)CCCCCCCCCCCCC)(COC(=O)CCCCCCCCCCCCCCCCCCCC)OC(=O)CCCC\C=C/C\C=C/C\C=C/CCCCC","","Found Concentration in Main Study",NA,NA,"No Match"
"BMDB63142","TG(14:0/18:3(6Z,9Z,12Z)/22:0)[iso6]","IBKTWXVFMTZJMM-VYLKNDNKSA-N","[H][C@](COC(=O)CCCCCCCCCCCCC)(COC(=O)CCCCCCCCCCCCCCCCCCCCC)OC(=O)CCCC\C=C/C\C=C/C\C=C/CCCCC","131753683","Found Concentration in Main Study",NA,NA,"No Match"
"BMDB63143","TG(14:0/18:3(9Z,12Z,15Z)/19:0)[iso6]","QWAIIEGKHVQOLZ-LKQOCZCUSA-N","[H][C@](COC(=O)CCCCCCCCCCCCC)(COC(=O)CCCCCCCCCCCCCCCCCC)OC(=O)CCCCCCC\C=C/C\C=C/C\C=C/CC","","Found Concentration in Main Study",NA,NA,"No Match"
"BMDB63144","TG(14:0/18:3(9Z,12Z,15Z)/20:0)[iso6]","VHWNCJQPNDUBCY-JHHRBSFXSA-N","[H][C@](COC(=O)CCCCCCCCCCCCC)(COC(=O)CCCCCCCCCCCCCCCCCCC)OC(=O)CCCCCCC\C=C/C\C=C/C\C=C/CC","131753892","Found Concentration in Main Study",NA,NA,"No Match"
"BMDB63145","TG(14:0/18:3(9Z,12Z,15Z)/20:1(11Z))[iso6]","JHMJQPFJXDWUMJ-LNZFBCICSA-N","[H][C@](COC(=O)CCCCCCCCCCCCC)(COC(=O)CCCCCCCCC\C=C/CCCCCCCC)OC(=O)CCCCCCC\C=C/C\C=C/C\C=C/CC","131753899","Found Concentration in Main Study",NA,NA,"No Match"
"BMDB63146","TG(14:0/18:3(9Z,12Z,15Z)/20:2(11Z,14Z))[iso6]","WGTADRBQBBKAGF-HHYLQHKESA-N","[H][C@](COC(=O)CCCCCCCCCCCCC)(COC(=O)CCCCCCCCC\C=C/C\C=C/CCCCC)OC(=O)CCCCCCC\C=C/C\C=C/C\C=C/CC","131753905","Found Concentration in Main Study",NA,NA,"No Match"
"BMDB63147","TG(14:0/18:3(9Z,12Z,15Z)/21:0)[iso6]","WJMHAVUQVAENJS-MBAOVJQOSA-N","[H][C@](COC(=O)CCCCCCCCCCCCC)(COC(=O)CCCCCCCCCCCCCCCCCCCC)OC(=O)CCCCCCC\C=C/C\C=C/C\C=C/CC","","Found Concentration in Main Study",NA,NA,"No Match"
"BMDB63148","TG(14:0/18:3(9Z,12Z,15Z)/22:0)[iso6]","PZGMSWKRVOYKSW-SKOKRVOXSA-N","[H][C@](COC(=O)CCCCCCCCCCCCC)(COC(=O)CCCCCCCCCCCCCCCCCCCCC)OC(=O)CCCCCCC\C=C/C\C=C/C\C=C/CC","131753893","Found Concentration in Main Study",NA,NA,"No Match"
"BMDB63149","TG(14:0/18:4(6Z,9Z,12Z,15Z)/19:0)[iso6]","GGUIMLXFMCYCLU-BACKJHBGSA-N","[H][C@](COC(=O)CCCCCCCCCCCCC)(COC(=O)CCCCCCCCCCCCCCCCCC)OC(=O)CCCC\C=C/C\C=C/C\C=C/C\C=C/CC","","Found Concentration in Main Study",NA,NA,"No Match"
"BMDB63150","TG(14:0/18:4(6Z,9Z,12Z,15Z)/20:0)[iso6]","PTAWPTKMXDLFKO-PEHGPNEWSA-N","[H][C@](COC(=O)CCCCCCCCCCCCC)(COC(=O)CCCCCCCCCCCCCCCCCCC)OC(=O)CCCC\C=C/C\C=C/C\C=C/C\C=C/CC","131753922","Found Concentration in Main Study",NA,NA,"No Match"
"BMDB63151","TG(14:0/18:4(6Z,9Z,12Z,15Z)/20:1(11Z))[iso6]","HCFBZCCMOSAJDD-DFAZIVKCSA-N","[H][C@](COC(=O)CCCCCCCCCCCCC)(COC(=O)CCCCCCCCC\C=C/CCCCCCCC)OC(=O)CCCC\C=C/C\C=C/C\C=C/C\C=C/CC","131753929","Found Concentration in Main Study",NA,NA,"No Match"
"BMDB63152","TG(14:0/18:4(6Z,9Z,12Z,15Z)/21:0)[iso6]","ZJSNMLWXBPTYPP-VWEKHBBMSA-N","[H][C@](COC(=O)CCCCCCCCCCCCC)(COC(=O)CCCCCCCCCCCCCCCCCCCC)OC(=O)CCCC\C=C/C\C=C/C\C=C/C\C=C/CC","","Found Concentration in Main Study",NA,NA,"No Match"
"BMDB63153","TG(14:0/18:4(6Z,9Z,12Z,15Z)/22:0)[iso6]","ADDMBQHEJRQEPO-XJAZUKOCSA-N","[H][C@](COC(=O)CCCCCCCCCCCCC)(COC(=O)CCCCCCCCCCCCCCCCCCCCC)OC(=O)CCCC\C=C/C\C=C/C\C=C/C\C=C/CC","131753923","Found Concentration in Main Study",NA,NA,"No Match"
"BMDB63154","TG(14:0/19:0/20:3(8Z,11Z,14Z))[iso6]","JOILGOBKLGUCKD-FECVNHFMSA-N","[H][C@](COC(=O)CCCCCCCCCCCCC)(COC(=O)CCCCCC\C=C/C\C=C/C\C=C/CCCCC)OC(=O)CCCCCCCCCCCCCCCCCC","","Found Concentration in Main Study",NA,NA,"No Match"
"BMDB63155","TG(14:0/19:0/20:4(5Z,8Z,11Z,14Z))[iso6]","JMNRUCWECUAVCB-QGSZYMBNSA-N","[H][C@](COC(=O)CCCCCCCCCCCCC)(COC(=O)CCC\C=C/C\C=C/C\C=C/C\C=C/CCCCC)OC(=O)CCCCCCCCCCCCCCCCCC","","Found Concentration in Main Study",NA,NA,"No Match"
"BMDB63156","TG(14:0/19:0/20:5(5Z,8Z,11Z,14Z,17Z))[iso6]","KLVDYYKYMPXPCG-YSLHSZIMSA-N","[H][C@](COC(=O)CCCCCCCCCCCCC)(COC(=O)CCC\C=C/C\C=C/C\C=C/C\C=C/C\C=C/CC)OC(=O)CCCCCCCCCCCCCCCCCC","","Found Concentration in Main Study",NA,NA,"No Match"
"BMDB63157","TG(14:0/19:0/22:6(4Z,7Z,10Z,13Z,16Z,19Z))[iso6]","YVVGMRLYGMVCQC-ZXLHTTMRSA-N","[H][C@](COC(=O)CCCCCCCCCCCCC)(COC(=O)CC\C=C/C\C=C/C\C=C/C\C=C/C\C=C/C\C=C/CC)OC(=O)CCCCCCCCCCCCCCCCCC","","Found Concentration in Main Study",NA,NA,"No Match"
"BMDB63158","TG(14:0/20:0/20:2(11Z,14Z))[iso6]","OZJZLHIZXUGMED-CVPIKHQZSA-N","[H][C@](COC(=O)CCCCCCCCCCCCC)(COC(=O)CCCCCCCCC\C=C/C\C=C/CCCCC)OC(=O)CCCCCCCCCCCCCCCCCCC","131753340","Found Concentration in Main Study",NA,NA,"No Match"
"BMDB63159","TG(14:0/20:0/20:3(8Z,11Z,14Z))[iso6]","SENTUJWTPLLHAV-TVXYYDOCSA-N","[H][C@](COC(=O)CCCCCCCCCCCCC)(COC(=O)CCCCCC\C=C/C\C=C/C\C=C/CCCCC)OC(=O)CCCCCCCCCCCCCCCCCCC","131753341","Found Concentration in Main Study",NA,NA,"No Match"
"BMDB63160","TG(14:0/20:0/20:4(5Z,8Z,11Z,14Z))[iso6]","XJKXBTKTOXZQFL-OGCNKRQBSA-N","[H][C@](COC(=O)CCCCCCCCCCCCC)(COC(=O)CCC\C=C/C\C=C/C\C=C/C\C=C/CCCCC)OC(=O)CCCCCCCCCCCCCCCCCCC","131753342","Found Concentration in Main Study",NA,NA,"No Match"
"BMDB63161","TG(14:0/20:0/20:5(5Z,8Z,11Z,14Z,17Z))[iso6]","QVTBPCIHCQQWGM-XDWOALPCSA-N","[H][C@](COC(=O)CCCCCCCCCCCCC)(COC(=O)CCC\C=C/C\C=C/C\C=C/C\C=C/C\C=C/CC)OC(=O)CCCCCCCCCCCCCCCCCCC","131753349","Found Concentration in Main Study",NA,NA,"No Match"
"BMDB63162","TG(14:0/20:0/22:6(4Z,7Z,10Z,13Z,16Z,19Z))[iso6]","JCZVOJRQXOBKKH-OJEYETTMSA-N","[H][C@](COC(=O)CCCCCCCCCCCCC)(COC(=O)CC\C=C/C\C=C/C\C=C/C\C=C/C\C=C/C\C=C/CC)OC(=O)CCCCCCCCCCCCCCCCCCC","131753351","Found Concentration in Main Study",NA,NA,"No Match"
"BMDB63163","TG(14:0/20:1(11Z)/20:1(11Z))[iso3]","DQXHESFTNHULCI-ATDLBYGZSA-N","[H][C@](COC(=O)CCCCCCCCCCCCC)(COC(=O)CCCCCCCCC\C=C/CCCCCCCC)OC(=O)CCCCCCCCC\C=C/CCCCCCCC","131753539","Found Concentration in Main Study",NA,NA,"No Match"
"BMDB63164","TG(14:0/20:1(11Z)/20:2(11Z,14Z))[iso6]","BLFWZVXARGMXGK-BSXLTLLISA-N","[H][C@](COC(=O)CCCCCCCCCCCCC)(COC(=O)CCCCCCCCC\C=C/C\C=C/CCCCC)OC(=O)CCCCCCCCC\C=C/CCCCCCCC","131753545","Found Concentration in Main Study",NA,NA,"No Match"
"BMDB63165","TG(14:0/20:1(11Z)/20:3(8Z,11Z,14Z))[iso6]","PEGBVZIRKWFBAT-JRYSQXLCSA-N","[H][C@](COC(=O)CCCCCCCCCCCCC)(COC(=O)CCCCCC\C=C/C\C=C/C\C=C/CCCCC)OC(=O)CCCCCCCCC\C=C/CCCCCCCC","131753546","Found Concentration in Main Study",NA,NA,"No Match"
"BMDB63166","TG(14:0/20:1(11Z)/20:4(5Z,8Z,11Z,14Z))[iso6]","YJIQPDYUKSNQSN-HVVTZQISSA-N","[H][C@](COC(=O)CCCCCCCCCCCCC)(COC(=O)CCC\C=C/C\C=C/C\C=C/C\C=C/CCCCC)OC(=O)CCCCCCCCC\C=C/CCCCCCCC","131753547","Found Concentration in Main Study",NA,NA,"No Match"
"BMDB63167","TG(14:0/20:1(11Z)/20:5(5Z,8Z,11Z,14Z,17Z))[iso6]","GLOHBCHVPRPNOV-VBMABYCTSA-N","[H][C@](COC(=O)CCCCCCCCCCCCC)(COC(=O)CCC\C=C/C\C=C/C\C=C/C\C=C/C\C=C/CC)OC(=O)CCCCCCCCC\C=C/CCCCCCCC","131753554","Found Concentration in Main Study","DMD302505","DMD302505","Unique Match (by names only)"
"BMDB63168","TG(14:0/20:1(11Z)/22:5(7Z,10Z,13Z,16Z,19Z))[iso6]","LTDAYXRREDMQDW-SCRQPWOFSA-N","[H][C@](COC(=O)CCCCCCCCCCCCC)(COC(=O)CCCCC\C=C/C\C=C/C\C=C/C\C=C/C\C=C/CC)OC(=O)CCCCCCCCC\C=C/CCCCCCCC","131753555","Found Concentration in Main Study",NA,NA,"No Match"
"BMDB63169","TG(14:0/20:2(11Z,14Z)/20:2(11Z,14Z))[iso3]","NEUKLKKOFRWHDB-AUCIZUAGSA-N","[H][C@](COC(=O)CCCCCCCCCCCCC)(COC(=O)CCCCCCCCC\C=C/C\C=C/CCCCC)OC(=O)CCCCCCCCC\C=C/C\C=C/CCCCC","131753725","Found Concentration in Main Study",NA,NA,"No Match"
"BMDB63170","TG(14:0/20:2(11Z,14Z)/20:3(8Z,11Z,14Z))[iso6]","PCGADUJICVENFJ-GRKAFUCNSA-N","[H][C@](COC(=O)CCCCCCCCCCCCC)(COC(=O)CCCCCC\C=C/C\C=C/C\C=C/CCCCC)OC(=O)CCCCCCCCC\C=C/C\C=C/CCCCC","131753726","Found Concentration in Main Study",NA,NA,"No Match"
"BMDB63171","TG(14:0/20:2(11Z,14Z)/20:4(5Z,8Z,11Z,14Z))[iso6]","YFFIQOSQQILEOJ-AYUJWHRRSA-N","[H][C@](COC(=O)CCCCCCCCCCCCC)(COC(=O)CCC\C=C/C\C=C/C\C=C/C\C=C/CCCCC)OC(=O)CCCCCCCCC\C=C/C\C=C/CCCCC","131753727","Found Concentration in Main Study","DMD302505","DMD302505","Unique Match (by names only)"
"BMDB63172","TG(14:0/20:2(11Z,14Z)/22:4(7Z,10Z,13Z,16Z))[iso6]","GBRCKWHNYQTJKH-NXHCNWFISA-N","[H][C@](COC(=O)CCCCCCCCCCCCC)(COC(=O)CCCCC\C=C/C\C=C/C\C=C/C\C=C/CCCCC)OC(=O)CCCCCCCCC\C=C/C\C=C/CCCCC","131753729","Found Concentration in Main Study",NA,NA,"No Match"
"BMDB63173","TG(14:0/20:3(8Z,11Z,14Z)/20:3(8Z,11Z,14Z))[iso3]","QQJPBXBJVWFYAA-NJCIXMFPSA-N","[H][C@](COC(=O)CCCCCCCCCCCCC)(COC(=O)CCCCCC\C=C/C\C=C/C\C=C/CCCCC)OC(=O)CCCCCC\C=C/C\C=C/C\C=C/CCCCC","131753756","Found Concentration in Main Study","DMD302505","DMD302505","Unique Match (by names only)"
"BMDB63174","TG(14:1(9Z)/14:1(9Z)/16:0)[iso3]","MVWPGRQBICMGIE-ZKNZXEEGSA-N","[H][C@@](COC(=O)CCCCCCCCCCCCCCC)(COC(=O)CCCCCCC\C=C/CCCC)OC(=O)CCCCCCC\C=C/CCCC","","Found Concentration in Main Study",NA,NA,"No Match"
"BMDB63175","TG(14:1(9Z)/14:1(9Z)/18:0)[iso3]","ULZQTMTWRYWQLC-HABOWULSSA-N","[H][C@@](COC(=O)CCCCCCCCCCCCCCCCC)(COC(=O)CCCCCCC\C=C/CCCC)OC(=O)CCCCCCC\C=C/CCCC","","Found Concentration in Main Study",NA,NA,"No Match"
"BMDB63176","TG(14:1(9Z)/14:1(9Z)/20:0)[iso3]","MIFLTTTYYQVJLG-ZGJNALBQSA-N","[H][C@@](COC(=O)CCCCCCCCCCCCCCCCCCC)(COC(=O)CCCCCCC\C=C/CCCC)OC(=O)CCCCCCC\C=C/CCCC","","Found Concentration in Main Study",NA,NA,"No Match"
"BMDB63177","TG(14:1(9Z)/14:1(9Z)/20:1(11Z))[iso3]","BPVUUWFAICALOI-ZHROJFFSSA-N","[H][C@@](COC(=O)CCCCCCCCC\C=C/CCCCCCCC)(COC(=O)CCCCCCC\C=C/CCCC)OC(=O)CCCCCCC\C=C/CCCC","131758730","Found Concentration in Main Study",NA,NA,"No Match"
"BMDB63178","TG(14:1(9Z)/14:1(9Z)/21:0)[iso3]","LNPLTNXGGPIUPO-WTXPDSMUSA-N","[H][C@@](COC(=O)CCCCCCCCCCCCCCCCCCCC)(COC(=O)CCCCCCC\C=C/CCCC)OC(=O)CCCCCCC\C=C/CCCC","","Found Concentration in Main Study",NA,NA,"No Match"
"BMDB63179","TG(14:1(9Z)/14:1(9Z)/22:0)[iso3]","KUEBBDIGWKIOKM-PRRPUKSASA-N","[H][C@@](COC(=O)CCCCCCCCCCCCCCCCCCCCC)(COC(=O)CCCCCCC\C=C/CCCC)OC(=O)CCCCCCC\C=C/CCCC","","Found Concentration in Main Study",NA,NA,"No Match"
"BMDB63180","TG(14:1(9Z)/15:0/15:0)[iso3]","JLZYFORTRUGDQW-CTJRCAHCSA-N","[H][C@@](COC(=O)CCCCCCCCCCCCCC)(COC(=O)CCCCCCC\C=C/CCCC)OC(=O)CCCCCCCCCCCCCC","","Found Concentration in Main Study",NA,NA,"No Match"
"BMDB63181","TG(14:1(9Z)/15:0/20:0)[iso6]","XQGOBCMATVTNTB-GFFYSNCTSA-N","[H][C@@](COC(=O)CCCCCCCCCCCCCCCCCCC)(COC(=O)CCCCCCC\C=C/CCCC)OC(=O)CCCCCCCCCCCCCC","","Found Concentration in Main Study",NA,NA,"No Match"
"BMDB63182","TG(14:1(9Z)/15:0/20:1(11Z))[iso6]","MXMODTVYMFBFLH-WCPHBZGTSA-N","[H][C@@](COC(=O)CCCCCCCCC\C=C/CCCCCCCC)(COC(=O)CCCCCCC\C=C/CCCC)OC(=O)CCCCCCCCCCCCCC","131758593","Found Concentration in Main Study",NA,NA,"No Match"
"BMDB63183","TG(14:1(9Z)/15:0/21:0)[iso6]","JJYKEXXFKPUKOC-JDGSYGFWSA-N","[H][C@@](COC(=O)CCCCCCCCCCCCCCCCCCCC)(COC(=O)CCCCCCC\C=C/CCCC)OC(=O)CCCCCCCCCCCCCC","","Found Concentration in Main Study",NA,NA,"No Match"
"BMDB63184","TG(14:1(9Z)/15:0/22:0)[iso6]","DZWUIBOQQCZJFO-IALZTZDJSA-N","[H][C@@](COC(=O)CCCCCCCCCCCCCCCCCCCCC)(COC(=O)CCCCCCC\C=C/CCCC)OC(=O)CCCCCCCCCCCCCC","","Found Concentration in Main Study",NA,NA,"No Match"
"BMDB63185","TG(14:1(9Z)/15:0/22:4(7Z,10Z,13Z,16Z)) [iso6]","JPKNJGJLOIRIHE-MOXAXNAPSA-N","[H][C@](COC(=O)CCCCCCC\C=C/CCCC)(COC(=O)CCCCC\C=C/C\C=C/C\C=C/C\C=C/CCCCC)OC(=O)CCCCCCCCCCCCCC","131758603","Found Concentration in Main Study",NA,NA,"No Match"
"BMDB63186","TG(14:1(9Z)/16:0/16:1(9Z))[iso6]","XYYRUMPXVOZUGQ-SYWUTWTBSA-N","[H][C@](COC(=O)CCCCCCC\C=C/CCCC)(COC(=O)CCCCCCC\C=C/CCCCCC)OC(=O)CCCCCCCCCCCCCCC","131758613","Found Concentration in Main Study",NA,NA,"No Match"
"BMDB63187","TG(14:1(9Z)/16:0/18:1(9Z))[iso6]","IDORTGNLWFUSFB-HQOGPMNASA-N","[H][C@](COC(=O)CCCCCCC\C=C/CCCC)(COC(=O)CCCCCCC\C=C/CCCCCCCC)OC(=O)CCCCCCCCCCCCCCC","131758615","Found Concentration in Main Study",NA,NA,"No Match"
"BMDB63188","TG(14:1(9Z)/16:0/18:2(9Z,12Z))[iso6]","FHGXTKAXCVLEFT-CTPXHKNOSA-N","[H][C@](COC(=O)CCCCCCC\C=C/CCCC)(COC(=O)CCCCCCC\C=C/C\C=C/CCCCC)OC(=O)CCCCCCCCCCCCCCC","131758620","Found Concentration in Main Study",NA,NA,"No Match"
"BMDB63189","TG(14:1(9Z)/16:0/19:0)[iso6]","KLYQJSMEYVGMRD-GFFYSNCTSA-N","[H][C@@](COC(=O)CCCCCCCCCCCCCCCCCC)(COC(=O)CCCCCCC\C=C/CCCC)OC(=O)CCCCCCCCCCCCCCC","","Found Concentration in Main Study",NA,NA,"No Match"
"BMDB63190","TG(14:1(9Z)/16:0/20:0)[iso6]","AJWXNNCJHGLYAD-JDGSYGFWSA-N","[H][C@@](COC(=O)CCCCCCCCCCCCCCCCCCC)(COC(=O)CCCCCCC\C=C/CCCC)OC(=O)CCCCCCCCCCCCCCC","","Found Concentration in Main Study",NA,NA,"No Match"
"BMDB63191","TG(14:1(9Z)/16:0/20:1(11Z))[iso6]","AXGBRPSHYYTFMZ-NACWYWMMSA-N","[H][C@@](COC(=O)CCCCCCCCC\C=C/CCCCCCCC)(COC(=O)CCCCCCC\C=C/CCCC)OC(=O)CCCCCCCCCCCCCCC","131758616","Found Concentration in Main Study",NA,NA,"No Match"
"BMDB63192","TG(14:1(9Z)/16:0/20:2(11Z,14Z))[iso6]","FKRJLNNLXUZMAE-ANHIWIAZSA-N","[H][C@@](COC(=O)CCCCCCCCC\C=C/C\C=C/CCCCC)(COC(=O)CCCCCCC\C=C/CCCC)OC(=O)CCCCCCCCCCCCCCC","131758622","Found Concentration in Main Study",NA,NA,"No Match"
"BMDB63193","TG(14:1(9Z)/16:0/20:3(8Z,11Z,14Z))[iso6]","QNSGESMEDNONDQ-CFNYABJBSA-N","[H][C@](COC(=O)CCCCCCC\C=C/CCCC)(COC(=O)CCCCCC\C=C/C\C=C/C\C=C/CCCCC)OC(=O)CCCCCCCCCCCCCCC","131758623","Found Concentration in Main Study",NA,NA,"No Match"
"BMDB63194","TG(14:1(9Z)/16:0/21:0)[iso6]","XIRVPEQVOKTJKV-IALZTZDJSA-N","[H][C@@](COC(=O)CCCCCCCCCCCCCCCCCCCC)(COC(=O)CCCCCCC\C=C/CCCC)OC(=O)CCCCCCCCCCCCCCC","","Found Concentration in Main Study",NA,NA,"No Match"
"BMDB63195","TG(14:1(9Z)/16:0/22:4(7Z,10Z,13Z,16Z))[iso6]","DJBSAGJERMKCDN-PNPLQMKDSA-N","[H][C@](COC(=O)CCCCCCC\C=C/CCCC)(COC(=O)CCCCC\C=C/C\C=C/C\C=C/C\C=C/CCCCC)OC(=O)CCCCCCCCCCCCCCC","131758626","Found Concentration in Main Study",NA,NA,"No Match"
"BMDB63196","TG(14:1(9Z)/16:1(9Z)/18:0)[iso6]","NTJGBLKOLWZBGK-CMRLHVTFSA-N","[H][C@@](COC(=O)CCCCCCCCCCCCCCCCC)(COC(=O)CCCCCCC\C=C/CCCC)OC(=O)CCCCCCC\C=C/CCCCCC","","Found Concentration in Main Study",NA,NA,"No Match"
"BMDB63197","TG(14:1(9Z)/16:1(9Z)/18:1(9Z))[iso6]","ZIGMEVARAPDBLA-IFLRWYQZSA-N","[H][C@](COC(=O)CCCCCCC\C=C/CCCC)(COC(=O)CCCCCCC\C=C/CCCCCCCC)OC(=O)CCCCCCC\C=C/CCCCCC","131758752","Found Concentration in Main Study",NA,NA,"No Match"
"BMDB63198","TG(14:1(9Z)/16:1(9Z)/19:0)[iso6]","ROOMUDAYHJYWIB-UHVGCUFSSA-N","[H][C@@](COC(=O)CCCCCCCCCCCCCCCCCC)(COC(=O)CCCCCCC\C=C/CCCC)OC(=O)CCCCCCC\C=C/CCCCCC","","Found Concentration in Main Study",NA,NA,"No Match"
"BMDB63199","TG(14:1(9Z)/16:1(9Z)/20:0)[iso6]","HAHVPPVRPWNLPZ-WXVWIONGSA-N","[H][C@@](COC(=O)CCCCCCCCCCCCCCCCCCC)(COC(=O)CCCCCCC\C=C/CCCC)OC(=O)CCCCCCC\C=C/CCCCCC","","Found Concentration in Main Study",NA,NA,"No Match"
"BMDB63200","TG(14:1(9Z)/16:1(9Z)/20:1(11Z))[iso6]","YJHJUCJUUFLJKP-QAJHFFRHSA-N","[H][C@@](COC(=O)CCCCCCCCC\C=C/CCCCCCCC)(COC(=O)CCCCCCC\C=C/CCCC)OC(=O)CCCCCCC\C=C/CCCCCC","131758753","Found Concentration in Main Study",NA,NA,"No Match"
"BMDB63201","TG(14:1(9Z)/16:1(9Z)/20:2(11Z,14Z))[iso6]","BVEHBZABGSQPIA-PFHOFWFYSA-N","[H][C@@](COC(=O)CCCCCCCCC\C=C/C\C=C/CCCCC)(COC(=O)CCCCCCC\C=C/CCCC)OC(=O)CCCCCCC\C=C/CCCCCC","131758759","Found Concentration in Main Study",NA,NA,"No Match"
"BMDB63202","TG(14:1(9Z)/16:1(9Z)/21:0)[iso6]","BDILEAGHQOKCJP-CXFRYPCTSA-N","[H][C@@](COC(=O)CCCCCCCCCCCCCCCCCCCC)(COC(=O)CCCCCCC\C=C/CCCC)OC(=O)CCCCCCC\C=C/CCCCCC","","Found Concentration in Main Study",NA,NA,"No Match"
"BMDB63203","TG(14:1(9Z)/16:1(9Z)/22:0)[iso6]","KCBONYLTGYLSPQ-YKGLDBJZSA-N","[H][C@@](COC(=O)CCCCCCCCCCCCCCCCCCCCC)(COC(=O)CCCCCCC\C=C/CCCC)OC(=O)CCCCCCC\C=C/CCCCCC","","Found Concentration in Main Study",NA,NA,"No Match"
"BMDB63204","TG(14:1(9Z)/17:0/18:0)[iso6]","VQFDARFASMNDPO-GFFYSNCTSA-N","[H][C@@](COC(=O)CCCCCCCCCCCCCCCCC)(COC(=O)CCCCCCC\C=C/CCCC)OC(=O)CCCCCCCCCCCCCCCC","","Found Concentration in Main Study",NA,NA,"No Match"
"BMDB63205","TG(14:1(9Z)/17:0/18:1(9Z))[iso6]","HNZHNRBGKOGSAN-FOWUOZPUSA-N","[H][C@](COC(=O)CCCCCCC\C=C/CCCC)(COC(=O)CCCCCCC\C=C/CCCCCCCC)OC(=O)CCCCCCCCCCCCCCCC","","Found Concentration in Main Study",NA,NA,"No Match"
"BMDB63206","TG(14:1(9Z)/17:0/19:0)[iso6]","APHPZTPJTCOKDQ-JDGSYGFWSA-N","[H][C@@](COC(=O)CCCCCCCCCCCCCCCCCC)(COC(=O)CCCCCCC\C=C/CCCC)OC(=O)CCCCCCCCCCCCCCCC","","Found Concentration in Main Study",NA,NA,"No Match"
"BMDB63207","TG(14:1(9Z)/17:0/20:0)[iso6]","SCKSTQYDKBQNEH-IALZTZDJSA-N","[H][C@@](COC(=O)CCCCCCCCCCCCCCCCCCC)(COC(=O)CCCCCCC\C=C/CCCC)OC(=O)CCCCCCCCCCCCCCCC","","Found Concentration in Main Study",NA,NA,"No Match"
"BMDB63208","TG(14:1(9Z)/17:0/20:1(11Z))[iso6]","QRHYOFNHJQTTSH-KIHIKYGNSA-N","[H][C@@](COC(=O)CCCCCCCCC\C=C/CCCCCCCC)(COC(=O)CCCCCCC\C=C/CCCC)OC(=O)CCCCCCCCCCCCCCCC","","Found Concentration in Main Study",NA,NA,"No Match"
"BMDB63209","TG(14:1(9Z)/17:0/20:2(11Z,14Z))[iso6]","UDGLXVGUNBGHQK-BAXXZNPMSA-N","[H][C@@](COC(=O)CCCCCCCCC\C=C/C\C=C/CCCCC)(COC(=O)CCCCCCC\C=C/CCCC)OC(=O)CCCCCCCCCCCCCCCC","","Found Concentration in Main Study",NA,NA,"No Match"
"BMDB63210","TG(14:1(9Z)/17:0/20:3(8Z,11Z,14Z))[iso6]","PDUURVFFFQOEDI-DNEIAMHTSA-N","[H][C@](COC(=O)CCCCCCC\C=C/CCCC)(COC(=O)CCCCCC\C=C/C\C=C/C\C=C/CCCCC)OC(=O)CCCCCCCCCCCCCCCC","","Found Concentration in Main Study",NA,NA,"No Match"
"BMDB63211","TG(14:1(9Z)/17:0/20:4(5Z,8Z,11Z,14Z)) [iso6]","AXGLIVAXBTUIEL-XEQKVWJTSA-N","[H][C@](COC(=O)CCCCCCC\C=C/CCCC)(COC(=O)CCC\C=C/C\C=C/C\C=C/C\C=C/CCCCC)OC(=O)CCCCCCCCCCCCCCCC","","Found Concentration in Main Study",NA,NA,"No Match"
"BMDB63212","TG(14:1(9Z)/17:0/22:4(7Z,10Z,13Z,16Z))[iso6]","UULXTJKQOCFMPP-CZCHVHMDSA-N","[H][C@](COC(=O)CCCCCCC\C=C/CCCC)(COC(=O)CCCCC\C=C/C\C=C/C\C=C/C\C=C/CCCCC)OC(=O)CCCCCCCCCCCCCCCC","","Found Concentration in Main Study",NA,NA,"No Match"
"BMDB63213","TG(14:1(9Z)/17:0/22:5(7Z,10Z,13Z,16Z,19Z))[iso6]","UZMFTVFOAGQKNA-XUEWGCFOSA-N","[H][C@](COC(=O)CCCCCCC\C=C/CCCC)(COC(=O)CCCCC\C=C/C\C=C/C\C=C/C\C=C/C\C=C/CC)OC(=O)CCCCCCCCCCCCCCCC","","Found Concentration in Main Study",NA,NA,"No Match"
"BMDB63214","TG(14:1(9Z)/18:0/18:0)[iso3]","BUBDIXSZFBSPDV-JDGSYGFWSA-N","[H][C@@](COC(=O)CCCCCCCCCCCCCCCCC)(COC(=O)CCCCCCC\C=C/CCCC)OC(=O)CCCCCCCCCCCCCCCCC","","Found Concentration in Main Study",NA,NA,"No Match"
"BMDB63215","TG(14:1(9Z)/18:0/18:1(9Z))[iso6]","BWIZOVWGSXRELH-LJGGRZDASA-N","[H][C@](COC(=O)CCCCCCC\C=C/CCCC)(COC(=O)CCCCCCC\C=C/CCCCCCCC)OC(=O)CCCCCCCCCCCCCCCCC","131758638","Found Concentration in Main Study",NA,NA,"No Match"
"BMDB63216","TG(14:1(9Z)/18:0/18:2(9Z,12Z))[iso6]","YZIMSURFZCBEPK-URNGJYJMSA-N","[H][C@](COC(=O)CCCCCCC\C=C/CCCC)(COC(=O)CCCCCCC\C=C/C\C=C/CCCCC)OC(=O)CCCCCCCCCCCCCCCCC","131758643","Found Concentration in Main Study",NA,NA,"No Match"
"BMDB63217","TG(14:1(9Z)/18:0/18:3(6Z,9Z,12Z))[iso6]","JJJFPSASDJDBAA-IKCLBYGGSA-N","[H][C@](COC(=O)CCCCCCC\C=C/CCCC)(COC(=O)CCCC\C=C/C\C=C/C\C=C/CCCCC)OC(=O)CCCCCCCCCCCCCCCCC","131758644","Found Concentration in Main Study",NA,NA,"No Match"
"BMDB63218","TG(14:1(9Z)/18:0/18:3(9Z,12Z,15Z))[iso6]","AHFFBXZSVOKSCA-SJQHUTKESA-N","[H][C@](COC(=O)CCCCCCC\C=C/CCCC)(COC(=O)CCCCCCC\C=C/C\C=C/C\C=C/CC)OC(=O)CCCCCCCCCCCCCCCCC","131758651","Found Concentration in Main Study",NA,NA,"No Match"
"BMDB63219","TG(14:1(9Z)/18:0/19:0)[iso6]","HVZCGYSSADENBO-IALZTZDJSA-N","[H][C@@](COC(=O)CCCCCCCCCCCCCCCCCC)(COC(=O)CCCCCCC\C=C/CCCC)OC(=O)CCCCCCCCCCCCCCCCC","","Found Concentration in Main Study",NA,NA,"No Match"
"BMDB63220","TG(14:1(9Z)/18:0/20:1(11Z))[iso6]","SJZMAXZPHJKFLA-NQDJKTSESA-N","[H][C@@](COC(=O)CCCCCCCCC\C=C/CCCCCCCC)(COC(=O)CCCCCCC\C=C/CCCC)OC(=O)CCCCCCCCCCCCCCCCC","131758639","Found Concentration in Main Study",NA,NA,"No Match"
"BMDB63221","TG(14:1(9Z)/18:0/20:2(11Z,14Z))[iso6]","FSTDLLFKLQLNCY-LPLBOQDCSA-N","[H][C@@](COC(=O)CCCCCCCCC\C=C/C\C=C/CCCCC)(COC(=O)CCCCCCC\C=C/CCCC)OC(=O)CCCCCCCCCCCCCCCCC","131758645","Found Concentration in Main Study",NA,NA,"No Match"
"BMDB63222","TG(14:1(9Z)/18:0/20:3(8Z,11Z,14Z))[iso6]","FRRFYNPAOJOMTG-XMHUXDSYSA-N","[H][C@](COC(=O)CCCCCCC\C=C/CCCC)(COC(=O)CCCCCC\C=C/C\C=C/C\C=C/CCCCC)OC(=O)CCCCCCCCCCCCCCCCC","131758646","Found Concentration in Main Study",NA,NA,"No Match"
"BMDB63223","TG(14:1(9Z)/18:0/20:4(5Z,8Z,11Z,14Z))[iso6]","LMDMXKYAEKPMRJ-XKMHHYLWSA-N","[H][C@](COC(=O)CCCCCCC\C=C/CCCC)(COC(=O)CCC\C=C/C\C=C/C\C=C/C\C=C/CCCCC)OC(=O)CCCCCCCCCCCCCCCCC","131758647","Found Concentration in Main Study",NA,NA,"No Match"
"BMDB63224","TG(14:1(9Z)/18:0/22:4(7Z,10Z,13Z,16Z))[iso6]","FAEIJJBFHNTKST-FCJLYCLESA-N","[H][C@](COC(=O)CCCCCCC\C=C/CCCC)(COC(=O)CCCCC\C=C/C\C=C/C\C=C/C\C=C/CCCCC)OC(=O)CCCCCCCCCCCCCCCCC","131758649","Found Concentration in Main Study",NA,NA,"No Match"
"BMDB63225","TG(14:1(9Z)/18:0/22:5(7Z,10Z,13Z,16Z,19Z))[iso6]","XEMKEHAWVGNINA-PNPDBVDCSA-N","[H][C@](COC(=O)CCCCCCC\C=C/CCCC)(COC(=O)CCCCC\C=C/C\C=C/C\C=C/C\C=C/C\C=C/CC)OC(=O)CCCCCCCCCCCCCCCCC","131758655","Found Concentration in Main Study","DMD302505","DMD302505","Unique Match (by names only)"
"BMDB63226","TG(14:1(9Z)/18:1(9Z)/18:1(9Z))[iso3]","LSIWIEMBUWTAAQ-KSDZLZACSA-N","[H][C@](COC(=O)CCCCCCC\C=C/CCCC)(COC(=O)CCCCCCC\C=C/CCCCCCCC)OC(=O)CCCCCCC\C=C/CCCCCCCC","131758798","Found Concentration in Main Study",NA,NA,"No Match"
"BMDB63227","TG(14:1(9Z)/18:1(9Z)/18:2(9Z,12Z))[iso6]","OXTWVCYSQAJXLY-VAHUBCMFSA-N","[H][C@](COC(=O)CCCCCCC\C=C/CCCC)(COC(=O)CCCCCCC\C=C/C\C=C/CCCCC)OC(=O)CCCCCCC\C=C/CCCCCCCC","131758803","Found Concentration in Main Study",NA,NA,"No Match"
"BMDB63228","TG(14:1(9Z)/18:1(9Z)/19:0)[iso6]","ZIELCAYILYZIOC-QLNJNHAESA-N","[H][C@@](COC(=O)CCCCCCCCCCCCCCCCCC)(COC(=O)CCCCCCC\C=C/CCCC)OC(=O)CCCCCCC\C=C/CCCCCCCC","","Found Concentration in Main Study",NA,NA,"No Match"
"BMDB63229","TG(14:1(9Z)/18:1(9Z)/20:0)[iso6]","QGSLOGGZIMGOJQ-GUPVLIFQSA-N","[H][C@@](COC(=O)CCCCCCCCCCCCCCCCCCC)(COC(=O)CCCCCCC\C=C/CCCC)OC(=O)CCCCCCC\C=C/CCCCCCCC","","Found Concentration in Main Study",NA,NA,"No Match"
"BMDB63230","TG(14:1(9Z)/18:1(9Z)/20:1(11Z))[iso6]","RYWWBXHDEGSCOG-GAAGLFOXSA-N","[H][C@@](COC(=O)CCCCCCCCC\C=C/CCCCCCCC)(COC(=O)CCCCCCC\C=C/CCCC)OC(=O)CCCCCCC\C=C/CCCCCCCC","131758799","Found Concentration in Main Study",NA,NA,"No Match"
"BMDB63231","TG(14:1(9Z)/18:1(9Z)/20:2(11Z,14Z))[iso6]","YWEWSQJHNNUANW-CUCXGRSDSA-N","[H][C@@](COC(=O)CCCCCCCCC\C=C/C\C=C/CCCCC)(COC(=O)CCCCCCC\C=C/CCCC)OC(=O)CCCCCCC\C=C/CCCCCCCC","131758805","Found Concentration in Main Study",NA,NA,"No Match"
"BMDB63232","TG(14:1(9Z)/18:1(9Z)/20:3(8Z,11Z,14Z))[iso6]","CGPMDMDZQFZLHH-JOBYQNAZSA-N","[H][C@](COC(=O)CCCCCCC\C=C/CCCC)(COC(=O)CCCCCC\C=C/C\C=C/C\C=C/CCCCC)OC(=O)CCCCCCC\C=C/CCCCCCCC","131758806","Found Concentration in Main Study",NA,NA,"No Match"
"BMDB63233","TG(14:1(9Z)/18:1(9Z)/22:0)[iso6]","XQGOXUBPPLKVPV-WTGKFRADSA-N","[H][C@@](COC(=O)CCCCCCCCCCCCCCCCCCCCC)(COC(=O)CCCCCCC\C=C/CCCC)OC(=O)CCCCCCC\C=C/CCCCCCCC","","Found Concentration in Main Study",NA,NA,"No Match"
"BMDB63234","TG(14:1(9Z)/18:1(9Z)/22:4(7Z,10Z,13Z,16Z))[iso6]","PSXVDMHVIJTXKU-GZHFRLJBSA-N","[H][C@](COC(=O)CCCCCCC\C=C/CCCC)(COC(=O)CCCCC\C=C/C\C=C/C\C=C/C\C=C/CCCCC)OC(=O)CCCCCCC\C=C/CCCCCCCC","131758809","Found Concentration in Main Study","DMD302505","DMD302505","Unique Match (by names only)"
"BMDB63235","TG(14:1(9Z)/18:2(9Z,12Z)/19:0)[iso6]","PMWHTYYQOBMMGG-FHDIKIECSA-N","[H][C@@](COC(=O)CCCCCCCCCCCCCCCCCC)(COC(=O)CCCCCCC\C=C/CCCC)OC(=O)CCCCCCC\C=C/C\C=C/CCCCC","","Found Concentration in Main Study",NA,NA,"No Match"
"BMDB63236","TG(14:1(9Z)/18:2(9Z,12Z)/20:0)[iso6]","SESIDPZYQNXGDB-HLUBQEQQSA-N","[H][C@@](COC(=O)CCCCCCCCCCCCCCCCCCC)(COC(=O)CCCCCCC\C=C/CCCC)OC(=O)CCCCCCC\C=C/C\C=C/CCCCC","","Found Concentration in Main Study",NA,NA,"No Match"
"BMDB63237","TG(14:1(9Z)/18:2(9Z,12Z)/20:1(11Z))[iso6]","RXDPGFFVSMSLTG-VUQJOJETSA-N","[H][C@@](COC(=O)CCCCCCCCC\C=C/CCCCCCCC)(COC(=O)CCCCCCC\C=C/CCCC)OC(=O)CCCCCCC\C=C/C\C=C/CCCCC","131758914","Found Concentration in Main Study",NA,NA,"No Match"
"BMDB63238","TG(14:1(9Z)/18:2(9Z,12Z)/20:2(11Z,14Z))[iso6]","FHMSYFQZXWGGAR-OKEXGHLUSA-N","[H][C@@](COC(=O)CCCCCCCCC\C=C/C\C=C/CCCCC)(COC(=O)CCCCCCC\C=C/CCCC)OC(=O)CCCCCCC\C=C/C\C=C/CCCCC","131758920","Found Concentration in Main Study",NA,NA,"No Match"
"BMDB63239","TG(14:1(9Z)/18:2(9Z,12Z)/21:0)[iso6]","MFKVUWLZFLRRSL-GEJTYJMASA-N","[H][C@@](COC(=O)CCCCCCCCCCCCCCCCCCCC)(COC(=O)CCCCCCC\C=C/CCCC)OC(=O)CCCCCCC\C=C/C\C=C/CCCCC","","Found Concentration in Main Study",NA,NA,"No Match"
"BMDB63240","TG(14:1(9Z)/18:2(9Z,12Z)/22:0)[iso6]","FYOAFNBAIZJVFT-ZTIYBWLLSA-N","[H][C@@](COC(=O)CCCCCCCCCCCCCCCCCCCCC)(COC(=O)CCCCCCC\C=C/CCCC)OC(=O)CCCCCCC\C=C/C\C=C/CCCCC","","Found Concentration in Main Study",NA,NA,"No Match"
"BMDB63241","TG(14:1(9Z)/18:3(6Z,9Z,12Z)/19:0)[iso6]","FXJDGSNNOJGERK-JPEOXRGFSA-N","[H][C@@](COC(=O)CCCCCCCCCCCCCCCCCC)(COC(=O)CCCCCCC\C=C/CCCC)OC(=O)CCCC\C=C/C\C=C/C\C=C/CCCCC","","Found Concentration in Main Study",NA,NA,"No Match"
"BMDB63242","TG(14:1(9Z)/18:3(6Z,9Z,12Z)/20:0)[iso6]","MGSBTOPMZSCVHO-ROKBNZNKSA-N","[H][C@@](COC(=O)CCCCCCCCCCCCCCCCCCC)(COC(=O)CCCCCCC\C=C/CCCC)OC(=O)CCCC\C=C/C\C=C/C\C=C/CCCCC","","Found Concentration in Main Study",NA,NA,"No Match"
"BMDB63243","TG(14:1(9Z)/18:3(6Z,9Z,12Z)/20:1(11Z))[iso6]","PHSOZYZQNQNQAK-CVHNYEHWSA-N","[H][C@@](COC(=O)CCCCCCCCC\C=C/CCCCCCCC)(COC(=O)CCCCCCC\C=C/CCCC)OC(=O)CCCC\C=C/C\C=C/C\C=C/CCCCC","131758937","Found Concentration in Main Study",NA,NA,"No Match"
"BMDB63244","TG(14:1(9Z)/18:3(6Z,9Z,12Z)/21:0)[iso6]","HJALBBWEPPAQQG-AAINFDRGSA-N","[H][C@@](COC(=O)CCCCCCCCCCCCCCCCCCCC)(COC(=O)CCCCCCC\C=C/CCCC)OC(=O)CCCC\C=C/C\C=C/C\C=C/CCCCC","","Found Concentration in Main Study",NA,NA,"No Match"
"BMDB63245","TG(14:1(9Z)/18:3(6Z,9Z,12Z)/22:0)[iso6]","OOXHPYMTHPKODA-LIENHTAXSA-N","[H][C@@](COC(=O)CCCCCCCCCCCCCCCCCCCCC)(COC(=O)CCCCCCC\C=C/CCCC)OC(=O)CCCC\C=C/C\C=C/C\C=C/CCCCC","","Found Concentration in Main Study",NA,NA,"No Match"
"BMDB63246","TG(14:1(9Z)/18:3(9Z,12Z,15Z)/19:0)[iso6]","SJQMHIAHRCGOFO-JMCXUACXSA-N","[H][C@@](COC(=O)CCCCCCCCCCCCCCCCCC)(COC(=O)CCCCCCC\C=C/CCCC)OC(=O)CCCCCCC\C=C/C\C=C/C\C=C/CC","","Found Concentration in Main Study",NA,NA,"No Match"
"BMDB63247","TG(14:1(9Z)/18:3(9Z,12Z,15Z)/20:0)[iso6]","WZFPPHDQBDNLNK-QOMXRBJQSA-N","[H][C@@](COC(=O)CCCCCCCCCCCCCCCCCCC)(COC(=O)CCCCCCC\C=C/CCCC)OC(=O)CCCCCCC\C=C/C\C=C/C\C=C/CC","","Found Concentration in Main Study",NA,NA,"No Match"
"BMDB63248","TG(14:1(9Z)/18:3(9Z,12Z,15Z)/20:1(11Z))[iso6]","DSZMYGQJZQQSEL-XDBIBJELSA-N","[H][C@@](COC(=O)CCCCCCCCC\C=C/CCCCCCCC)(COC(=O)CCCCCCC\C=C/CCCC)OC(=O)CCCCCCC\C=C/C\C=C/C\C=C/CC","131759098","Found Concentration in Main Study",NA,NA,"No Match"
"BMDB63249","TG(14:1(9Z)/18:3(9Z,12Z,15Z)/21:0)[iso6]","YCBCZIKALKDHRL-ZLSCYYNLSA-N","[H][C@@](COC(=O)CCCCCCCCCCCCCCCCCCCC)(COC(=O)CCCCCCC\C=C/CCCC)OC(=O)CCCCCCC\C=C/C\C=C/C\C=C/CC","","Found Concentration in Main Study",NA,NA,"No Match"
"BMDB63250","TG(14:1(9Z)/18:3(9Z,12Z,15Z)/22:0)[iso6]","QEYIHHBEALJAPR-QJGMYCCBSA-N","[H][C@@](COC(=O)CCCCCCCCCCCCCCCCCCCCC)(COC(=O)CCCCCCC\C=C/CCCC)OC(=O)CCCCCCC\C=C/C\C=C/C\C=C/CC","","Found Concentration in Main Study",NA,NA,"No Match"
"BMDB63251","TG(14:1(9Z)/18:4(6Z,9Z,12Z,15Z)/19:0) [iso6]","OJQOQQTYZNUQEO-LRSUTHQFSA-N","[H][C@@](COC(=O)CCCCCCCCCCCCCCCCCC)(COC(=O)CCCCCCC\C=C/CCCC)OC(=O)CCCC\C=C/C\C=C/C\C=C/C\C=C/CC","","Found Concentration in Main Study",NA,NA,"No Match"
"BMDB63252","TG(14:1(9Z)/18:4(6Z,9Z,12Z,15Z)/20:0)[iso6]","AYBNKZOBZIRMHJ-BOYFPWPJSA-N","[H][C@@](COC(=O)CCCCCCCCCCCCCCCCCCC)(COC(=O)CCCCCCC\C=C/CCCC)OC(=O)CCCC\C=C/C\C=C/C\C=C/C\C=C/CC","","Found Concentration in Main Study",NA,NA,"No Match"
"BMDB63253","TG(14:1(9Z)/18:4(6Z,9Z,12Z,15Z)/21:0)[iso6]","OPTAVPDYKMZZIU-QLDCQHGWSA-N","[H][C@@](COC(=O)CCCCCCCCCCCCCCCCCCCC)(COC(=O)CCCCCCC\C=C/CCCC)OC(=O)CCCC\C=C/C\C=C/C\C=C/C\C=C/CC","","Found Concentration in Main Study",NA,NA,"No Match"
"BMDB63254","TG(14:1(9Z)/18:4(6Z,9Z,12Z,15Z)/22:0)[iso6]","IHSDKTOLZNRUIJ-XGIAECFBSA-N","[H][C@@](COC(=O)CCCCCCCCCCCCCCCCCCCCC)(COC(=O)CCCCCCC\C=C/CCCC)OC(=O)CCCC\C=C/C\C=C/C\C=C/C\C=C/CC","","Found Concentration in Main Study",NA,NA,"No Match"
"BMDB63255","TG(14:1(9Z)/19:0/20:2(11Z,14Z))[iso6]","DWRFRVMLGKZEFL-PWMLTBMOSA-N","[H][C@@](COC(=O)CCCCCCCCC\C=C/C\C=C/CCCCC)(COC(=O)CCCCCCC\C=C/CCCC)OC(=O)CCCCCCCCCCCCCCCCCC","","Found Concentration in Main Study",NA,NA,"No Match"
"BMDB63256","TG(14:1(9Z)/19:0/20:3(8Z,11Z,14Z))[iso6]","AGGMHSIJPOCJNC-RBDZZQPWSA-N","[H][C@](COC(=O)CCCCCCC\C=C/CCCC)(COC(=O)CCCCCC\C=C/C\C=C/C\C=C/CCCCC)OC(=O)CCCCCCCCCCCCCCCCCC","","Found Concentration in Main Study",NA,NA,"No Match"
"BMDB63257","TG(14:1(9Z)/19:0/20:4(5Z,8Z,11Z,14Z))[iso6]","UIRMRFWTYIILMR-JRGCGUAFSA-N","[H][C@](COC(=O)CCCCCCC\C=C/CCCC)(COC(=O)CCC\C=C/C\C=C/C\C=C/C\C=C/CCCCC)OC(=O)CCCCCCCCCCCCCCCCCC","","Found Concentration in Main Study",NA,NA,"No Match"
"BMDB63258","TG(14:1(9Z)/19:0/20:5(5Z,8Z,11Z,14Z,17Z))[iso6]","BNZDKHVWOHULBW-MQRWCIIWSA-N","[H][C@](COC(=O)CCCCCCC\C=C/CCCC)(COC(=O)CCC\C=C/C\C=C/C\C=C/C\C=C/C\C=C/CC)OC(=O)CCCCCCCCCCCCCCCCCC","","Found Concentration in Main Study",NA,NA,"No Match"
"BMDB63259","TG(14:1(9Z)/19:0/22:5(7Z,10Z,13Z,16Z,19Z))[iso6]","PEFALGWSGDTGFP-WRMFWARJSA-N","[H][C@](COC(=O)CCCCCCC\C=C/CCCC)(COC(=O)CCCCC\C=C/C\C=C/C\C=C/C\C=C/C\C=C/CC)OC(=O)CCCCCCCCCCCCCCCCCC","","Found Concentration in Main Study",NA,NA,"No Match"
"BMDB63260","TG(14:1(9Z)/19:0/22:6(4Z,7Z,10Z,13Z,16Z,19Z))[iso6]","HPIZLBYYGOCKAC-VJTFIWRRSA-N","[H][C@](COC(=O)CCCCCCC\C=C/CCCC)(COC(=O)CC\C=C/C\C=C/C\C=C/C\C=C/C\C=C/C\C=C/CC)OC(=O)CCCCCCCCCCCCCCCCCC","","Found Concentration in Main Study",NA,NA,"No Match"
"BMDB63261","TG(14:1(9Z)/20:0/20:1(11Z))[iso6]","SSHQULTWICGVDD-JWCKISPSSA-N","[H][C@@](COC(=O)CCCCCCCCC\C=C/CCCCCCCC)(COC(=O)CCCCCCC\C=C/CCCC)OC(=O)CCCCCCCCCCCCCCCCCCC","131758662","Found Concentration in Main Study",NA,NA,"No Match"
"BMDB63262","TG(14:1(9Z)/20:0/20:2(11Z,14Z))[iso6]","NUYRINJQOPQTKC-YXBKKIBYSA-N","[H][C@@](COC(=O)CCCCCCCCC\C=C/C\C=C/CCCCC)(COC(=O)CCCCCCC\C=C/CCCC)OC(=O)CCCCCCCCCCCCCCCCCCC","131758668","Found Concentration in Main Study",NA,NA,"No Match"
"BMDB63263","TG(14:1(9Z)/20:0/20:3(8Z,11Z,14Z))[iso6]","AUEYCFPJLUPBLD-VBAODHEZSA-N","[H][C@](COC(=O)CCCCCCC\C=C/CCCC)(COC(=O)CCCCCC\C=C/C\C=C/C\C=C/CCCCC)OC(=O)CCCCCCCCCCCCCCCCCCC","131758669","Found Concentration in Main Study",NA,NA,"No Match"
"BMDB63264","TG(14:1(9Z)/20:0/20:4(5Z,8Z,11Z,14Z))[iso6]","FCJIOGHLJHBKRR-KTSHDULSSA-N","[H][C@](COC(=O)CCCCCCC\C=C/CCCC)(COC(=O)CCC\C=C/C\C=C/C\C=C/C\C=C/CCCCC)OC(=O)CCCCCCCCCCCCCCCCCCC","131758670","Found Concentration in Main Study",NA,NA,"No Match"
"BMDB63265","TG(14:1(9Z)/20:0/20:5(5Z,8Z,11Z,14Z,17Z))[iso6]","MRADHNGGQNMBIT-TWVHKIFASA-N","[H][C@](COC(=O)CCCCCCC\C=C/CCCC)(COC(=O)CCC\C=C/C\C=C/C\C=C/C\C=C/C\C=C/CC)OC(=O)CCCCCCCCCCCCCCCCCCC","131758677","Found Concentration in Main Study","DMD302505","DMD302505","Unique Match (by names only)"
"BMDB63266","TG(14:1(9Z)/20:0/22:5(7Z,10Z,13Z,16Z,19Z))[iso6]","HHOXMNWYACDQOZ-OOMJFVRLSA-N","[H][C@](COC(=O)CCCCCCC\C=C/CCCC)(COC(=O)CCCCC\C=C/C\C=C/C\C=C/C\C=C/C\C=C/CC)OC(=O)CCCCCCCCCCCCCCCCCCC","131758678","Found Concentration in Main Study",NA,NA,"No Match"
"BMDB63267","TG(14:1(9Z)/20:1(11Z)/20:1(11Z))[iso3]","OPZBOXKFTDVAOR-JXQORKFYSA-N","[H][C@@](COC(=O)CCCCCCCCC\C=C/CCCCCCCC)(COC(=O)CCCCCCC\C=C/CCCC)OC(=O)CCCCCCCCC\C=C/CCCCCCCC","131758822","Found Concentration in Main Study",NA,NA,"No Match"
"BMDB63268","TG(14:1(9Z)/20:1(11Z)/20:2(11Z,14Z))[iso6]","BGODCVGWEBYLGN-UTXPKRQLSA-N","[H][C@@](COC(=O)CCCCCCCCC\C=C/C\C=C/CCCCC)(COC(=O)CCCCCCC\C=C/CCCC)OC(=O)CCCCCCCCC\C=C/CCCCCCCC","131758828","Found Concentration in Main Study",NA,NA,"No Match"
"BMDB63269","TG(14:1(9Z)/20:1(11Z)/20:3(8Z,11Z,14Z))[iso6]","BCMHHAAVHIRHKO-XLWYRELXSA-N","[H][C@](COC(=O)CCCCCCC\C=C/CCCC)(COC(=O)CCCCCC\C=C/C\C=C/C\C=C/CCCCC)OC(=O)CCCCCCCCC\C=C/CCCCCCCC","131758829","Found Concentration in Main Study",NA,NA,"No Match"
"BMDB63270","TG(14:1(9Z)/20:1(11Z)/20:4(5Z,8Z,11Z,14Z))[iso6]","FWEYWBCVKNAPDM-KVTHUSLPSA-N","[H][C@](COC(=O)CCCCCCC\C=C/CCCC)(COC(=O)CCC\C=C/C\C=C/C\C=C/C\C=C/CCCCC)OC(=O)CCCCCCCCC\C=C/CCCCCCCC","131758830","Found Concentration in Main Study","DMD302505","DMD302505","Unique Match (by names only)"
"BMDB63271","TG(14:1(9Z)/20:1(11Z)/22:4(7Z,10Z,13Z,16Z))[iso6]","OVLIJZSOJQWFEB-MWFGLFJZSA-N","[H][C@](COC(=O)CCCCCCC\C=C/CCCC)(COC(=O)CCCCC\C=C/C\C=C/C\C=C/C\C=C/CCCCC)OC(=O)CCCCCCCCC\C=C/CCCCCCCC","131758832","Found Concentration in Main Study",NA,NA,"No Match"
"BMDB63272","TG(14:1(9Z)/20:2(11Z,14Z)/20:2(11Z,14Z))[iso3]","GGESIZJOLUZGHM-DGZLZUMGSA-N","[H][C@@](COC(=O)CCCCCCCCC\C=C/C\C=C/CCCCC)(COC(=O)CCCCCCC\C=C/CCCC)OC(=O)CCCCCCCCC\C=C/C\C=C/CCCCC","131758966","Found Concentration in Main Study",NA,NA,"No Match"
"BMDB63273","TG(14:1(9Z)/20:2(11Z,14Z)/20:3(8Z,11Z,14Z))[iso6]","GTWVWZVUHRQRBY-AWQMEVMMSA-N","[H][C@](COC(=O)CCCCCCC\C=C/CCCC)(COC(=O)CCCCCC\C=C/C\C=C/C\C=C/CCCCC)OC(=O)CCCCCCCCC\C=C/C\C=C/CCCCC","131758967","Found Concentration in Main Study","DMD302505","DMD302505","Unique Match (by names only)"
"BMDB63274","TG(14:1(9Z)/20:5(5Z,8Z,11Z,14Z,17Z)/21:0)[iso6]","TXGHWDWVTGGXMQ-NVWWXIKFSA-N","[H][C@@](COC(=O)CCCCCCCCCCCCCCCCCCCC)(COC(=O)CCCCCCC\C=C/CCCC)OC(=O)CCC\C=C/C\C=C/C\C=C/C\C=C/C\C=C/CC","","Found Concentration in Main Study",NA,NA,"No Match"
"BMDB63275","TG(14:1(9Z)/20:5(5Z,8Z,11Z,14Z,17Z)/22:0)[iso6]","WYXOGHYUVBJXHY-RCYNUGSISA-N","[H][C@@](COC(=O)CCCCCCCCCCCCCCCCCCCCC)(COC(=O)CCCCCCC\C=C/CCCC)OC(=O)CCC\C=C/C\C=C/C\C=C/C\C=C/C\C=C/CC","","Found Concentration in Main Study",NA,NA,"No Match"
"BMDB63276","TG(15:0/15:0/18:2(9Z,12Z))[iso3]","QMWRBKDPURNASG-UDWYXPPSSA-N","[H][C@](COC(=O)CCCCCCCCCCCCCC)(COC(=O)CCCCCCC\C=C/C\C=C/CCCCC)OC(=O)CCCCCCCCCCCCCC","131754137","Found Concentration in Main Study",NA,NA,"No Match"
"BMDB63277","TG(15:0/15:0/18:3(6Z,9Z,12Z))[iso3]","METHLKWLLGWOAR-BERYFDQLSA-N","[H][C@](COC(=O)CCCCCCCCCCCCCC)(COC(=O)CCCC\C=C/C\C=C/C\C=C/CCCCC)OC(=O)CCCCCCCCCCCCCC","131754138","Found Concentration in Main Study",NA,NA,"No Match"
"BMDB63278","TG(15:0/15:0/18:3(9Z,12Z,15Z))[iso3]","IMUJVKCHSCPLJO-OBOOCMDCSA-N","[H][C@](COC(=O)CCCCCCCCCCCCCC)(COC(=O)CCCCCCC\C=C/C\C=C/C\C=C/CC)OC(=O)CCCCCCCCCCCCCC","131754145","Found Concentration in Main Study",NA,NA,"No Match"
"BMDB63279","TG(15:0/15:0/20:1(11Z))[iso3]","CTTGQUYMPWGUTF-OIVKDUIRSA-N","[H][C@](COC(=O)CCCCCCCCCCCCCC)(COC(=O)CCCCCCCCC\C=C/CCCCCCCC)OC(=O)CCCCCCCCCCCCCC","131754133","Found Concentration in Main Study",NA,NA,"No Match"
"BMDB63280","TG(15:0/15:0/20:2(11Z,14Z))[iso3]","OEGSGUSCNRLRFO-SOEJSTAXSA-N","[H][C@](COC(=O)CCCCCCCCCCCCCC)(COC(=O)CCCCCCCCC\C=C/C\C=C/CCCCC)OC(=O)CCCCCCCCCCCCCC","131754139","Found Concentration in Main Study",NA,NA,"No Match"
"BMDB63281","TG(15:0/15:0/20:3(8Z,11Z,14Z))[iso3]","USKOQXWFTGKIJK-AHIKAAPSSA-N","[H][C@](COC(=O)CCCCCCCCCCCCCC)(COC(=O)CCCCCC\C=C/C\C=C/C\C=C/CCCCC)OC(=O)CCCCCCCCCCCCCC","131754140","Found Concentration in Main Study",NA,NA,"No Match"
"BMDB63282","TG(15:0/15:0/20:4(5Z,8Z,11Z,14Z))[iso3]","GOBILVAUGMTLQK-OWXLDOLFSA-N","[H][C@](COC(=O)CCCCCCCCCCCCCC)(COC(=O)CCC\C=C/C\C=C/C\C=C/C\C=C/CCCCC)OC(=O)CCCCCCCCCCCCCC","131754141","Found Concentration in Main Study",NA,NA,"No Match"
"BMDB63283","TG(15:0/15:0/22:4(7Z,10Z,13Z,16Z))[iso3]","OHCSUIXLCHKFFY-UJKPDYKISA-N","[H][C@](COC(=O)CCCCCCCCCCCCCC)(COC(=O)CCCCC\C=C/C\C=C/C\C=C/C\C=C/CCCCC)OC(=O)CCCCCCCCCCCCCC","131754143","Found Concentration in Main Study",NA,NA,"No Match"
"BMDB63284","TG(15:0/15:0/22:5(7Z,10Z,13Z,16Z,19Z))[iso3]","CKJFKCABBRYLMR-ZDKRBGOHSA-N","[H][C@](COC(=O)CCCCCCCCCCCCCC)(COC(=O)CCCCC\C=C/C\C=C/C\C=C/C\C=C/C\C=C/CC)OC(=O)CCCCCCCCCCCCCC","131754149","Found Concentration in Main Study",NA,NA,"No Match"
"BMDB63285","TG(15:0/16:0/18:1(9Z))[iso6]","IVRUJYRTYXTTIH-PVPKLLLRSA-N","[H][C@](COC(=O)CCCCCCCCCCCCCC)(COC(=O)CCCCCCC\C=C/CCCCCCCC)OC(=O)CCCCCCCCCCCCCCC","131754161","Found Concentration in Main Study",NA,NA,"No Match"
"BMDB63286","TG(15:0/16:0/18:2(9Z,12Z))[iso6]","DDWAXVHDVUVXSQ-ZDFZEWNHSA-N","[H][C@](COC(=O)CCCCCCCCCCCCCC)(COC(=O)CCCCCCC\C=C/C\C=C/CCCCC)OC(=O)CCCCCCCCCCCCCCC","131754166","Found Concentration in Main Study",NA,NA,"No Match"
"BMDB63287","TG(15:0/16:0/20:1(11Z))[iso6]","SUYGGHGLHBZSPT-HGUUATKKSA-N","[H][C@](COC(=O)CCCCCCCCCCCCCC)(COC(=O)CCCCCCCCC\C=C/CCCCCCCC)OC(=O)CCCCCCCCCCCCCCC","131754162","Found Concentration in Main Study",NA,NA,"No Match"
"BMDB63288","TG(15:0/16:0/20:5(5Z,8Z,11Z,14Z,17Z)) [iso6]","AMXXNFGRYHWAIZ-OVPMLGPNSA-N","[H][C@](COC(=O)CCCCCCCCCCCCCC)(COC(=O)CCC\C=C/C\C=C/C\C=C/C\C=C/C\C=C/CC)OC(=O)CCCCCCCCCCCCCCC","131754174","Found Concentration in Main Study",NA,NA,"No Match"
"BMDB63289","TG(15:0/16:0/22:4(7Z,10Z,13Z,16Z))[iso6]","AHARKWTZAVEXCY-ULVWXFASSA-N","[H][C@](COC(=O)CCCCCCCCCCCCCC)(COC(=O)CCCCC\C=C/C\C=C/C\C=C/C\C=C/CCCCC)OC(=O)CCCCCCCCCCCCCCC","131754169","Found Concentration in Main Study",NA,NA,"No Match"
"BMDB63290","TG(15:0/16:0/22:5(7Z,10Z,13Z,16Z,19Z))[iso6]","QBWWHOKPBJFJMT-YXUBROBDSA-N","[H][C@](COC(=O)CCCCCCCCCCCCCC)(COC(=O)CCCCC\C=C/C\C=C/C\C=C/C\C=C/C\C=C/CC)OC(=O)CCCCCCCCCCCCCCC","131754175","Found Concentration in Main Study",NA,NA,"No Match"
"BMDB63291","TG(15:0/16:0/22:6(4Z,7Z,10Z,13Z,16Z,19Z))[iso6]","LDWHFXYROBXTCC-BKUFMLQHSA-N","[H][C@](COC(=O)CCCCCCCCCCCCCC)(COC(=O)CC\C=C/C\C=C/C\C=C/C\C=C/C\C=C/C\C=C/CC)OC(=O)CCCCCCCCCCCCCCC","131754176","Found Concentration in Main Study",NA,NA,"No Match"
"BMDB63292","TG(15:0/16:1(9Z)/18:0)[iso6]","IPTNYCRHJMJCQE-ZCXHGMKPSA-N","[H][C@](COC(=O)CCCCCCCCCCCCCC)(COC(=O)CCCCCCCCCCCCCCCCC)OC(=O)CCCCCCC\C=C/CCCCCC","131754321","Found Concentration in Main Study",NA,NA,"No Match"
"BMDB63293","TG(15:0/16:1(9Z)/18:1(9Z))[iso6]","ZSHVDBVWHRXKEV-OPRAGXQSSA-N","[H][C@](COC(=O)CCCCCCCCCCCCCC)(COC(=O)CCCCCCC\C=C/CCCCCCCC)OC(=O)CCCCCCC\C=C/CCCCCC","131754328","Found Concentration in Main Study",NA,NA,"No Match"
"BMDB63294","TG(15:0/16:1(9Z)/19:0)[iso6]","LWRQEQMKDSSHAL-YVMYVILJSA-N","[H][C@](COC(=O)CCCCCCCCCCCCCC)(COC(=O)CCCCCCCCCCCCCCCCCC)OC(=O)CCCCCCC\C=C/CCCCCC","","Found Concentration in Main Study",NA,NA,"No Match"
"BMDB63295","TG(15:0/16:1(9Z)/20:0)[iso6]","VCVDKBBECJTNHK-KMIVGPLPSA-N","[H][C@](COC(=O)CCCCCCCCCCCCCC)(COC(=O)CCCCCCCCCCCCCCCCCCC)OC(=O)CCCCCCC\C=C/CCCCCC","131754322","Found Concentration in Main Study",NA,NA,"No Match"
"BMDB63296","TG(15:0/16:1(9Z)/20:1(11Z))[iso6]","XJHCUGZLVVQPLJ-KYBOZFGKSA-N","[H][C@](COC(=O)CCCCCCCCCCCCCC)(COC(=O)CCCCCCCCC\C=C/CCCCCCCC)OC(=O)CCCCCCC\C=C/CCCCCC","131754329","Found Concentration in Main Study",NA,NA,"No Match"
"BMDB63297","TG(15:0/16:1(9Z)/20:2(11Z,14Z))[iso6]","NAFMESDUMVNTKX-QJWNQIOASA-N","[H][C@](COC(=O)CCCCCCCCCCCCCC)(COC(=O)CCCCCCCCC\C=C/C\C=C/CCCCC)OC(=O)CCCCCCC\C=C/CCCCCC","131754335","Found Concentration in Main Study",NA,NA,"No Match"
"BMDB63298","TG(15:0/16:1(9Z)/20:3(8Z,11Z,14Z))[iso6]","ZBLICBPFGHXTDO-FDPZATRVSA-N","[H][C@](COC(=O)CCCCCCCCCCCCCC)(COC(=O)CCCCCC\C=C/C\C=C/C\C=C/CCCCC)OC(=O)CCCCCCC\C=C/CCCCCC","131754336","Found Concentration in Main Study",NA,NA,"No Match"
"BMDB63299","TG(15:0/16:1(9Z)/20:4(5Z,8Z,11Z,14Z)) [iso6]","HVWSSTSBNGXYBJ-QTZAFHSXSA-N","[H][C@](COC(=O)CCCCCCCCCCCCCC)(COC(=O)CCC\C=C/C\C=C/C\C=C/C\C=C/CCCCC)OC(=O)CCCCCCC\C=C/CCCCCC","131754337","Found Concentration in Main Study",NA,NA,"No Match"
"BMDB63300","TG(15:0/16:1(9Z)/22:4(7Z,10Z,13Z,16Z))[iso6]","PZJGYRZVYVHCDI-JSXQKDERSA-N","[H][C@](COC(=O)CCCCCCCCCCCCCC)(COC(=O)CCCCC\C=C/C\C=C/C\C=C/C\C=C/CCCCC)OC(=O)CCCCCCC\C=C/CCCCCC","131754339","Found Concentration in Main Study",NA,NA,"No Match"
"BMDB63301","TG(15:0/16:1(9Z)/22:5(7Z,10Z,13Z,16Z,19Z))[iso6]","LQWIUBUSZHRBMR-CWKOBHQXSA-N","[H][C@](COC(=O)CCCCCCCCCCCCCC)(COC(=O)CCCCC\C=C/C\C=C/C\C=C/C\C=C/C\C=C/CC)OC(=O)CCCCCCC\C=C/CCCCCC","131754345","Found Concentration in Main Study",NA,NA,"No Match"
"BMDB63302","TG(15:0/17:0/18:1(9Z))[iso6]","DRKYQWMKUPUUSK-QMQKRLOWSA-N","[H][C@](COC(=O)CCCCCCCCCCCCCC)(COC(=O)CCCCCCC\C=C/CCCCCCCC)OC(=O)CCCCCCCCCCCCCCCC","","Found Concentration in Main Study",NA,NA,"No Match"
"BMDB63303","TG(15:0/17:0/18:2(9Z,12Z))[iso6]","LXTHWHPSRIYNDA-QOFJNYBJSA-N","[H][C@](COC(=O)CCCCCCCCCCCCCC)(COC(=O)CCCCCCC\C=C/C\C=C/CCCCC)OC(=O)CCCCCCCCCCCCCCCC","","Found Concentration in Main Study",NA,NA,"No Match"
"BMDB63304","TG(15:0/17:0/18:3(6Z,9Z,12Z))[iso6]","NSCSMJBBZBCZPA-QDYVDFAZSA-N","[H][C@](COC(=O)CCCCCCCCCCCCCC)(COC(=O)CCCC\C=C/C\C=C/C\C=C/CCCCC)OC(=O)CCCCCCCCCCCCCCCC","","Found Concentration in Main Study",NA,NA,"No Match"
"BMDB63305","TG(15:0/17:0/18:3(9Z,12Z,15Z))[iso6]","BVNVQKCUSUQOBS-OEGDCTKOSA-N","[H][C@](COC(=O)CCCCCCCCCCCCCC)(COC(=O)CCCCCCC\C=C/C\C=C/C\C=C/CC)OC(=O)CCCCCCCCCCCCCCCC","","Found Concentration in Main Study",NA,NA,"No Match"
"BMDB63306","TG(15:0/17:0/18:4(6Z,9Z,12Z,15Z))[iso6]","ODQQQBWNNQQHDC-TVTNHJDCSA-N","[H][C@](COC(=O)CCCCCCCCCCCCCC)(COC(=O)CCCC\C=C/C\C=C/C\C=C/C\C=C/CC)OC(=O)CCCCCCCCCCCCCCCC","","Found Concentration in Main Study",NA,NA,"No Match"
"BMDB63307","TG(15:0/17:0/20:2(11Z,14Z))[iso6]","HLKXUQWBLARRKN-NXNLMSDJSA-N","[H][C@](COC(=O)CCCCCCCCCCCCCC)(COC(=O)CCCCCCCCC\C=C/C\C=C/CCCCC)OC(=O)CCCCCCCCCCCCCCCC","","Found Concentration in Main Study",NA,NA,"No Match"
"BMDB63308","TG(15:0/17:0/20:3(8Z,11Z,14Z))[iso6]","YVOALKUYMOCTRZ-MWDRVQIJSA-N","[H][C@](COC(=O)CCCCCCCCCCCCCC)(COC(=O)CCCCCC\C=C/C\C=C/C\C=C/CCCCC)OC(=O)CCCCCCCCCCCCCCCC","","Found Concentration in Main Study",NA,NA,"No Match"
"BMDB63309","TG(15:0/17:0/20:4(5Z,8Z,11Z,14Z))[iso6]","BRONEPJOIBPQAU-KBAMBTGPSA-N","[H][C@](COC(=O)CCCCCCCCCCCCCC)(COC(=O)CCC\C=C/C\C=C/C\C=C/C\C=C/CCCCC)OC(=O)CCCCCCCCCCCCCCCC","","Found Concentration in Main Study",NA,NA,"No Match"
"BMDB63310","TG(15:0/17:0/20:5(5Z,8Z,11Z,14Z,17Z))[iso6]","GXKIOFVYMGPCNW-LFPCHPDQSA-N","[H][C@](COC(=O)CCCCCCCCCCCCCC)(COC(=O)CCC\C=C/C\C=C/C\C=C/C\C=C/C\C=C/CC)OC(=O)CCCCCCCCCCCCCCCC","","Found Concentration in Main Study",NA,NA,"No Match"
"BMDB63311","TG(15:0/17:0/22:4(7Z,10Z,13Z,16Z))[iso6]","WIYNEVGMEDLXJC-WHZMSXKPSA-N","[H][C@](COC(=O)CCCCCCCCCCCCCC)(COC(=O)CCCCC\C=C/C\C=C/C\C=C/C\C=C/CCCCC)OC(=O)CCCCCCCCCCCCCCCC","","Found Concentration in Main Study",NA,NA,"No Match"
"BMDB63312","TG(15:0/17:0/22:5(7Z,10Z,13Z,16Z,19Z))[iso6]","QGPKJIDZWXVWHS-AQRUSLIHSA-N","[H][C@](COC(=O)CCCCCCCCCCCCCC)(COC(=O)CCCCC\C=C/C\C=C/C\C=C/C\C=C/C\C=C/CC)OC(=O)CCCCCCCCCCCCCCCC","","Found Concentration in Main Study",NA,NA,"No Match"
"BMDB63313","TG(15:0/17:0/22:6(4Z,7Z,10Z,13Z,16Z,19Z))[iso6]","AGRWQVDHBRTOBQ-VAFHPCRSSA-N","[H][C@](COC(=O)CCCCCCCCCCCCCC)(COC(=O)CC\C=C/C\C=C/C\C=C/C\C=C/C\C=C/C\C=C/CC)OC(=O)CCCCCCCCCCCCCCCC","","Found Concentration in Main Study",NA,NA,"No Match"
"BMDB63314","TG(15:0/18:0/18:1(9Z))[iso6]","NTCKBJDZYIUTCZ-CBOCDEIPSA-N","[H][C@](COC(=O)CCCCCCCCCCCCCC)(COC(=O)CCCCCCC\C=C/CCCCCCCC)OC(=O)CCCCCCCCCCCCCCCCC","131754187","Found Concentration in Main Study",NA,NA,"No Match"
"BMDB63315","TG(15:0/18:0/18:3(6Z,9Z,12Z))[iso6]","OGNCECWXMXWFGY-HXWQFKQRSA-N","[H][C@](COC(=O)CCCCCCCCCCCCCC)(COC(=O)CCCC\C=C/C\C=C/C\C=C/CCCCC)OC(=O)CCCCCCCCCCCCCCCCC","131754192","Found Concentration in Main Study",NA,NA,"No Match"
"BMDB63316","TG(15:0/18:0/18:4(6Z,9Z,12Z,15Z))[iso6]","IVTXWAOVGPUCRC-MVLKVFCTSA-N","[H][C@](COC(=O)CCCCCCCCCCCCCC)(COC(=O)CCCC\C=C/C\C=C/C\C=C/C\C=C/CC)OC(=O)CCCCCCCCCCCCCCCCC","131754199","Found Concentration in Main Study",NA,NA,"No Match"
"BMDB63317","TG(15:0/18:0/20:3(8Z,11Z,14Z))[iso6]","ALQRRLJPYXJUQJ-AZVIUHJVSA-N","[H][C@](COC(=O)CCCCCCCCCCCCCC)(COC(=O)CCCCCC\C=C/C\C=C/C\C=C/CCCCC)OC(=O)CCCCCCCCCCCCCCCCC","131754194","Found Concentration in Main Study",NA,NA,"No Match"
"BMDB63318","TG(15:0/18:0/20:4(5Z,8Z,11Z,14Z))[iso6]","YNBYDMOKHWTIOZ-JERLNIQVSA-N","[H][C@](COC(=O)CCCCCCCCCCCCCC)(COC(=O)CCC\C=C/C\C=C/C\C=C/C\C=C/CCCCC)OC(=O)CCCCCCCCCCCCCCCCC","131754195","Found Concentration in Main Study",NA,NA,"No Match"
"BMDB63319","TG(15:0/18:0/20:5(5Z,8Z,11Z,14Z,17Z))[iso6]","ZXBWNEVRFREORM-SBVJPQMBSA-N","[H][C@](COC(=O)CCCCCCCCCCCCCC)(COC(=O)CCC\C=C/C\C=C/C\C=C/C\C=C/C\C=C/CC)OC(=O)CCCCCCCCCCCCCCCCC","131754201","Found Concentration in Main Study",NA,NA,"No Match"
"BMDB63320","TG(15:0/18:0/22:6(4Z,7Z,10Z,13Z,16Z,19Z))[iso6]","XLKRJIDQNKJANA-IHACKXFGSA-N","[H][C@](COC(=O)CCCCCCCCCCCCCC)(COC(=O)CC\C=C/C\C=C/C\C=C/C\C=C/C\C=C/C\C=C/CC)OC(=O)CCCCCCCCCCCCCCCCC","131754203","Found Concentration in Main Study",NA,NA,"No Match"
"BMDB63321","TG(15:0/18:1(9Z)/18:3(6Z,9Z,12Z))[iso6]","IJTQTIQOHKQXGY-OKAMOMJESA-N","[H][C@](COC(=O)CCCCCCCCCCCCCC)(COC(=O)CCCC\C=C/C\C=C/C\C=C/CCCCC)OC(=O)CCCCCCC\C=C/CCCCCCCC","131754388","Found Concentration in Main Study",NA,NA,"No Match"
"BMDB63322","TG(15:0/18:1(9Z)/18:4(6Z,9Z,12Z,15Z)) [iso6]","ZTMUXDIXBIPXGU-ZNBYWWMRSA-N","[H][C@](COC(=O)CCCCCCCCCCCCCC)(COC(=O)CCCC\C=C/C\C=C/C\C=C/C\C=C/CC)OC(=O)CCCCCCC\C=C/CCCCCCCC","131754395","Found Concentration in Main Study",NA,NA,"No Match"
"BMDB63323","TG(15:0/18:1(9Z)/20:2(11Z,14Z))[iso6]","ANIZQXYZMABPHZ-SNRVFDCWSA-N","[H][C@](COC(=O)CCCCCCCCCCCCCC)(COC(=O)CCCCCCCCC\C=C/C\C=C/CCCCC)OC(=O)CCCCCCC\C=C/CCCCCCCC","131754389","Found Concentration in Main Study",NA,NA,"No Match"
"BMDB63324","TG(15:0/18:1(9Z)/20:3(8Z,11Z,14Z))[iso6]","AVNIVQNKHXFYSN-YOTBZMSPSA-N","[H][C@](COC(=O)CCCCCCCCCCCCCC)(COC(=O)CCCCCC\C=C/C\C=C/C\C=C/CCCCC)OC(=O)CCCCCCC\C=C/CCCCCCCC","131754390","Found Concentration in Main Study",NA,NA,"No Match"
"BMDB63325","TG(15:0/18:1(9Z)/20:4(5Z,8Z,11Z,14Z))[iso6]","HEBGSKDYZDHLCX-RFXGUNFDSA-N","[H][C@](COC(=O)CCCCCCCCCCCCCC)(COC(=O)CCC\C=C/C\C=C/C\C=C/C\C=C/CCCCC)OC(=O)CCCCCCC\C=C/CCCCCCCC","131754391","Found Concentration in Main Study",NA,NA,"No Match"
"BMDB63326","TG(15:0/18:1(9Z)/20:5(5Z,8Z,11Z,14Z,17Z))[iso6]","OCLMKYADRKWPHX-AMPJCPHESA-N","[H][C@](COC(=O)CCCCCCCCCCCCCC)(COC(=O)CCC\C=C/C\C=C/C\C=C/C\C=C/C\C=C/CC)OC(=O)CCCCCCC\C=C/CCCCCCCC","131754397","Found Concentration in Main Study",NA,NA,"No Match"
"BMDB63327","TG(15:0/18:1(9Z)/22:5(7Z,10Z,13Z,16Z,19Z))[iso6]","GQEDWGPIIPNXKK-OVQMYLKTSA-N","[H][C@](COC(=O)CCCCCCCCCCCCCC)(COC(=O)CCCCC\C=C/C\C=C/C\C=C/C\C=C/C\C=C/CC)OC(=O)CCCCCCC\C=C/CCCCCCCC","131754398","Found Concentration in Main Study",NA,NA,"No Match"
"BMDB63328","TG(15:0/18:1(9Z)/22:6(4Z,7Z,10Z,13Z,16Z,19Z))[iso6]","NJBABWLQKGRDHS-BUCODOIISA-N","[H][C@](COC(=O)CCCCCCCCCCCCCC)(COC(=O)CC\C=C/C\C=C/C\C=C/C\C=C/C\C=C/C\C=C/CC)OC(=O)CCCCCCC\C=C/CCCCCCCC","131754399","Found Concentration in Main Study",NA,NA,"No Match"
"BMDB63329","TG(15:0/18:2(9Z,12Z)/18:3(6Z,9Z,12Z)) [iso6]","KPOZERFMPPBKLU-YKBMHYAESA-N","[H][C@](COC(=O)CCCCCCCCCCCCCC)(COC(=O)CCCC\C=C/C\C=C/C\C=C/CCCCC)OC(=O)CCCCCCC\C=C/C\C=C/CCCCC","131754530","Found Concentration in Main Study",NA,NA,"No Match"
"BMDB63330","TG(15:0/18:2(9Z,12Z)/18:3(9Z,12Z,15Z)) [iso6]","VEGWTLAYXMHOLL-HHBBQONFSA-N","[H][C@](COC(=O)CCCCCCCCCCCCCC)(COC(=O)CCCCCCC\C=C/C\C=C/C\C=C/CC)OC(=O)CCCCCCC\C=C/C\C=C/CCCCC","131754537","Found Concentration in Main Study",NA,NA,"No Match"
"BMDB63331","TG(15:0/18:2(9Z,12Z)/19:0)[iso6]","FWKDGRXQEDHKNC-BEGHFLLBSA-N","[H][C@](COC(=O)CCCCCCCCCCCCCC)(COC(=O)CCCCCCCCCCCCCCCCCC)OC(=O)CCCCCCC\C=C/C\C=C/CCCCC","","Found Concentration in Main Study",NA,NA,"No Match"
"BMDB63332","TG(15:0/18:2(9Z,12Z)/20:1(11Z))[iso6]","RHODOWWOHRDFEP-ULHRXQEYSA-N","[H][C@](COC(=O)CCCCCCCCCCCCCC)(COC(=O)CCCCCCCCC\C=C/CCCCCCCC)OC(=O)CCCCCCC\C=C/C\C=C/CCCCC","131754526","Found Concentration in Main Study",NA,NA,"No Match"
"BMDB63333","TG(15:0/18:2(9Z,12Z)/20:2(11Z,14Z))[iso6]","BLQBYZAEDJFOQJ-IJJKIVKYSA-N","[H][C@](COC(=O)CCCCCCCCCCCCCC)(COC(=O)CCCCCCCCC\C=C/C\C=C/CCCCC)OC(=O)CCCCCCC\C=C/C\C=C/CCCCC","131754531","Found Concentration in Main Study",NA,NA,"No Match"
"BMDB63334","TG(15:0/18:2(9Z,12Z)/20:3(8Z,11Z,14Z))[iso6]","CKBVNPDRXAQXPC-YQRZAKOQSA-N","[H][C@](COC(=O)CCCCCCCCCCCCCC)(COC(=O)CCCCCC\C=C/C\C=C/C\C=C/CCCCC)OC(=O)CCCCCCC\C=C/C\C=C/CCCCC","131754532","Found Concentration in Main Study",NA,NA,"No Match"
"BMDB63335","TG(15:0/18:2(9Z,12Z)/20:4(5Z,8Z,11Z,14Z))[iso6]","XVHLGBHSAWAQOP-LMRDAZGFSA-N","[H][C@](COC(=O)CCCCCCCCCCCCCC)(COC(=O)CCC\C=C/C\C=C/C\C=C/C\C=C/CCCCC)OC(=O)CCCCCCC\C=C/C\C=C/CCCCC","131754533","Found Concentration in Main Study",NA,NA,"No Match"
"BMDB63336","TG(15:0/18:2(9Z,12Z)/21:0)[iso6]","PZCDMYGPUPHCML-JGHPHDIUSA-N","[H][C@](COC(=O)CCCCCCCCCCCCCC)(COC(=O)CCCCCCCCCCCCCCCCCCCC)OC(=O)CCCCCCC\C=C/C\C=C/CCCCC","","Found Concentration in Main Study",NA,NA,"No Match"
"BMDB63337","TG(15:0/18:2(9Z,12Z)/22:4(7Z,10Z,13Z,16Z))[iso6]","RLUPWQZSNHDVDN-AMXALFAESA-N","[H][C@](COC(=O)CCCCCCCCCCCCCC)(COC(=O)CCCCC\C=C/C\C=C/C\C=C/C\C=C/CCCCC)OC(=O)CCCCCCC\C=C/C\C=C/CCCCC","131754535","Found Concentration in Main Study",NA,NA,"No Match"
"BMDB63338","TG(15:0/18:2(9Z,12Z)/22:5(7Z,10Z,13Z,16Z,19Z))[iso6]","DBLWBMOGRRODGG-GQYLRULLSA-N","[H][C@](COC(=O)CCCCCCCCCCCCCC)(COC(=O)CCCCC\C=C/C\C=C/C\C=C/C\C=C/C\C=C/CC)OC(=O)CCCCCCC\C=C/C\C=C/CCCCC","131754541","Found Concentration in Main Study",NA,NA,"No Match"
"BMDB63339","TG(15:0/18:2(9Z,12Z)/22:6(4Z,7Z,10Z,13Z,16Z,19Z))[iso6]","CCWZMJPDSMVFGX-XYEMWKPRSA-N","[H][C@](COC(=O)CCCCCCCCCCCCCC)(COC(=O)CC\C=C/C\C=C/C\C=C/C\C=C/C\C=C/C\C=C/CC)OC(=O)CCCCCCC\C=C/C\C=C/CCCCC","131754542","Found Concentration in Main Study",NA,NA,"No Match"
"BMDB63340","TG(15:0/18:3(6Z,9Z,12Z)/19:0)[iso6]","HUJICKOFNHWLNH-MLWHVYFWSA-N","[H][C@](COC(=O)CCCCCCCCCCCCCC)(COC(=O)CCCCCCCCCCCCCCCCCC)OC(=O)CCCC\C=C/C\C=C/C\C=C/CCCCC","","Found Concentration in Main Study",NA,NA,"No Match"
"BMDB63341","TG(15:0/18:3(6Z,9Z,12Z)/20:0)[iso6]","SFXPGNOTVPCLGV-VMQZNSKASA-N","[H][C@](COC(=O)CCCCCCCCCCCCCC)(COC(=O)CCCCCCCCCCCCCCCCCCC)OC(=O)CCCC\C=C/C\C=C/C\C=C/CCCCC","131754547","Found Concentration in Main Study",NA,NA,"No Match"
"BMDB63342","TG(15:0/18:3(6Z,9Z,12Z)/20:1(11Z))[iso6]","NVPVWAAYLOXLNU-GHNITSCOSA-N","[H][C@](COC(=O)CCCCCCCCCCCCCC)(COC(=O)CCCCCCCCC\C=C/CCCCCCCC)OC(=O)CCCC\C=C/C\C=C/C\C=C/CCCCC","131754554","Found Concentration in Main Study",NA,NA,"No Match"
"BMDB63343","TG(15:0/18:3(6Z,9Z,12Z)/20:2(11Z,14Z))[iso6]","QHZCBHXUZKDICC-KDWPHALWSA-N","[H][C@](COC(=O)CCCCCCCCCCCCCC)(COC(=O)CCCCCCCCC\C=C/C\C=C/CCCCC)OC(=O)CCCC\C=C/C\C=C/C\C=C/CCCCC","131754560","Found Concentration in Main Study",NA,NA,"No Match"
"BMDB63344","TG(15:0/18:3(6Z,9Z,12Z)/20:3(8Z,11Z,14Z))[iso6]","FZRSKGVAJUEIMB-JPIVSCSWSA-N","[H][C@](COC(=O)CCCCCCCCCCCCCC)(COC(=O)CCCCCC\C=C/C\C=C/C\C=C/CCCCC)OC(=O)CCCC\C=C/C\C=C/C\C=C/CCCCC","131754561","Found Concentration in Main Study",NA,NA,"No Match"
"BMDB63345","TG(15:0/18:3(6Z,9Z,12Z)/21:0)[iso6]","KWVJBVNSQMDXOA-KMVPFFQHSA-N","[H][C@](COC(=O)CCCCCCCCCCCCCC)(COC(=O)CCCCCCCCCCCCCCCCCCCC)OC(=O)CCCC\C=C/C\C=C/C\C=C/CCCCC","","Found Concentration in Main Study",NA,NA,"No Match"
"BMDB63346","TG(15:0/18:3(6Z,9Z,12Z)/22:4(7Z,10Z,13Z,16Z))[iso6]","LBVQZZXEQAQWJE-KMSXFNBOSA-N","[H][C@](COC(=O)CCCCCCCCCCCCCC)(COC(=O)CCCCC\C=C/C\C=C/C\C=C/C\C=C/CCCCC)OC(=O)CCCC\C=C/C\C=C/C\C=C/CCCCC","131754564","Found Concentration in Main Study",NA,NA,"No Match"
"BMDB63347","TG(15:0/18:3(6Z,9Z,12Z)/22:5(7Z,10Z,13Z,16Z,19Z))[iso6]","WBENTTBFGOYZBK-PAMKYMAQSA-N","[H][C@](COC(=O)CCCCCCCCCCCCCC)(COC(=O)CCCCC\C=C/C\C=C/C\C=C/C\C=C/C\C=C/CC)OC(=O)CCCC\C=C/C\C=C/C\C=C/CCCCC","131754570","Found Concentration in Main Study",NA,NA,"No Match"
"BMDB63348","TG(15:0/18:3(6Z,9Z,12Z)/22:6(4Z,7Z,10Z,13Z,16Z,19Z))[iso6]","SNFNQOYAAAMVDM-DTVXOFBBSA-N","[H][C@](COC(=O)CCCCCCCCCCCCCC)(COC(=O)CC\C=C/C\C=C/C\C=C/C\C=C/C\C=C/C\C=C/CC)OC(=O)CCCC\C=C/C\C=C/C\C=C/CCCCC","131754571","Found Concentration in Main Study",NA,NA,"No Match"
"BMDB63349","TG(15:0/18:3(9Z,12Z,15Z)/19:0)[iso6]","NZUFUYUQOXNGHK-MRNHURRUSA-N","[H][C@](COC(=O)CCCCCCCCCCCCCC)(COC(=O)CCCCCCCCCCCCCCCCCC)OC(=O)CCCCCCC\C=C/C\C=C/C\C=C/CC","","Found Concentration in Main Study",NA,NA,"No Match"
"BMDB63350","TG(15:0/18:3(9Z,12Z,15Z)/20:0)[iso6]","AWTWWJICEHSIQB-MEPHXIHJSA-N","[H][C@](COC(=O)CCCCCCCCCCCCCC)(COC(=O)CCCCCCCCCCCCCCCCCCC)OC(=O)CCCCCCC\C=C/C\C=C/C\C=C/CC","131754750","Found Concentration in Main Study",NA,NA,"No Match"
"BMDB63351","TG(15:0/18:3(9Z,12Z,15Z)/20:1(11Z))[iso6]","SSECMEVMCYXEDX-AOANHIBASA-N","[H][C@](COC(=O)CCCCCCCCCCCCCC)(COC(=O)CCCCCCCCC\C=C/CCCCCCCC)OC(=O)CCCCCCC\C=C/C\C=C/C\C=C/CC","131754757","Found Concentration in Main Study",NA,NA,"No Match"
"BMDB63352","TG(15:0/18:3(9Z,12Z,15Z)/20:2(11Z,14Z))[iso6]","SXJDBDBUWNMJQG-GCNIVINMSA-N","[H][C@](COC(=O)CCCCCCCCCCCCCC)(COC(=O)CCCCCCCCC\C=C/C\C=C/CCCCC)OC(=O)CCCCCCC\C=C/C\C=C/C\C=C/CC","131754763","Found Concentration in Main Study",NA,NA,"No Match"
"BMDB63353","TG(15:0/18:3(9Z,12Z,15Z)/20:3(8Z,11Z,14Z))[iso6]","SXYZPDVKPZSYBB-IVSNEYFNSA-N","[H][C@](COC(=O)CCCCCCCCCCCCCC)(COC(=O)CCCCCC\C=C/C\C=C/C\C=C/CCCCC)OC(=O)CCCCCCC\C=C/C\C=C/C\C=C/CC","131754764","Found Concentration in Main Study",NA,NA,"No Match"
"BMDB63354","TG(15:0/18:3(9Z,12Z,15Z)/21:0)[iso6]","HKYKVKLJKOMEFB-WITDKNJDSA-N","[H][C@](COC(=O)CCCCCCCCCCCCCC)(COC(=O)CCCCCCCCCCCCCCCCCCCC)OC(=O)CCCCCCC\C=C/C\C=C/C\C=C/CC","","Found Concentration in Main Study",NA,NA,"No Match"
"BMDB63355","TG(15:0/18:3(9Z,12Z,15Z)/22:4(7Z,10Z,13Z,16Z))[iso6]","RXWNEDBINLPSKT-JUDPDLTISA-N","[H][C@](COC(=O)CCCCCCCCCCCCCC)(COC(=O)CCCCC\C=C/C\C=C/C\C=C/C\C=C/CCCCC)OC(=O)CCCCCCC\C=C/C\C=C/C\C=C/CC","131754767","Found Concentration in Main Study",NA,NA,"No Match"
"BMDB63356","TG(15:0/18:3(9Z,12Z,15Z)/22:5(7Z,10Z,13Z,16Z,19Z))[iso6]","XSNULRLGLPOPAW-WYHQKTJLSA-N","[H][C@](COC(=O)CCCCCCCCCCCCCC)(COC(=O)CCCCC\C=C/C\C=C/C\C=C/C\C=C/C\C=C/CC)OC(=O)CCCCCCC\C=C/C\C=C/C\C=C/CC","131754773","Found Concentration in Main Study",NA,NA,"No Match"
"BMDB63357","TG(15:0/18:3(9Z,12Z,15Z)/22:6(4Z,7Z,10Z,13Z,16Z,19Z))[iso6]","ZSHNGOFHXDJETR-JJCDIEFESA-N","[H][C@](COC(=O)CCCCCCCCCCCCCC)(COC(=O)CC\C=C/C\C=C/C\C=C/C\C=C/C\C=C/C\C=C/CC)OC(=O)CCCCCCC\C=C/C\C=C/C\C=C/CC","131754774","Found Concentration in Main Study",NA,NA,"No Match"
"BMDB63358","TG(15:0/18:4(6Z,9Z,12Z,15Z)/19:0)[iso6]","SCNIQPJMPXCRBL-OMWZPAGISA-N","[H][C@](COC(=O)CCCCCCCCCCCCCC)(COC(=O)CCCCCCCCCCCCCCCCCC)OC(=O)CCCC\C=C/C\C=C/C\C=C/C\C=C/CC","","Found Concentration in Main Study",NA,NA,"No Match"
"BMDB63359","TG(15:0/18:4(6Z,9Z,12Z,15Z)/20:0)[iso6]","XHGPJDAXTQRYRX-DEBANMDBSA-N","[H][C@](COC(=O)CCCCCCCCCCCCCC)(COC(=O)CCCCCCCCCCCCCCCCCCC)OC(=O)CCCC\C=C/C\C=C/C\C=C/C\C=C/CC","131754779","Found Concentration in Main Study",NA,NA,"No Match"
"BMDB63360","TG(15:0/18:4(6Z,9Z,12Z,15Z)/20:1(11Z))[iso6]","ILVHTHLVGOKSIS-QRFNQKOMSA-N","[H][C@](COC(=O)CCCCCCCCCCCCCC)(COC(=O)CCCCCCCCC\C=C/CCCCCCCC)OC(=O)CCCC\C=C/C\C=C/C\C=C/C\C=C/CC","131754786","Found Concentration in Main Study",NA,NA,"No Match"
"BMDB63361","TG(15:0/18:4(6Z,9Z,12Z,15Z)/20:2(11Z,14Z))[iso6]","WOGKPIGFDQNJSC-WACZYAAUSA-N","[H][C@](COC(=O)CCCCCCCCCCCCCC)(COC(=O)CCCCCCCCC\C=C/C\C=C/CCCCC)OC(=O)CCCC\C=C/C\C=C/C\C=C/C\C=C/CC","131754792","Found Concentration in Main Study",NA,NA,"No Match"
"BMDB63362","TG(15:0/18:4(6Z,9Z,12Z,15Z)/21:0)[iso6]","LNPZFXQJIKGHQU-OVJPCRMRSA-N","[H][C@](COC(=O)CCCCCCCCCCCCCC)(COC(=O)CCCCCCCCCCCCCCCCCCCC)OC(=O)CCCC\C=C/C\C=C/C\C=C/C\C=C/CC","","Found Concentration in Main Study",NA,NA,"No Match"
"BMDB63363","TG(15:0/18:4(6Z,9Z,12Z,15Z)/22:4(7Z,10Z,13Z,16Z))[iso6]","QCBQGJYOLYSRFB-NSNRQTMLSA-N","[H][C@](COC(=O)CCCCCCCCCCCCCC)(COC(=O)CCCCC\C=C/C\C=C/C\C=C/C\C=C/CCCCC)OC(=O)CCCC\C=C/C\C=C/C\C=C/C\C=C/CC","131754796","Found Concentration in Main Study",NA,NA,"No Match"
"BMDB63364","TG(15:0/18:4(6Z,9Z,12Z,15Z)/22:5(7Z,10Z,13Z,16Z,19Z))[iso6]","UQPZYNPQGAQLOZ-OPBYBQNCSA-N","[H][C@](COC(=O)CCCCCCCCCCCCCC)(COC(=O)CCCCC\C=C/C\C=C/C\C=C/C\C=C/C\C=C/CC)OC(=O)CCCC\C=C/C\C=C/C\C=C/C\C=C/CC","131754802","Found Concentration in Main Study",NA,NA,"No Match"
"BMDB63365","TG(15:0/19:0/20:2(11Z,14Z))[iso6]","DIEUHKAOXWVENP-LFLBGDHZSA-N","[H][C@](COC(=O)CCCCCCCCCCCCCC)(COC(=O)CCCCCCCCC\C=C/C\C=C/CCCCC)OC(=O)CCCCCCCCCCCCCCCCCC","","Found Concentration in Main Study",NA,NA,"No Match"
"BMDB63366","TG(15:0/19:0/20:3(8Z,11Z,14Z))[iso6]","HFLBNRZGYPBDNR-YGDZEVSASA-N","[H][C@](COC(=O)CCCCCCCCCCCCCC)(COC(=O)CCCCCC\C=C/C\C=C/C\C=C/CCCCC)OC(=O)CCCCCCCCCCCCCCCCCC","","Found Concentration in Main Study",NA,NA,"No Match"
"BMDB63367","TG(15:0/19:0/20:4(5Z,8Z,11Z,14Z))[iso6]","RFIMOUDBNYZGQQ-FKWRCISPSA-N","[H][C@](COC(=O)CCCCCCCCCCCCCC)(COC(=O)CCC\C=C/C\C=C/C\C=C/C\C=C/CCCCC)OC(=O)CCCCCCCCCCCCCCCCCC","","Found Concentration in Main Study",NA,NA,"No Match"
"BMDB63368","TG(15:0/19:0/20:5(5Z,8Z,11Z,14Z,17Z))[iso6]","IAIXCANGXJKPPC-WDLJAUEPSA-N","[H][C@](COC(=O)CCCCCCCCCCCCCC)(COC(=O)CCC\C=C/C\C=C/C\C=C/C\C=C/C\C=C/CC)OC(=O)CCCCCCCCCCCCCCCCCC","","Found Concentration in Main Study",NA,NA,"No Match"
"BMDB63369","TG(15:0/19:0/22:6(4Z,7Z,10Z,13Z,16Z,19Z))[iso6]","AOHKDMQJILOQIT-ZYLISFBFSA-N","[H][C@](COC(=O)CCCCCCCCCCCCCC)(COC(=O)CC\C=C/C\C=C/C\C=C/C\C=C/C\C=C/C\C=C/CC)OC(=O)CCCCCCCCCCCCCCCCCC","","Found Concentration in Main Study",NA,NA,"No Match"
"BMDB63370","TG(15:0/20:1(11Z)/20:5(5Z,8Z,11Z,14Z,17Z))[iso6]","YYJJTSKFEAOXSI-OIOHYYDTSA-N","[H][C@](COC(=O)CCCCCCCCCCCCCC)(COC(=O)CCC\C=C/C\C=C/C\C=C/C\C=C/C\C=C/CC)OC(=O)CCCCCCCCC\C=C/CCCCCCCC","131754426","Found Concentration in Main Study",NA,NA,"No Match"
"BMDB63371","TG(15:0/20:2(11Z,14Z)/20:4(5Z,8Z,11Z,14Z))[iso6]","YRIVSXDJQGUUPE-OWIPWKCVSA-N","[H][C@](COC(=O)CCCCCCCCCCCCCC)(COC(=O)CCC\C=C/C\C=C/C\C=C/C\C=C/CCCCC)OC(=O)CCCCCCCCC\C=C/C\C=C/CCCCC","131754591","Found Concentration in Main Study",NA,NA,"No Match"
"BMDB63372","TG(15:0/20:2(11Z,14Z)/20:5(5Z,8Z,11Z,14Z,17Z))[iso6]","NOZRDRCGJNYJAG-GZWUGFJVSA-N","[H][C@](COC(=O)CCCCCCCCCCCCCC)(COC(=O)CCC\C=C/C\C=C/C\C=C/C\C=C/C\C=C/CC)OC(=O)CCCCCCCCC\C=C/C\C=C/CCCCC","131754598","Found Concentration in Main Study",NA,NA,"No Match"
"BMDB63373","TG(15:0/20:3(8Z,11Z,14Z)/20:3(8Z,11Z,14Z))[iso3]","VNKFJQDGOLFDBJ-XHRMCXLPSA-N","[H][C@](COC(=O)CCCCCCCCCCCCCC)(COC(=O)CCCCCC\C=C/C\C=C/C\C=C/CCCCC)OC(=O)CCCCCC\C=C/C\C=C/C\C=C/CCCCC","131754619","Found Concentration in Main Study",NA,NA,"No Match"
"BMDB63374","TG(15:0/20:3(8Z,11Z,14Z)/20:4(5Z,8Z,11Z,14Z))[iso6]","FNKJYZHOCLKKOQ-FNRGDDTPSA-N","[H][C@](COC(=O)CCCCCCCCCCCCCC)(COC(=O)CCC\C=C/C\C=C/C\C=C/C\C=C/CCCCC)OC(=O)CCCCCC\C=C/C\C=C/C\C=C/CCCCC","131754620","Found Concentration in Main Study",NA,NA,"No Match"
"BMDB63375","TG(15:0/20:3(8Z,11Z,14Z)/20:5(5Z,8Z,11Z,14Z,17Z))[iso6]","ZYYQFIVTVYQHRI-HKMYSPONSA-N","[H][C@](COC(=O)CCCCCCCCCCCCCC)(COC(=O)CCC\C=C/C\C=C/C\C=C/C\C=C/C\C=C/CC)OC(=O)CCCCCC\C=C/C\C=C/C\C=C/CCCCC","131754627","Found Concentration in Main Study",NA,NA,"No Match"
"BMDB63376","TG(15:0/20:4(5Z,8Z,11Z,14Z)/20:4(5Z,8Z,11Z,14Z))[iso3]","WGBLYIVQHHBSJP-ZQSDUADASA-N","[H][C@](COC(=O)CCCCCCCCCCCCCC)(COC(=O)CCC\C=C/C\C=C/C\C=C/C\C=C/CCCCC)OC(=O)CCC\C=C/C\C=C/C\C=C/C\C=C/CCCCC","131754649","Found Concentration in Main Study",NA,NA,"No Match"
"BMDB63377","TG(15:0/20:4(5Z,8Z,11Z,14Z)/20:5(5Z,8Z,11Z,14Z,17Z))[iso6]","MZMDWTSJLXIFQW-USPACTRKSA-N","[H][C@](COC(=O)CCCCCCCCCCCCCC)(COC(=O)CCC\C=C/C\C=C/C\C=C/C\C=C/C\C=C/CC)OC(=O)CCC\C=C/C\C=C/C\C=C/C\C=C/CCCCC","131754656","Found Concentration in Main Study",NA,NA,"No Match"
"BMDB63378","TG(16:0/16:0/18:1(11E))","ZKEWGTVAIGJNBK-ZMSSUMMHSA-N","[H][C@](COC(=O)CCCCCCCCCCCCCCC)(COC(=O)CCCCCCCCC\C=C/CCCCCC)OC(=O)CCCCCCCCCCCCCCC","53480483","Found Concentration in Main Study",NA,NA,"No Match"
"BMDB63379","TG(16:0/16:0/18:1(9Z))","YHMDGPZOSGBQRH-OIVKDUIRSA-N","[H][C@](COC(=O)CCCCCCCCCCCCCCC)(COC(=O)CCCCCCC\C=C/CCCCCCCC)OC(=O)CCCCCCCCCCCCCCC","99649113","Found Concentration in Main Study","DMD302475","DMD302475","Unique Match (by names only)"
"BMDB63380","TG(16:0/16:0/18:3(6Z,9Z,12Z))[iso3]","SDAWBYTVEHZEOC-DONRBAFGSA-N","[H][C@](COC(=O)CCCCCCCCCCCCCCC)(COC(=O)CCCC\C=C/C\C=C/C\C=C/CCCCC)OC(=O)CCCCCCCCCCCCCCC","131755002","Found Concentration in Main Study",NA,NA,"No Match"
"BMDB63381","TG(16:0/16:0/18:4(6Z,9Z,12Z,15Z))[iso3]","BKTGCNHANLSVFZ-ZTSMWHBGSA-N","[H][C@](COC(=O)CCCCCCCCCCCCCCC)(COC(=O)CCCC\C=C/C\C=C/C\C=C/C\C=C/CC)OC(=O)CCCCCCCCCCCCCCC","131755008","Found Concentration in Main Study",NA,NA,"No Match"
"BMDB63382","TG(16:0/16:0/20:2(11Z,14Z))[iso3]","LYMKCBJXTOVQAA-STCNFZRESA-N","[H][C@](COC(=O)CCCCCCCCCCCCCCC)(COC(=O)CCCCCCCCC\C=C/C\C=C/CCCCC)OC(=O)CCCCCCCCCCCCCCC","131755003","Found Concentration in Main Study",NA,NA,"No Match"
"BMDB63383","TG(16:0/16:0/20:3(8Z,11Z,14Z))[iso3]","QREQPUUUIPJTAA-DLBIATTASA-N","[H][C@](COC(=O)CCCCCCCCCCCCCCC)(COC(=O)CCCCCC\C=C/C\C=C/C\C=C/CCCCC)OC(=O)CCCCCCCCCCCCCCC","131755004","Found Concentration in Main Study",NA,NA,"No Match"
"BMDB63384","TG(16:0/16:0/20:5(5Z,8Z,11Z,14Z,17Z))[iso3]","MKRZSXAKFYWUAW-HWCRKSJOSA-N","[H][C@](COC(=O)CCCCCCCCCCCCCCC)(COC(=O)CCC\C=C/C\C=C/C\C=C/C\C=C/C\C=C/CC)OC(=O)CCCCCCCCCCCCCCC","101706281","Found Concentration in Main Study",NA,NA,"No Match"
"BMDB63385","TG(16:0/16:0/22:4(7Z,10Z,13Z,16Z))[iso3]","MZUGAQXXWDXZIR-XDJJUZNHSA-N","[H][C@](COC(=O)CCCCCCCCCCCCCCC)(COC(=O)CCCCC\C=C/C\C=C/C\C=C/C\C=C/CCCCC)OC(=O)CCCCCCCCCCCCCCC","131755006","Found Concentration in Main Study",NA,NA,"No Match"
"BMDB63386","TG(16:0/16:0/22:5(7Z,10Z,13Z,16Z,19Z))[iso3]","JKYPCWURBUPJMX-FXKNXVKBSA-N","[H][C@](COC(=O)CCCCCCCCCCCCCCC)(COC(=O)CCCCC\C=C/C\C=C/C\C=C/C\C=C/C\C=C/CC)OC(=O)CCCCCCCCCCCCCCC","131755010","Found Concentration in Main Study",NA,NA,"No Match"
"BMDB63387","TG(16:0/16:1(9Z)/17:0)[iso6]","YIGDTOYHCVNXSG-ODVMZZAYSA-N","[H][C@](COC(=O)CCCCCCCCCCCCCCC)(COC(=O)CCCCCCCCCCCCCCCC)OC(=O)CCCCCCC\C=C/CCCCCC","","Found Concentration in Main Study",NA,NA,"No Match"
"BMDB63388","TG(16:0/16:1(9Z)/18:3(6Z,9Z,12Z))[iso6]","SWRIYMPOMOLLBH-CYLRSRHKSA-N","[H][C@](COC(=O)CCCCCCCCCCCCCCC)(COC(=O)CCCC\C=C/C\C=C/C\C=C/CCCCC)OC(=O)CCCCCCC\C=C/CCCCCC","131755147","Found Concentration in Main Study",NA,NA,"No Match"
"BMDB63389","TG(16:0/16:1(9Z)/18:3(9Z,12Z,15Z))[iso6]","RHUJINIOQZVHBP-YLUVELIWSA-N","[H][C@](COC(=O)CCCCCCCCCCCCCCC)(COC(=O)CCCCCCC\C=C/C\C=C/C\C=C/CC)OC(=O)CCCCCCC\C=C/CCCCCC","131755153","Found Concentration in Main Study",NA,NA,"No Match"
"BMDB63390","TG(16:0/16:1(9Z)/19:0)[iso6]","FSMDNWIRUAZATF-YMJSPMHCSA-N","[H][C@](COC(=O)CCCCCCCCCCCCCCC)(COC(=O)CCCCCCCCCCCCCCCCCC)OC(=O)CCCCCCC\C=C/CCCCCC","","Found Concentration in Main Study",NA,NA,"No Match"
"BMDB63391","TG(16:0/16:1(9Z)/20:2(11Z,14Z))[iso6]","QDDBVRCUCSETRT-DXUJUDPQSA-N","[H][C@](COC(=O)CCCCCCCCCCCCCCC)(COC(=O)CCCCCCCCC\C=C/C\C=C/CCCCC)OC(=O)CCCCCCC\C=C/CCCCCC","131755148","Found Concentration in Main Study",NA,NA,"No Match"
"BMDB63392","TG(16:0/16:1(9Z)/20:3(8Z,11Z,14Z))[iso6]","SUSIMFZQHRKHPM-MVJDSKMJSA-N","[H][C@](COC(=O)CCCCCCCCCCCCCCC)(COC(=O)CCCCCC\C=C/C\C=C/C\C=C/CCCCC)OC(=O)CCCCCCC\C=C/CCCCCC","131755149","Found Concentration in Main Study",NA,NA,"No Match"
"BMDB63393","TG(16:0/16:1(9Z)/22:1(13Z))[iso6]","FNTIMIABTDJKKH-KMHUGEJYSA-N","[H][C@](COC(=O)CCCCCCCCCCCCCCC)(COC(=O)CCCCCCCCCCC\C=C/CCCCCCCC)OC(=O)CCCCCCC\C=C/CCCCCC","131755145","Found Concentration in Main Study",NA,NA,"No Match"
"BMDB63394","TG(16:0/16:1(9Z)/22:4(7Z,10Z,13Z,16Z))[iso6]","JULWPANCJCTRDN-KFYGFTBTSA-N","[H][C@](COC(=O)CCCCCCCCCCCCCCC)(COC(=O)CCCCC\C=C/C\C=C/C\C=C/C\C=C/CCCCC)OC(=O)CCCCCCC\C=C/CCCCCC","131755151","Found Concentration in Main Study",NA,NA,"No Match"
"BMDB63395","TG(16:0/16:1(9Z)/22:5(7Z,10Z,13Z,16Z,19Z))[iso6]","VKAYDSJZVUXKJK-CUJLVQAOSA-N","[H][C@](COC(=O)CCCCCCCCCCCCCCC)(COC(=O)CCCCC\C=C/C\C=C/C\C=C/C\C=C/C\C=C/CC)OC(=O)CCCCCCC\C=C/CCCCCC","131755157","Found Concentration in Main Study","DMD302505","DMD302505","Unique Match (by names only)"
"BMDB63396","TG(16:0/17:0/18:1(9Z))[iso6]","RHDRMOUSDQDVCE-CBOCDEIPSA-N","[H][C@](COC(=O)CCCCCCCCCCCCCCC)(COC(=O)CCCCCCC\C=C/CCCCCCCC)OC(=O)CCCCCCCCCCCCCCCC","","Found Concentration in Main Study",NA,NA,"No Match"
"BMDB63397","TG(16:0/17:0/18:2(9Z,12Z))[iso6]","YQTVDFFNLVLBEJ-RAOHQLCGSA-N","[H][C@](COC(=O)CCCCCCCCCCCCCCC)(COC(=O)CCCCCCC\C=C/C\C=C/CCCCC)OC(=O)CCCCCCCCCCCCCCCC","","Found Concentration in Main Study",NA,NA,"No Match"
"BMDB63398","TG(16:0/17:0/18:3(6Z,9Z,12Z))[iso6]","ZVSBVHDDAXBCMJ-HXWQFKQRSA-N","[H][C@](COC(=O)CCCCCCCCCCCCCCC)(COC(=O)CCCC\C=C/C\C=C/C\C=C/CCCCC)OC(=O)CCCCCCCCCCCCCCCC","","Found Concentration in Main Study",NA,NA,"No Match"
"BMDB63399","TG(16:0/17:0/18:3(9Z,12Z,15Z))[iso6]","STMGIZUULVJEFT-DSCMALIJSA-N","[H][C@](COC(=O)CCCCCCCCCCCCCCC)(COC(=O)CCCCCCC\C=C/C\C=C/C\C=C/CC)OC(=O)CCCCCCCCCCCCCCCC","","Found Concentration in Main Study",NA,NA,"No Match"
"BMDB63400","TG(16:0/17:0/18:4(6Z,9Z,12Z,15Z))[iso6]","LBKSXTMDJCVOMT-MVLKVFCTSA-N","[H][C@](COC(=O)CCCCCCCCCCCCCCC)(COC(=O)CCCC\C=C/C\C=C/C\C=C/C\C=C/CC)OC(=O)CCCCCCCCCCCCCCCC","","Found Concentration in Main Study",NA,NA,"No Match"
"BMDB63401","TG(16:0/17:0/20:3(8Z,11Z,14Z))[iso6]","RRXRQXCJWQRGHZ-WMPLFGHBSA-N","[H][C@](COC(=O)CCCCCCCCCCCCCCC)(COC(=O)CCCCCC\C=C/C\C=C/C\C=C/CCCCC)OC(=O)CCCCCCCCCCCCCCCC","","Found Concentration in Main Study",NA,NA,"No Match"
"BMDB63402","TG(16:0/17:0/20:4(5Z,8Z,11Z,14Z))[iso6]","WQFNYIJLJYJWKK-TWSLZTEYSA-N","[H][C@](COC(=O)CCCCCCCCCCCCCCC)(COC(=O)CCC\C=C/C\C=C/C\C=C/C\C=C/CCCCC)OC(=O)CCCCCCCCCCCCCCCC","","Found Concentration in Main Study",NA,NA,"No Match"
"BMDB63403","TG(16:0/17:0/20:5(5Z,8Z,11Z,14Z,17Z))[iso6]","LDZJXIQSQMRKGI-PRUYPTHKSA-N","[H][C@](COC(=O)CCCCCCCCCCCCCCC)(COC(=O)CCC\C=C/C\C=C/C\C=C/C\C=C/C\C=C/CC)OC(=O)CCCCCCCCCCCCCCCC","","Found Concentration in Main Study",NA,NA,"No Match"
"BMDB63404","TG(16:0/17:0/22:6(4Z,7Z,10Z,13Z,16Z,19Z))[iso6]","AFOLAZWOEZYEBM-GEBSKTNXSA-N","[H][C@](COC(=O)CCCCCCCCCCCCCCC)(COC(=O)CC\C=C/C\C=C/C\C=C/C\C=C/C\C=C/C\C=C/CC)OC(=O)CCCCCCCCCCCCCCCC","","Found Concentration in Main Study",NA,NA,"No Match"
"BMDB63405","TG(16:0/18:0/18:3(6Z,9Z,12Z))[iso6]","SHZPWJWHCSZOEX-IKMPBALGSA-N","[H][C@](COC(=O)CCCCCCCCCCCCCCC)(COC(=O)CCCC\C=C/C\C=C/C\C=C/CCCCC)OC(=O)CCCCCCCCCCCCCCCCC","131755020","Found Concentration in Main Study",NA,NA,"No Match"
"BMDB63406","TG(16:0/18:0/18:3(9Z,12Z,15Z))[iso6]","QRLNWUKVSNTXQG-VWMLCLGZSA-N","[H][C@](COC(=O)CCCCCCCCCCCCCCC)(COC(=O)CCCCCCC\C=C/C\C=C/C\C=C/CC)OC(=O)CCCCCCCCCCCCCCCCC","131755026","Found Concentration in Main Study",NA,NA,"No Match"
"BMDB63407","TG(16:0/18:0/18:4(6Z,9Z,12Z,15Z))[iso6]","DKOLNIRGGQSZQS-QUUCDMAYSA-N","[H][C@](COC(=O)CCCCCCCCCCCCCCC)(COC(=O)CCCC\C=C/C\C=C/C\C=C/C\C=C/CC)OC(=O)CCCCCCCCCCCCCCCCC","131755027","Found Concentration in Main Study",NA,NA,"No Match"
"BMDB63408","TG(16:0/18:0/20:2(11Z,14Z))[iso6]","IVNMDNGRUSIGST-LFLBGDHZSA-N","[H][C@](COC(=O)CCCCCCCCCCCCCCC)(COC(=O)CCCCCCCCC\C=C/C\C=C/CCCCC)OC(=O)CCCCCCCCCCCCCCCCC","131755021","Found Concentration in Main Study",NA,NA,"No Match"
"BMDB63409","TG(16:0/18:0/20:3(8Z,11Z,14Z))[iso6]","FAWROKQWRPDLOA-OSWQCXTLSA-N","[H][C@](COC(=O)CCCCCCCCCCCCCCC)(COC(=O)CCCCCC\C=C/C\C=C/C\C=C/CCCCC)OC(=O)CCCCCCCCCCCCCCCCC","131755022","Found Concentration in Main Study",NA,NA,"No Match"
"BMDB63410","TG(16:0/18:0/20:5(5Z,8Z,11Z,14Z,17Z))[iso6]","WGKBXGXZUVULLG-VPMAWHITSA-N","[H][C@](COC(=O)CCCCCCCCCCCCCCC)(COC(=O)CCC\C=C/C\C=C/C\C=C/C\C=C/C\C=C/CC)OC(=O)CCCCCCCCCCCCCCCCC","131755029","Found Concentration in Main Study",NA,NA,"No Match"
"BMDB63411","TG(16:0/18:0/22:6(4Z,7Z,10Z,13Z,16Z,19Z))[iso6]","FXRPCDPGZXCYFO-BNXCHFSWSA-N","[H][C@](COC(=O)CCCCCCCCCCCCCCC)(COC(=O)CC\C=C/C\C=C/C\C=C/C\C=C/C\C=C/C\C=C/CC)OC(=O)CCCCCCCCCCCCCCCCC","131755031","Found Concentration in Main Study",NA,NA,"No Match"
"BMDB63412","TG(16:0/18:1(9Z)/18:3(6Z,9Z,12Z))[iso6]","ZZYGNXBDVZTTTC-IPOYGSLFSA-N","[H][C@](COC(=O)CCCCCCCCCCCCCCC)(COC(=O)CCCC\C=C/C\C=C/C\C=C/CCCCC)OC(=O)CCCCCCC\C=C/CCCCCCCC","131755195","Found Concentration in Main Study",NA,NA,"No Match"
"BMDB63413","TG(16:0/18:1(9Z)/18:3(9Z,12Z,15Z))[iso6]","HMIFBOVAIYAEFO-DMVFSZKGSA-N","[H][C@](COC(=O)CCCCCCCCCCCCCCC)(COC(=O)CCCCCCC\C=C/C\C=C/C\C=C/CC)OC(=O)CCCCCCC\C=C/CCCCCCCC","100926274","Found Concentration in Main Study",NA,NA,"No Match"
"BMDB63414","TG(16:0/18:1(9Z)/18:4(6Z,9Z,12Z,15Z))[iso6]","WZPQAQGIOSQQKF-XVLKUSPHSA-N","[H][C@](COC(=O)CCCCCCCCCCCCCCC)(COC(=O)CCCC\C=C/C\C=C/C\C=C/C\C=C/CC)OC(=O)CCCCCCC\C=C/CCCCCCCC","131755201","Found Concentration in Main Study",NA,NA,"No Match"
"BMDB63415","TG(16:0/18:1(9Z)/20:2(11Z,14Z))[iso6]","JQSCFVCYBPEHML-HLYOSYIHSA-N","[H][C@](COC(=O)CCCCCCCCCCCCCCC)(COC(=O)CCCCCCCCC\C=C/C\C=C/CCCCC)OC(=O)CCCCCCC\C=C/CCCCCCCC","131755196","Found Concentration in Main Study",NA,NA,"No Match"
"BMDB63416","TG(16:0/18:1(9Z)/20:3(8Z,11Z,14Z))[iso6]","XSESJUIKHHMUIV-VOWGSZCXSA-N","[H][C@](COC(=O)CCCCCCCCCCCCCCC)(COC(=O)CCCCCC\C=C/C\C=C/C\C=C/CCCCC)OC(=O)CCCCCCC\C=C/CCCCCCCC","131755197","Found Concentration in Main Study",NA,NA,"No Match"
"BMDB63417","TG(16:0/18:1(9Z)/20:5(5Z,8Z,11Z,14Z,17Z))[iso6]","UWGNMVQVXFWGDQ-CZJFOSJLSA-N","[H][C@](COC(=O)CCCCCCCCCCCCCCC)(COC(=O)CCC\C=C/C\C=C/C\C=C/C\C=C/C\C=C/CC)OC(=O)CCCCCCC\C=C/CCCCCCCC","131755203","Found Concentration in Main Study","DMD302505","DMD302505","Unique Match (by names only)"
"BMDB63418","TG(16:0/18:1(9Z)/22:5(7Z,10Z,13Z,16Z,19Z))[iso6]","PIUUVQYTIKPYIJ-VVULBONNSA-N","[H][C@](COC(=O)CCCCCCCCCCCCCCC)(COC(=O)CCCCC\C=C/C\C=C/C\C=C/C\C=C/C\C=C/CC)OC(=O)CCCCCCC\C=C/CCCCCCCC","131755204","Found Concentration in Main Study",NA,NA,"No Match"
"BMDB63419","TG(16:0/18:2(9Z,12Z)/18:3(6Z,9Z,12Z))[iso6]","PWAOXOJAJJJACV-MSFNIHOKSA-N","[H][C@](COC(=O)CCCCCCCCCCCCCCC)(COC(=O)CCCC\C=C/C\C=C/C\C=C/CCCCC)OC(=O)CCCCCCC\C=C/C\C=C/CCCCC","131755325","Found Concentration in Main Study",NA,NA,"No Match"
"BMDB63420","TG(16:0/18:2(9Z,12Z)/18:3(9Z,12Z,15Z))[iso6]","MVAGPZSVOSGBMR-BZMDPMQBSA-N","[H][C@](COC(=O)CCCCCCCCCCCCCCC)(COC(=O)CCCCCCC\C=C/C\C=C/C\C=C/CC)OC(=O)CCCCCCC\C=C/C\C=C/CCCCC","100921659","Found Concentration in Main Study",NA,NA,"No Match"
"BMDB63421","TG(16:0/18:2(9Z,12Z)/20:2(11Z,14Z))[iso6]","BAJHYMHNWFZWKC-BIBJHKLQSA-N","[H][C@](COC(=O)CCCCCCCCCCCCCCC)(COC(=O)CCCCCCCCC\C=C/C\C=C/CCCCC)OC(=O)CCCCCCC\C=C/C\C=C/CCCCC","131755326","Found Concentration in Main Study",NA,NA,"No Match"
"BMDB63422","TG(16:0/18:2(9Z,12Z)/20:3(8Z,11Z,14Z))[iso6]","UWIJLBUWLZZSBQ-GTMGOGLWSA-N","[H][C@](COC(=O)CCCCCCCCCCCCCCC)(COC(=O)CCCCCC\C=C/C\C=C/C\C=C/CCCCC)OC(=O)CCCCCCC\C=C/C\C=C/CCCCC","131755327","Found Concentration in Main Study",NA,NA,"No Match"
"BMDB63423","TG(16:0/18:2(9Z,12Z)/22:4(7Z,10Z,13Z,16Z))[iso6]","AHWNOAGNHSGYCM-XBMWPHDXSA-N","[H][C@](COC(=O)CCCCCCCCCCCCCCC)(COC(=O)CCCCC\C=C/C\C=C/C\C=C/C\C=C/CCCCC)OC(=O)CCCCCCC\C=C/C\C=C/CCCCC","131755329","Found Concentration in Main Study",NA,NA,"No Match"
"BMDB63424","TG(16:0/18:3(6Z,9Z,12Z)/19:0)[iso6]","MMIUAFXTHLIRFK-IUAGPMOASA-N","[H][C@](COC(=O)CCCCCCCCCCCCCCC)(COC(=O)CCCCCCCCCCCCCCCCCC)OC(=O)CCCC\C=C/C\C=C/C\C=C/CCCCC","","Found Concentration in Main Study",NA,NA,"No Match"
"BMDB63425","TG(16:0/18:3(6Z,9Z,12Z)/20:0)[iso6]","SAKURFWWZUPUGR-DVWKUQODSA-N","[H][C@](COC(=O)CCCCCCCCCCCCCCC)(COC(=O)CCCCCCCCCCCCCCCCCCC)OC(=O)CCCC\C=C/C\C=C/C\C=C/CCCCC","131755338","Found Concentration in Main Study",NA,NA,"No Match"
"BMDB63426","TG(16:0/18:3(6Z,9Z,12Z)/20:1(11Z))[iso6]","ATZQIXHEMLCJGM-UNBNYWLFSA-N","[H][C@](COC(=O)CCCCCCCCCCCCCCC)(COC(=O)CCCCCCCCC\C=C/CCCCCCCC)OC(=O)CCCC\C=C/C\C=C/C\C=C/CCCCC","131755345","Found Concentration in Main Study",NA,NA,"No Match"
"BMDB63427","TG(16:0/18:3(6Z,9Z,12Z)/20:2(11Z,14Z))[iso6]","OLDVVLPHLVANLD-WPBMEDNOSA-N","[H][C@](COC(=O)CCCCCCCCCCCCCCC)(COC(=O)CCCCCCCCC\C=C/C\C=C/CCCCC)OC(=O)CCCC\C=C/C\C=C/C\C=C/CCCCC","131755350","Found Concentration in Main Study",NA,NA,"No Match"
"BMDB63428","TG(16:0/18:3(6Z,9Z,12Z)/20:3(8Z,11Z,14Z))[iso6]","GPWKFLDDTKOSOY-IONMDZBYSA-N","[H][C@](COC(=O)CCCCCCCCCCCCCCC)(COC(=O)CCCCCC\C=C/C\C=C/C\C=C/CCCCC)OC(=O)CCCC\C=C/C\C=C/C\C=C/CCCCC","131755351","Found Concentration in Main Study","DMD302505","DMD302505","Unique Match (by names only)"
"BMDB63429","TG(16:0/18:3(9Z,12Z,15Z)/19:0)[iso6]","BEMBZEMYDNQORJ-LEHRLSSESA-N","[H][C@](COC(=O)CCCCCCCCCCCCCCC)(COC(=O)CCCCCCCCCCCCCCCCCC)OC(=O)CCCCCCC\C=C/C\C=C/C\C=C/CC","","Found Concentration in Main Study",NA,NA,"No Match"
"BMDB63430","TG(16:0/18:3(9Z,12Z,15Z)/20:0)[iso6]","QMOIIDCAFLCLKL-ZBQQGBJQSA-N","[H][C@](COC(=O)CCCCCCCCCCCCCCC)(COC(=O)CCCCCCCCCCCCCCCCCCC)OC(=O)CCCCCCC\C=C/C\C=C/C\C=C/CC","131755531","Found Concentration in Main Study",NA,NA,"No Match"
"BMDB63431","TG(16:0/18:3(9Z,12Z,15Z)/20:1(11Z))[iso6]","PDTAQKYFJJGDCD-KKELCOOUSA-N","[H][C@](COC(=O)CCCCCCCCCCCCCCC)(COC(=O)CCCCCCCCC\C=C/CCCCCCCC)OC(=O)CCCCCCC\C=C/C\C=C/C\C=C/CC","131755537","Found Concentration in Main Study",NA,NA,"No Match"
"BMDB63432","TG(16:0/18:3(9Z,12Z,15Z)/20:2(11Z,14Z))[iso6]","QUFRRPUAEDKDEW-CGEWGDRRSA-N","[H][C@](COC(=O)CCCCCCCCCCCCCCC)(COC(=O)CCCCCCCCC\C=C/C\C=C/CCCCC)OC(=O)CCCCCCC\C=C/C\C=C/C\C=C/CC","131755542","Found Concentration in Main Study",NA,NA,"No Match"
"BMDB63433","TG(16:0/18:3(9Z,12Z,15Z)/20:3(8Z,11Z,14Z))[iso6]","RCTFSXXAFDXOOG-NCVMYHKWSA-N","[H][C@](COC(=O)CCCCCCCCCCCCCCC)(COC(=O)CCCCCC\C=C/C\C=C/C\C=C/CCCCC)OC(=O)CCCCCCC\C=C/C\C=C/C\C=C/CC","131755543","Found Concentration in Main Study","DMD302505","DMD302505","Unique Match (by names only)"
"BMDB63434","TG(16:0/18:4(6Z,9Z,12Z,15Z)/19:0)[iso6]","JLEBZIDXBSPVEI-JILJDNAASA-N","[H][C@](COC(=O)CCCCCCCCCCCCCCC)(COC(=O)CCCCCCCCCCCCCCCCCC)OC(=O)CCCC\C=C/C\C=C/C\C=C/C\C=C/CC","","Found Concentration in Main Study",NA,NA,"No Match"
"BMDB63435","TG(16:0/18:4(6Z,9Z,12Z,15Z)/20:0)[iso6]","PDFFYHNLAKMFAW-DBLJNIQDSA-N","[H][C@](COC(=O)CCCCCCCCCCCCCCC)(COC(=O)CCCCCCCCCCCCCCCCCCC)OC(=O)CCCC\C=C/C\C=C/C\C=C/C\C=C/CC","131755556","Found Concentration in Main Study",NA,NA,"No Match"
"BMDB63436","TG(16:0/18:4(6Z,9Z,12Z,15Z)/20:1(11Z))[iso6]","VWRXQZKIYNYMGG-ZGFNYXQRSA-N","[H][C@](COC(=O)CCCCCCCCCCCCCCC)(COC(=O)CCCCCCCCC\C=C/CCCCCCCC)OC(=O)CCCC\C=C/C\C=C/C\C=C/C\C=C/CC","131755563","Found Concentration in Main Study",NA,NA,"No Match"
"BMDB63437","TG(16:0/18:4(6Z,9Z,12Z,15Z)/20:2(11Z,14Z))[iso6]","QUYHARLNKAANBC-ZVPNJICISA-N","[H][C@](COC(=O)CCCCCCCCCCCCCCC)(COC(=O)CCCCCCCCC\C=C/C\C=C/CCCCC)OC(=O)CCCC\C=C/C\C=C/C\C=C/C\C=C/CC","131755569","Found Concentration in Main Study","DMD302505","DMD302505","Unique Match (by names only)"
"BMDB63438","TG(16:0/20:1(11Z)/20:5(5Z,8Z,11Z,14Z,17Z))[iso6]","SSGHUNZCTBPNHZ-MVFWDCOXSA-N","[H][C@](COC(=O)CCCCCCCCCCCCCCC)(COC(=O)CCC\C=C/C\C=C/C\C=C/C\C=C/C\C=C/CC)OC(=O)CCCCCCCCC\C=C/CCCCCCCC","131755229","Found Concentration in Main Study",NA,NA,"No Match"
"BMDB63439","TG(16:0/20:2(11Z,14Z)/20:4(5Z,8Z,11Z,14Z))[iso6]","KOKYYOZUDSMORZ-ZZWYBQJBSA-N","[H][C@](COC(=O)CCCCCCCCCCCCCCC)(COC(=O)CCC\C=C/C\C=C/C\C=C/C\C=C/CCCCC)OC(=O)CCCCCCCCC\C=C/C\C=C/CCCCC","131755380","Found Concentration in Main Study",NA,NA,"No Match"
"BMDB63440","TG(16:0/20:3(8Z,11Z,14Z)/20:3(8Z,11Z,14Z))[iso3]","IEFYSGXZIYBWNF-OTICDNTFSA-N","[H][C@](COC(=O)CCCCCCCCCCCCCCC)(COC(=O)CCCCCC\C=C/C\C=C/C\C=C/CCCCC)OC(=O)CCCCCC\C=C/C\C=C/C\C=C/CCCCC","131755407","Found Concentration in Main Study",NA,NA,"No Match"
"BMDB63441","TG(16:1(9Z)/16:1(9Z)/17:0)[iso3]","QZYSUBAQYSVFNX-CXXCMLATSA-N","[H][C@@](COC(=O)CCCCCCCCCCCCCCCC)(COC(=O)CCCCCCC\C=C/CCCCCC)OC(=O)CCCCCCC\C=C/CCCCCC","","Found Concentration in Main Study","DMD302472","DMD302472","Unique Match (by names only)"
"BMDB63442","TG(16:1(9Z)/16:1(9Z)/19:0)[iso3]","RCTFXDPMSHIQTH-YDIVVKOTSA-N","[H][C@@](COC(=O)CCCCCCCCCCCCCCCCCC)(COC(=O)CCCCCCC\C=C/CCCCCC)OC(=O)CCCCCCC\C=C/CCCCCC","","Found Concentration in Main Study",NA,NA,"No Match"
"BMDB63443","TG(16:1(9Z)/16:1(9Z)/20:2(11Z,14Z))[iso3]","TZRLBGSETAVVDN-FIPRSGIASA-N","[H][C@@](COC(=O)CCCCCCCCC\C=C/C\C=C/CCCCC)(COC(=O)CCCCCCC\C=C/CCCCCC)OC(=O)CCCCCCC\C=C/CCCCCC","131759421","Found Concentration in Main Study",NA,NA,"No Match"
"BMDB63444","TG(16:1(9Z)/16:1(9Z)/20:3(8Z,11Z,14Z))[iso3]","YLSQMGKHEUFXMJ-SXILZFAHSA-N","[H][C@](COC(=O)CCCCCCC\C=C/CCCCCC)(COC(=O)CCCCCC\C=C/C\C=C/C\C=C/CCCCC)OC(=O)CCCCCCC\C=C/CCCCCC","131759422","Found Concentration in Main Study",NA,NA,"No Match"
"BMDB63445","TG(16:1(9Z)/16:1(9Z)/22:0)[iso3]","GOLXXQRKCMOJGT-ZJNVQPEOSA-N","[H][C@@](COC(=O)CCCCCCCCCCCCCCCCCCCCC)(COC(=O)CCCCCCC\C=C/CCCCCC)OC(=O)CCCCCCC\C=C/CCCCCC","","Found Concentration in Main Study",NA,NA,"No Match"
"BMDB63446","TG(16:1(9Z)/16:1(9Z)/22:1(13Z))[iso3]","HJRVVCOWJQUKTM-GWYBQCJYSA-N","[H][C@@](COC(=O)CCCCCCCCCCC\C=C/CCCCCCCC)(COC(=O)CCCCCCC\C=C/CCCCCC)OC(=O)CCCCCCC\C=C/CCCCCC","131759418","Found Concentration in Main Study",NA,NA,"No Match"
"BMDB63447","TG(16:1(9Z)/16:1(9Z)/22:4(7Z,10Z,13Z,16Z))[iso3]","ULPAJHKZIZPHLP-UYUXKAJOSA-N","[H][C@](COC(=O)CCCCCCC\C=C/CCCCCC)(COC(=O)CCCCC\C=C/C\C=C/C\C=C/C\C=C/CCCCC)OC(=O)CCCCCCC\C=C/CCCCCC","131759424","Found Concentration in Main Study","DMD302505","DMD302505","Unique Match (by names only)"
"BMDB63448","TG(16:1(9Z)/17:0/17:0)[iso3]","DSPFGQOCKPWWTL-SMYBAFMESA-N","[H][C@@](COC(=O)CCCCCCCCCCCCCCCC)(COC(=O)CCCCCCC\C=C/CCCCCC)OC(=O)CCCCCCCCCCCCCCCC","","Found Concentration in Main Study",NA,NA,"No Match"
"BMDB63449","TG(16:1(9Z)/17:0/18:0)[iso6]","VJOGKQKBWBCRFS-YMJSPMHCSA-N","[H][C@@](COC(=O)CCCCCCCCCCCCCCCCC)(COC(=O)CCCCCCC\C=C/CCCCCC)OC(=O)CCCCCCCCCCCCCCCC","","Found Concentration in Main Study",NA,NA,"No Match"
"BMDB63450","TG(16:1(9Z)/17:0/18:1(9Z))[iso6]","IYMPJAZCIWGTJL-AFKPIBGNSA-N","[H][C@](COC(=O)CCCCCCC\C=C/CCCCCC)(COC(=O)CCCCCCC\C=C/CCCCCCCC)OC(=O)CCCCCCCCCCCCCCCC","","Found Concentration in Main Study",NA,NA,"No Match"
"BMDB63451","TG(16:1(9Z)/17:0/18:2(9Z,12Z))[iso6]","JZOHEVWPVBMMRQ-FJEKWJMVSA-N","[H][C@](COC(=O)CCCCCCC\C=C/CCCCCC)(COC(=O)CCCCCCC\C=C/C\C=C/CCCCC)OC(=O)CCCCCCCCCCCCCCCC","","Found Concentration in Main Study",NA,NA,"No Match"
"BMDB63452","TG(16:1(9Z)/17:0/18:3(6Z,9Z,12Z))[iso6]","ZWZOQPNBFJCOLV-LVURLZITSA-N","[H][C@](COC(=O)CCCCCCC\C=C/CCCCCC)(COC(=O)CCCC\C=C/C\C=C/C\C=C/CCCCC)OC(=O)CCCCCCCCCCCCCCCC","","Found Concentration in Main Study",NA,NA,"No Match"
"BMDB63453","TG(16:1(9Z)/17:0/18:3(9Z,12Z,15Z))[iso6]","UQVNCTOQWNCEKB-WPEWBBDFSA-N","[H][C@](COC(=O)CCCCCCC\C=C/CCCCCC)(COC(=O)CCCCCCC\C=C/C\C=C/C\C=C/CC)OC(=O)CCCCCCCCCCCCCCCC","","Found Concentration in Main Study",NA,NA,"No Match"
"BMDB63454","TG(16:1(9Z)/17:0/18:4(6Z,9Z,12Z,15Z)) [iso6]","RQWKOTDBFFRFCB-QKBBFDGGSA-N","[H][C@](COC(=O)CCCCCCC\C=C/CCCCCC)(COC(=O)CCCC\C=C/C\C=C/C\C=C/C\C=C/CC)OC(=O)CCCCCCCCCCCCCCCC","","Found Concentration in Main Study",NA,NA,"No Match"
"BMDB63455","TG(16:1(9Z)/17:0/20:2(11Z,14Z))[iso6]","UCRNOYAYVANCJQ-MXIXTBEMSA-N","[H][C@@](COC(=O)CCCCCCCCC\C=C/C\C=C/CCCCC)(COC(=O)CCCCCCC\C=C/CCCCCC)OC(=O)CCCCCCCCCCCCCCCC","","Found Concentration in Main Study",NA,NA,"No Match"
"BMDB63456","TG(16:1(9Z)/17:0/20:3(8Z,11Z,14Z))[iso6]","NYSVRQLIUIHBAY-DVKANEJHSA-N","[H][C@](COC(=O)CCCCCCC\C=C/CCCCCC)(COC(=O)CCCCCC\C=C/C\C=C/C\C=C/CCCCC)OC(=O)CCCCCCCCCCCCCCCC","","Found Concentration in Main Study",NA,NA,"No Match"
"BMDB63457","TG(16:1(9Z)/17:0/20:4(5Z,8Z,11Z,14Z))[iso6]","YXSZUNCJXFSKTR-FELTXSDUSA-N","[H][C@](COC(=O)CCCCCCC\C=C/CCCCCC)(COC(=O)CCC\C=C/C\C=C/C\C=C/C\C=C/CCCCC)OC(=O)CCCCCCCCCCCCCCCC","","Found Concentration in Main Study",NA,NA,"No Match"
"BMDB63458","TG(16:1(9Z)/17:0/20:5(5Z,8Z,11Z,14Z,17Z))[iso6]","AKDVWAHETIXOFY-FUAFPHNJSA-N","[H][C@](COC(=O)CCCCCCC\C=C/CCCCCC)(COC(=O)CCC\C=C/C\C=C/C\C=C/C\C=C/C\C=C/CC)OC(=O)CCCCCCCCCCCCCCCC","","Found Concentration in Main Study",NA,NA,"No Match"
"BMDB63459","TG(16:1(9Z)/17:0/22:5(7Z,10Z,13Z,16Z,19Z))[iso6]","JSIAWLQCIPHHEG-DJNSEGILSA-N","[H][C@](COC(=O)CCCCCCC\C=C/CCCCCC)(COC(=O)CCCCC\C=C/C\C=C/C\C=C/C\C=C/C\C=C/CC)OC(=O)CCCCCCCCCCCCCCCC","","Found Concentration in Main Study",NA,NA,"No Match"
"BMDB63460","TG(16:1(9Z)/17:0/22:6(4Z,7Z,10Z,13Z,16Z,19Z))[iso6]","ALULOWZNTGURIV-XYHHWXJLSA-N","[H][C@](COC(=O)CCCCCCC\C=C/CCCCCC)(COC(=O)CC\C=C/C\C=C/C\C=C/C\C=C/C\C=C/C\C=C/CC)OC(=O)CCCCCCCCCCCCCCCC","","Found Concentration in Main Study",NA,NA,"No Match"
"BMDB63461","TG(16:1(9Z)/18:0/18:3(6Z,9Z,12Z))[iso6]","DJFHIFMJEYKBGL-YVUOSQQLSA-N","[H][C@](COC(=O)CCCCCCC\C=C/CCCCCC)(COC(=O)CCCC\C=C/C\C=C/C\C=C/CCCCC)OC(=O)CCCCCCCCCCCCCCCCC","131759317","Found Concentration in Main Study",NA,NA,"No Match"
"BMDB63462","TG(16:1(9Z)/18:0/18:3(9Z,12Z,15Z))[iso6]","GEKZYIPUAKKNKE-VNVALVBESA-N","[H][C@](COC(=O)CCCCCCC\C=C/CCCCCC)(COC(=O)CCCCCCC\C=C/C\C=C/C\C=C/CC)OC(=O)CCCCCCCCCCCCCCCCC","131759323","Found Concentration in Main Study",NA,NA,"No Match"
"BMDB63463","TG(16:1(9Z)/18:0/18:4(6Z,9Z,12Z,15Z))[iso6]","JLEMYYGTXQHVFE-NYKUUUQXSA-N","[H][C@](COC(=O)CCCCCCC\C=C/CCCCCC)(COC(=O)CCCC\C=C/C\C=C/C\C=C/C\C=C/CC)OC(=O)CCCCCCCCCCCCCCCCC","131759324","Found Concentration in Main Study",NA,NA,"No Match"
"BMDB63464","TG(16:1(9Z)/18:0/20:2(11Z,14Z))[iso6]","WACLWOAQCVZQHO-XXQKTQNQSA-N","[H][C@@](COC(=O)CCCCCCCCC\C=C/C\C=C/CCCCC)(COC(=O)CCCCCCC\C=C/CCCCCC)OC(=O)CCCCCCCCCCCCCCCCC","131759318","Found Concentration in Main Study",NA,NA,"No Match"
"BMDB63465","TG(16:1(9Z)/18:0/20:3(8Z,11Z,14Z))[iso6]","WXMJAPVKXZKBEF-XBICQSHKSA-N","[H][C@](COC(=O)CCCCCCC\C=C/CCCCCC)(COC(=O)CCCCCC\C=C/C\C=C/C\C=C/CCCCC)OC(=O)CCCCCCCCCCCCCCCCC","131759319","Found Concentration in Main Study",NA,NA,"No Match"
"BMDB63466","TG(16:1(9Z)/18:0/20:5(5Z,8Z,11Z,14Z,17Z))[iso6]","QRUQSCZKIVNCMK-UZJCIMHESA-N","[H][C@](COC(=O)CCCCCCC\C=C/CCCCCC)(COC(=O)CCC\C=C/C\C=C/C\C=C/C\C=C/C\C=C/CC)OC(=O)CCCCCCCCCCCCCCCCC","131759326","Found Concentration in Main Study","DMD302505","DMD302505","Unique Match (by names only)"
"BMDB63467","TG(16:1(9Z)/18:0/22:5(7Z,10Z,13Z,16Z,19Z))[iso6]","BLQLNWGWKYGWQK-WGDLBXKPSA-N","[H][C@](COC(=O)CCCCCCC\C=C/CCCCCC)(COC(=O)CCCCC\C=C/C\C=C/C\C=C/C\C=C/C\C=C/CC)OC(=O)CCCCCCCCCCCCCCCCC","131759327","Found Concentration in Main Study",NA,NA,"No Match"
"BMDB63468","TG(16:1(9Z)/18:1(9Z)/18:3(6Z,9Z,12Z))[iso6]","BTLLBFZSJPKPDE-MXDHFGQXSA-N","[H][C@](COC(=O)CCCCCCC\C=C/CCCCCC)(COC(=O)CCCC\C=C/C\C=C/C\C=C/CCCCC)OC(=O)CCCCCCC\C=C/CCCCCCCC","131759460","Found Concentration in Main Study",NA,NA,"No Match"
"BMDB63469","TG(16:1(9Z)/18:1(9Z)/18:3(9Z,12Z,15Z))[iso6]","CDPGTJRMESRMBM-HREIPWLJSA-N","[H][C@](COC(=O)CCCCCCC\C=C/CCCCCC)(COC(=O)CCCCCCC\C=C/C\C=C/C\C=C/CC)OC(=O)CCCCCCC\C=C/CCCCCCCC","131759466","Found Concentration in Main Study",NA,NA,"No Match"
"BMDB63470","TG(16:1(9Z)/18:1(9Z)/20:2(11Z,14Z))[iso6]","ONYOXARKNBCDOW-UDEYGTCASA-N","[H][C@@](COC(=O)CCCCCCCCC\C=C/C\C=C/CCCCC)(COC(=O)CCCCCCC\C=C/CCCCCC)OC(=O)CCCCCCC\C=C/CCCCCCCC","131759461","Found Concentration in Main Study",NA,NA,"No Match"
"BMDB63471","TG(16:1(9Z)/18:1(9Z)/20:3(8Z,11Z,14Z))[iso6]","QXRVJZIWSZYNFE-XAAVOVOVSA-N","[H][C@](COC(=O)CCCCCCC\C=C/CCCCCC)(COC(=O)CCCCCC\C=C/C\C=C/C\C=C/CCCCC)OC(=O)CCCCCCC\C=C/CCCCCCCC","131759462","Found Concentration in Main Study",NA,NA,"No Match"
"BMDB63472","TG(16:1(9Z)/18:1(9Z)/22:4(7Z,10Z,13Z,16Z))[iso6]","ZTSJYJYYBZBVKX-QKTZMTTOSA-N","[H][C@](COC(=O)CCCCCCC\C=C/CCCCCC)(COC(=O)CCCCC\C=C/C\C=C/C\C=C/C\C=C/CCCCC)OC(=O)CCCCCCC\C=C/CCCCCCCC","131759464","Found Concentration in Main Study",NA,NA,"No Match"
"BMDB63473","TG(16:1(9Z)/18:2(9Z,12Z)/19:0)[iso6]","HJQWIRUYVPQAFR-UWFRZUFNSA-N","[H][C@@](COC(=O)CCCCCCCCCCCCCCCCCC)(COC(=O)CCCCCCC\C=C/CCCCCC)OC(=O)CCCCCCC\C=C/C\C=C/CCCCC","","Found Concentration in Main Study",NA,NA,"No Match"
"BMDB63474","TG(16:1(9Z)/18:2(9Z,12Z)/20:2(11Z,14Z))[iso6]","PASRUCZTFLIYBM-VHWXVXHCSA-N","[H][C@@](COC(=O)CCCCCCCCC\C=C/C\C=C/CCCCC)(COC(=O)CCCCCCC\C=C/CCCCCC)OC(=O)CCCCCCC\C=C/C\C=C/CCCCC","131759566","Found Concentration in Main Study",NA,NA,"No Match"
"BMDB63475","TG(16:1(9Z)/18:2(9Z,12Z)/20:3(8Z,11Z,14Z))[iso6]","FMRKXOSKBRKVCM-HRAJTIBLSA-N","[H][C@](COC(=O)CCCCCCC\C=C/CCCCCC)(COC(=O)CCCCCC\C=C/C\C=C/C\C=C/CCCCC)OC(=O)CCCCCCC\C=C/C\C=C/CCCCC","131759567","Found Concentration in Main Study","DMD302505","DMD302505","Unique Match (by names only)"
"BMDB63476","TG(16:1(9Z)/18:3(6Z,9Z,12Z)/19:0)[iso6]","HFYCOLQPBBJXJA-ZQBUHCQOSA-N","[H][C@@](COC(=O)CCCCCCCCCCCCCCCCCC)(COC(=O)CCCCCCC\C=C/CCCCCC)OC(=O)CCCC\C=C/C\C=C/C\C=C/CCCCC","","Found Concentration in Main Study",NA,NA,"No Match"
"BMDB63477","TG(16:1(9Z)/18:3(6Z,9Z,12Z)/20:0)[iso6]","CDDMLDFHOOIDDR-LHXFVJKQSA-N","[H][C@@](COC(=O)CCCCCCCCCCCCCCCCCCC)(COC(=O)CCCCCCC\C=C/CCCCCC)OC(=O)CCCC\C=C/C\C=C/C\C=C/CCCCC","","Found Concentration in Main Study",NA,NA,"No Match"
"BMDB63478","TG(16:1(9Z)/18:3(6Z,9Z,12Z)/20:1(11Z))[iso6]","WXMOURHYAWKCON-SQKVJRQFSA-N","[H][C@@](COC(=O)CCCCCCCCC\C=C/CCCCCCCC)(COC(=O)CCCCCCC\C=C/CCCCCC)OC(=O)CCCC\C=C/C\C=C/C\C=C/CCCCC","131759581","Found Concentration in Main Study",NA,NA,"No Match"
"BMDB63479","TG(16:1(9Z)/18:3(6Z,9Z,12Z)/20:2(11Z,14Z))[iso6]","XZYPNCDNAQJUNT-NAXLMZSYSA-N","[H][C@@](COC(=O)CCCCCCCCC\C=C/C\C=C/CCCCC)(COC(=O)CCCCCCC\C=C/CCCCCC)OC(=O)CCCC\C=C/C\C=C/C\C=C/CCCCC","131759587","Found Concentration in Main Study","DMD302505","DMD302505","Unique Match (by names only)"
"BMDB63480","TG(16:1(9Z)/18:3(9Z,12Z,15Z)/19:0)[iso6]","SQAMASKSVQRATP-CEZMLZNASA-N","[H][C@@](COC(=O)CCCCCCCCCCCCCCCCCC)(COC(=O)CCCCCCC\C=C/CCCCCC)OC(=O)CCCCCCC\C=C/C\C=C/C\C=C/CC","","Found Concentration in Main Study",NA,NA,"No Match"
"BMDB63481","TG(16:1(9Z)/18:3(9Z,12Z,15Z)/20:0)[iso6]","HLTSKBNGPCVUQB-KQCMVNHWSA-N","[H][C@@](COC(=O)CCCCCCCCCCCCCCCCCCC)(COC(=O)CCCCCCC\C=C/CCCCCC)OC(=O)CCCCCCC\C=C/C\C=C/C\C=C/CC","","Found Concentration in Main Study",NA,NA,"No Match"
"BMDB63482","TG(16:1(9Z)/18:3(9Z,12Z,15Z)/20:1(11Z))[iso6]","ITVZPSFYQXIRPA-DYGHEFCSSA-N","[H][C@@](COC(=O)CCCCCCCCC\C=C/CCCCCCCC)(COC(=O)CCCCCCC\C=C/CCCCCC)OC(=O)CCCCCCC\C=C/C\C=C/C\C=C/CC","131759734","Found Concentration in Main Study",NA,NA,"No Match"
"BMDB63483","TG(16:1(9Z)/18:3(9Z,12Z,15Z)/20:2(11Z,14Z))[iso6]","IQYIGUDLVCVSII-KZIJMVTKSA-N","[H][C@@](COC(=O)CCCCCCCCC\C=C/C\C=C/CCCCC)(COC(=O)CCCCCCC\C=C/CCCCCC)OC(=O)CCCCCCC\C=C/C\C=C/C\C=C/CC","131759740","Found Concentration in Main Study","DMD302505","DMD302505","Unique Match (by names only)"
"BMDB63484","TG(16:1(9Z)/18:4(6Z,9Z,12Z,15Z)/19:0)[iso6]","XMWDGKXOZBJHSI-VEEKSODISA-N","[H][C@@](COC(=O)CCCCCCCCCCCCCCCCCC)(COC(=O)CCCCCCC\C=C/CCCCCC)OC(=O)CCCC\C=C/C\C=C/C\C=C/C\C=C/CC","","Found Concentration in Main Study",NA,NA,"No Match"
"BMDB63485","TG(16:1(9Z)/18:4(6Z,9Z,12Z,15Z)/20:0)[iso6]","ZTNCEOWHIGXJAM-AKHKHUJKSA-N","[H][C@@](COC(=O)CCCCCCCCCCCCCCCCCCC)(COC(=O)CCCCCCC\C=C/CCCCCC)OC(=O)CCCC\C=C/C\C=C/C\C=C/C\C=C/CC","","Found Concentration in Main Study",NA,NA,"No Match"
"BMDB63486","TG(16:1(9Z)/18:4(6Z,9Z,12Z,15Z)/20:1(11Z))[iso6]","UFZAMUNCCQBRIA-JVKCEIKTSA-N","[H][C@@](COC(=O)CCCCCCCCC\C=C/CCCCCCCC)(COC(=O)CCCCCCC\C=C/CCCCCC)OC(=O)CCCC\C=C/C\C=C/C\C=C/C\C=C/CC","131759756","Found Concentration in Main Study","DMD302505","DMD302505","Unique Match (by names only)"
"BMDB63487","TG(16:1(9Z)/19:0/20:5(5Z,8Z,11Z,14Z,17Z))[iso6]","JCHWIDWIRCEUSB-PGMMRJOXSA-N","[H][C@](COC(=O)CCCCCCC\C=C/CCCCCC)(COC(=O)CCC\C=C/C\C=C/C\C=C/C\C=C/C\C=C/CC)OC(=O)CCCCCCCCCCCCCCCCCC","","Found Concentration in Main Study",NA,NA,"No Match"
"BMDB63488","TG(16:1(9Z)/20:0/20:5(5Z,8Z,11Z,14Z,17Z))[iso6]","MEAHLQMABQGZDE-DYGMHXHRSA-N","[H][C@](COC(=O)CCCCCCC\C=C/CCCCCC)(COC(=O)CCC\C=C/C\C=C/C\C=C/C\C=C/C\C=C/CC)OC(=O)CCCCCCCCCCCCCCCCCCC","131759346","Found Concentration in Main Study",NA,NA,"No Match"
"BMDB63489","TG(16:1(9Z)/20:2(11Z,14Z)/20:3(8Z,11Z,14Z))[iso6]","CLIHEBNFPBZHNL-SWXSVVMVSA-N","[H][C@](COC(=O)CCCCCCC\C=C/CCCCCC)(COC(=O)CCCCCC\C=C/C\C=C/C\C=C/CCCCC)OC(=O)CCCCCCCCC\C=C/C\C=C/CCCCC","131759610","Found Concentration in Main Study",NA,NA,"No Match"
"BMDB63490","TG(17:0/17:0/18:2(9Z,12Z))[iso3]","ZGSLFWOGQIOBFL-YHJANGELSA-N","[H][C@](COC(=O)CCCCCCCCCCCCCCCC)(COC(=O)CCCCCCC\C=C/C\C=C/CCCCC)OC(=O)CCCCCCCCCCCCCCCC","","Found Concentration in Main Study",NA,NA,"No Match"
"BMDB63491","TG(17:0/17:0/18:3(6Z,9Z,12Z))[iso3]","VRPYQTOQXLDFMX-GJQMWMOCSA-N","[H][C@](COC(=O)CCCCCCCCCCCCCCCC)(COC(=O)CCCC\C=C/C\C=C/C\C=C/CCCCC)OC(=O)CCCCCCCCCCCCCCCC","","Found Concentration in Main Study",NA,NA,"No Match"
"BMDB63492","TG(17:0/17:0/18:3(9Z,12Z,15Z))[iso3]","NKZUGKBNYDSITN-LFAFJQJESA-N","[H][C@](COC(=O)CCCCCCCCCCCCCCCC)(COC(=O)CCCCCCC\C=C/C\C=C/C\C=C/CC)OC(=O)CCCCCCCCCCCCCCCC","","Found Concentration in Main Study",NA,NA,"No Match"
"BMDB63493","TG(17:0/17:0/18:4(6Z,9Z,12Z,15Z))[iso3]","YTTQBWQDYUFCSA-DAYQMWRKSA-N","[H][C@](COC(=O)CCCCCCCCCCCCCCCC)(COC(=O)CCCC\C=C/C\C=C/C\C=C/C\C=C/CC)OC(=O)CCCCCCCCCCCCCCCC","","Found Concentration in Main Study",NA,NA,"No Match"
"BMDB63494","TG(17:0/17:0/20:2(11Z,14Z))[iso3]","YTVHAAFNMKPYPC-JKFVOKSPSA-N","[H][C@](COC(=O)CCCCCCCCCCCCCCCC)(COC(=O)CCCCCCCCC\C=C/C\C=C/CCCCC)OC(=O)CCCCCCCCCCCCCCCC","","Found Concentration in Main Study",NA,NA,"No Match"
"BMDB63495","TG(17:0/17:0/20:3(8Z,11Z,14Z))[iso3]","YNILOPAJJGLMFA-WZMITLMHSA-N","[H][C@](COC(=O)CCCCCCCCCCCCCCCC)(COC(=O)CCCCCC\C=C/C\C=C/C\C=C/CCCCC)OC(=O)CCCCCCCCCCCCCCCC","","Found Concentration in Main Study",NA,NA,"No Match"
"BMDB63496","TG(17:0/17:0/20:4(5Z,8Z,11Z,14Z))[iso3]","HFMQRBDGAXXEPX-NJHZOTQGSA-N","[H][C@](COC(=O)CCCCCCCCCCCCCCCC)(COC(=O)CCC\C=C/C\C=C/C\C=C/C\C=C/CCCCC)OC(=O)CCCCCCCCCCCCCCCC","","Found Concentration in Main Study",NA,NA,"No Match"
"BMDB63497","TG(17:0/17:0/20:5(5Z,8Z,11Z,14Z,17Z))[iso3]","CZNAEULIOKMPIT-GFWVFCJXSA-N","[H][C@](COC(=O)CCCCCCCCCCCCCCCC)(COC(=O)CCC\C=C/C\C=C/C\C=C/C\C=C/C\C=C/CC)OC(=O)CCCCCCCCCCCCCCCC","","Found Concentration in Main Study",NA,NA,"No Match"
"BMDB63498","TG(17:0/17:0/22:6(4Z,7Z,10Z,13Z,16Z,19Z))[iso3]","VUUDLKGZZONILP-IAONHBMLSA-N","[H][C@](COC(=O)CCCCCCCCCCCCCCCC)(COC(=O)CC\C=C/C\C=C/C\C=C/C\C=C/C\C=C/C\C=C/CC)OC(=O)CCCCCCCCCCCCCCCC","","Found Concentration in Main Study",NA,NA,"No Match"
"BMDB63499","TG(17:0/18:0/18:3(6Z,9Z,12Z))[iso6]","XGSYVNUYOAPADT-WHGNMWGASA-N","[H][C@](COC(=O)CCCCCCCCCCCCCCCC)(COC(=O)CCCC\C=C/C\C=C/C\C=C/CCCCC)OC(=O)CCCCCCCCCCCCCCCCC","","Found Concentration in Main Study",NA,NA,"No Match"
"BMDB63500","TG(17:0/18:0/18:3(9Z,12Z,15Z))[iso6]","FHGCKCMUAGEPBN-ZBHATOODSA-N","[H][C@](COC(=O)CCCCCCCCCCCCCCCC)(COC(=O)CCCCCCC\C=C/C\C=C/C\C=C/CC)OC(=O)CCCCCCCCCCCCCCCCC","","Found Concentration in Main Study",NA,NA,"No Match"
"BMDB63501","TG(17:0/18:0/18:4(6Z,9Z,12Z,15Z))[iso6]","WHQHLXXVJFGIHA-PVLXMUPPSA-N","[H][C@](COC(=O)CCCCCCCCCCCCCCCC)(COC(=O)CCCC\C=C/C\C=C/C\C=C/C\C=C/CC)OC(=O)CCCCCCCCCCCCCCCCC","","Found Concentration in Main Study",NA,NA,"No Match"
"BMDB63502","TG(17:0/18:1(9Z)/18:2(9Z,12Z))[iso6]","NIBMDPFMDDQNNX-YITIFRDOSA-N","[H][C@](COC(=O)CCCCCCCCCCCCCCCC)(COC(=O)CCCCCCC\C=C/C\C=C/CCCCC)OC(=O)CCCCCCC\C=C/CCCCCCCC","","Found Concentration in Main Study",NA,NA,"No Match"
"BMDB63503","TG(17:0/18:1(9Z)/18:3(6Z,9Z,12Z))[iso6]","WGTFIXDSYLYPIO-PTLOOBMGSA-N","[H][C@](COC(=O)CCCCCCCCCCCCCCCC)(COC(=O)CCCC\C=C/C\C=C/C\C=C/CCCCC)OC(=O)CCCCCCC\C=C/CCCCCCCC","","Found Concentration in Main Study",NA,NA,"No Match"
"BMDB63504","TG(17:0/18:1(9Z)/18:3(9Z,12Z,15Z))[iso6]","RLDKFJHHHPZZSZ-IVRKAJJPSA-N","[H][C@](COC(=O)CCCCCCCCCCCCCCCC)(COC(=O)CCCCCCC\C=C/C\C=C/C\C=C/CC)OC(=O)CCCCCCC\C=C/CCCCCCCC","","Found Concentration in Main Study",NA,NA,"No Match"
"BMDB63505","TG(17:0/18:1(9Z)/18:4(6Z,9Z,12Z,15Z))[iso6]","PMGHPLURWDJYIA-DQOIDCTISA-N","[H][C@](COC(=O)CCCCCCCCCCCCCCCC)(COC(=O)CCCC\C=C/C\C=C/C\C=C/C\C=C/CC)OC(=O)CCCCCCC\C=C/CCCCCCCC","","Found Concentration in Main Study",NA,NA,"No Match"
"BMDB63506","TG(17:0/18:1(9Z)/20:5(5Z,8Z,11Z,14Z,17Z))[iso6]","IZABRXOLKZSJQE-GHPYTDKUSA-N","[H][C@](COC(=O)CCCCCCCCCCCCCCCC)(COC(=O)CCC\C=C/C\C=C/C\C=C/C\C=C/C\C=C/CC)OC(=O)CCCCCCC\C=C/CCCCCCCC","","Found Concentration in Main Study",NA,NA,"No Match"
"BMDB63507","TG(17:0/18:2(9Z,12Z)/18:2(9Z,12Z))[iso3]","KDMIHSMAUYYFRT-MBMRKEAESA-N","[H][C@](COC(=O)CCCCCCCCCCCCCCCC)(COC(=O)CCCCCCC\C=C/C\C=C/CCCCC)OC(=O)CCCCCCC\C=C/C\C=C/CCCCC","","Found Concentration in Main Study",NA,NA,"No Match"
"BMDB63508","TG(17:0/18:2(9Z,12Z)/18:3(6Z,9Z,12Z))[iso6]","DFXCMORZVKLRKD-ZEDVYKOSSA-N","[H][C@](COC(=O)CCCCCCCCCCCCCCCC)(COC(=O)CCCC\C=C/C\C=C/C\C=C/CCCCC)OC(=O)CCCCCCC\C=C/C\C=C/CCCCC","","Found Concentration in Main Study",NA,NA,"No Match"
"BMDB63509","TG(17:0/18:2(9Z,12Z)/18:3(9Z,12Z,15Z))[iso6]","YKYBJYBGJSSOPS-QVYCUENWSA-N","[H][C@](COC(=O)CCCCCCCCCCCCCCCC)(COC(=O)CCCCCCC\C=C/C\C=C/C\C=C/CC)OC(=O)CCCCCCC\C=C/C\C=C/CCCCC","","Found Concentration in Main Study",NA,NA,"No Match"
"BMDB63510","TG(17:0/18:2(9Z,12Z)/18:4(6Z,9Z,12Z,15Z))[iso6]","QYXDPUCJKHASSS-AOEVAMBVSA-N","[H][C@](COC(=O)CCCCCCCCCCCCCCCC)(COC(=O)CCCC\C=C/C\C=C/C\C=C/C\C=C/CC)OC(=O)CCCCCCC\C=C/C\C=C/CCCCC","","Found Concentration in Main Study",NA,NA,"No Match"
"BMDB63511","TG(17:0/18:2(9Z,12Z)/19:0)[iso6]","ODVIBCXVHRRTPD-DSBSTBFVSA-N","[H][C@](COC(=O)CCCCCCCCCCCCCCCC)(COC(=O)CCCCCCCCCCCCCCCCCC)OC(=O)CCCCCCC\C=C/C\C=C/CCCCC","","Found Concentration in Main Study",NA,NA,"No Match"
"BMDB63512","TG(17:0/18:2(9Z,12Z)/20:4(5Z,8Z,11Z,14Z))[iso6]","BXAPIWIPIAIOFJ-PTMWDLBKSA-N","[H][C@](COC(=O)CCCCCCCCCCCCCCCC)(COC(=O)CCC\C=C/C\C=C/C\C=C/C\C=C/CCCCC)OC(=O)CCCCCCC\C=C/C\C=C/CCCCC","","Found Concentration in Main Study",NA,NA,"No Match"
"BMDB63513","TG(17:0/18:2(9Z,12Z)/20:5(5Z,8Z,11Z,14Z,17Z))[iso6]","ROGWRURLPSZEGG-ICVRNUHXSA-N","[H][C@](COC(=O)CCCCCCCCCCCCCCCC)(COC(=O)CCC\C=C/C\C=C/C\C=C/C\C=C/C\C=C/CC)OC(=O)CCCCCCC\C=C/C\C=C/CCCCC","","Found Concentration in Main Study",NA,NA,"No Match"
"BMDB63514","TG(17:0/18:3(6Z,9Z,12Z)/18:3(6Z,9Z,12Z))[iso3]","PGKDOVRUFMWBJF-JHJGUYMUSA-N","[H][C@](COC(=O)CCCCCCCCCCCCCCCC)(COC(=O)CCCC\C=C/C\C=C/C\C=C/CCCCC)OC(=O)CCCC\C=C/C\C=C/C\C=C/CCCCC","","Found Concentration in Main Study",NA,NA,"No Match"
"BMDB63515","TG(17:0/18:3(6Z,9Z,12Z)/18:3(9Z,12Z,15Z))[iso6]","CKBRAQLYLBQRIX-LQPAJEIWSA-N","[H][C@](COC(=O)CCCCCCCCCCCCCCCC)(COC(=O)CCCCCCC\C=C/C\C=C/C\C=C/CC)OC(=O)CCCC\C=C/C\C=C/C\C=C/CCCCC","","Found Concentration in Main Study",NA,NA,"No Match"
"BMDB63516","TG(17:0/18:3(6Z,9Z,12Z)/19:0)[iso6]","ZPZYLUILMNHVJP-DVWKUQODSA-N","[H][C@](COC(=O)CCCCCCCCCCCCCCCC)(COC(=O)CCCCCCCCCCCCCCCCCC)OC(=O)CCCC\C=C/C\C=C/C\C=C/CCCCC","","Found Concentration in Main Study",NA,NA,"No Match"
"BMDB63517","TG(17:0/18:3(6Z,9Z,12Z)/20:3(8Z,11Z,14Z))[iso6]","SQYGFAHCJUUPQR-RIISSYHOSA-N","[H][C@](COC(=O)CCCCCCCCCCCCCCCC)(COC(=O)CCCCCC\C=C/C\C=C/C\C=C/CCCCC)OC(=O)CCCC\C=C/C\C=C/C\C=C/CCCCC","","Found Concentration in Main Study",NA,NA,"No Match"
"BMDB63518","TG(17:0/18:3(6Z,9Z,12Z)/20:4(5Z,8Z,11Z,14Z))[iso6]","DLPMNSVMPLSBDG-VNFMTVPSSA-N","[H][C@](COC(=O)CCCCCCCCCCCCCCCC)(COC(=O)CCC\C=C/C\C=C/C\C=C/C\C=C/CCCCC)OC(=O)CCCC\C=C/C\C=C/C\C=C/CCCCC","","Found Concentration in Main Study",NA,NA,"No Match"
"BMDB63519","TG(17:0/18:3(6Z,9Z,12Z)/20:5(5Z,8Z,11Z,14Z,17Z))[iso6]","LSJAABCNVHPDCI-FBAVSNKQSA-N","[H][C@](COC(=O)CCCCCCCCCCCCCCCC)(COC(=O)CCC\C=C/C\C=C/C\C=C/C\C=C/C\C=C/CC)OC(=O)CCCC\C=C/C\C=C/C\C=C/CCCCC","","Found Concentration in Main Study",NA,NA,"No Match"
"BMDB63520","TG(17:0/18:3(9Z,12Z,15Z)/18:3(9Z,12Z,15Z))[iso3]","IYGOQYAYRRPIQZ-BSEZVYHISA-N","[H][C@](COC(=O)CCCCCCCCCCCCCCCC)(COC(=O)CCCCCCC\C=C/C\C=C/C\C=C/CC)OC(=O)CCCCCCC\C=C/C\C=C/C\C=C/CC","","Found Concentration in Main Study",NA,NA,"No Match"
"BMDB63521","TG(17:0/18:3(9Z,12Z,15Z)/19:0)[iso6]","MPTJQWHQNGQSMW-ZBQQGBJQSA-N","[H][C@](COC(=O)CCCCCCCCCCCCCCCC)(COC(=O)CCCCCCCCCCCCCCCCCC)OC(=O)CCCCCCC\C=C/C\C=C/C\C=C/CC","","Found Concentration in Main Study",NA,NA,"No Match"
"BMDB63522","TG(17:0/18:3(9Z,12Z,15Z)/20:3(8Z,11Z,14Z))[iso6]","LEMUJBJDTUDJMD-NJPMGGSISA-N","[H][C@](COC(=O)CCCCCCCCCCCCCCCC)(COC(=O)CCCCCC\C=C/C\C=C/C\C=C/CCCCC)OC(=O)CCCCCCC\C=C/C\C=C/C\C=C/CC","","Found Concentration in Main Study",NA,NA,"No Match"
"BMDB63523","TG(17:0/18:3(9Z,12Z,15Z)/20:4(5Z,8Z,11Z,14Z))[iso6]","YRLWGWBRSRAFBX-XPQBRDJSSA-N","[H][C@](COC(=O)CCCCCCCCCCCCCCCC)(COC(=O)CCC\C=C/C\C=C/C\C=C/C\C=C/CCCCC)OC(=O)CCCCCCC\C=C/C\C=C/C\C=C/CC","","Found Concentration in Main Study",NA,NA,"No Match"
"BMDB63524","TG(17:0/18:3(9Z,12Z,15Z)/20:5(5Z,8Z,11Z,14Z,17Z))[iso6]","OWYKVBJUHHPYNY-ZFZYZFKWSA-N","[H][C@](COC(=O)CCCCCCCCCCCCCCCC)(COC(=O)CCC\C=C/C\C=C/C\C=C/C\C=C/C\C=C/CC)OC(=O)CCCCCCC\C=C/C\C=C/C\C=C/CC","","Found Concentration in Main Study",NA,NA,"No Match"
"BMDB63525","TG(17:0/18:4(6Z,9Z,12Z,15Z)/19:0)[iso6]","FPVCQWQOFRSFDA-DBLJNIQDSA-N","[H][C@](COC(=O)CCCCCCCCCCCCCCCC)(COC(=O)CCCCCCCCCCCCCCCCCC)OC(=O)CCCC\C=C/C\C=C/C\C=C/C\C=C/CC","","Found Concentration in Main Study",NA,NA,"No Match"
"BMDB63526","TG(17:0/18:4(6Z,9Z,12Z,15Z)/20:2(11Z,14Z))[iso6]","RUIGDQLAZOLYQB-BNQAUGHOSA-N","[H][C@](COC(=O)CCCCCCCCCCCCCCCC)(COC(=O)CCCCCCCCC\C=C/C\C=C/CCCCC)OC(=O)CCCC\C=C/C\C=C/C\C=C/C\C=C/CC","","Found Concentration in Main Study",NA,NA,"No Match"
"BMDB63527","TG(17:0/18:4(6Z,9Z,12Z,15Z)/20:3(8Z,11Z,14Z))[iso6]","HIKCIZUSEJHKHD-ZLHRZVMYSA-N","[H][C@](COC(=O)CCCCCCCCCCCCCCCC)(COC(=O)CCCCCC\C=C/C\C=C/C\C=C/CCCCC)OC(=O)CCCC\C=C/C\C=C/C\C=C/C\C=C/CC","","Found Concentration in Main Study",NA,NA,"No Match"
"BMDB63528","TG(17:0/18:4(6Z,9Z,12Z,15Z)/20:4(5Z,8Z,11Z,14Z))[iso6]","OOKGPTVMPAIFEM-KEBIZTTKSA-N","[H][C@](COC(=O)CCCCCCCCCCCCCCCC)(COC(=O)CCC\C=C/C\C=C/C\C=C/C\C=C/CCCCC)OC(=O)CCCC\C=C/C\C=C/C\C=C/C\C=C/CC","","Found Concentration in Main Study",NA,NA,"No Match"
"BMDB63529","TG(17:0/18:4(6Z,9Z,12Z,15Z)/20:5(5Z,8Z,11Z,14Z,17Z))[iso6]","JQODABMELXPSIL-BYMAKJALSA-N","[H][C@](COC(=O)CCCCCCCCCCCCCCCC)(COC(=O)CCC\C=C/C\C=C/C\C=C/C\C=C/C\C=C/CC)OC(=O)CCCC\C=C/C\C=C/C\C=C/C\C=C/CC","","Found Concentration in Main Study",NA,NA,"No Match"
"BMDB63530","TG(18:0/18:0/18:3(6Z,9Z,12Z))[iso3]","KQKXUUFGXDXTLP-QOHXHYQGSA-N","[H][C@](COC(=O)CCCCCCCCCCCCCCCCC)(COC(=O)CCCC\C=C/C\C=C/C\C=C/CCCCC)OC(=O)CCCCCCCCCCCCCCCCC","131755791","Found Concentration in Main Study",NA,NA,"No Match"
"BMDB63531","TG(18:0/18:0/18:3(9Z,12Z,15Z))[iso3]","UFGXGACWXCNPJD-DYJODZIASA-N","[H][C@](COC(=O)CCCCCCCCCCCCCCCCC)(COC(=O)CCCCCCC\C=C/C\C=C/C\C=C/CC)OC(=O)CCCCCCCCCCCCCCCCC","131755797","Found Concentration in Main Study",NA,NA,"No Match"
"BMDB63532","TG(18:0/18:0/18:4(6Z,9Z,12Z,15Z))[iso3]","QDQDETHJEUGTEX-DBKGETMJSA-N","[H][C@](COC(=O)CCCCCCCCCCCCCCCCC)(COC(=O)CCCC\C=C/C\C=C/C\C=C/C\C=C/CC)OC(=O)CCCCCCCCCCCCCCCCC","131755798","Found Concentration in Main Study",NA,NA,"No Match"
"BMDB63533","TG(18:0/18:1(9Z)/18:3(6Z,9Z,12Z))[iso6]","JOJVDNJANFYSHZ-BEWFDITGSA-N","[H][C@](COC(=O)CCCCCCCCCCCCCCCCC)(COC(=O)CCCC\C=C/C\C=C/C\C=C/CCCCC)OC(=O)CCCCCCC\C=C/CCCCCCCC","131755965","Found Concentration in Main Study",NA,NA,"No Match"
"BMDB63534","TG(18:0/18:1(9Z)/18:3(9Z,12Z,15Z))[iso6]","BRLGHZXETDWABO-FCTLATDHSA-N","[H][C@](COC(=O)CCCCCCCCCCCCCCCCC)(COC(=O)CCCCCCC\C=C/C\C=C/C\C=C/CC)OC(=O)CCCCCCC\C=C/CCCCCCCC","131755971","Found Concentration in Main Study","DMD302501","DMD302501","Unique Match (by names only)"
"BMDB63535","TG(18:0/18:1(9Z)/18:4(6Z,9Z,12Z,15Z))[iso6]","IXDYCTWELIBSSO-OULNBDFMSA-N","[H][C@](COC(=O)CCCCCCCCCCCCCCCCC)(COC(=O)CCCC\C=C/C\C=C/C\C=C/C\C=C/CC)OC(=O)CCCCCCC\C=C/CCCCCCCC","131755972","Found Concentration in Main Study",NA,NA,"No Match"
"BMDB63536","TG(18:0/18:1(9Z)/20:5(5Z,8Z,11Z,14Z,17Z))[iso6]","BLNSKVFNUJRUQY-NUJVEXSKSA-N","[H][C@](COC(=O)CCCCCCCCCCCCCCCCC)(COC(=O)CCC\C=C/C\C=C/C\C=C/C\C=C/C\C=C/CC)OC(=O)CCCCCCC\C=C/CCCCCCCC","131755974","Found Concentration in Main Study",NA,NA,"No Match"
"BMDB63537","TG(18:0/18:2(9Z,12Z)/18:3(6Z,9Z,12Z))[iso6]","FOOVNYMOCOZYCS-FEJMAITCSA-N","[H][C@](COC(=O)CCCCCCCCCCCCCCCCC)(COC(=O)CCCC\C=C/C\C=C/C\C=C/CCCCC)OC(=O)CCCCCCC\C=C/C\C=C/CCCCC","131756093","Found Concentration in Main Study",NA,NA,"No Match"
"BMDB63538","TG(18:0/18:2(9Z,12Z)/18:3(9Z,12Z,15Z))[iso6]","CFIAQJQGPHURGU-YRSSWLJYSA-N","[H][C@](COC(=O)CCCCCCCCCCCCCCCCC)(COC(=O)CCCCCCC\C=C/C\C=C/C\C=C/CC)OC(=O)CCCCCCC\C=C/C\C=C/CCCCC","131756099","Found Concentration in Main Study",NA,NA,"No Match"
"BMDB63539","TG(18:0/18:2(9Z,12Z)/18:4(6Z,9Z,12Z,15Z))[iso6]","DQBBVSOYDVFHHR-HWJVNGORSA-N","[H][C@](COC(=O)CCCCCCCCCCCCCCCCC)(COC(=O)CCCC\C=C/C\C=C/C\C=C/C\C=C/CC)OC(=O)CCCCCCC\C=C/C\C=C/CCCCC","131756100","Found Concentration in Main Study","DMD302505","DMD302505","Unique Match (by names only)"
"BMDB63540","TG(18:0/18:3(6Z,9Z,12Z)/18:3(6Z,9Z,12Z))[iso3]","YFSUXBREMFQRTA-SDAZPXIRSA-N","[H][C@](COC(=O)CCCCCCCCCCCCCCCCC)(COC(=O)CCCC\C=C/C\C=C/C\C=C/CCCCC)OC(=O)CCCC\C=C/C\C=C/C\C=C/CCCCC","131756118","Found Concentration in Main Study","DMD302505","DMD302505","Unique Match (by names only)"
"BMDB63541","TG(18:0/18:3(6Z,9Z,12Z)/18:3(9Z,12Z,15Z))[iso6]","NSVZZMLKVNWYJQ-BAIVTEKASA-N","[H][C@](COC(=O)CCCCCCCCCCCCCCCCC)(COC(=O)CCCCCCC\C=C/C\C=C/C\C=C/CC)OC(=O)CCCC\C=C/C\C=C/C\C=C/CCCCC","131756125","Found Concentration in Main Study","DMD302505","DMD302505","Unique Match (by names only)"
"BMDB63542","TG(18:0/18:3(6Z,9Z,12Z)/20:3(8Z,11Z,14Z))[iso6]","DTZRWGXUFSGPFR-PRRODSMOSA-N","[H][C@](COC(=O)CCCCCCCCCCCCCCCCC)(COC(=O)CCCCCC\C=C/C\C=C/C\C=C/CCCCC)OC(=O)CCCC\C=C/C\C=C/C\C=C/CCCCC","131756120","Found Concentration in Main Study",NA,NA,"No Match"
"BMDB63543","TG(18:0/18:3(9Z,12Z,15Z)/18:3(9Z,12Z,15Z))[iso3]","DKDIPDJHNARQPL-DWVOMCLWSA-N","[H][C@](COC(=O)CCCCCCCCCCCCCCCCC)(COC(=O)CCCCCCC\C=C/C\C=C/C\C=C/CC)OC(=O)CCCCCCC\C=C/C\C=C/C\C=C/CC","131756312","Found Concentration in Main Study","DMD302505","DMD302505","Unique Match (by names only)"
"BMDB63544","TG(18:0/18:3(9Z,12Z,15Z)/20:3(8Z,11Z,14Z))[iso6]","BLUDAFKQGMJGEC-FYTZIZRASA-N","[H][C@](COC(=O)CCCCCCCCCCCCCCCCC)(COC(=O)CCCCCC\C=C/C\C=C/C\C=C/CCCCC)OC(=O)CCCCCCC\C=C/C\C=C/C\C=C/CC","131756307","Found Concentration in Main Study",NA,NA,"No Match"
"BMDB63545","TG(18:0/18:4(6Z,9Z,12Z,15Z)/20:2(11Z,14Z))[iso6]","NXJJDBZGHIYKEZ-AHMPWZEQSA-N","[H][C@](COC(=O)CCCCCCCCCCCCCCCCC)(COC(=O)CCCCCCCCC\C=C/C\C=C/CCCCC)OC(=O)CCCC\C=C/C\C=C/C\C=C/C\C=C/CC","131756333","Found Concentration in Main Study",NA,NA,"No Match"
"BMDB63546","TG(18:1(9Z)/18:1(9Z)/18:3(6Z,9Z,12Z))[iso3]","GOEUQPTVSLNGLY-BFAXNOOESA-N","[H][C@](COC(=O)CCCCCCC\C=C/CCCCCCCC)(COC(=O)CCCC\C=C/C\C=C/C\C=C/CCCCC)OC(=O)CCCCCCC\C=C/CCCCCCCC","53480523","Found Concentration in Main Study",NA,NA,"No Match"
"BMDB63547","TG(18:1(9Z)/18:1(9Z)/18:4(6Z,9Z,12Z,15Z))[iso3]","LXSVMCLLFGNHGU-JTWCGTILSA-N","[H][C@](COC(=O)CCCCCCC\C=C/CCCCCCCC)(COC(=O)CCCC\C=C/C\C=C/C\C=C/C\C=C/CC)OC(=O)CCCCCCC\C=C/CCCCCCCC","131760683","Found Concentration in Main Study","DMD302505","DMD302505","Unique Match (by names only)"
"BMDB63548","TG(18:1(9Z)/18:2(9Z,12Z)/18:3(6Z,9Z,12Z))[iso6]","IXLZJCDOWKHYDW-BEZBGMBTSA-N","[H][C@](COC(=O)CCCCCCC\C=C/CCCCCCCC)(COC(=O)CCCC\C=C/C\C=C/C\C=C/CCCCC)OC(=O)CCCCCCC\C=C/C\C=C/CCCCC","131760766","Found Concentration in Main Study","DMD302505","DMD302505","Unique Match (by names only)"
"BMDB63549","TG(18:1(9Z)/18:2(9Z,12Z)/18:3(9Z,12Z,15Z))[iso6]","OTUIORVXGJUHBH-JBQDKWDBSA-N","[H][C@](COC(=O)CCCCCCC\C=C/CCCCCCCC)(COC(=O)CCCCCCC\C=C/C\C=C/C\C=C/CC)OC(=O)CCCCCCC\C=C/C\C=C/CCCCC","100921577","Found Concentration in Main Study","DMD302505","DMD302505","Unique Match (by names only)"
"BMDB63550","TG(18:1(9Z)/18:2(9Z,12Z)/20:3(8Z,11Z,14Z))[iso6]","QVHPQMFZIADWSB-XDTGSNFWSA-N","[H][C@](COC(=O)CCCCCCC\C=C/CCCCCCCC)(COC(=O)CCCCCC\C=C/C\C=C/C\C=C/CCCCC)OC(=O)CCCCCCC\C=C/C\C=C/CCCCC","131760768","Found Concentration in Main Study",NA,NA,"No Match"
"BMDB63551","TG(18:1(9Z)/18:3(6Z,9Z,12Z)/20:2(11Z,14Z))[iso6]","AQAMVFXGOIAPNB-XRTDIYHUSA-N","[H][C@@](COC(=O)CCCCCCCCC\C=C/C\C=C/CCCCC)(COC(=O)CCCCCCC\C=C/CCCCCCCC)OC(=O)CCCC\C=C/C\C=C/C\C=C/CCCCC","131760784","Found Concentration in Main Study",NA,NA,"No Match"
"BMDB63552","TG(18:1(9Z)/18:3(9Z,12Z,15Z)/20:2(11Z,14Z))[iso6]","XKXXQSRUTFKWEA-QPCPTRNPSA-N","[H][C@@](COC(=O)CCCCCCCCC\C=C/C\C=C/CCCCC)(COC(=O)CCCCCCC\C=C/CCCCCCCC)OC(=O)CCCCCCC\C=C/C\C=C/C\C=C/CC","131760922","Found Concentration in Main Study",NA,NA,"No Match"
"BMDB63553","TG(18:1(9Z)/18:4(6Z,9Z,12Z,15Z)/20:1(11Z))[iso6]","NEZJLYSHWRBTKF-OHTCJYEASA-N","[H][C@@](COC(=O)CCCCCCCCC\C=C/CCCCCCCC)(COC(=O)CCCCCCC\C=C/CCCCCCCC)OC(=O)CCCC\C=C/C\C=C/C\C=C/C\C=C/CC","131760935","Found Concentration in Main Study",NA,NA,"No Match"
"BMDB63554","TG(18:2(9Z,12Z)/18:3(6Z,9Z,12Z)/20:1(11Z))[iso6]","PYHHMOTVUBGCGU-WKODOCSZSA-N","[H][C@@](COC(=O)CCCCCCCCC\C=C/CCCCCCCC)(COC(=O)CCCCCCC\C=C/C\C=C/CCCCC)OC(=O)CCCC\C=C/C\C=C/C\C=C/CCCCC","","Found Concentration in Main Study",NA,NA,"No Match"
"BMDB63555","TG(18:2(9Z,12Z)/18:3(9Z,12Z,15Z)/20:1(11Z))[iso6]","OPAZFAIACILRAX-SMAKBUGMSA-N","[H][C@@](COC(=O)CCCCCCCCC\C=C/CCCCCCCC)(COC(=O)CCCCCCC\C=C/C\C=C/CCCCC)OC(=O)CCCCCCC\C=C/C\C=C/C\C=C/CC","","Found Concentration in Main Study",NA,NA,"No Match"
"BMDB63556","TG(18:2(9Z,12Z)/18:4(6Z,9Z,12Z,15Z)/19:0)[iso6]","IWSIQFSLWTWZBM-UOBNKIAUSA-N","[H][C@@](COC(=O)CCCCCCCCCCCCCCCCCC)(COC(=O)CCCCCCC\C=C/C\C=C/CCCCC)OC(=O)CCCC\C=C/C\C=C/C\C=C/C\C=C/CC","","Found Concentration in Main Study",NA,NA,"No Match"
"BMDB63557","TG(18:2(9Z,12Z)/18:4(6Z,9Z,12Z,15Z)/20:0)[iso6]","OUDDBCROTIJNID-WZJWWGNTSA-N","[H][C@@](COC(=O)CCCCCCCCCCCCCCCCCCC)(COC(=O)CCCCCCC\C=C/C\C=C/CCCCC)OC(=O)CCCC\C=C/C\C=C/C\C=C/C\C=C/CC","","Found Concentration in Main Study",NA,NA,"No Match"
"BMDB63558","TG(18:3(6Z,9Z,12Z)/18:3(6Z,9Z,12Z)/19:0)[iso3]","SHFNNWWHRVJQLJ-VDBDLQHSSA-N","[H][C@@](COC(=O)CCCCCCCCCCCCCCCCCC)(COC(=O)CCCC\C=C/C\C=C/C\C=C/CCCCC)OC(=O)CCCC\C=C/C\C=C/C\C=C/CCCCC","","Found Concentration in Main Study",NA,NA,"No Match"
"BMDB63559","TG(18:3(6Z,9Z,12Z)/18:3(6Z,9Z,12Z)/20:0)[iso3]","WTJCHFNBXDEBKO-YYRPUYCZSA-N","[H][C@@](COC(=O)CCCCCCCCCCCCCCCCCCC)(COC(=O)CCCC\C=C/C\C=C/C\C=C/CCCCC)OC(=O)CCCC\C=C/C\C=C/C\C=C/CCCCC","","Found Concentration in Main Study",NA,NA,"No Match"
"BMDB63560","TG(18:3(6Z,9Z,12Z)/18:3(9Z,12Z,15Z)/19:0)[iso6]","NUGPJMHUHWYFBO-UEERRUJVSA-N","[H][C@@](COC(=O)CCCCCCCCCCCCCCCCCC)(COC(=O)CCCC\C=C/C\C=C/C\C=C/CCCCC)OC(=O)CCCCCCC\C=C/C\C=C/C\C=C/CC","","Found Concentration in Main Study",NA,NA,"No Match"
"BMDB63561","TG(18:3(6Z,9Z,12Z)/18:3(9Z,12Z,15Z)/20:0)[iso6]","FTCKBISNHQAXOS-RQZKWGGQSA-N","[H][C@@](COC(=O)CCCCCCCCCCCCCCCCCCC)(COC(=O)CCCC\C=C/C\C=C/C\C=C/CCCCC)OC(=O)CCCCCCC\C=C/C\C=C/C\C=C/CC","","Found Concentration in Main Study",NA,NA,"No Match"
"BMDB63562","TG(18:3(6Z,9Z,12Z)/18:4(6Z,9Z,12Z,15Z)/19:0)[iso6]","NIQMENRTBFBVFB-KLZNNFKOSA-N","[H][C@@](COC(=O)CCCCCCCCCCCCCCCCCC)(COC(=O)CCCC\C=C/C\C=C/C\C=C/CCCCC)OC(=O)CCCC\C=C/C\C=C/C\C=C/C\C=C/CC","","Found Concentration in Main Study",NA,NA,"No Match"
"BMDB63563","TG(18:3(9Z,12Z,15Z)/18:3(9Z,12Z,15Z)/19:0)[iso3]","KBAPIIQCFAUULH-XXSZJBMPSA-N","[H][C@@](COC(=O)CCCCCCCCCCCCCCCCCC)(COC(=O)CCCCCCC\C=C/C\C=C/C\C=C/CC)OC(=O)CCCCCCC\C=C/C\C=C/C\C=C/CC","","Found Concentration in Main Study",NA,NA,"No Match"
"BMDB63564","TG(18:3(9Z,12Z,15Z)/18:3(9Z,12Z,15Z)/20:0)[iso3]","JAWLPRKTMXIDRD-MMNVLISFSA-N","[H][C@@](COC(=O)CCCCCCCCCCCCCCCCCCC)(COC(=O)CCCCCCC\C=C/C\C=C/C\C=C/CC)OC(=O)CCCCCCC\C=C/C\C=C/C\C=C/CC","","Found Concentration in Main Study",NA,NA,"No Match"
"BMDB63565","TG(18:3(9Z,12Z,15Z)/18:4(6Z,9Z,12Z,15Z)/19:0)[iso6]","OOGDYJZDYDFBBH-MOFHKOJPSA-N","[H][C@@](COC(=O)CCCCCCCCCCCCCCCCCC)(COC(=O)CCCCCCC\C=C/C\C=C/C\C=C/CC)OC(=O)CCCC\C=C/C\C=C/C\C=C/C\C=C/CC","","Found Concentration in Main Study",NA,NA,"No Match"
"BMDB63566","TG(18:4(6Z,9Z,12Z,15Z)/18:4(6Z,9Z,12Z,15Z)/19:0)[iso3]","PDSFPTSIGNJEQL-HHBJAZNTSA-N","[H][C@@](COC(=O)CCCCCCCCCCCCCCCCCC)(COC(=O)CCCC\C=C/C\C=C/C\C=C/C\C=C/CC)OC(=O)CCCC\C=C/C\C=C/C\C=C/C\C=C/CC","","Found Concentration in Main Study",NA,NA,"No Match"
"BMDB63567","SM(d18:0/18:2(9Z,12Z))","LOHIJJRFCAEEGY-VVMYNMSXSA-N","CCCCCCCCCCCCCCCC(O)[C@H](COP([O-])(=O)OCC[N+](C)(C)C)NC(=O)CCCCCCC\C=C/C\C=C/CCCCC","","Found Concentration in Main Study",NA,NA,"No Match"
"BMDB63568","SM(d19:0/24:1(15Z))","LXMARZYBSFYVSY-COIKPJQISA-N","CCCCCCCCCCCCCCCCC(O)[C@H](COP([O-])(=O)OCC[N+](C)(C)C)NC(=O)CCCCCCCCCCCCC\C=C/CCCCCCCC","","Found Concentration in Main Study",NA,NA,"No Match"
"BMDB63569","SM(d18:0/24:1(15Z))","XZBDYCJQWJNNJB-JQQHYHDESA-N","CCCCCCCCCCCCCCCC(O)[C@H](COP([O-])(=O)OCC[N+](C)(C)C)NC(=O)CCCCCCCCCCCCC\C=C/CCCCCCCC","","Found Concentration in Main Study",NA,NA,"No Match"
"BMDB63570","SM(d20:0/24:1(15Z))","JWKOQODXKXAOQW-KBYGLLGRSA-N","CCCCCCCCCCCCCCCCCC(O)[C@H](COP([O-])(=O)OCC[N+](C)(C)C)NC(=O)CCCCCCCCCCCCC\C=C/CCCCCCCC","","Found Concentration in Main Study",NA,NA,"No Match"
"BMDB63571","10Z-Pentadecenoic acid","APXSAEQXOXTDAM-WAYWQWQTSA-N","CCCC\C=C/CCCCCCCCC(O)=O","5312411","No record in the main study",NA,NA,"No Match"
"BMDB63572","6E-Octadecenoic acid","CNVZJPUDSLNTQU-OUKQBFOZSA-N","CCCCCCCCCCC\C=C\CCCCC(O)=O","5282754","No record in the main study",NA,NA,"No Match"
"BMDB63573","7E-Octadecenoic acid","RVUCYJXFCAVHNC-VAWYXSNFSA-N","CCCCCCCCCC\C=C\CCCCCC(O)=O","5282756","No record in the main study",NA,NA,"No Match"
"BMDB63574","trans-8-Elaidic acid","WRIDQFICGBMAFQ-ZHACJKMWSA-N","CCCCCCCCC\C=C\CCCCCCC(O)=O","5282758","No record in the main study",NA,NA,"No Match"
"BMDB63575","9E-Octadecenoic acid","ZQPPMHVWECSIRJ-MDZDMXLPSA-N","CCCCCCCC\C=C\CCCCCCCC(O)=O","637517","No record in the main study","DMD302266;DMD302653","DMD302653","Unique Match (by names and pubchem)"
"BMDB63576","10E-Octadecenoic acid","QXJSBBXBKPUZAA-CMDGGOBGSA-N","CCCCCCC\C=C\CCCCCCCCC(O)=O","5282760","No record in the main study",NA,NA,"No Match"
"BMDB63577","trans-12-Elaidic acid","OXEDXHIBHVMDST-VOTSOKGWSA-N","CCCCC\C=C\CCCCCCCCCCC(O)=O","5282762","No record in the main study",NA,NA,"No Match"
"BMDB63578","5Z,13Z-Docosadienoic acid","ILJOFPXBYTXXCP-PWTUJKELSA-N","CCCCCCCC\C=C/CCCCC\C=C/CCCCC(O)=O","","No record in the main study",NA,NA,"No Match"
"BMDB63579","4Z,7Z,10Z,13Z,16Z,19Z-Docosahexaenoic acid","MBMBGCFOFBJSGT-KUBAVDMBSA-N","CC\C=C/C\C=C/C\C=C/C\C=C/C\C=C/C\C=C/CCC(O)=O","445580","No record in the main study","DMD302287","DMD302287","Unique Match (by names and pubchem)"
"BMDB63580","SM(d16:0/17:1(10Z))","QOSMOMBZMDUVOZ-NBIQTFKDSA-N","CCCCCCCCCCCCCC(O)[C@H](COP([O-])(=O)OCC[N+](C)(C)C)NC(=O)CCCCCCCC\C=C/CCCCCC","","Found Concentration in Main Study",NA,NA,"No Match"
"BMDB63581","SM(d16:0/18:1(11E))","WDAUKOGYPMQBKW-HSGLGRKRSA-N","CCCCCCCCCCCCCC(O)[C@H](COP([O-])(=O)OCC[N+](C)(C)C)NC(=O)CCCCCCCCC\C=C/CCCCCC","","Found Concentration in Main Study",NA,NA,"No Match"
"BMDB63582","SM(d16:0/18:2(9Z,11E))","WQYTWRYAMVCKRS-SBVGDHRDSA-N","CCCCCCCCCCCCCC(O)[C@H](COP([O-])(=O)OCC[N+](C)(C)C)NC(=O)CCCCCCC\C=C/C=C\CCCCCC","","Found Concentration in Main Study",NA,NA,"No Match"
"BMDB63583","SM(d17:0/18:1(11E))","SAJYVTZMFRSMRT-BZDMLBKISA-N","CCCCCCCCCCCCCCC(O)[C@H](COP([O-])(=O)OCC[N+](C)(C)C)NC(=O)CCCCCCCCC\C=C/CCCCCC","","Found Concentration in Main Study",NA,NA,"No Match"
"BMDB63584","SM(d16:0/20:1(11Z))","BKNKZCNLFUCVAK-KDQAINTMSA-N","CCCCCCCCCCCCCC(O)[C@H](COP([O-])(=O)OCC[N+](C)(C)C)NC(=O)CCCCCCCCC\C=C/CCCCCCCC","","Found Concentration in Main Study",NA,NA,"No Match"
"BMDB63585","SM(d18:0/18:2(9E,12E))","LOHIJJRFCAEEGY-VVMYNMSXSA-N","CCCCCCCCCCCCCCCC(O)[C@H](COP([O-])(=O)OCC[N+](C)(C)C)NC(=O)CCCCCCC\C=C/C\C=C/CCCCC","","Found Concentration in Main Study",NA,NA,"No Match"
"BMDB63586","SM(d18:0/20:1(11Z))","ACLFOVVHBPFNAN-SPTSQDNOSA-N","CCCCCCCCCCCCCCCC(O)[C@H](COP([O-])(=O)OCC[N+](C)(C)C)NC(=O)CCCCCCCCC\C=C/CCCCCCCC","","Found Concentration in Main Study",NA,NA,"No Match"
"BMDB63588","SM(d17:0/22:1(13Z))","LCZQLDVNZNVGEB-RJGKOGLASA-N","CCCCCCCCCCCCCCC(O)[C@H](COP([O-])(=O)OCC[N+](C)(C)C)NC(=O)CCCCCCCCCCC\C=C/CCCCCCCC","","Found Concentration in Main Study",NA,NA,"No Match"
"BMDB63589","SM(d20:0/20:1(13Z))","ORTROJBLSFPVKY-SOORQTKRSA-N","CCCCCCCCCCCCCCCCCC(O)[C@H](COP([O-])(=O)OCC[N+](C)(C)C)NC(=O)CCCCCCCCCCC\C=C/CCCCCC","","Found Concentration in Main Study",NA,NA,"No Match"
"BMDB63590","SM(d18:0/22:2(6Z,13Z))","UYMOGCCYOHQJRV-FZGDRLFLSA-N","CCCCCCCCCCCCCCCC(O)[C@H](COP([O-])(=O)OCC[N+](C)(C)C)NC(=O)CCCC\C=C/CCCCC\C=C/CCCCCCCC","","Found Concentration in Main Study",NA,NA,"No Match"
"BMDB63591","SM(d17:0/24:1(15Z))","JFXLTWUGQPEOST-XXPMHQFPSA-N","CCCCCCCCCCCCCCC(O)[C@H](COP([O-])(=O)OCC[N+](C)(C)C)NC(=O)CCCCCCCCCCCCC\C=C/CCCCCCCC","","Found Concentration in Main Study",NA,NA,"No Match"
"BMDB63592","SM(d19:0/22:2(6Z,13Z))","ZJBDWVUXTXBWRQ-RGYUUGGPSA-N","CCCCCCCCCCCCCCCCC(O)[C@H](COP([O-])(=O)OCC[N+](C)(C)C)NC(=O)CCCC\C=C/CCCCC\C=C/CCCCCCCC","","Found Concentration in Main Study",NA,NA,"No Match"
"BMDB63593","SM(d20:0/22:1(13Z))","DSJNRKAJUHAPSG-KPDYEXDUSA-N","CCCCCCCCCCCCCCCCCC(O)[C@H](COP([O-])(=O)OCC[N+](C)(C)C)NC(=O)CCCCCCCCCCC\C=C/CCCCCCCC","","Found Concentration in Main Study",NA,NA,"No Match"
"BMDB63594","SM(d20:0/22:2(6Z,13Z))","SOZUURQUAGHPJR-PMQUDSPUSA-N","CCCCCCCCCCCCCCCCCC(O)[C@H](COP([O-])(=O)OCC[N+](C)(C)C)NC(=O)CCCC\C=C/CCCCC\C=C/CCCCCCCC","","Found Concentration in Main Study",NA,NA,"No Match"
"BMDB63595","SM(d21:0/22:1(13Z))","KTEAUTJWGSEPJT-COIKPJQISA-N","CCCCCCCCCCCCCCCCCCC(O)[C@H](COP([O-])(=O)OCC[N+](C)(C)C)NC(=O)CCCCCCCCCCC\C=C/CCCCCCCC",NA,"Found Concentration in Main Study",NA,NA,"No Match"
"BMDB63596","SM(d22:0/22:1(13Z))","NCTRKBJQASRARJ-KBYGLLGRSA-N","CCCCCCCCCCCCCCCCCCCC(O)[C@H](COP([O-])(=O)OCC[N+](C)(C)C)NC(=O)CCCCCCCCCCC\C=C/CCCCCCCC",NA,"Found Concentration in Main Study",NA,NA,"No Match"
"BMDB63598","DG(O-16:0/20:4(8E,11E,14E,17E)/0:0)","ZOQPRIBCWWPWEH-SCBZKDMTSA-N","[H][C@@](CO)(COCCCCCCCCCCCCCCCC)OC(=O)CCCCCC\C=C/C\C=C/C\C=C/C\C=C/CC","","Found Concentration in Main Study",NA,NA,"No Match"
"BMDB63599","DG(24:0/20:3(8Z,11Z,14Z)","VOJMKRSTEQMACO-SNGWNOJZSA-N","[H][C@](CO)(COC(=O)CCCCCCCCCCCCCCCCCCCCCCC)OC(=O)CCCCCC\C=C/C\C=C/C\C=C/CCCCC","53478557","Found Concentration in Main Study",NA,NA,"No Match"
"BMDB63600","gallic acid","LNTHITQWFMADLM-UHFFFAOYSA-N","OC(=O)C1=CC(O)=C(O)C(O)=C1","370","No record in the main study",NA,NA,"No Match"
"BMDB63601","Aldrin","QBYJBZPUGVGKQQ-SJJAEHHWSA-N","[H][C@]12C[C@]([H])(C=C1)[C@]1([H])[C@@]2([H])[C@]2(Cl)C(Cl)=C(Cl)[C@@]1(Cl)C2(Cl)Cl","12310947","No record in the main study",NA,NA,"No Match"
"BMDB63602","alpha-Hexachlorocyclohexane(HCH)","JLYXXMFPNIAWKQ-LKPKBOIGSA-N","[H][C@]1(Cl)[C@@]([H])(Cl)[C@]([H])(Cl)[C@]([H])(Cl)[C@@]([H])(Cl)[C@]1([H])Cl","","No record in the main study",NA,NA,"No Match"
"BMDB63604","atrazine ","MXWJVTOOROXGIU-UHFFFAOYSA-N","CCN=C1NC(NC(Cl)=N1)=NC(C)C","2256","No record in the main study",NA,NA,"No Match"
"BMDB63605","beta-Hexachlorocyclohexane(HCH)","JLYXXMFPNIAWKQ-CDRYSYESSA-N","[H][C@]1(Cl)[C@]([H])(Cl)[C@@]([H])(Cl)[C@]([H])(Cl)[C@@]([H])(Cl)[C@]1([H])Cl","0","No record in the main study",NA,NA,"No Match"
"BMDB63606","delta-Hexachlorocyclohexane","JLYXXMFPNIAWKQ-GPIVLXJGSA-N","[H][C@]1(Cl)[C@]([H])(Cl)[C@@]([H])(Cl)[C@]([H])(Cl)[C@]([H])(Cl)[C@]1([H])Cl","","No record in the main study",NA,NA,"No Match"
"BMDB63609","gamma-Hexachlorocyclohexane(HCH)","JLYXXMFPNIAWKQ-GNIYUCBRSA-N","[H][C@]1(Cl)[C@]([H])(Cl)[C@@]([H])(Cl)[C@@]([H])(Cl)[C@]([H])(Cl)[C@@]1([H])Cl","","No record in the main study",NA,NA,"No Match"
"BMDB63610","o,p′-DDD","JWBOIMRXGHLCPP-UHFFFAOYSA-N","ClC(Cl)C(C1=CC=C(Cl)C=C1)C1=CC=CC=C1Cl","4211","No record in the main study",NA,NA,"No Match"
"BMDB63611","o,p′-DDE","ZDYJWDIWLRZXDB-UHFFFAOYSA-N","ClC(Cl)=C(C1=CC=C(Cl)C=C1)C1=CC=CC=C1Cl","246598","No record in the main study",NA,NA,"No Match"
"BMDB63612","o,p′-DDT","CVUGPAFCQJIYDT-UHFFFAOYSA-N","ClC1=CC=C(C=C1)C(C1=CC=CC=C1Cl)C(Cl)(Cl)Cl","13089","No record in the main study",NA,NA,"No Match"
"BMDB63613","Oxolinic Acid ","KYGZCKSPAKDVKC-UHFFFAOYSA-N","CCN1C=C(C(O)=O)C(=O)C2=CC3=C(OCO3)C=C12","4628","No record in the main study",NA,NA,"No Match"
"BMDB63614","p,p′-DDD","AHJKRLASYNVKDZ-UHFFFAOYSA-N","ClC(Cl)C(C1=CC=C(Cl)C=C1)C1=CC=C(Cl)C=C1","6294","No record in the main study",NA,NA,"No Match"
"BMDB63615","p,p′-DDE","UCNVFOCBFJOQAL-UHFFFAOYSA-N","ClC(Cl)=C(C1=CC=C(Cl)C=C1)C1=CC=C(Cl)C=C1","3035","No record in the main study",NA,NA,"No Match"
"BMDB63616","p,p′-DDT","YVGGHNCTFXOJCH-UHFFFAOYSA-N","ClC1=CC=C(C=C1)C(C1=CC=C(Cl)C=C1)C(Cl)(Cl)Cl","3036","No record in the main study",NA,NA,"No Match"
"BMDB63619","beta-endosulfan","RDYMFSUJUZBWLH-FYHLGZKHSA-N","[H][C@]12CO[S@](=O)OC[C@@]1([H])[C@]1(Cl)C(Cl)=C(Cl)[C@@]2(Cl)C1(Cl)Cl","","No record in the main study",NA,NA,"No Match"
"BMDB63620","alpha-endosulfan","RDYMFSUJUZBWLH-AMHWMVONSA-N","[H][C@]12COS(=O)OC[C@@]1([H])[C@@]1(Cl)C(Cl)=C(Cl)[C@@]2(Cl)C1(Cl)Cl","12309464","No record in the main study",NA,NA,"No Match"
"BMDB63621","Cer(d18:0/16:1(11Z))","CNOVLYHRDNYVLT-DRRKUCBYSA-N","CCCCCCCCCCCCCCCC(O)[C@H](CO)NC(=O)CCCCCCCCC\C=C/CCCC","","Found Concentration in Main Study",NA,NA,"No Match"
"BMDB63622","Cer(d18:0/20:1(11Z))","PULBITQLTXYVQX-VQNGLQQLSA-N","CCCCCCCCCCCCCCCC(O)[C@H](CO)NC(=O)CCCCCCCCC\C=C/CCCCCCCC","89054488","Found Concentration in Main Study",NA,NA,"No Match"
"BMDB63623","Cer(d17:0/24:1(15Z))","ILZGEVUWFUWJOI-FXBZXWIPSA-N","CCCCCCCCCCCCCCC(O)[C@H](CO)NC(=O)CCCCCCCCCCCCC\C=C/CCCCCCCC","","Found Concentration in Main Study",NA,NA,"No Match"
"BMDB63624","Cer(d20:0/22:2(6Z,13Z))","ABZIJOKCYYZWFJ-QWKKJKGWSA-N","CCCCCCCCCCCCCCCCCC(O)[C@H](CO)NC(=O)CCCC\C=C/CCCCC\C=C/CCCCCCCC","","Found Concentration in Main Study",NA,NA,"No Match"
"BMDB63625","3-Cresotinic acid","WHSXTWFYRGOBGO-UHFFFAOYSA-N","CC1=C(O)C(=CC=C1)C(O)=O","6738","No record in the main study",NA,NA,"No Match"
"BMDB63626","Glycyl-Isoleucine","KGVHCTWYMPWEGN-UHFFFAOYSA-N","CCC(C)C(N=C(O)CN)C(O)=O","259613","No record in the main study",NA,NA,"No Match"
"BMDB63627","Histidinyl-Alanine","FRJIAZKQGSCKPQ-UHFFFAOYSA-N","CC(N=C(O)C(N)CC1=CN=CN1)C(O)=O","351667","No record in the main study",NA,NA,"No Match"
"BMDB63628","Phenyl-Leucine","GUKOKXKMWGOHJJ-NSHDSACASA-N","[H][C@@](CC(C)C)(NC1=CC=CC=C1)C(O)=O","16071693","No record in the main study",NA,NA,"No Match"
"BMDB63629","Tyrosyl-Glycine","HPYDSVWYXXKHRD-UHFFFAOYSA-N","NC(CC1=CC=C(O)C=C1)C(O)=NCC(O)=O","259323","No record in the main study",NA,NA,"No Match"
"BMDB63630","PC(24:0/22:2(6Z,13Z))","QYVKBNMHUYGIRK-IHXGGWPCSA-N","[H][C@@](COC(=O)CCCCCCCCCCCCCCCCCCCCCCC)(COP([O-])(=O)OCC[N+](C)(C)C)OC(=O)CCCC\C=C/CCCCC\C=C/CCCCCCCC","","Found Concentration in Main Study",NA,NA,"No Match"
"BMDB63631","PC(O-22:0/22:5(7Z,10Z,13Z,16Z,19Z))","VNNPAAOAYXMMKU-JCWXPRBNSA-N","[H][C@@](COCCCCCCCCCCCCCCCCCCCCCC)(COP([O-])(=O)OCC[N+](C)(C)C)OC(=O)CCCCC\C=C/C\C=C/C\C=C/C\C=C/C\C=C/CC","","Found Concentration in Main Study",NA,NA,"No Match"
"BMDB63632","Cyanazine","MZZBPDKVEFVLFF-UHFFFAOYSA-N","CCN=C1NC(NC(C)(C)C#N)=NC(Cl)=N1","30773","No record in the main study",NA,NA,"No Match"
"BMDB63633","Prometryn","AAEVYOVXGOFMJO-UHFFFAOYSA-N","CSC1=NC(NC(N1)=NC(C)C)=NC(C)C","4929","No record in the main study",NA,NA,"No Match"
"BMDB63634","Simazine","ODCWYMIRDDJXKW-UHFFFAOYSA-N","CCN=C1NC(Cl)=NC(N1)=NCC","5216","No record in the main study",NA,NA,"No Match"
"BMDB63635","Terbutryn","IROINLKCQGIITA-UHFFFAOYSA-N","CCN=C1N=C(NC(C)(C)C)NC(SC)=N1","13450","No record in the main study",NA,NA,"No Match"
"BMDB63636","Penicillin G","JGSARLDLIJGVTE-MBNYWOFBSA-N","[H][C@]12SC(C)(C)[C@@H](N1C(=O)[C@H]2NC(=O)CC1=CC=CC=C1)C(O)=O","5904","No record in the main study","DMD305317","DMD305317","Unique Match (by names and pubchem)"
"BMDB63637","Amoxicillin","LSQZJLSUYDQPKJ-NJBDSQKTSA-N","[H][C@]12SC(C)(C)[C@@H](N1C(=O)[C@H]2NC(=O)[C@H](N)C1=CC=C(O)C=C1)C(O)=O","33613","No record in the main study",NA,NA,"No Match"
"BMDB63638","Lincomycin","OJMMVQQUTAEWLP-ISVUEQNNSA-N","[H][C@@]1(O[C@]([H])([C@H](NC(=O)C2C[C@@H](CCC)CN2C)[C@@H](C)O)[C@H](O)[C@H](O)[C@H]1O)SC","656509","No record in the main study",NA,NA,"No Match"
"BMDB63639","Tylosin","WBPYTXDJUQJLPQ-LLMNDNAOSA-N","CCC1OC(=O)CC(O)C(C)C(OC2OC(C)C(OC3CC(C)(O)C(O)C(C)O3)C(C2O)N(C)C)C(CC=O)CC(C)C(=O)\C=C\C(\C)=C\C1COC1OC(C)C(O)C(OC)C1OC","6260974","No record in the main study",NA,NA,"No Match"
"BMDB63640","Tetracycline","OFVLGDICTFRJMM-WESIUVDSSA-N","[H][C@@]12C[C@@]3([H])C(=C(O)[C@]1(O)C(=O)C(C(N)=O)=C(O)[C@H]2N(C)C)C(=O)C1=C(O)C=CC=C1[C@@]3(C)O","","No record in the main study",NA,NA,"No Match"
