"","accessions","names","inchikeys","smiles","pubchem_cids","concentrations_ind","DMD_ID_Direct_Name_Match","",""
"1","BMDB00001","1-Methylhistidine","BRMWTNUJHUMWMS-LURJTMIESA-N","CN1C=NC(C[C@H](N)C(O)=O)=C1","92105","FALSE","DMD305447","DMD305447","Unique Match (by names only)"
"2","BMDB00008","2-Hydroxybutyric acid","AFENDNXGAFYKQO-UHFFFAOYSA-N","CCC(O)C(O)=O","11266","FALSE",NA,NA,"No Match"
"3","BMDB00014","Deoxycytidine","CKTSBUTUHBMZGZ-SHYZEUOFSA-N","NC1=NC(=O)N(C=C1)[C@H]1C[C@H](O)[C@@H](CO)O1","13711","FALSE","DMD305463","DMD305463","Unique Match (by names only)"
"4","BMDB00020","p-Hydroxyphenylacetic acid","XQXPVVBIMDBYFF-UHFFFAOYSA-N","OC(=O)CC1=CC=C(O)C=C1","127","FALSE",NA,NA,"No Match"
"5","BMDB00030","Biotin","YBJHBAHKTGYVGT-ZKWXMUAHSA-N","[H][C@]12CS[C@@H](CCCCC(O)=O)[C@@]1([H])NC(=O)N2","171548","TRUE",NA,NA,"No Match"
"6","BMDB00033","Carnosine","CQOVPNPJLQNMDC-ZETCQYMHSA-N","NCCC(=O)N[C@@H](CC1=CN=CN1)C(O)=O","439224","TRUE",NA,NA,"No Match"
"7","BMDB00034","Adenine","GFFGJBXGBJISGV-UHFFFAOYSA-N","NC1=C2NC=NC2=NC=N1","190","FALSE","DMD305487","DMD305487","Unique Match (by names and pubchem)"
"8","BMDB00037","Aldosterone","PQSUYGKTWSAVDQ-SRPWZAMTSA-N","C[C@]12CCC(=O)C=C1CCC1C3CC[C@H](C(=O)CO)[C@]3(C[C@H](O)C21)C=O","24758425","FALSE",NA,NA,"No Match"
"9","BMDB00039","Butyric acid","FERIUCNNQQJTOY-UHFFFAOYSA-N","CCCC(O)=O","264","TRUE","DMD302672","DMD302672","Unique Match (by names and pubchem)"
"10","BMDB00042","Acetic acid","QTBSBXVTEAMEQO-UHFFFAOYSA-N","CC(O)=O","176","TRUE","DMD302667","DMD302667","Unique Match (by names and pubchem)"
"11","BMDB00043","Betaine","KWIUHFFTVRNATP-UHFFFAOYSA-N","C[N+](C)(C)CC([O-])=O","247","TRUE","DMD302162;DMD302671;DMD305494","DMD302162;DMD302671;DMD305494","Multiple Match (by names and pubchem)"
"12","BMDB00044","Ascorbic acid","TYQCGQRIZGCHNB-MVHIGOERSA-N","[H][C@@](O)(CO)[C@]1([H])OC(O)=C(O)C1=O","","TRUE",NA,NA,"No Match"
"13","BMDB00045","Adenosine monophosphate","UDMBCSSLTHHNCD-KQYNXXCUSA-N","NC1=C2N=CN([C@@H]3O[C@H](COP(O)(O)=O)[C@@H](O)[C@H]3O)C2=NC=N1","6083","TRUE",NA,NA,"No Match"
"14","BMDB00050","Adenosine","OIRDTQYFTABQOQ-KQYNXXCUSA-N","NC1=C2N=CN([C@@H]3O[C@H](CO)[C@@H](O)[C@H]3O)C2=NC=N1","60961","TRUE","DMD305152","DMD305152","Unique Match (by names only)"
"15","BMDB00053","Androstenedione","AEMFNILZOJDQLW-QAGGRKNESA-N","[H][C@@]12CCC(=O)[C@@]1(C)CC[C@@]1([H])[C@@]2([H])CCC2=CC(=O)CC[C@]12C","6128","TRUE",NA,NA,"No Match"
"16","BMDB00058","Cyclic AMP","IVOMOUWHDPKRLL-KQYNXXCUSA-N","NC1=NC=NC2=C1N=CN2[C@@H]1O[C@@H]2COP(O)(=O)O[C@H]2[C@H]1O","6076","FALSE",NA,NA,"No Match"
"17","BMDB00060","Acetoacetic acid","WDJHALXBUFZDSR-UHFFFAOYSA-N","CC(=O)CC(O)=O","96","TRUE",NA,NA,"No Match"
"18","BMDB00062","L-Carnitine","PHIQHXFUZVPYII-LURJTMIESA-N","[H][C@](O)(CC([O-])=O)C[N+](C)(C)C","2724480","TRUE",NA,NA,"No Match"
"19","BMDB00064","Creatine","CVSVTCORWBXHQV-UHFFFAOYSA-N","CN(CC(O)=O)C(N)=N","586","TRUE","DMD302152;DMD302676","DMD302152;DMD302676","Multiple Match (by names and pubchem)"
"20","BMDB00067","Cholesterol","HVYWMOMLDIMFJA-FNOPAARDSA-N","[H][C@@]12CC[C@H]([C@H](C)CCCC(C)C)[C@@]1(C)CC[C@@]1([H])[C@@]2([H])CC=C2CC(O)CC[C@]12C","11025495","TRUE","DMD306416","DMD306416","Unique Match (by names only)"
"21","BMDB00070","Pipecolic acid","HXEACLLIILLPRG-UHFFFAOYSA-N","OC(=O)C1CCCCN1","849","FALSE",NA,NA,"No Match"
"22","BMDB00072","cis-Aconitic acid","GTZCVFVGUGFEME-IWQZZHSRSA-N","OC(=O)C\C(=C\C(O)=O)C(O)=O","643757","TRUE","DMD302172;DMD302608","DMD302608","Unique Match (by names and pubchem)"
"23","BMDB00073","Dopamine","VYFYYTLLBUKUHU-UHFFFAOYSA-N","NCCC1=CC(O)=C(O)C=C1","681","FALSE",NA,NA,"No Match"
"24","BMDB00076","Dihydrouracil","OIVLITBTBDPEFK-UHFFFAOYSA-N","O=C1CCNC(=O)N1","649","FALSE",NA,NA,"No Match"
"25","BMDB00077","Dehydroepiandrosterone","FMGSKLZLMKYGDP-INNQQZFDSA-N","C[C@]12CCC3C(CC=C4C[C@@H](O)CC[C@]34C)C1CCC2=O","5881","TRUE","DMD302287","DMD302287","Unique Match (by names only)"
"26","BMDB00079","Dihydrothymine","NBAKTGXDIBVZOO-UHFFFAOYSA-N","CC1CNC(=O)NC1=O","93556","FALSE",NA,NA,"No Match"
"27","BMDB00086","Glycerophosphocholine","SUHOQUVVVLNYQR-QMMMGPOBSA-N","C[N+](C)(C)CCOP([O-])(=O)OC[C@@H](O)CO","71920","TRUE","DMD302714;DMD305518","DMD302714;DMD305518","Multiple Match (by names only)"
"28","BMDB00087","Dimethylamine","ROSDSFDQCJNGOL-UHFFFAOYSA-N","CNC","674","TRUE","DMD302681","DMD302681","Unique Match (by names and pubchem)"
"29","BMDB00089","Cytidine","UHDGCWIWMRVCDJ-XVFCMESISA-N","NC1=NC(=O)N(C=C1)[C@@H]1O[C@H](CO)[C@@H](O)[C@H]1O","6175","TRUE","DMD302147","DMD302147","Unique Match (by names and pubchem)"
"30","BMDB00092","Dimethylglycine","FFDGPVCHZBVARC-UHFFFAOYSA-N","CN(C)CC(O)=O","673","FALSE",NA,NA,"No Match"
"31","BMDB00094","Citric acid","KRKNYBCHXYNGOX-UHFFFAOYSA-N","OC(=O)CC(O)(CC(O)=O)C(O)=O","311","TRUE","DMD302599","DMD302599","Unique Match (by names and pubchem)"
"32","BMDB00095","Cytidine monophosphate","IERHLVCPSMICTF-XVFCMESISA-N","NC1=NC(=O)N(C=C1)[C@@H]1O[C@H](COP(O)(O)=O)[C@@H](O)[C@H]1O","6131","TRUE",NA,NA,"No Match"
"33","BMDB00097","Choline","OEYIOHPDSNJKLS-UHFFFAOYSA-N","C[N+](C)(C)CCO","305","TRUE","DMD302674","DMD302674","Unique Match (by names and pubchem)"
"34","BMDB00099","L-Cystathionine","ILRYLPWNYFXEMH-WHFBIAKZSA-N","N[C@@H](CCSC[C@H](N)C(O)=O)C(O)=O","439258","FALSE",NA,NA,"No Match"
"35","BMDB00101","Deoxyadenosine","OLXZPDWKRNYJJZ-RRKCRQDMSA-N","NC1=NC=NC2=C1N=CN2[C@H]1C[C@H](O)[C@@H](CO)O1","13730","FALSE",NA,NA,"No Match"
"36","BMDB00107","Galactitol","FBPFZTCFMRRESA-GUCUJZIJSA-N","OC[C@H](O)[C@@H](O)[C@@H](O)[C@H](O)CO","11850","FALSE","DMD305198","DMD305198","Unique Match (by names only)"
"37","BMDB00108","Ethanol","LFQSCWFLJHTTHZ-UHFFFAOYSA-N","CCO","702","TRUE","DMD302682","DMD302682","Unique Match (by names and pubchem)"
"38","BMDB00112","Gamma-Aminobutyric acid","BTCSSZJGUNDROE-UHFFFAOYSA-N","NCCCC(O)=O","119","FALSE","DMD305514","DMD302587","Unique Match (by pubchem only)"
"39","BMDB00118","Homovanillic acid","QRMZSPFSDQBLIX-UHFFFAOYSA-N","COC1=CC(CC(O)=O)=CC=C1O","1738","FALSE",NA,"DMD302122","Unique Match (by pubchem only)"
"40","BMDB00121","Folic acid","OVBPIULPVIDEAO-LBPRGKRZSA-N","NC1=NC(=O)C2=NC(CNC3=CC=C(C=C3)C(=O)N[C@@H](CCC(O)=O)C(O)=O)=CN=C2N1","6037","TRUE",NA,NA,"No Match"
"41","BMDB00122","D-Glucose","WQZGKKKJIJFFOK-GASJEMHNSA-N","OC[C@H]1OC(O)[C@H](O)[C@@H](O)[C@@H]1O","5793","TRUE","DMD302133;DMD302585;DMD302688;DMD305220","DMD302688","Unique Match (by names and pubchem)"
"42","BMDB00123","Glycine","DHMQDGOQFOQNFH-UHFFFAOYSA-N","NCC(O)=O","750","TRUE","DMD302575;DMD305519","DMD302575","Unique Match (by names and pubchem)"
"43","BMDB00124","Fructose 6-phosphate","GSXOAOHZAIYLCY-HSUXUTPPSA-N","OCC(=O)[C@@H](O)[C@H](O)[C@H](O)COP(O)(O)=O","69507","FALSE","DMD302592","DMD302592","Unique Match (by names only)"
"44","BMDB00126","Glycerol 3-phosphate","AWUCVROLDVIAJX-GSVOUGTGSA-N","OC[C@@H](O)COP(O)(O)=O","439162","TRUE","DMD302576","DMD302576","Unique Match (by names only)"
"45","BMDB00127","D-Glucuronic acid","AEMOLEFTQBMNLQ-WAXACMCWSA-N","O[C@H]1O[C@@H]([C@@H](O)[C@H](O)[C@H]1O)C(O)=O","444791","FALSE",NA,NA,"No Match"
"46","BMDB00130","Homogentisic acid","IGMNYECMUMZDDF-UHFFFAOYSA-N","OC(=O)CC1=C(O)C=CC(O)=C1","780","FALSE",NA,NA,"No Match"
"47","BMDB00131","Glycerol","PEDCQBHIVMGVHV-UHFFFAOYSA-N","OCC(O)CO","753","FALSE","DMD302577","DMD302577","Unique Match (by names and pubchem)"
"48","BMDB00132","Guanine","UYTPUPDQBNUYGX-UHFFFAOYSA-N","NC1=NC(=O)C2=C(N1)N=CN2","764","TRUE","DMD305520","DMD305520","Unique Match (by names only)"
"49","BMDB00133","Guanosine","NYHBQMYGNKIUIF-UUOKFMHZSA-N","NC1=NC2=C(N=CN2[C@@H]2O[C@H](CO)[C@@H](O)[C@H]2O)C(=O)N1","6802","TRUE","DMD305521","DMD305521","Unique Match (by names only)"
"50","BMDB00134","Fumaric acid","VZCYOOQTPOCHFL-OWOJBTEDSA-N","OC(=O)\C=C\C(O)=O","444972","TRUE","DMD302590;DMD302686","DMD302590;DMD302686","Multiple Match (by names and pubchem)"
"51","BMDB00138","Glycocholic acid","RFDAIACWWDREDC-MZMBZMQMSA-N","[H][C@@]12CC[C@H]([C@H](C)CCC(=O)NCC(O)=O)[C@@]1(C)[C@@H](O)C[C@@]1([H])[C@@]2([H])[C@H](O)CC2C[C@H](O)CC[C@]12C","23617285","FALSE",NA,NA,"No Match"
"52","BMDB00139","Glyceric acid","RBNPOMFGQQGHHO-UWTATZPHSA-N","OC[C@@H](O)C(O)=O","439194","FALSE","DMD302124;DMD302578","DMD302124","Unique Match (by names and pubchem)"
"53","BMDB00142","Formic acid","BDAGIHXWWSANSR-UHFFFAOYSA-N","OC=O","284","TRUE","DMD302684","DMD302684","Unique Match (by names and pubchem)"
"54","BMDB00143","D-Galactose","WQZGKKKJIJFFOK-PHYPRBDBSA-N","OC[C@H]1O[C@H](O)[C@H](O)[C@@H](O)[C@H]1O","439357","TRUE","DMD302588;DMD302687;DMD302688;DMD305220","DMD302588","Unique Match (by names and pubchem)"
"55","BMDB00145","Estrone","DNXHEGUUPJUMQT-CBZIJGRNSA-N","[H][C@@]12CCC(=O)[C@@]1(C)CC[C@]1([H])C3=C(CC[C@@]21[H])C=C(O)C=C3","5870","TRUE",NA,NA,"No Match"
"56","BMDB00148","L-Glutamic acid","WHUUTDBJXJRKMK-VKHMYHEASA-N","N[C@@H](CCC(O)=O)C(O)=O","33032","TRUE","DMD302581;DMD302690","DMD302581;DMD302690","Multiple Match (by names and pubchem)"
"57","BMDB00149","Ethanolamine","HZAXFHJVJLSVMW-UHFFFAOYSA-N","NCCO","700","TRUE","DMD302594","DMD302594","Unique Match (by names and pubchem)"
"58","BMDB00151","Estradiol","VOXZDWNPVJITMN-ZBRFXRBCSA-N","[H][C@@]12CC[C@H](O)[C@@]1(C)CC[C@]1([H])C3=C(CC[C@@]21[H])C=C(O)C=C3","5757","TRUE",NA,NA,"No Match"
"59","BMDB00153","Estriol","PROQIPRRNZUXQM-ZXXIGWHRSA-N","[H][C@@]12C[C@@H](O)[C@H](O)[C@@]1(C)CC[C@]1([H])C3=C(CC[C@@]21[H])C=C(O)C=C3","5756","TRUE",NA,NA,"No Match"
"60","BMDB00156","L-Malic acid","BJEPYKJPYRNKOW-REOHCLBHSA-N","O[C@@H](CC(O)=O)C(O)=O","222656","FALSE","DMD302561","DMD302561","Unique Match (by names only)"
"61","BMDB00157","Hypoxanthine","FDGQSTZJBFJUBT-UHFFFAOYSA-N","OC1=NC=NC2=C1NC=N2","790","TRUE","DMD302121;DMD305526","DMD302121","Unique Match (by names and pubchem)"
"62","BMDB00158","L-Tyrosine","OUYCCCASQSFEME-QMMMGPOBSA-N","N[C@@H](CC1=CC=C(O)C=C1)C(O)=O","6057","TRUE","DMD302041;DMD302531;DMD302709;DMD305440","DMD302041;DMD302531;DMD302709","Multiple Match (by names and pubchem)"
"63","BMDB00159","L-Phenylalanine","COLNVLDHVKWLRT-QMMMGPOBSA-N","N[C@@H](CC1=CC=CC=C1)C(O)=O","6140","TRUE","DMD302071;DMD305320","DMD302071","Unique Match (by names and pubchem)"
"64","BMDB00161","L-Alanine","QNAYBMKLOCPYGJ-REOHCLBHSA-N","C[C@H](N)C(O)=O","5950","TRUE","DMD302171;DMD302607;DMD305489","DMD302171;DMD302607","Multiple Match (by names and pubchem)"
"65","BMDB00162","L-Proline","ONIBWKKTOPOVIA-BYPYZUCNSA-N","OC(=O)[C@@H]1CCCN1","145742","TRUE","DMD302064;DMD302545;DMD305577","DMD302064;DMD302545","Multiple Match (by names and pubchem)"
"66","BMDB00163","D-Maltose","GUBGYTABKSRVRQ-DKBJLJRDSA-N","OC[C@H]1O[C@H](O[C@H]2[C@H](O)[C@H](O)[C@@H](O)O[C@@H]2CO)[C@H](O)[C@@H](O)[C@@H]1O","10991489","TRUE","DMD302109;DMD302521;DMD305531","DMD302109;DMD302521;DMD305531","Multiple Match (by names only)"
"67","BMDB00164","Methylamine","BAVYZALUXZFZLV-UHFFFAOYSA-N","CN","6329","FALSE",NA,NA,"No Match"
"68","BMDB00167","L-Threonine","AYFVYJQAPQTCCC-GBXIJSLDSA-N","C[C@@H](O)[C@H](N)C(O)=O","6288","TRUE","DMD302533;DMD302707","DMD302533;DMD302707","Multiple Match (by names and pubchem)"
"69","BMDB00168","L-Asparagine","DCXYFEDJOCDNAF-REOHCLBHSA-N","N[C@@H](CC(N)=O)C(O)=O","6267","TRUE",NA,NA,"No Match"
"70","BMDB00169","D-Mannose","WQZGKKKJIJFFOK-QTVWNMPRSA-N","OC[C@H]1OC(O)[C@@H](O)[C@@H](O)[C@@H]1O","18950","FALSE","DMD302558","DMD302558","Unique Match (by names and pubchem)"
"71","BMDB00172","L-Isoleucine","AGPKZVBTJJNPAG-WHFBIAKZSA-N","CC[C@H](C)[C@H](N)C(O)=O","6306","TRUE","DMD302116;DMD302571;DMD302692;DMD305227;DMD305530","DMD302116;DMD302571;DMD302692","Multiple Match (by names and pubchem)"
"72","BMDB00174","L-Fucose","SHZGCJCMOBCMKK-DHVFOXMCSA-N","C[C@@H]1OC(O)[C@@H](O)[C@H](O)[C@@H]1O","17106","TRUE",NA,"DMD302685","Unique Match (by pubchem only)"
"73","BMDB00175","Inosinic acid","GRSZFWQUAKGDAV-KQYNXXCUSA-N","O[C@@H]1[C@@H](COP(O)(O)=O)O[C@H]([C@@H]1O)N1C=NC2=C1N=CNC2=O","8582","FALSE",NA,NA,"No Match"
"74","BMDB00177","L-Histidine","HNDVDQJCIGZPNO-YFKPBYRVSA-N","N[C@@H](CC1=CN=CN1)C(O)=O","6274","TRUE","DMD302123;DMD305525","DMD302123","Unique Match (by names and pubchem)"
"75","BMDB00182","L-Lysine","KDXKERNSBIXSRK-YFKPBYRVSA-N","NCCCC[C@H](N)C(O)=O","5962","TRUE","DMD302111;DMD302565","DMD302111;DMD302565","Multiple Match (by names and pubchem)"
"76","BMDB00186","Alpha-Lactose","GUBGYTABKSRVRQ-XLOQQCSPSA-N","OC[C@H]1O[C@@H](O[C@H]2[C@H](O)[C@@H](O)[C@@H](O)O[C@@H]2CO)[C@H](O)[C@@H](O)[C@H]1O","84571","TRUE","DMD302114;DMD302694","DMD302694","Unique Match (by names and pubchem)"
"77","BMDB00187","L-Serine","MTCFGRXMJLQNBG-REOHCLBHSA-N","N[C@@H](CO)C(O)=O","5951","TRUE","DMD302537","DMD302537","Unique Match (by names and pubchem)"
"78","BMDB00190","L-Lactic acid","JVTAAEKCZFNVCJ-REOHCLBHSA-N","C[C@H](O)C(O)=O","107689","TRUE","DMD302568;DMD302693","DMD302693","Unique Match (by names and pubchem)"
"79","BMDB00191","L-Aspartic acid","CKLJMWTZIZZHCS-REOHCLBHSA-N","N[C@@H](CC(O)=O)C(O)=O","5960","TRUE","DMD302603;DMD302670","DMD302603","Unique Match (by names and pubchem)"
"80","BMDB00192","L-Cystine","LEVWYRKDKASIDU-IMJSIDKUSA-N","N[C@@H](CSSC[C@H](N)C(O)=O)C(O)=O","67678","TRUE",NA,NA,"No Match"
"81","BMDB00193","Isocitric acid","ODBLHEXUDAPZAU-UHFFFAOYSA-N","OC(C(CC(O)=O)C(O)=O)C(O)=O","1198","TRUE",NA,NA,"No Match"
"82","BMDB00195","Inosine","UGQMRVRMYYASKQ-KQYNXXCUSA-N","OC[C@H]1O[C@H]([C@H](O)[C@@H]1O)N1C=NC2=C1NC=NC2=O","6021","TRUE","DMD302117;DMD305529","DMD302117","Unique Match (by names and pubchem)"
"83","BMDB00201","L-Acetylcarnitine","RDHQFKQIGNGIED-UHFFFAOYSA-N","CC(=O)OC(CC([O-])=O)C[N+](C)(C)C","1","TRUE","DMD302173","DMD302173","Unique Match (by names only)"
"84","BMDB00202","Methylmalonic acid","ZIYVHBGGAOATLY-UHFFFAOYSA-N","CC(C(O)=O)C(O)=O","487","FALSE",NA,NA,"No Match"
"85","BMDB00206","N6-Acetyl-L-lysine","DTERQYGMUDWYAZ-ZETCQYMHSA-N","CC(=O)NCCCC[C@H](N)C(O)=O","92832","FALSE",NA,NA,"No Match"
"86","BMDB00207","Oleic acid","ZQPPMHVWECSIRJ-KTKRTIGZSA-N","CCCCCCCC\C=C/CCCCCCCC(O)=O","445639","TRUE","DMD302266;DMD302653","DMD302266;DMD302653","Multiple Match (by names and pubchem)"
"87","BMDB00208","Oxoglutaric acid","KPGXRSRHYNQIFN-UHFFFAOYSA-N","OC(=O)CCC(=O)C(O)=O","51","TRUE","DMD302605","DMD302605","Unique Match (by names and pubchem)"
"88","BMDB00209","Phenylacetic acid","WLJVXDMOQOGPHL-UHFFFAOYSA-N","OC(=O)CC1=CC=CC=C1","999","FALSE",NA,NA,"No Match"
"89","BMDB00210","Pantothenic acid","GHOKWGTUZJEAQD-UHFFFAOYSA-N","CC(C)(CO)C(O)C(=O)NCCC(O)=O","988","TRUE","DMD302079;DMD302080","DMD302080","Unique Match (by names and pubchem)"
"90","BMDB00211","Myoinositol","CDAISMWEOUEBRE-GPIVLXJGSA-N","O[C@H]1[C@H](O)[C@@H](O)[C@H](O)[C@H](O)[C@@H]1O","","FALSE","DMD302557","DMD302557","Unique Match (by names only)"
"91","BMDB00212","N-Acetylgalactosamine","OVRNDRQMDRJTHS-CBQIKETKSA-N","CC(=O)N[C@H]1[C@@H](O)O[C@H](CO)[C@H](O)[C@@H]1O","84265","FALSE","DMD302099;DMD302556","DMD302099;DMD302556","Multiple Match (by names only)"
"92","BMDB00213","Myo-inositol 1-phosphate","INAPMGSXUVUWAF-PTQMNWPWSA-N","O[C@H]1[C@H](O)[C@H](O)[C@H](OP(O)(O)=O)[C@@H](O)[C@@H]1O","","FALSE",NA,NA,"No Match"
"93","BMDB00214","Ornithine","AHLPHDHHMVZTML-BYPYZUCNSA-N","NCCC[C@H](N)C(O)=O","6262","TRUE",NA,NA,"No Match"
"94","BMDB00215","N-Acetyl-D-glucosamine","OVRNDRQMDRJTHS-DMHSOCPYSA-N","[H]OC([H])([H])[C@]1([H])O[C@@]([H])(O[H])[C@@]([H])(N([H])C(=O)C([H])([H])[H])[C@]([H])(O[H])[C@@]1([H])O[H]","11861101","TRUE","DMD302099;DMD305552","DMD302099;DMD305552","Multiple Match (by names only)"
"95","BMDB00216","Norepinephrine","SFLSHLFXELFNJZ-QMMMGPOBSA-N","NC[C@H](O)C1=CC(O)=C(O)C=C1","439260","FALSE",NA,NA,"No Match"
"96","BMDB00220","Palmitic acid","IPCSVZSSVZVIGE-UHFFFAOYSA-N","CCCCCCCCCCCCCCCC(O)=O","985","TRUE","DMD302649","DMD302649","Unique Match (by names and pubchem)"
"97","BMDB00223","Oxalacetic acid","KHPXUQMNIQBQEV-UHFFFAOYSA-N","OC(=O)CC(=O)C(O)=O","970","TRUE",NA,"DMD302081","Unique Match (by pubchem only)"
"98","BMDB00224","O-Phosphoethanolamine","SUHOOTKUPISOBE-UHFFFAOYSA-N","NCCOP(O)(O)=O","1015","FALSE","DMD302547","DMD302547","Unique Match (by names and pubchem)"
"99","BMDB00226","Orotic acid","PXQPEWDEAKTCGB-UHFFFAOYSA-N","OC(=O)C1=CC(=O)NC(=O)N1","967","TRUE","DMD302551","DMD302551","Unique Match (by names and pubchem)"
"100","BMDB00227","Mevalonic acid","KJTLQQUUPVSXIM-UHFFFAOYSA-N","CC(O)(CCO)CC(O)=O","449","FALSE",NA,NA,"No Match"
"101","BMDB00230","N-Acetylneuraminic acid","SQVRNKJHWKZAKO-PFQGKNLYSA-N","CC(=O)N[C@@H]1[C@@H](O)C[C@](O)(O[C@H]1[C@H](O)[C@H](O)CO)C(O)=O","445063","TRUE","DMD302097;DMD305250","DMD302097;DMD305250","Multiple Match (by names only)"
"102","BMDB00234","Testosterone","MUMGGOZAMZWBJJ-DYKIIFRCSA-N","[H][C@@]12CC[C@H](O)[C@@]1(C)CC[C@@]1([H])[C@@]2([H])CCC2=CC(=O)CC[C@]12C","6013","TRUE",NA,NA,"No Match"
"103","BMDB00235","Thiamine","JZRWCGZRTZMZEH-UHFFFAOYSA-N","CC1=C(CCO)SC=[N+]1CC1=CN=C(C)N=C1N","1130","TRUE","DMD302049","DMD302049","Unique Match (by names and pubchem)"
"104","BMDB00237","Propionic acid","XBDQKXXYIPTUBI-UHFFFAOYSA-N","CCC(O)=O","1032","TRUE","DMD302101","DMD302062","Unique Match (by pubchem only)"
"105","BMDB00239","Pyridoxine","LXNHXLLTXMVWPM-UHFFFAOYSA-N","CC1=C(O)C(CO)=C(CO)C=N1","1054","TRUE","DMD305443","DMD305443","Unique Match (by names only)"
"106","BMDB00243","Pyruvic acid","LCTONWCANYUPML-UHFFFAOYSA-N","CC(=O)C(O)=O","1060","TRUE","DMD302056","DMD302056","Unique Match (by names and pubchem)"
"107","BMDB00244","Riboflavin","AUNGANRZJHBGPY-SCRDCRAPSA-N","CC1=C(C)C=C2N(C[C@H](O)[C@H](O)[C@H](O)CO)C3=NC(=O)NC(=O)C3=NC2=C1","493570","TRUE","DMD305582","DMD305582","Unique Match (by names and pubchem)"
"108","BMDB00246","Tetrahydrofuran","WYURNTSHIVDZCO-UHFFFAOYSA-N","C1CCOC1","8028","FALSE",NA,NA,"No Match"
"109","BMDB00251","Taurine","XOAAWQZATWQOTB-UHFFFAOYSA-N","NCCS(O)(=O)=O","1123","TRUE","DMD302052;DMD305371","DMD302052","Unique Match (by names and pubchem)"
"110","BMDB00252","Sphingosine","WWUZIQQURGPMPG-CCEZHUSRSA-N","CCCCCCCCCCCCC\C=C\C(O)C(N)CO","5353955","FALSE",NA,NA,"No Match"
"111","BMDB00254","Succinic acid","KDYFGRWQOYBRFD-UHFFFAOYSA-N","OC(=O)CCC(O)=O","1110","TRUE","DMD302535","DMD302535","Unique Match (by names and pubchem)"
"112","BMDB00258","Sucrose","CZMRCDWAGMRECN-UGDNZRGBSA-N","OC[C@H]1O[C@@](CO)(O[C@H]2O[C@H](CO)[C@@H](O)[C@H](O)[C@H]2O)[C@@H](O)[C@@H]1O","5988","TRUE","DMD305127","DMD305127","Unique Match (by names and pubchem)"
"113","BMDB00262","Thymine","RWQNBRDOKXIBIV-UHFFFAOYSA-N","CC1=CNC(=O)NC1=O","1135","FALSE",NA,NA,"No Match"
"114","BMDB00263","Phosphoenolpyruvic acid","DTBNBXWJWCWCIK-UHFFFAOYSA-N","OC(=O)C(=C)OP(O)(O)=O","1005","FALSE","DMD305123","DMD302070","Unique Match (by pubchem only)"
"115","BMDB00265","Liothyronine","AUYYCJSJGJYCDS-LBPRGKRZSA-N","N[C@@H](CC1=CC(I)=C(OC2=CC(I)=C(O)C=C2)C(I)=C1)C(O)=O","5920","TRUE",NA,NA,"No Match"
"116","BMDB00267","Pyroglutamic acid","ODHCTXKNWHHXJC-VKHMYHEASA-N","OC(=O)[C@@H]1CCC(=O)N1","7405","FALSE","DMD302057","DMD302057","Unique Match (by names and pubchem)"
"117","BMDB00271","Sarcosine","FSYKKLYZXJSNPZ-UHFFFAOYSA-N","CNCC(O)=O","1088","FALSE",NA,NA,"No Match"
"118","BMDB00273","Thymidine","IQFYYKKMVGJFEH-XLPZGREQSA-N","CC1=CN([C@H]2C[C@H](O)[C@@H](CO)O2)C(=O)NC1=O","5789","FALSE","DMD302048","DMD302048","Unique Match (by names and pubchem)"
"119","BMDB00283","D-Ribose","HMFHBZSHGGEWLO-SOOFDHNKSA-N","OC[C@H]1OC(O)[C@H](O)[C@@H]1O","5779","FALSE","DMD302076;DMD302541","DMD302541","Unique Match (by names and pubchem)"
"120","BMDB00288","Uridine 5'-monophosphate","DJJCXFVJDGTHFX-XVFCMESISA-N","O[C@H]1[C@@H](O)[C@@H](O[C@@H]1COP(O)(O)=O)N1C=CC(=O)NC1=O","6030","TRUE",NA,NA,"No Match"
"121","BMDB00289","Uric acid","LEHOTFFKMJEONL-UHFFFAOYSA-N","O=C1NC2=C(N1)C(=O)NC(=O)N2","1175","TRUE","DMD302527","DMD302527","Unique Match (by names and pubchem)"
"122","BMDB00292","Xanthine","LRFVTYWOQMYALW-UHFFFAOYSA-N","O=C1NC2=C(NC=N2)C(=O)N1","1188","TRUE","DMD305603","DMD305603","Unique Match (by names and pubchem)"
"123","BMDB00294","Urea","XSQUKJJJFZCRTK-UHFFFAOYSA-N","NC(N)=O","1176","TRUE","DMD302528","DMD302528","Unique Match (by names and pubchem)"
"124","BMDB00296","Uridine","DRTQHJPVMGBUCF-XVFCMESISA-N","OC[C@H]1O[C@H]([C@H](O)[C@@H]1O)N1C=CC(=O)NC1=O","6029","TRUE","DMD302040;DMD305442","DMD302040","Unique Match (by names and pubchem)"
"125","BMDB00300","Uracil","ISAKRJDGNUQOIC-UHFFFAOYSA-N","O=C1NC=CC(=O)N1","1174","FALSE","DMD305597","DMD305597","Unique Match (by names and pubchem)"
"126","BMDB00305","Vitamin A","FPIPGXGPPPQFEQ-OVSJKPMPSA-N","C\C(=C/CO)\C=C\C=C(/C)\C=C\C1=C(C)CCCC1(C)C","445354","TRUE",NA,NA,"No Match"
"127","BMDB00306","Tyramine","DZGWFCGJZKJUFP-UHFFFAOYSA-N","NCCC1=CC=C(O)C=C1","5610","FALSE","DMD305595","DMD305595","Unique Match (by names and pubchem)"
"128","BMDB00307","1b-Hydroxycholic acid","UYVVLXVBEQAATF-WAIVXGPNSA-N","[H][C@@]12CC[C@H]([C@H](C)CCC(O)=O)[C@@]1(C)[C@@H](O)C[C@@]1([H])[C@@]2([H])[C@H](O)C[C@]2([H])C[C@H](O)C[C@@H](O)[C@]12C","5283893","FALSE",NA,NA,"No Match"
"129","BMDB00316","2b,3a,7a,12a-Tetrahydroxy-5b-cholanoic acid","IMMADCCLTPCOKH-DLPNMVJGSA-N","[H][C@@]12C[C@H](O)[C@@H](O)C[C@]1(C)C1C[C@H](O)[C@]3(C)C(CCC3C1[C@H](O)C2)[C@@H](C)CCC(O)=O","53477680","FALSE",NA,NA,"No Match"
"130","BMDB00341","2-Octenedioic acid","BNTPVRGYUHJFHN-HWKANZROSA-N","OC(=O)CCCC\C=C\C(O)=O","6079438","FALSE",NA,NA,"No Match"
"131","BMDB00357","3-Hydroxybutyric acid","WHBMMWSBFZVSSR-UHFFFAOYSA-N","CC(O)CC(O)=O","441","TRUE","DMD302197","DMD302197","Unique Match (by names and pubchem)"
"132","BMDB00362","2-Phosphoglyceric acid","GXIURPTVHJPJLF-UHFFFAOYSA-N","OCC(OP(O)(O)=O)C(O)=O","59","FALSE",NA,NA,"No Match"
"133","BMDB00378","2-Methylbutyroylcarnitine","IHCPDBBYTYJYIL-UHFFFAOYSA-N","CCC(C)C(=O)OC(CC([O-])=O)C[N+](C)(C)C","6426901","TRUE",NA,NA,"No Match"
"134","BMDB00379","2-Methylcitric acid","YNOXCRMFGMSKIJ-UHFFFAOYSA-N","CC(C(O)=O)C(O)(CC(O)=O)C(O)=O","515","FALSE",NA,NA,"No Match"
"135","BMDB00397","2-Pyrocatechuic acid","GLDQAMYCGOIJDV-UHFFFAOYSA-N","OC(=O)C1=C(O)C(O)=CC=C1","19","FALSE",NA,NA,"No Match"
"136","BMDB00429","17a-Estradiol","VOXZDWNPVJITMN-SFFUCWETSA-N","[H][C@@]12CC[C@@H](O)[C@@]1(C)CC[C@]1([H])C3=C(CC[C@@]21[H])C=C(O)C=C3","68570","TRUE",NA,NA,"No Match"
"137","BMDB00430","24,25-Dihydroxyvitamin D","FCKJYANJHNLEEP-OIMXRAFZSA-N","C[C@H](CCC(O)C(C)(C)O)[C@H]1CC[C@@]2([H])\C(CCC[C@]12C)=C\C=C1\C[C@H](O)CCC1=C","12895043","TRUE",NA,NA,"No Match"
"138","BMDB00440","3-Hydroxyphenylacetic acid","FVMDYYGIDFPZAX-UHFFFAOYSA-N","OC(=O)CC1=CC=CC(O)=C1","12122","FALSE",NA,"DMD302194","Unique Match (by pubchem only)"
"139","BMDB00446","N-Alpha-ccetyllysine","VEYYWZRYIYDQJM-UHFFFAOYSA-N","CC(=O)NC(CCCCN)C(O)=O","192590","FALSE",NA,NA,"No Match"
"140","BMDB00450","5-Hydroxylysine","YSMODUONRAFBET-UHNVWZDZSA-N","NC[C@H](O)CC[C@H](N)C(O)=O","3032849","FALSE",NA,NA,"No Match"
"141","BMDB00452","L-Alpha-aminobutyric acid","QWCKQJZIFLGMSD-VKHMYHEASA-N","CC[C@H](N)C(O)=O","80283","TRUE","DMD302662","DMD302662","Unique Match (by names only)"
"142","BMDB00455","Allocystathionine","ILRYLPWNYFXEMH-ROLXFIACSA-N","N[C@@H](CCSCC(N)C(O)=O)C(O)=O","10104953","FALSE",NA,NA,"No Match"
"143","BMDB00462","Allantoin","POJWUDADGALRAB-UHFFFAOYSA-N","NC(=O)NC1NC(=O)NC1=O","204","TRUE","DMD302170","DMD302170","Unique Match (by names and pubchem)"
"144","BMDB00464","Calcium","BHPQYMZQTOCNFJ-UHFFFAOYSA-N","[Ca++]","271","TRUE",NA,NA,"No Match"
"145","BMDB00469","5-Hydroxymethyluracil","JDBGXEHEIRGOBU-UHFFFAOYSA-N","OCC1=CNC(=O)NC1=O","78168","FALSE",NA,NA,"No Match"
"146","BMDB00472","5-Hydroxy-L-tryptophan","LDCYZAJDBXYCGN-UHFFFAOYSA-N","NC(CC1=CNC2=C1C=C(O)C=C2)C(O)=O","144","FALSE",NA,NA,"No Match"
"147","BMDB00474","Butanone","ZWEHNKRNPOVVGH-UHFFFAOYSA-N","CCC(C)=O","6569","TRUE",NA,NA,"No Match"
"148","BMDB00479","3-Methylhistidine","JDHILDINMRGULE-LURJTMIESA-N","CN1C=NC=C1C[C@H](N)C(O)=O","64969","TRUE","DMD302191;DMD305470","DMD302191","Unique Match (by names and pubchem)"
"149","BMDB00482","Caprylic acid","WWZKQHOCKIZLMA-UHFFFAOYSA-N","CCCCCCCC(O)=O","379","TRUE","DMD302642","DMD302642","Unique Match (by names and pubchem)"
"150","BMDB00492","Chlorine","VEXZGXHMUGYJMC-UHFFFAOYSA-M","[Cl-]","24526","TRUE",NA,NA,"No Match"
"151","BMDB00499","5-Tetradecenoic acid","AFGUVBVUFZMJMX-MDZDMXLPSA-N","CCCCCCCC\C=C\CCCC(O)=O","5282740","FALSE","DMD302252","DMD302252","Unique Match (by names only)"
"152","BMDB00500","4-Hydroxybenzoic acid","FJKROLUGYXJWQN-UHFFFAOYSA-N","OC(=O)C1=CC=C(O)C=C1","135","FALSE",NA,NA,"No Match"
"153","BMDB00510","Aminoadipic acid","OYIFNHCXNCRBQI-UHFFFAOYSA-N","NC(CCCC(O)=O)C(O)=O","469","TRUE","DMD305115","DMD305115","Unique Match (by names only)"
"154","BMDB00511","Capric acid","GHVNFZFCNZKVNT-UHFFFAOYSA-N","CCCCCCCCCC(O)=O","2969","TRUE","DMD302643","DMD302643","Unique Match (by names and pubchem)"
"155","BMDB00517","L-Arginine","ODKSFYDXXFIFQN-BYPYZUCNSA-N","N[C@@H](CCCNC(N)=N)C(O)=O","6322","TRUE","DMD302167;DMD305492","DMD302167","Unique Match (by names and pubchem)"
"156","BMDB00528","4,5-Dihydroorotic acid","UFIVEPVSAGBUSI-UHFFFAOYSA-N","OC(=O)C1CC(=O)NC(=O)N1","648","FALSE",NA,NA,"No Match"
"157","BMDB00529","5-Dodecenoic acid","IJBFSOLHRKELLR-BQYQJAHWSA-N","[H]\C(CCCCCC)=C(\[H])CCCC(O)=O","5312377","FALSE",NA,NA,"No Match"
"158","BMDB00535","Caproic acid","FUZZWVXGSFPDMH-UHFFFAOYSA-N","CCCCCC(O)=O","8892","TRUE","DMD305116","DMD305116","Unique Match (by names and pubchem)"
"159","BMDB00538","Adenosine triphosphate","ZKHQWZAMYRWXGA-KQYNXXCUSA-N","NC1=NC=NC2=C1N=CN2[C@@H]1O[C@H](COP(O)(=O)OP(O)(=O)OP(O)(O)=O)[C@@H](O)[C@H]1O","5957","TRUE",NA,NA,"No Match"
"160","BMDB00547","Magnesium","JLVVSXFLKOJNIY-UHFFFAOYSA-N","[Mg++]","888","TRUE",NA,NA,"No Match"
"161","BMDB00548","TG(10:0/10:0/10:0)[iso]","LADGBHLMCUINGV-UHFFFAOYSA-N","CCCCCCCCCC(=O)OCC(COC(=O)CCCCCCCCC)OC(=O)CCCCCCCCC","69310","FALSE",NA,NA,"No Match"
"162","BMDB00557","L-Alloisoleucine","AGPKZVBTJJNPAG-UHNVWZDZSA-N","CC[C@@H](C)[C@H](N)C(O)=O","99288","FALSE","DMD302116;DMD302571;DMD302692;DMD305227;DMD305530","DMD302116;DMD302571;DMD302692;DMD305227;DMD305530","Multiple Match (by names only)"
"163","BMDB00561","B-Carotene","OENHQHLEOONYIE-JLTXGRSLSA-N","C\C(\C=C\C=C(/C)\C=C\C1=C(C)CCCC1(C)C)=C/C=C/C=C(\C)/C=C/C=C(\C)/C=C/C1=C(C)CCCC1(C)C","5280489","TRUE",NA,NA,"No Match"
"164","BMDB00562","Creatinine","DDRJAANPRJIHGJ-UHFFFAOYSA-N","CN1CC(=O)NC1=N","588","TRUE","DMD302150;DMD302598;DMD305504","DMD302150;DMD302598","Multiple Match (by names and pubchem)"
"165","BMDB00564","PC(16:0/16:0)","KILNVBDSWZSGLL-KXQOOQHDSA-N","CCCCCCCCCCCCCCCC(=O)OC[C@H](COP([O-])(=O)OCC[N+](C)(C)C)OC(=O)CCCCCCCCCCCCCCC","452110","TRUE","DMD305270","DMD305270","Unique Match (by names and pubchem)"
"166","BMDB00568","D-Arabitol","HEBKCHPVOIAQTA-UHFFFAOYSA-N","OCC(O)C(O)C(O)CO","827","FALSE","DMD302168;DMD302564","DMD302543","Unique Match (by pubchem only)"
"167","BMDB00573","Elaidic acid","ZQPPMHVWECSIRJ-MDZDMXLPSA-N","CCCCCCCC\C=C\CCCCCCCC(O)=O","445639","TRUE","DMD302266;DMD302653","DMD302266;DMD302653","Multiple Match (by names and pubchem)"
"168","BMDB00574","L-Cysteine","XUJNEKJLAYXESH-REOHCLBHSA-N","N[C@@H](CS)C(O)=O","5862","FALSE",NA,NA,"No Match"
"169","BMDB00586","Potassium","NPYPAHLBTDXSSS-UHFFFAOYSA-N","[K+]","813","TRUE",NA,NA,"No Match"
"170","BMDB00588","Sodium","FKNQFGJONOIPTF-UHFFFAOYSA-N","[Na+]","923","TRUE",NA,NA,"No Match"
"171","BMDB00593","PC(18:1(9Z)/18:1(9Z)) ","SNKAWJBJQDLSFF-NVKMUCNASA-N","[H][C@@](COC(=O)CCCCCCC\C=C/CCCCCCCC)(COP([O-])(=O)OCC[N+](C)(C)C)OC(=O)CCCCCCC\C=C/CCCCCCCC","10350317","TRUE","DMD302346","DMD302346","Unique Match (by names and pubchem)"
"172","BMDB00598","Sulfide","UCKMPCXJQFINFW-UHFFFAOYSA-N","[S--]","29109","TRUE",NA,NA,"No Match"
"173","BMDB00599","Chromium","BFGKITSFLPAWGI-UHFFFAOYSA-N","[Cr+3]","27668","TRUE",NA,NA,"No Match"
"174","BMDB00606","D-2-Hydroxyglutaric acid","HWXBTNAVRSUOJR-GSVOUGTGSA-N","O[C@H](CCC(O)=O)C(O)=O","439391","FALSE","DMD302614","DMD302614","Unique Match (by names only)"
"175","BMDB00607","Cyanocobalamin","RMRCNWBMXRMIRW-JHUHWLDHSA-L","[Co++].[C]#N.[H][C@@](C)(CN=C(O)CCC1(C)C2=NC([H])([C@]1([H])CC(O)=N)[C@]1(C)NC(=C(C)C3=NC(=CC4=NC(=C2C)[C@@]([H])(CCC([O-])=N)C4(C)C)[C@@]([H])(CCC([O-])=N)[C@]3(C)CC(O)=N)[C@@]([H])(CCC([O-])=N)[C@]1(C)CC(O)=N)OP(O)(=O)O[C@]1([H])[C@@]([H])(CO)O[C@]([H])([N+]2=CNC3=C2C=C(C)C(C)=C3)[C@]1([H])O","","TRUE",NA,NA,"No Match"
"176","BMDB00608","Cobalt","XLJKHNWPARRRJB-UHFFFAOYSA-N","[Co++]","104729","TRUE",NA,NA,"No Match"
"177","BMDB00618","D-Ribulose 5-phosphate","KTVPXOYAKDPRHY-OWMBCFKOSA-N","OC1O[C@@H](COP(O)(O)=O)[C@H](O)[C@@H]1O","53477706","FALSE","DMD302538","DMD302538","Unique Match (by names only)"
"178","BMDB00619","Cholic acid","BHQCQFFYRZLCQQ-IATNSQEUSA-N","[H][C@@](C)(CCC(O)=O)[C@@]1([H])CC[C@@]2([H])[C@]3([H])C([H])(O)C[C@]4([H])C[C@]([H])(O)CC[C@]4(C)[C@@]3([H])C[C@]([H])(O)[C@]12C","","FALSE","DMD305185","DMD305185","Unique Match (by names only)"
"179","BMDB00625","Gluconic acid","RGHNJXZEOKUKBD-SQOUGZDYSA-N","OC[C@@H](O)[C@@H](O)[C@H](O)[C@@H](O)C(O)=O","10690","FALSE","DMD305219","DMD305219","Unique Match (by names and pubchem)"
"180","BMDB00628","Epitestosterone","MUMGGOZAMZWBJJ-KZYORJDKSA-N","[H][C@@]12CC[C@@H](O)[C@@]1(C)CC[C@@]1([H])[C@@]2([H])CCC2=CC(=O)CC[C@]12C","6013","TRUE",NA,NA,"No Match"
"181","BMDB00630","Cytosine","OPTASPLRGRRNAP-UHFFFAOYSA-N","NC1=CC=NC(=O)N1","597","FALSE",NA,NA,"No Match"
"182","BMDB00634","Citraconic acid","HNEGQIOMVPPMNR-IHWYPQMZSA-N","C\C(=C\C(O)=O)C(O)=O","643798","FALSE",NA,NA,"No Match"
"183","BMDB00638","Dodecanoic acid","POULHZVOKOAJMA-UHFFFAOYSA-N","CCCCCCCCCCCC(O)=O","3893","TRUE","DMD302249","DMD302249","Unique Match (by names and pubchem)"
"184","BMDB00641","L-Glutamine","ZDXPYRJPNDTMRX-VKHMYHEASA-N","N[C@@H](CCC(N)=O)C(O)=O","5961","TRUE","DMD302129;DMD302580;DMD305517","DMD302129;DMD302580","Multiple Match (by names and pubchem)"
"185","BMDB00645","Galactose 1-phosphate","HXXFSFRBOHSIMQ-FPRJBGLDSA-N","OC[C@H]1O[C@H](OP(O)(O)=O)[C@H](O)[C@@H](O)[C@H]1O","123912","TRUE","DMD302584;DMD302689","DMD302584;DMD302689","Multiple Match (by names only)"
"186","BMDB00646","L-Arabinose","SRBFZHDQGSBBOR-HWQSCIPKSA-N","O[C@H]1COC(O)[C@H](O)[C@H]1O","439195","FALSE",NA,NA,"No Match"
"187","BMDB00650","D-Alpha-aminobutyric acid","QWCKQJZIFLGMSD-GSVOUGTGSA-N","CC[C@@H](N)C(O)=O","439691","FALSE",NA,NA,"No Match"
"188","BMDB00657","Copper","JPVYNHNXODAKFH-UHFFFAOYSA-N","[Cu++]","27099","TRUE",NA,NA,"No Match"
"189","BMDB00660","D-Fructose","RFSUNEUAIZKAJO-ARQDHWQXSA-N","OC[C@H]1O[C@](O)(CO)[C@@H](O)[C@@H]1O","439709","TRUE",NA,"DMD302593","Unique Match (by pubchem only)"
"190","BMDB00662","Fluorine","KRHYYFGTRYWZRS-UHFFFAOYSA-M","[F-]","28179","TRUE",NA,NA,"No Match"
"191","BMDB00663","Glucaric acid","DSLZVSRJTYRBFB-LLEIAEIESA-N","O[C@@H]([C@H](O)[C@@H](O)C(O)=O)[C@H](O)C(O)=O","33037","FALSE",NA,NA,"No Match"
"192","BMDB00666","Heptanoic acid","MNWFXJYAOYHMED-UHFFFAOYSA-N","CCCCCCC(O)=O","8094","FALSE",NA,NA,"No Match"
"193","BMDB00669","Ortho-Hydroxyphenylacetic acid","CCVYRRGZDBSHFU-UHFFFAOYSA-N","OC(=O)CC1=CC=CC=C1O","11970","FALSE",NA,NA,"No Match"
"194","BMDB00670","Homo-L-arginine","QUOGESRFPZDMMT-YFKPBYRVSA-N","N[C@@H](CCCCNC(N)=N)C(O)=O","9085","FALSE",NA,NA,"No Match"
"195","BMDB00673","Linoleic acid","OYHQOLUKZRVURQ-HZJYTTRNSA-N","CCCCC\C=C/C\C=C/CCCCCCCC(O)=O","5280450","TRUE","DMD302654","DMD302654","Unique Match (by names and pubchem)"
"196","BMDB00675","Iodine","PNDPGZBMCMUPRI-UHFFFAOYSA-N","II","807","TRUE",NA,NA,"No Match"
"197","BMDB00684","L-Kynurenine","YGPSJZOEDVAXAB-QMMMGPOBSA-N","N[C@@H](CC(=O)C1=CC=CC=C1N)C(O)=O","161166","FALSE",NA,NA,"No Match"
"198","BMDB00687","L-Leucine","ROHFNLRQFUQHCH-YFKPBYRVSA-N","CC(C)C[C@H](N)C(O)=O","6106","TRUE","DMD302567","DMD302567","Unique Match (by names and pubchem)"
"199","BMDB00688","Isovalerylcarnitine","IGQBPDJNUXPEMT-UHFFFAOYSA-N","CC(C)CC(=O)OC(CC([O-])=O)C[N+](C)(C)C","6426851","TRUE",NA,NA,"No Match"
"200","BMDB00691","Malonic acid","OFOBLEOULBTSOW-UHFFFAOYSA-N","OC(=O)CC(O)=O","867","FALSE",NA,NA,"No Match"
"201","BMDB00692","Iron","CWYNVVGOOAEACU-UHFFFAOYSA-N","[Fe++]","27284","TRUE",NA,NA,"No Match"
"202","BMDB00696","L-Methionine","FFEARJCKVFRZRR-BYPYZUCNSA-N","CSCC[C@H](N)C(O)=O","6137","TRUE",NA,NA,"No Match"
"203","BMDB00704","Isoxanthopterin","GLKCOBIIZKYKFN-UHFFFAOYSA-N","NC1=NC(=O)C2=C(N1)NC(=O)C=N2","10729","FALSE",NA,NA,"No Match"
"204","BMDB00707","4-Hydroxyphenylpyruvic acid","ZHLWCBHWYUISFY-UHFFFAOYSA-N","OC(C(=O)C(O)=O)C1=CC=CC=C1","979","FALSE",NA,NA,"No Match"
"205","BMDB00714","Hippuric acid","QIAFMBKCNZACKA-UHFFFAOYSA-N","OC(=O)CNC(=O)C1=CC=CC=C1","464","TRUE","DMD302574","DMD302574","Unique Match (by names and pubchem)"
"206","BMDB00716","L-Pipecolic acid","HXEACLLIILLPRG-YFKPBYRVSA-N","OC(=O)[C@@H]1CCCCN1","439227","FALSE",NA,NA,"No Match"
"207","BMDB00718","Isovaleric acid","GWYFCOCPABKNJV-UHFFFAOYSA-N","CC(C)CC(O)=O","10430","TRUE",NA,NA,"No Match"
"208","BMDB00719","L-Homoserine","UKAUYVFTDYCKQA-VKHMYHEASA-N","N[C@@H](CCO)C(O)=O","12647","FALSE",NA,NA,"No Match"
"209","BMDB00721","Glycylproline","KZNQNBZMBZJQJO-UHFFFAOYSA-N","NCC(=O)N1CCCC1C(O)=O","79101","FALSE",NA,NA,"No Match"
"210","BMDB00725","Hydroxyproline","PMMYEEVYMWASQN-DMTCNVIQSA-N","O[C@H]1CN[C@@H](C1)C(O)=O","5810","TRUE",NA,NA,"No Match"
"211","BMDB00736","Isobutyryl-L-carnitine","LRCNOZRCYBNMEP-UHFFFAOYSA-N","CC(C)C(=O)OC(CC([O-])=O)C[N+](C)(C)C","168379","TRUE",NA,NA,"No Match"
"212","BMDB00742","Homocysteine","FFFHZYDWPBMWHY-UHFFFAOYSA-N","NC(CCS)C(O)=O","778","FALSE",NA,NA,"No Match"
"213","BMDB00744","Malic acid","BJEPYKJPYRNKOW-UHFFFAOYSA-N","OC(CC(O)=O)C(O)=O","525","TRUE","DMD302561","DMD302561","Unique Match (by names and pubchem)"
"214","BMDB00750","3-Hydroxymandelic acid","OLSDAJRAVOVKLG-UHFFFAOYSA-N","OC(C(O)=O)C1=CC(O)=CC=C1","86957","FALSE",NA,NA,"No Match"
"215","BMDB00755","Hydroxyphenyllactic acid","JVGVDSSUAVXRDY-UHFFFAOYSA-N","OC(CC1=CC=C(O)C=C1)C(O)=O","9378","FALSE",NA,"DMD302184","Unique Match (by pubchem only)"
"216","BMDB00759","Glycyl-L-leucine","DKEXFJVMVGETOO-LURJTMIESA-N","CC(C)C[C@H](NC(=O)CN)C(O)=O","92843","FALSE",NA,NA,"No Match"
"217","BMDB00765","Mannitol","FBPFZTCFMRRESA-KVTDHHQDSA-N","OC[C@@H](O)[C@@H](O)[C@H](O)[C@H](O)CO","6251","FALSE","DMD305198","DMD305198","Unique Match (by names only)"
"218","BMDB00767","Pseudouridine","PTJWIQPHWPFNBW-GBNDHIKLSA-N","OC[C@H]1O[C@H]([C@H](O)[C@@H]1O)C1=CNC(=O)NC1=O","15047","TRUE","DMD302060;DMD302544","DMD302060;DMD302544","Multiple Match (by names and pubchem)"
"219","BMDB00772","Nonadecanoic acid","ISYWECDDZWTKFF-UHFFFAOYSA-N","CCCCCCCCCCCCCCCCCCC(O)=O","12591","FALSE",NA,"DMD302270","Unique Match (by pubchem only)"
"220","BMDB00791","L-Octanoylcarnitine","CXTATJFJDMJMIY-CYBMUJFWSA-N","CCCCCCCC(=O)O[C@H](CC([O-])=O)C[N+](C)(C)C","11953814","FALSE",NA,NA,"No Match"
"221","BMDB00801","Phytanic acid","RLCKHJSFHOZMDR-UHFFFAOYSA-N","CC(C)CCCC(C)CCCC(C)CCCC(C)CC(O)=O","26840","FALSE",NA,NA,"No Match"
"222","BMDB00806","Myristic acid","TUNFSRHWOTWDNC-UHFFFAOYSA-N","CCCCCCCCCCCCCC(O)=O","11005","TRUE","DMD302251","DMD302251","Unique Match (by names and pubchem)"
"223","BMDB00807","3-Phosphoglyceric acid","OSJPPGNTCRNQQC-UHFFFAOYSA-N","OC(COP(O)(O)=O)C(O)=O","724","FALSE","DMD302609","DMD302609","Unique Match (by names and pubchem)"
"224","BMDB00820","Propyl alcohol","BDERNNFJNOPAEC-UHFFFAOYSA-N","CCCO","1031","TRUE",NA,NA,"No Match"
"225","BMDB00821","Phenylacetylglycine","UTYVDVLMYQPLQB-UHFFFAOYSA-N","OC(=O)CNC(=O)CC1=CC=CC=C1","68144","FALSE","DMD302072","DMD302072","Unique Match (by names and pubchem)"
"226","BMDB00824","Propionylcarnitine","UFAHZIUFPNSHSL-UHFFFAOYSA-N","CCC(=O)OC(CC([O-])=O)C[N+](C)(C)C","107738","TRUE","DMD302061","DMD302061","Unique Match (by names and pubchem)"
"227","BMDB00825","3'-Sialyllactose","OIZGSVFYNBZVIK-FHHHURIISA-N","[H][C@]1(O[C@@](C[C@H](O)[C@H]1NC(C)=O)(O[C@H]1[C@@H](O)[C@@H](CO)O[C@@H](O[C@H]([C@H](O)CO)[C@H](O)[C@@H](O)C=O)[C@@H]1O)C(O)=O)[C@H](O)[C@H](O)CO","123914","TRUE","DMD305472","DMD302618","Unique Match (by pubchem only)"
"228","BMDB00826","Pentadecanoic acid","WQEPLUUGTLDZJY-UHFFFAOYSA-N","CCCCCCCCCCCCCCC(O)=O","13849","TRUE","DMD302253","DMD302253","Unique Match (by names and pubchem)"
"229","BMDB00827","Stearic acid","QIQXTHQIDYTFRH-UHFFFAOYSA-N","CCCCCCCCCCCCCCCCCC(O)=O","5281","TRUE","DMD302652","DMD302652","Unique Match (by names and pubchem)"
"230","BMDB00828","Ureidosuccinic acid","HLKXYZVTANABHZ-REOHCLBHSA-N","NC(=O)N[C@@H](CC(O)=O)C(O)=O","93072","FALSE","DMD302553","DMD302553","Unique Match (by names and pubchem)"
"231","BMDB00840","Salicyluric acid","ONJSZLXSECQROL-UHFFFAOYSA-N","OC(=O)CNC(=O)C1=CC=CC=C1O","10253","FALSE","DMD305252","DMD305252","Unique Match (by names and pubchem)"
"232","BMDB00847","Pelargonic acid","FBUKVWPVBMHYJY-UHFFFAOYSA-N","CCCCCCCCC(O)=O","8158","FALSE","DMD302302","DMD302302","Unique Match (by names and pubchem)"
"233","BMDB00855","Nicotinamide riboside","JLEBZPBDRKPWTD-TURQNECASA-O","NC(=O)C1=C[N+](=CC=C1)[C@@H]1O[C@H](CO)[C@@H](O)[C@H]1O","439924","FALSE","DMD302084","DMD302084","Unique Match (by names and pubchem)"
"234","BMDB00863","Isopropyl alcohol","KFZMGEQAYNKOFK-UHFFFAOYSA-N","CC(C)O","3776","TRUE",NA,NA,"No Match"
"235","BMDB00870","Histamine","NTYJJOPFIAHURM-UHFFFAOYSA-N","NCCC1=CNC=N1","774","TRUE",NA,NA,"No Match"
"236","BMDB00876","Vitamin D3","QYSXJUFSXHHAJI-QWSSABAFSA-N","CC(C)CCC[C@@H](C)[C@H]1CCC2\C(CCC[C@]12C)=C\C=C1\C[C@@H](O)CCC1=C","10883523","TRUE",NA,NA,"No Match"
"237","BMDB00883","L-Valine","KZSNJWFQEVHDMF-BYPYZUCNSA-N","CC(C)[C@H](N)C(O)=O","6287","TRUE","DMD302525;DMD302712","DMD302525","Unique Match (by names and pubchem)"
"238","BMDB00884","Ribothymidine","DWRXFEITVBNRMK-JXOAFFINSA-N","CC1=CN([C@@H]2O[C@H](CO)[C@@H](O)[C@H]2O)C(=O)NC1=O","445408","FALSE",NA,NA,"No Match"
"239","BMDB00892","Valeric acid","NQPDZGIKBAWPEJ-UHFFFAOYSA-N","CCCCC(O)=O","7991","TRUE",NA,NA,"No Match"
"240","BMDB00900","Ergocalciferol","MECHNRXZTMCUDQ-RKHKHRCZSA-N","CC(C)[C@@H](C)\C=C\[C@@H](C)[C@@]1([H])CC[C@@]2([H])\C(CCC[C@]12C)=C\C=C1\C[C@@H](O)CCC1=C","5280793","TRUE",NA,NA,"No Match"
"241","BMDB00904","Citrulline","RHGKLRLOHDJJDR-BYPYZUCNSA-N","N[C@@H](CCCNC(N)=O)C(O)=O","9750","TRUE","DMD302154;DMD305502","DMD302154","Unique Match (by names and pubchem)"
"242","BMDB00906","Trimethylamine","GETQZCLCWQTVFV-UHFFFAOYSA-N","CN(C)C","1146","FALSE","DMD305593","DMD305593","Unique Match (by names and pubchem)"
"243","BMDB00910","Tridecanoic acid","SZHOJFHSIKHZHA-UHFFFAOYSA-N","CCCCCCCCCCCCC(O)=O","12530","FALSE","DMD302250","DMD302250","Unique Match (by names and pubchem)"
"244","BMDB00925","Trimethylamine N-oxide","UYPYRKYUKCHHIB-UHFFFAOYSA-N","C[N+](C)(C)[O-]","1145","TRUE","DMD302047","DMD302047","Unique Match (by names and pubchem)"
"245","BMDB00929","L-Tryptophan","QIVBCDIJIAJPQS-VIFPVBQESA-N","N[C@@H](CC1=CNC2=CC=CC=C12)C(O)=O","6305","TRUE","DMD302532","DMD302532","Unique Match (by names and pubchem)"
"246","BMDB00930","trans-Cinnamic acid","WBYWAXJHAXSJNI-VOTSOKGWSA-N","OC(=O)\C=C\C1=CC=CC=C1","444539","FALSE",NA,NA,"No Match"
"247","BMDB00939","S-Adenosylhomocysteine","ZJUKTBDSGOFHSH-WFMPWKQPSA-N","N[C@@H](CCSC[C@H]1O[C@H]([C@H](O)[C@@H]1O)N1C=NC2=C(N)N=CN=C12)C(O)=O","439155","FALSE",NA,NA,"No Match"
"248","BMDB00943","Threonic acid","JPIJQSOTBSSVTP-GBXIJSLDSA-N","OC[C@@H](O)[C@H](O)C(O)=O","151152","FALSE","DMD302534","DMD302569","Unique Match (by pubchem only)"
"249","BMDB00944","Behenic acid","UKMSUNONTOPOIO-UHFFFAOYSA-N","CCCCCCCCCCCCCCCCCCCCCC(O)=O","8215","TRUE",NA,"DMD302281","Unique Match (by pubchem only)"
"250","BMDB00947","Undecanoic acid","ZDPHROOEEOARMN-UHFFFAOYSA-N","CCCCCCCCCCC(O)=O","8180","FALSE",NA,"DMD302248","Unique Match (by pubchem only)"
"251","BMDB00957","Pyrocatechol","YCIMNLLNPGFGHC-UHFFFAOYSA-N","OC1=CC=CC=C1O","289","FALSE","DMD302158","DMD302158","Unique Match (by names and pubchem)"
"252","BMDB00990","Acetaldehyde","IKHGUXGNUITLKF-UHFFFAOYSA-N","CC=O","177","TRUE",NA,NA,"No Match"
"253","BMDB00991","DL-2-Aminooctanoic acid","AKVBCGQVQXPRLD-UHFFFAOYSA-N","CCCCCCC(N)C(O)=O","69522","FALSE",NA,NA,"No Match"
"254","BMDB00996","3-Sulfinoalanine","WVMUCBHSEHBMKA-REOHCLBHSA-N","N[C@@H](CS(=O)=O)C(O)=O","439270","FALSE",NA,NA,"No Match"
"255","BMDB01015","N-Formyl-L-methionine","PYUSHNKNPOHWEZ-RXMQYKEDSA-N","CSCC[C@@H](NC=O)C(O)=O","6995182","FALSE",NA,NA,"No Match"
"256","BMDB01043","Arachidonic acid","YZXBAPSDXZZRGB-DOFZRALJSA-N","CCCCC\C=C/C\C=C/C\C=C/C\C=C/CCCC(O)=O","444899","TRUE","DMD302277","DMD302277","Unique Match (by names and pubchem)"
"257","BMDB01051","Glyceraldehyde","MNQZXJOMYWMBOU-UHFFFAOYSA-N","OCC(O)C=O","751","FALSE","DMD302125","DMD302125","Unique Match (by names and pubchem)"
"258","BMDB01058","Fructose 1,6-bisphosphate","WSMBXSQDFPTODV-JGWLITMVSA-N","[H][C@]1(O)[C@]([H])(O)[C@]([H])(COP(O)(O)=O)O[C@]1([H])COP(O)(O)=O","445555","FALSE",NA,NA,"No Match"
"259","BMDB01065","2-Hydroxyphenethylamine","ULSIYEODSMZIPX-UHFFFAOYSA-N","NCC(O)C1=CC=CC=C1","1000","FALSE","DMD305574;DMD305595","DMD305574","Unique Match (by names and pubchem)"
"260","BMDB01076","Fructose 1-phosphate","RHKKZBWRNHGJEZ-ARQDHWQXSA-N","OC[C@H]1O[C@](O)(COP(O)(O)=O)[C@@H](O)[C@@H]1O","10400369","FALSE",NA,NA,"No Match"
"261","BMDB01080","4-Aminobutyraldehyde","DZQLQEYLEYWJIB-UHFFFAOYSA-N","NCCCC=O","118","FALSE",NA,NA,"No Match"
"262","BMDB01081","(N-acetylneuraminosyl(a2-6)lactosamine)","RPSBVJXBTXEJJG-LURNZOHQSA-N","[H][C@]1(O[C@@](C[C@H](O)[C@H]1NC(C)=O)(OC[C@H]1O[C@@H](O[C@H]2[C@H](O)[C@@H](NC(C)=O)[C@H](O)O[C@@H]2CO)[C@H](O)[C@@H](O)[C@H]1O)C(O)=O)[C@H](O)[C@H](O)CO","125128","TRUE",NA,"DMD302620","Unique Match (by pubchem only)"
"263","BMDB01095","GDP-L-fucose","LQEBEXMHBLQMDB-QIXZNPMTSA-N","C[C@@H]1OC(OP(O)(=O)OP(O)(=O)OC[C@H]2O[C@H]([C@H](O)[C@@H]2O)N2C=NC3=C2N=C(N)NC3=O)[C@@H](O)[C@H](O)[C@@H]1O","439211","TRUE",NA,NA,"No Match"
"264","BMDB01106","3-Aminopropionaldehyde","PCXDJQZLDDHMGX-UHFFFAOYSA-N","NCCC=O","75","FALSE",NA,NA,"No Match"
"265","BMDB01129","N-Acetylmannosamine","OVRNDRQMDRJTHS-ZTVVOAFPSA-N","[H]C1(O)O[C@]([H])(CO)[C@@]([H])(O)[C@]([H])(O)[C@]1([H])N=C(C)O","439281","FALSE","DMD302098;DMD302554","DMD302098","Unique Match (by names and pubchem)"
"266","BMDB01147","Aminomalonic acid","JINBYESILADKFW-UHFFFAOYSA-N","NC(C(O)=O)C(O)=O","100714","FALSE",NA,NA,"No Match"
"267","BMDB01160","Tricosanoic acid","XEZVDURJDFGERA-UHFFFAOYSA-N","CCCCCCCCCCCCCCCCCCCCCCC(O)=O","17085","FALSE",NA,"DMD302288","Unique Match (by pubchem only)"
"268","BMDB01169","4-Aminophenol","PLIKAWJENQZMHA-UHFFFAOYSA-N","NC1=CC=C(O)C=C1","403","FALSE",NA,NA,"No Match"
"269","BMDB01173","5'-Methylthioadenosine","WUUGFSXJNOTRMR-IOSLPCCCSA-N","CSC[C@H]1O[C@H]([C@H](O)[C@@H]1O)N1C=NC2=C1N=CN=C2N","439176","FALSE","DMD302175","DMD302175","Unique Match (by names and pubchem)"
"270","BMDB01220","Prostaglandin E2","XEYBRNLFEZDVAW-ARSRFYASSA-N","CCCCC[C@H](O)\C=C\[C@H]1[C@H](O)CC(=O)[C@@H]1C\C=C/CCCC(O)=O","5280360","FALSE","DMD301922;DMD305318","DMD301922;DMD305318","Multiple Match (by names and pubchem)"
"271","BMDB01232","4-Nitrophenol","BTJIUGUIPKRLHP-UHFFFAOYSA-N","OC1=CC=C(C=C1)[N+]([O-])=O","980","FALSE",NA,NA,"No Match"
"272","BMDB01238","N-Acetylserotonin","MVAWJSIDNICKHF-UHFFFAOYSA-N","CC(=O)NCCC1=CNC2=C1C=C(O)C=C2","903","FALSE",NA,NA,"No Match"
"273","BMDB01247","Aluminum","REDXJYDRNCIFBQ-UHFFFAOYSA-N","[Al+3]","104727","TRUE",NA,NA,"No Match"
"274","BMDB01254","Glucosamine 6-phosphate","XHMJOUIAFHJHBW-UKFBFLRUSA-N","N[C@H]1[C@@H](O)O[C@H](COP(O)(O)=O)[C@@H](O)[C@@H]1O","439217","FALSE","DMD302134","DMD302134","Unique Match (by names and pubchem)"
"275","BMDB01256","Spermine","PFNFFQXMRSDOHW-UHFFFAOYSA-N","NCCCNCCCCNCCCN","1103","TRUE",NA,NA,"No Match"
"276","BMDB01257","Spermidine","ATHGHQPFGPMSJY-UHFFFAOYSA-N","NCCCCNCCCN","1102","TRUE",NA,NA,"No Match"
"277","BMDB01262","Maltotriose","FYGDTMLNYKFZSV-DZOUCCHMSA-N","OC[C@H]1O[C@H](O[C@H]2[C@H](O)[C@@H](O)[C@@H](O[C@H]3[C@H](O)[C@@H](O)C(O)O[C@@H]3CO)O[C@@H]2CO)[C@H](O)[C@@H](O)[C@@H]1O","439586","FALSE","DMD302560;DMD305542","DMD302560","Unique Match (by names and pubchem)"
"278","BMDB01263","Allysine","GFXYTQPNNXGICT-UHFFFAOYSA-N","NC(CCCC=O)C(O)=O","207","FALSE",NA,NA,"No Match"
"279","BMDB01264","Dehydroascorbic acid","SBJKKFFYIZUCET-DUZGATOHSA-N","[H][C@@]1(OC(=O)C(=O)C1=O)[C@H](O)CO","210328","TRUE",NA,NA,"No Match"
"280","BMDB01296","Maltotetraose","LUEWUZLMQUOBSB-AYQJAVFRSA-N","OC[C@H]1O[C@H](O[C@H]2[C@H](O)[C@@H](O)[C@@H](O[C@H]3[C@H](O)[C@@H](O)[C@@H](O[C@H]4[C@H](O)[C@@H](O)C(O)O[C@@H]4CO)O[C@@H]3CO)O[C@@H]2CO)[C@H](O)[C@@H](O)[C@@H]1O","439639","FALSE","DMD302108","DMD302108","Unique Match (by names only)"
"281","BMDB01302","Molybdenum","MMVYPOCJESWGTC-UHFFFAOYSA-N","[Mo++]","185498","TRUE",NA,NA,"No Match"
"282","BMDB01303","Zinc","PTFCDOFLOPIGGS-UHFFFAOYSA-N","[Zn++]","32051","TRUE","DMD305096","DMD305096","Unique Match (by names only)"
"283","BMDB01315","Phosphorus","XYFCBTPGUUZFHI-UHFFFAOYSA-N","P","5462309","TRUE",NA,NA,"No Match"
"284","BMDB01316","6-Phosphogluconic acid","BIRSGZKFKXLSJQ-SQOUGZDYSA-N","O[C@H](COP(O)(O)=O)[C@@H](O)[C@H](O)[C@@H](O)C(O)=O","91493","FALSE",NA,NA,"No Match"
"285","BMDB01318","4-Methylpentanal","JGEGJYXHCFUMJF-UHFFFAOYSA-N","CC(C)CCC=O","129","FALSE",NA,NA,"No Match"
"286","BMDB01327","Rubidium","NCCSSGKUIKYAJD-UHFFFAOYSA-N","[Rb+]","105153","TRUE",NA,NA,"No Match"
"287","BMDB01333","Manganese","WAEMQWOKJMHJLA-UHFFFAOYSA-N","[Mn++]","27854","TRUE",NA,NA,"No Match"
"288","BMDB01341","ADP","XTWYTFMLZFPYCI-KQYNXXCUSA-N","NC1=NC=NC2=C1N=CN2[C@@H]1O[C@H](COP(O)(=O)OP(O)(O)=O)[C@@H](O)[C@H]1O","6022","TRUE",NA,NA,"No Match"
"289","BMDB01349","Selenium","HMUBNCUQSSTAIB-UHFFFAOYSA-N","[Se--]","107674","TRUE",NA,NA,"No Match"
"290","BMDB01366","Purine","KDCGOANMDULRCW-UHFFFAOYSA-N","N1C=NC2=C1C=NC=N2","1044","FALSE",NA,NA,"No Match"
"291","BMDB01370","Diaminopimelic acid","GMKMEZVLHJARHF-WHFBIAKZSA-N","N[C@@H](CCC[C@H](N)C(O)=O)C(O)=O","439283","FALSE",NA,NA,"No Match"
"292","BMDB01388","Alpha-Linolenic acid","DTOSIQBPPRVQHS-IUQGRGSQSA-N","[H]\C(CC)=C(\[H])C\C([H])=C(/[H])C\C([H])=C(/[H])CCCCCCCC(O)=O","5282822","TRUE","DMD302269","DMD302269","Unique Match (by names only)"
"293","BMDB01389","Melatonin","DRLFMBDRBRZALE-UHFFFAOYSA-N","COC1=CC2=C(NC=C2CCNC(C)=O)C=C1","896","TRUE",NA,NA,"No Match"
"294","BMDB01392","p-Aminobenzoic acid","ALYNCZNDIQEVRV-UHFFFAOYSA-N","NC1=CC=C(C=C1)C(O)=O","978","FALSE",NA,"DMD302189","Unique Match (by pubchem only)"
"295","BMDB01397","Guanosine monophosphate","RQFCJASXJCIDSX-UUOKFMHZSA-N","NC1=NC2=C(N=CN2[C@@H]2O[C@H](COP(O)(O)=O)[C@@H](O)[C@H]2O)C(=O)N1","6804","TRUE",NA,NA,"No Match"
"296","BMDB01401","Glucose 6-phosphate","NBSCHQHZLSJFNQ-GASJEMHNSA-N","OC1O[C@H](COP(O)(O)=O)[C@@H](O)[C@H](O)[C@H]1O","5958","TRUE","DMD302132","DMD302132","Unique Match (by names and pubchem)"
"297","BMDB01406","Niacinamide","DFPAKSUCGFBDDF-UHFFFAOYSA-N","NC(=O)C1=CC=CN=C1","936","TRUE","DMD302085","DMD302085","Unique Match (by names and pubchem)"
"298","BMDB01414","Putrescine","KIDHWZJUCRJVML-UHFFFAOYSA-N","NCCCCN","1045","FALSE",NA,NA,"No Match"
"299","BMDB01425","Estrone sulfate","JKKFKPJIXZFSSB-CBZIJGRNSA-N","C[C@]12CC[C@H]3[C@@H](CCC4=C3C=CC(OS(O)(=O)=O)=C4)[C@@H]1CCC2=O","3001028","TRUE",NA,NA,"No Match"
"300","BMDB01429","Phosphate","NBIIXXVUZAFLBC-UHFFFAOYSA-K","[O-]P([O-])([O-])=O","57424078","TRUE","DMD302548","DMD302548","Unique Match (by names only)"
"301","BMDB01431","Pyridoxamine","NHZMQXZHNVQTQA-UHFFFAOYSA-N","CC1=C(O)C(CN)=C(CO)C=N1","1052","TRUE",NA,NA,"No Match"
"302","BMDB01451","Lipoic acid","AGBQKNBQESQNJD-SSDOTTSWSA-N","OC(=O)CCCC[C@@H]1CCSS1","6112","FALSE",NA,NA,"No Match"
"303","BMDB01475","Zirconium","GBNDTYKAOXLLID-UHFFFAOYSA-N","[Zr+4]","115139","TRUE",NA,NA,"No Match"
"304","BMDB01488","Nicotinic acid","PVNIIMVLHYAWGP-UHFFFAOYSA-N","OC(=O)C1=CN=CC=C1","938","TRUE",NA,NA,"No Match"
"305","BMDB01491","Pyridoxal 5'-phosphate","NGVDGCNFYWLIFO-UHFFFAOYSA-N","CC1=NC=C(COP(O)(O)=O)C(C=O)=C1O","1051","TRUE",NA,NA,"No Match"
"306","BMDB01492","Gamma-Tocopherol","QUEDXNHFTDJVIY-UHFFFAOYSA-N","CC(C)CCCC(C)CCCC(C)CCCC1(C)CCC2=CC(O)=C(C)C(C)=C2O1","14986","TRUE",NA,NA,"No Match"
"307","BMDB01511","Phosphocreatine","DRBBFCLWYRJSJZ-UHFFFAOYSA-N","CN(CC(O)=O)C(=N)NP(O)(O)=O","587","TRUE","DMD302677","DMD302151","Unique Match (by pubchem only)"
"308","BMDB01514","Glucosamine","MSWZFWKMSRAUBD-HOWGCPQDSA-N","[H][C@@]1(N)C(O)O[C@@]([H])(CO)[C@]([H])(O)[C@@]1([H])O","439213","FALSE",NA,NA,"No Match"
"309","BMDB01518","Alpha-CEHC","AXODOWFEFKOVSH-UHFFFAOYSA-N","CC1=C(C)C2=C(CCC(C)(CCC(O)=O)O2)C(C)=C1O","9943542","FALSE",NA,NA,"No Match"
"310","BMDB01539","Dimethyl-L-arginine","YDGMGEXADBMOMJ-LURJTMIESA-N","N[C@@H](CCC\N=C(/N)N(C)C)C(O)=O","123831","TRUE","DMD302088","DMD302088","Unique Match (by names only)"
"311","BMDB01545","Pyridoxal","RADKZDMFGJYCBB-UHFFFAOYSA-N","CC1=NC=C(CO)C(C=O)=C1O","1050","TRUE","DMD302058","DMD302058","Unique Match (by names and pubchem)"
"312","BMDB01548","D-Ribose 5-phosphate","KTVPXOYAKDPRHY-SOOFDHNKSA-N","OC1O[C@H](COP(O)(O)=O)[C@@H](O)[C@H]1O","439167","FALSE","DMD302055;DMD302540;DMD305125","DMD305125","Unique Match (by names and pubchem)"
"313","BMDB01552","2-Keto-glutaramic acid","COJBGNAUUSNXHX-UHFFFAOYSA-N","NC(=O)CCC(=O)C(O)=O","48","FALSE",NA,NA,"No Match"
"314","BMDB01553","2-Oxo-4-methylthiobutanoic acid","SXFSQZDSUWACKX-UHFFFAOYSA-N","CSCCC(=O)C(O)=O","473","FALSE",NA,NA,"No Match"
"315","BMDB01555","Pyridoxamine 5'-phosphate","ZMJGSOSNSPKHNH-UHFFFAOYSA-N","CC1=NC=C(COP(O)(O)=O)C(CN)=C1O","1053","TRUE",NA,NA,"No Match"
"316","BMDB01563","1-Methylguanosine","UTAIYTHAJQNQDW-KQYNXXCUSA-N","CN1C(N)=NC2=C(N=CN2[C@@H]2O[C@H](CO)[C@@H](O)[C@H]2O)C1=O","96373","FALSE",NA,NA,"No Match"
"317","BMDB01565","Phosphorylcholine","YHHSONZFOIEMCP-UHFFFAOYSA-O","C[N+](C)(C)CCOP(O)(O)=O","1014","TRUE","DMD302702;DMD305576","DMD302702","Unique Match (by names and pubchem)"
"318","BMDB01586","Glucose 1-phosphate","HXXFSFRBOHSIMQ-GASJEMHNSA-N","OC[C@H]1OC(OP(O)(O)=O)[C@H](O)[C@@H](O)[C@@H]1O","123912","TRUE","DMD302584;DMD302689","DMD302584;DMD302689","Multiple Match (by names only)"
"319","BMDB01645","L-Norleucine","LRQKBLKVPFOOQJ-YFKPBYRVSA-N","CCCC[C@H](N)C(O)=O","21236","FALSE","DMD302083","DMD302083","Unique Match (by names and pubchem)"
"320","BMDB01659","Acetone","CSCPPACGZOOCGX-UHFFFAOYSA-N","CC(C)=O","180","TRUE","DMD302668","DMD302668","Unique Match (by names and pubchem)"
"321","BMDB01830","Progesterone","RJKFOVLPORLFTN-LEKSSAKUSA-N","[H][C@@]12CC[C@H](C(C)=O)[C@@]1(C)CC[C@@]1([H])[C@@]2([H])CCC2=CC(=O)CC[C@]12C","5994","TRUE",NA,NA,"No Match"
"322","BMDB01854","Tellurium","LHBANKJAFPUZQV-UHFFFAOYSA-N","[Te+4]","115151","TRUE",NA,NA,"No Match"
"323","BMDB01858","p-Cresol","IWDCLRJOBJJRNH-UHFFFAOYSA-N","CC1=CC=C(O)C=C1","2879","TRUE",NA,NA,"No Match"
"324","BMDB01859","Acetaminophen","RZVAJINKPMORJF-UHFFFAOYSA-N","CC(=O)NC1=CC=C(O)C=C1","1983","FALSE",NA,NA,"No Match"
"325","BMDB01873","Isobutyric acid","KQNPFQTWMSNSAP-UHFFFAOYSA-N","CC(C)C(O)=O","6590","TRUE",NA,NA,"No Match"
"326","BMDB01875","Methanol","OKKJLVBELUTLKV-UHFFFAOYSA-N","CO","887","TRUE","DMD302698","DMD302698","Unique Match (by names and pubchem)"
"327","BMDB01882","Dihydroxyacetone","RXKJFZQQPQGTFL-UHFFFAOYSA-N","OCC(=O)CO","670","FALSE","DMD302287","DMD302287","Unique Match (by names only)"
"328","BMDB01890","Acetylcysteine","PWKSKIMOESPYIA-BYPYZUCNSA-N","CC(=O)N[C@@H](CS)C(O)=O","12035","FALSE",NA,NA,"No Match"
"329","BMDB01891","m-Aminobenzoic acid","XFDUHJPVQKIXHO-UHFFFAOYSA-N","NC1=CC=CC(=C1)C(O)=O","7419","FALSE",NA,NA,"No Match"
"330","BMDB01893","Alpha-Tocopherol","GVJHHUAWPYXKBD-IEOSBIPESA-N","CC(C)CCC[C@@H](C)CCC[C@@H](C)CCC[C@]1(C)CCC2=C(O1)C(C)=C(C)C(O)=C2C","14985","TRUE",NA,NA,"No Match"
"331","BMDB01903","Calcitriol","GMRQFYUYWCNGIN-NKMMMXOESA-N","C[C@H](CCCC(C)(C)O)[C@@]1([H])CC[C@@]2([H])\C(CCC[C@]12C)=C\C=C1\C[C@@H](O)C[C@H](O)C1=C","5280453","TRUE",NA,NA,"No Match"
"332","BMDB01906","2-Aminoisobutyric acid","FUOOLUPWFVMBKG-UHFFFAOYSA-N","CC(C)(N)C(O)=O","6119","FALSE",NA,NA,"No Match"
"333","BMDB01960","Tin","SYRHIZPPCHMRIT-UHFFFAOYSA-N","[Sn+4]","4077523","TRUE",NA,NA,"No Match"
"334","BMDB01964","Caffeic acid","QAIPRVGONGVQAS-RQOWECAXSA-N","OC(=O)\C=C/C1=CC=C(O)C(O)=C1","1549111","FALSE",NA,NA,"No Match"
"335","BMDB01966","Titanium","LCKIEQZJEYYRIY-UHFFFAOYSA-N","[Ti+4]","114942","TRUE",NA,NA,"No Match"
"336","BMDB01976","Docosapentaenoic acid","YEKFYCQGYMVFKR-MBFZXKRTSA-N","[H]\C(CCCCCCCCCCC)=C(\[H])/C(/[H])=C(\[H])/C(/[H])=C(\[H])/C(/[H])=C(\[H])/C(/[H])=C(\[H])C(O)=O","6438348","TRUE",NA,NA,"No Match"
"337","BMDB01999","Eicosapentaenoic acid","JAZBEHYOTPTENJ-JLNKQSITSA-N","CC\C=C/C\C=C/C\C=C/C\C=C/C\C=C/CCCC(O)=O","446284","TRUE","DMD302278","DMD302278","Unique Match (by names and pubchem)"
"338","BMDB02000","Myristoleic acid","YWWVWXASSLXJHU-WAYWQWQTSA-N","CCCC\C=C/CCCCCCCC(O)=O","5281119","TRUE","DMD302647","DMD302647","Unique Match (by names and pubchem)"
"339","BMDB02003","Tetracosanoic acid","QZZGJDVWLFXDLK-UHFFFAOYSA-N","CCCCCCCCCCCCCCCCCCCCCCCC(O)=O","11197","FALSE",NA,"DMD302289","Unique Match (by pubchem only)"
"340","BMDB02005","Methionine sulfoxide","QEFRNWWLZKMPFJ-UHFFFAOYSA-N","CS(=O)CCC(N)C(O)=O","847","FALSE",NA,NA,"No Match"
"341","BMDB02013","Butyrylcarnitine","QWYFHHGCZUCMBN-UHFFFAOYSA-N","CCCC(=O)OC(CC([O-])=O)C[N+](C)(C)C","213144","TRUE","DMD305445","DMD305445","Unique Match (by names and pubchem)"
"342","BMDB02014","cis-5-Tetradecenoylcarnitine","NNCBVXBBLABOCB-SEYXRHQNSA-N","CCCCCCCC\C=C/CCCC(=O)OC(CC([O-])=O)C[N+](C)(C)C","22833575","TRUE",NA,NA,"No Match"
"343","BMDB02024","Imidazoleacetic acid","PRJKNHOMHKJCEJ-UHFFFAOYSA-N","OC(=O)CC1=CN=CN1","96215","FALSE",NA,NA,"No Match"
"344","BMDB02035","4-Hydroxycinnamic acid","NGSWKAQJJWESNS-ZZXKWVIFSA-N","OC(=O)\C=C\C1=CC=C(O)C=C1","637542","FALSE",NA,NA,"No Match"
"345","BMDB02040","4-Methoxycinnamic acid","AFDXODALSZRGIH-QPJJXVBHSA-N","COC1=CC=C(\C=C\C(O)=O)C=C1","699414","FALSE",NA,NA,"No Match"
"346","BMDB02048","m-Cresol","RLSSMJSEOOYNOY-UHFFFAOYSA-N","CC1=CC=CC(O)=C1","342","FALSE",NA,NA,"No Match"
"347","BMDB02055","o-Cresol","QWVGKYWNOKOFNN-UHFFFAOYSA-N","CC1=CC=CC=C1O","335","FALSE",NA,NA,"No Match"
"348","BMDB02064","N-Acetylputrescine","KLZGKIDSEJWEDW-UHFFFAOYSA-N","CC(=O)NCCCCN","122356","FALSE",NA,NA,"No Match"
"349","BMDB02068","Erucic acid","DPUOLQHDNGRHBS-MDZDMXLPSA-N","[H]\C(CCCCCCCC)=C(\[H])CCCCCCCCCCCC(O)=O","5282772","TRUE",NA,NA,"No Match"
"350","BMDB02092","Itaconic acid","LVHBHZANLOWSRM-UHFFFAOYSA-N","OC(=O)CC(=C)C(O)=O","811","FALSE",NA,NA,"No Match"
"351","BMDB02111","Water","XLYOFNOQVPJJNP-UHFFFAOYSA-N","O","962","TRUE",NA,NA,"No Match"
"352","BMDB02142","Phosphoric acid","NBIIXXVUZAFLBC-UHFFFAOYSA-N","OP(O)(O)=O","57424078","FALSE","DMD302548","DMD302548","Unique Match (by names only)"
"353","BMDB02151","Dimethyl sulfoxide","IAZDPXIOMUYVGZ-UHFFFAOYSA-N","CS(C)=O","679","TRUE","DMD302140","DMD302140","Unique Match (by names and pubchem)"
"354","BMDB02174","Cobalamin","NSLAUEAQDBERRV-UHFFFAOYSA-L","[Co+3].CC(CNC(=O)CCC1(C)C(CC(N)=O)C2[N-]\C1=C(C)/C1=N/C(=C\C3=N\C(=C(C)/C4=NC2(C)C(C)(CC(N)=O)C4CCC(N)=O)\C(C)(CC(N)=O)C3CCC(N)=O)/C(C)(C)C1CCC(N)=O)OP([O-])(=O)OC1C(CO)OC(C1O)N1C=NC2=C1C=C(C)C(C)=C2","6857388","TRUE",NA,NA,"No Match"
"355","BMDB02177","8,11,14,17-Eicosatetraenoic acid","HQPCSDADVLFHHO-GFRMADBLSA-N","[H]\C(CC)=C(\[H])C\C([H])=C(/[H])C\C([H])=C(/[H])C\C([H])=C(/[H])CCCCCCC(O)=O","5282842","TRUE",NA,NA,"No Match"
"356","BMDB02183","Docosahexaenoic acid","MBMBGCFOFBJSGT-KUBAVDMBSA-N","CC\C=C/C\C=C/C\C=C/C\C=C/C\C=C/C\C=C/CCC(O)=O","445580","TRUE","DMD302287","DMD302287","Unique Match (by names and pubchem)"
"357","BMDB02196","Bismuth","JDIBGQFKXXXXPN-UHFFFAOYSA-N","[Bi+3]","105143","TRUE",NA,NA,"No Match"
"358","BMDB02209","Equol","ADFCQWZHKCXPAJ-GFCCVEGCSA-N","OC1=CC=C(C=C1)[C@H]1COC2=C(C1)C=CC(O)=C2","91469","TRUE",NA,NA,"No Match"
"359","BMDB02210","2-Phenylglycine","ZGUNAGUHMKGQNY-UHFFFAOYSA-N","NC(C(O)=O)C1=CC=CC=C1","3866","FALSE",NA,NA,"No Match"
"360","BMDB02212","Arachidic acid","VKOBVWXKNCXXDE-UHFFFAOYSA-N","CCCCCCCCCCCCCCCCCCCC(O)=O","10467","TRUE","DMD302273","DMD302273","Unique Match (by names and pubchem)"
"361","BMDB02226","Adrenic acid","TWSWSIQAPQLDBP-CGRWFSSPSA-N","[H]\C(CCCCC)=C(\[H])C\C([H])=C(/[H])C\C([H])=C(/[H])C\C([H])=C(/[H])CCCCCC(O)=O","5282844","TRUE","DMD305206","DMD305206","Unique Match (by names only)"
"362","BMDB02231","Eicosenoic acid","BITHHVVYSMSWAG-KTKRTIGZSA-N","CCCCCCCC\C=C/CCCCCCCCCC(O)=O","5282768","FALSE","DMD302274","DMD302274","Unique Match (by names and pubchem)"
"363","BMDB02250","Dodecanoylcarnitine","FUJLYHJROOYKRA-QGZVFWFLSA-N","CCCCCCCCCCCC(=O)O[C@H](CC([O-])=O)C[N+](C)(C)C","168381","TRUE",NA,NA,"No Match"
"364","BMDB02259","Heptadecanoic acid","KEMQGTRYUADPNZ-UHFFFAOYSA-N","CCCCCCCCCCCCCCCCC(O)=O","10465","TRUE","DMD302261","DMD302261","Unique Match (by names and pubchem)"
"365","BMDB02285","2-Indolecarboxylic acid","HCUARRIEZVDMPT-UHFFFAOYSA-N","OC(=O)C1=CC2=C(N1)C=CC=C2","72899","FALSE",NA,NA,"No Match"
"366","BMDB02287","Homocysteine thiolactone","KIWQWJKWBHZMDT-UHFFFAOYSA-N","NC1CCSC1=O","107712","FALSE",NA,NA,"No Match"
"367","BMDB02290","Arsenic","LULLIKNODDLMDQ-UHFFFAOYSA-N","[As+3]","104734","TRUE",NA,NA,"No Match"
"368","BMDB02329","Oxalic acid","MUBZPKHOEPUJKR-UHFFFAOYSA-N","OC(=O)C(O)=O","971","FALSE",NA,NA,"No Match"
"369","BMDB02338","Biochanin A","WUADCCWRTIWANL-UHFFFAOYSA-N","COC1=CC=C(C=C1)C1=COC2=CC(O)=CC(O)=C2C1=O","5280373","TRUE",NA,NA,"No Match"
"370","BMDB02339","5-Methoxytryptophan","KVNPSKDDJARYKK-JTQLQIEISA-N","COC1=CC2=C(NC=C2C[C@H](N)C(O)=O)C=C1","151018","FALSE",NA,NA,"No Match"
"371","BMDB02345","Heneicosanoic acid","CKDDRHZIAZRDBW-UHFFFAOYSA-N","CCCCCCCCCCCCCCCCCCCCC(O)=O","16898","FALSE",NA,"DMD302279","Unique Match (by pubchem only)"
"372","BMDB02386","Boron","FRWDHMWMHYXNLW-UHFFFAOYSA-N","[B+3]","5460517","TRUE",NA,NA,"No Match"
"373","BMDB02393","N-Methyl-D-aspartic acid","HOKKHZGPKSLGJE-GSVOUGTGSA-N","CN[C@H](CC(O)=O)C(O)=O","22880","FALSE",NA,NA,"No Match"
"374","BMDB02457","Nickel","VEQPNABPJHWNSG-UHFFFAOYSA-N","[Ni++]","934","TRUE",NA,NA,"No Match"
"375","BMDB02503","Vanadium","KOKKJWHERHSKEB-UHFFFAOYSA-N","[V+3]","","TRUE",NA,NA,"No Match"
"376","BMDB02511","3,4,5-Trimethoxycinnamic acid","YTFVRYKNXDADBI-SNAWJCMRSA-N","COC1=CC(\C=C\C(O)=O)=CC(OC)=C1OC","735755","FALSE",NA,NA,"No Match"
"377","BMDB02520","Beta-Glycerophosphoric acid","DHCLVCXQIBBOPH-UHFFFAOYSA-N","OCC(CO)OP(O)(O)=O","2526","FALSE","DMD302600","DMD302600","Unique Match (by names and pubchem)"
"378","BMDB02545","Galacturonic acid","IAJILQKETJEXLJ-RSJOWCBRSA-N","O[C@@H](C=O)[C@@H](O)[C@@H](O)[C@H](O)C(O)=O","84740","FALSE",NA,NA,"No Match"
"379","BMDB02670","Naringenin","FTVWIRXFELQLPI-ZDUSSCGKSA-N","[H][C@]1(CC(=O)C2=C(O1)C=C(O)C=C2O)C1=CC=C(O)C=C1","439246","TRUE",NA,NA,"No Match"
"380","BMDB02789","Zeaxanthin","JKQXZKUSFCKOGQ-QAYBQHTQSA-N","C\C(\C=C\C=C(/C)\C=C\C1=C(C)C[C@@H](O)CC1(C)C)=C/C=C/C=C(\C)/C=C/C=C(\C)/C=C/C1=C(C)C[C@@H](O)CC1(C)C","5280899","TRUE",NA,NA,"No Match"
"381","BMDB02815","LysoPC(18:1(9Z))","YAMUFBLWGFFICM-PTGWMXDISA-N","CCCCCCCC\C=C/CCCCCCCC(=O)OC[C@@]([H])(O)COP([O-])(=O)OCC[N+](C)(C)C","16081932","TRUE","DMD302311","DMD302311","Unique Match (by names and pubchem)"
"382","BMDB02894","5-Methylcytosine","LRSASMSXMSNRBT-UHFFFAOYSA-N","CC1=C(N)NC(=O)N=C1","65040","FALSE",NA,NA,"No Match"
"383","BMDB02902","Delta-Tocopherol","GZIFEOYASATJEH-VHFRWLAGSA-N","CC(C)CCC[C@@H](C)CCC[C@@H](C)CCC[C@]1(C)CCC2=C(O1)C(C)=CC(O)=C2","92094","TRUE",NA,NA,"No Match"
"384","BMDB02923","Isomaltose","DLRVVLDZNNYCBX-RTPHMHGBSA-N","OC[C@H]1O[C@H](OC[C@H]2OC(O)[C@H](O)[C@@H](O)[C@@H]2O)[C@H](O)[C@@H](O)[C@@H]1O","440656","FALSE",NA,NA,"No Match"
"385","BMDB02925","8,11,14-Eicosatrienoic acid","HOBAELRKJCKHQD-QNEBEIHSSA-N","CCCCC\C=C/C\C=C/C\C=C/CCCCCCC(O)=O","5280581","TRUE","DMD302273;DMD302276","DMD302276","Unique Match (by names and pubchem)"
"386","BMDB03011","O-Acetylserine","VZXPDPZARILFQX-BYPYZUCNSA-N","CC(=O)OC[C@H](N)C(O)=O","99478","FALSE",NA,NA,"No Match"
"387","BMDB03012","Aniline","PAYRUJLWNCNPSJ-UHFFFAOYSA-N","NC1=CC=CC=C1","6115","FALSE",NA,NA,"No Match"
"388","BMDB03217","Genistein","TZBJGXHYKVUXJN-UHFFFAOYSA-N","OC1=CC=C(C=C1)C1=COC2=CC(O)=CC(O)=C2C1=O","5280961","TRUE","DMD302177","DMD302177","Unique Match (by names and pubchem)"
"389","BMDB03227","Methanethiol","LSDPWZHWYPCBBB-UHFFFAOYSA-N","CS","878","TRUE",NA,NA,"No Match"
"390","BMDB03229","Palmitoleic acid","SECPZKHBENQXJG-FPLPWBNLSA-N","CCCCCC\C=C/CCCCCCCC(O)=O","445638","TRUE","DMD302257","DMD302257","Unique Match (by names and pubchem)"
"391","BMDB03231","Vaccenic acid","UWHZIFQPPBDJPM-BQYQJAHWSA-N","CCCCCC\C=C\CCCCCCCCCC(O)=O","5281127","FALSE","DMD305601","DMD305601","Unique Match (by names only)"
"392","BMDB03233","Lutein","KBPHJBAIARWVSC-RTIVXWJOSA-N","O[C@@H]1CC(C)=C(\C=C\C(\C)=C\C=C\C(\C)=C\C=C\C=C(/C)\C=C\C=C(/C)\C=C\[C@H]2C(C)=CC(O)CC2(C)C)C(C)(C)C1","6433159","TRUE",NA,NA,"No Match"
"393","BMDB03276","Hydrogen sulfide","RWSOTUBLDIXVET-UHFFFAOYSA-N","S","402","TRUE",NA,NA,"No Match"
"394","BMDB03312","Daidzein","ZQSIJRDFPHDXIC-UHFFFAOYSA-N","OC1=CC=C(C=C1)C1=COC2=C(C=CC(O)=C2)C1=O","5281708","TRUE",NA,NA,"No Match"
"395","BMDB03331","1-Methyladenosine","GFYLSDSUCHVORB-IOSLPCCCSA-N","CN1C=NC2=C(N=CN2[C@@H]2O[C@H](CO)[C@@H](O)[C@H]2O)C1=N","27476","TRUE","DMD302210","DMD302210","Unique Match (by names and pubchem)"
"396","BMDB03338","Hydroxylamine","AVXURJPOCDRRFD-UHFFFAOYSA-N","NO","787","FALSE",NA,NA,"No Match"
"397","BMDB03349","L-Dihydroorotic acid","UFIVEPVSAGBUSI-REOHCLBHSA-N","OC(=O)[C@@H]1CC(=O)NC(=O)N1","439216","FALSE",NA,"DMD302142","Unique Match (by pubchem only)"
"398","BMDB03355","5-Aminopentanoic acid","JJMDCOVWQOJGCB-UHFFFAOYSA-N","NCCCCC(O)=O","138","FALSE",NA,NA,"No Match"
"399","BMDB03357","N-Acetylornithine","JRLGPAXAGHMNOL-LURJTMIESA-N","CC(=O)N[C@@H](CCCN)C(O)=O","439232","TRUE",NA,NA,"No Match"
"400","BMDB03361","Pyrimidine","CZPWVGJYEJSRLH-UHFFFAOYSA-N","C1=CN=CN=C1","9260","FALSE",NA,NA,"No Match"
"401","BMDB03371","L-Ribulose","LQXVFWRQNMEDEE-OVEKKEMJSA-N","OCC1(O)OC[C@@H](O)[C@@H]1O","439204","FALSE","DMD302539","DMD302539","Unique Match (by names only)"
"402","BMDB03375","(-)-Limonene","XMGQYMWWDOXHJM-SNVBAGLBSA-N","CC(=C)[C@H]1CCC(C)=CC1","439250","FALSE",NA,NA,"No Match"
"403","BMDB03378","Nitric oxide","MWUXSHHQAYIFBG-UHFFFAOYSA-N","[N]=O","145068","TRUE",NA,NA,"No Match"
"404","BMDB03402","Pectin","AEMOLEFTQBMNLQ-DTEWXJGMSA-N","O[C@@H]1O[C@@H]([C@H](O)[C@H](O)[C@H]1O)C(O)=O","441476","TRUE","DMD302563;DMD305604","DMD302563;DMD305604","Multiple Match (by names only)"
"405","BMDB03407","Diacetyl","QSJXEFYPDANLFS-UHFFFAOYSA-N","CC(=O)C(C)=O","650","TRUE",NA,NA,"No Match"
"406","BMDB03429","Cob(I)alamin","SJBNFITWNDPBKE-FWTZXHJXSA-N","[Co].[H]C1=C2N=C(\C(C)=C3/N=C([C@]([H])(CC(O)=N)[C@@]3(C)CCC(O)=NCC([H])(C)OP(O)(=O)OC3([H])[C@]([H])(CO)OC([H])(N4C=NC5=C4C=C(C)C(C)=C5)C3([H])O)[C@]3(C)N=C(\C(C)=C4/N=C1[C@@]([H])(CCC(O)=N)[C@]4(C)CC(O)=N)[C@@]([H])(CCC(O)=N)[C@]3(C)CC(O)=N)[C@@]([H])(CCC(O)=N)C2(C)C","53477772","TRUE",NA,NA,"No Match"
"407","BMDB03431","L-Histidinol","ZQISRDCJNBUVMM-YFKPBYRVSA-N","N[C@H](CO)CC1=CN=CN1","165271","FALSE",NA,NA,"No Match"
"408","BMDB03449","Beta-D-Galactose","WQZGKKKJIJFFOK-FPRJBGLDSA-N","OC[C@H]1O[C@@H](O)[C@H](O)[C@@H](O)[C@H]1O","439353","TRUE",NA,NA,"No Match"
"409","BMDB03459","D-Alanyl-D-alanine","DEFJQIDDEAULHB-QWWZWVQMSA-N","C[C@@H](N)C(=O)N[C@H](C)C(O)=O","5460362","FALSE",NA,NA,"No Match"
"410","BMDB03543","Butanal","ZTQSAGDEMFDKMZ-UHFFFAOYSA-N","CCCC=O","261","TRUE",NA,NA,"No Match"
"411","BMDB03550","Calcidiol","JWUBBDSIWDLEOM-DTOXIADCSA-N","C[C@H](CCCC(C)(C)O)[C@@]1([H])CC[C@@]2([H])\C(CCC[C@]12C)=C\C=C1\C[C@@H](O)CCC1=C","5283731","TRUE",NA,NA,"No Match"
"412","BMDB03555","Vitamin K1","MBWXNTAXLNYFJB-LKUDQCMESA-N","CC(C)CCCC(C)CCCC(C)CCC\C(C)=C\CC1=C(C)C(=O)C2=CC=CC=C2C1=O","5280483","TRUE",NA,NA,"No Match"
"413","BMDB03625","Mercury","BQPIGGFYSBELGY-UHFFFAOYSA-N","[Hg++]","26623","TRUE",NA,NA,"No Match"
"414","BMDB03638","Cadmium","WLZRMCYVCSSEQC-UHFFFAOYSA-N","[Cd++]","31193","TRUE",NA,NA,"No Match"
"415","BMDB03642","Strontium","PWYYWQHXAPXYMF-UHFFFAOYSA-N","[Sr++]","104798","TRUE",NA,NA,"No Match"
"416","BMDB03671","2-Heptanone","CATSNJVOTSVZJV-UHFFFAOYSA-N","CCCCCC(C)=O","8051","TRUE",NA,NA,"No Match"
"417","BMDB03681","4-Acetamidobutanoic acid","UZTFMUBKZQVKLK-UHFFFAOYSA-N","CC(=O)NCCCC(O)=O","18189","FALSE",NA,NA,"No Match"
"418","BMDB03797","Bovinic acid","JBYXPOFIGCOSSB-GOJKSUSPSA-N","CCCCCC\C=C\C=C/CCCCCCCC(O)=O","5280644","TRUE","DMD302268","DMD302268","Unique Match (by names only)"
"419","BMDB03911","3-Aminoisobutanoic acid","QCHPKSFMDHPSNR-UHFFFAOYSA-N","CC(CN)C(O)=O","64956","FALSE",NA,NA,"No Match"
"420","BMDB04095","5-Methoxytryptamine","JTEJPPKMYBDEMY-UHFFFAOYSA-N","COC1=CC2=C(NC=C2CCN)C=C1","1833","FALSE",NA,NA,"No Match"
"421","BMDB04096","5-Methoxyindoleacetate","COCNDHOPIHDTHK-UHFFFAOYSA-N","COC1=CC2=C(NC=C2CC(O)=O)C=C1","18986","FALSE",NA,NA,"No Match"
"422","BMDB04118","Antimony","FAWGZAFXDJGWBB-UHFFFAOYSA-N","[Sb+3]","104894","TRUE",NA,NA,"No Match"
"423","BMDB04142","Barium","XDFCIPNJCBUZJN-UHFFFAOYSA-N","[Ba++]","104810","TRUE",NA,NA,"No Match"
"424","BMDB04215","3,3',4'5-Tetrahydroxystilbene","CDRPUGZCRXZLFL-OWOJBTEDSA-N","OC1=CC(\C=C\C2=CC(O)=C(O)C=C2)=CC(O)=C1","667639","FALSE",NA,NA,"No Match"
"425","BMDB04327","1-Butanol","LRHPLDYGYMQRHN-UHFFFAOYSA-N","CCCCO","263","TRUE",NA,NA,"No Match"
"426","BMDB04370","N-Methyltryptamine","NCIKQJBVUNUXLW-UHFFFAOYSA-N","CNCCC1=CNC2=CC=CC=C12","6088","FALSE",NA,NA,"No Match"
"427","BMDB04437","Diethanolamine","ZBCBWPMODOFKDW-UHFFFAOYSA-N","OCCNCCO","8113","FALSE",NA,NA,"No Match"
"428","BMDB04483","Estrone glucuronide","FJAZVHYPASAQKM-JBAURARKSA-N","[H][C@@]12CCC(=O)[C@@]1(C)CC[C@]1([H])C3=CC=C(O[C@@H]4O[C@@H]([C@@H](O)[C@H](O)[C@H]4O)C(O)=O)C=C3CC[C@@]21[H]","115255","TRUE",NA,NA,"No Match"
"429","BMDB04628","Lead","RVPVRDXYQKGNMQ-UHFFFAOYSA-N","[Pb++]","73212","TRUE",NA,NA,"No Match"
"430","BMDB04983","Dimethyl sulfone","HHVIBTZHLRERCL-UHFFFAOYSA-N","CS(C)(=O)=O","6213","TRUE","DMD302680","DMD302680","Unique Match (by names and pubchem)"
"431","BMDB05047","9E,11E-Octadecadienoic acid","JBYXPOFIGCOSSB-XBLVEGMJSA-N","CCCCCC\C=C\C=C\CCCCCCCC(O)=O","5280644","FALSE","DMD302268","DMD302268","Unique Match (by names only)"
"432","BMDB05048","10E,12Z-Octadecadienoic acid","JBYXPOFIGCOSSB-UQGDGPGGSA-N","CCCCCC\C=C/C=C/CCCCCCCC(O)=O","5280644","FALSE","DMD302268","DMD302268","Unique Match (by names only)"
"433","BMDB05056","Enterodiol","DWONJCNDULPHLV-HOTGVXAUSA-N","OC[C@H](CC1=CC(O)=CC=C1)[C@H](CO)CC1=CC(O)=CC=C1","115089","TRUE",NA,NA,"No Match"
"434","BMDB05060","Eicosadienoic acid","XSXIVVZCUAHUJO-HZJYTTRNSA-N","CCCCC\C=C/C\C=C/CCCCCCCCCC(O)=O","6439848","TRUE","DMD302275","DMD302275","Unique Match (by names and pubchem)"
"435","BMDB05066","Tetradecanoylcarnitine","PSHXNVGSVNEJBD-LJQANCHMSA-N","CCCCCCCCCCCCCC(=O)O[C@H](CC([O-])=O)C[N+](C)(C)C","53477791","TRUE",NA,NA,"No Match"
"436","BMDB05356","TG(16:0/16:0/16:0)[iso]","PVNIQBQSYATKKL-UHFFFAOYSA-N","CCCCCCCCCCCCCCCC(=O)OCC(COC(=O)CCCCCCCCCCCCCCC)OC(=O)CCCCCCCCCCCCCCC","11147","FALSE","DMD305413","DMD305413","Unique Match (by names and pubchem)"
"437","BMDB05357","TG(16:0/16:0/18:0)[iso3]","DQKMNCLZNGAXNX-VCZQVZGSSA-N","CCCCCCCCCCCCCCCCCC(=O)OC[C@@H](COC(=O)CCCCCCCCCCCCCCC)OC(=O)CCCCCCCCCCCCCCC","99649112","FALSE",NA,NA,"No Match"
"438","BMDB05358","TG(16:0/16:0/20:0)[iso3]","YDZWEVBRICYXOV-OIVUAWODSA-N","CCCCCCCCCCCCCCCCCCCC(=O)OC[C@@H](COC(=O)CCCCCCCCCCCCCCC)OC(=O)CCCCCCCCCCCCCCC","","FALSE",NA,NA,"No Match"
"439","BMDB05359","TG(16:0/16:0/16:1(9Z))[iso3]","FEKLSEFRUGWUOS-DLOIZKPKSA-N","CCCCCCCCCCCCCCCC(=O)OC[C@H](COC(=O)CCCCCCC\C=C/CCCCCC)OC(=O)CCCCCCCCCCCCCCC","9543986","TRUE","DMD302468","DMD302468","Unique Match (by names and pubchem)"
"440","BMDB05360","TG(16:0/16:0/18:1(9Z))[iso3]","YHMDGPZOSGBQRH-YYSBDVFPSA-N","CCCCCCCCCCCCCCCC(=O)OC[C@H](COC(=O)CCCCCCC\C=C/CCCCCCCC)OC(=O)CCCCCCCCCCCCCCC","25240460","FALSE","DMD302475","DMD302475","Unique Match (by names and pubchem)"
"441","BMDB05361","TG(16:0/16:0/20:1(11Z))[iso3]","XRTUKMLVVRMOLM-PLYDGSRGSA-N","CCCCCCCCCCCCCCCC(=O)OC[C@H](COC(=O)CCCCCCCCC\C=C/CCCCCCCC)OC(=O)CCCCCCCCCCCCCCC","9544062","FALSE",NA,NA,"No Match"
"442","BMDB05362","TG(16:0/16:0/18:2(9Z,12Z))[iso3]","MTWYSKGJIDFSRC-IICCMCGVSA-N","CCCCCCCCCCCCCCCC(=O)OC[C@H](COC(=O)CCCCCCC\C=C/C\C=C/CCCCC)OC(=O)CCCCCCCCCCCCCCC","25240356","TRUE",NA,NA,"No Match"
"443","BMDB05363","TG(16:0/16:0/20:4(5Z,8Z,11Z,14Z))[iso3]","FTMDHBKIGZUTJX-MRKXGPBNSA-N","CCCCCCCCCCCCCCCC(=O)OC[C@H](COC(=O)CCC\C=C/C\C=C/C\C=C/C\C=C/CCCCC)OC(=O)CCCCCCCCCCCCCCC","9544125","TRUE",NA,NA,"No Match"
"444","BMDB05365","TG(16:0/18:0/18:0)[iso3]","SDNYRTVJOFMYIW-UHFFFAOYSA-N","CCCCCCCCCCCCCCCCCC(=O)OCC(COC(=O)CCCCCCCCCCCCCCC)OC(=O)CCCCCCCCCCCCCCCCC","99647664","FALSE","DMD305418","DMD305418","Unique Match (by names only)"
"445","BMDB05366","TG(16:0/18:0/20:0)[iso6]","DHDAMQPBPJWJEI-AXAMJWTMSA-N","CCCCCCCCCCCCCCCCCCCC(=O)OC[C@@H](COC(=O)CCCCCCCCCCCCCCC)OC(=O)CCCCCCCCCCCCCCCCC","","FALSE",NA,NA,"No Match"
"446","BMDB05367","TG(16:0/18:0/18:1(9Z))[iso6]","NPCZZYKITFKRQZ-RFBIWTDZSA-N","CCCCCCCCCCCCCCCCCC(=O)OC(COC(=O)CCCCCCCCCCCCCCC)COC(=O)CCCCCCC\C=C/CCCCCCCC","5365005","FALSE",NA,"DMD305419","Unique Match (by pubchem only)"
"447","BMDB05369","TG(16:0/18:0/18:2(9Z,12Z))[iso6]","MDCUASFVKLEFPW-AXYZMXSISA-N","CCCCCCCCCCCCCCCCCC(=O)O[C@H](COC(=O)CCCCCCCCCCCCCCC)COC(=O)CCCCCCC\C=C/C\C=C/CCCCC","9544069","TRUE",NA,NA,"No Match"
"448","BMDB05370","TG(16:0/18:0/20:4(5Z,8Z,11Z,14Z))[iso6]","IBSUTTNKAUSOHR-RHFYBLIZSA-N","CCCCCCCCCCCCCCCCCC(=O)O[C@H](COC(=O)CCCCCCCCCCCCCCC)COC(=O)CCC\C=C/C\C=C/C\C=C/C\C=C/CCCCC","9544279","TRUE",NA,NA,"No Match"
"449","BMDB05374","TG(16:0/16:1(9Z)/18:0)[iso6]","YSNGWXHIKNKBNE-NURROHNTSA-N","CCCCCCCCCCCCCCCCCC(=O)OC[C@@H](COC(=O)CCCCCCCCCCCCCCC)OC(=O)CCCCCCC\C=C/CCCCCC","9544004","TRUE",NA,NA,"No Match"
"450","BMDB05375","TG(16:0/16:1(9Z)/20:0)[iso6]","XFUMCVMRUALVIH-FQFQCYJKSA-N","CCCCCCCCCCCCCCCCCCCC(=O)OC[C@@H](COC(=O)CCCCCCCCCCCCCCC)OC(=O)CCCCCCC\C=C/CCCCCC","9544061","FALSE",NA,NA,"No Match"
"451","BMDB05376","TG(16:0/16:1(9Z)/16:1(9Z))[iso3]","RUOVJPPUXXFZPC-YZEIBMOJSA-N","CCCCCCCCCCCCCCCC(=O)OC[C@H](COC(=O)CCCCCCC\C=C/CCCCCC)OC(=O)CCCCCCC\C=C/CCCCCC","9543987","TRUE","DMD302469","DMD302469","Unique Match (by names and pubchem)"
"452","BMDB05377","TG(16:0/16:1(9Z)/18:1(9Z))[iso6]","TWJCMQZMAPGUSG-JMFJKIOKSA-N","CCCCCCCCCCCCCCCC(=O)OC[C@H](COC(=O)CCCCCCC\C=C/CCCCCCCC)OC(=O)CCCCCCC\C=C/CCCCCC","9544011","TRUE",NA,NA,"No Match"
"453","BMDB05378","TG(16:0/16:1(9Z)/20:1(11Z))[iso6]","IHIYITLVGJUTBO-BPSHQJQISA-N","CCCCCCCCCCCCCCCC(=O)OC[C@H](COC(=O)CCCCCCCCC\C=C/CCCCCCCC)OC(=O)CCCCCCC\C=C/CCCCCC","9544079","TRUE",NA,NA,"No Match"
"454","BMDB05379","TG(16:0/16:1(9Z)/18:2(9Z,12Z))[iso6]","HDFLQJUGWGNORO-BJPYDGQASA-N","CCCCCCCCCCCCCCCC(=O)OC[C@H](COC(=O)CCCCCCC\C=C/C\C=C/CCCCC)OC(=O)CCCCCCC\C=C/CCCCCC","9544021","TRUE",NA,NA,"No Match"
"455","BMDB05380","TG(16:0/16:1(9Z)/20:4(5Z,8Z,11Z,14Z))[iso6]","BURBQZUNMNAKMA-UQVRGOOMSA-N","CCCCCCCCCCCCCCCC(=O)OC[C@H](COC(=O)CCC\C=C/C\C=C/C\C=C/C\C=C/CCCCC)OC(=O)CCCCCCC\C=C/CCCCCC","9544150","TRUE",NA,NA,"No Match"
"456","BMDB05382","TG(16:0/18:1(9Z)/18:1(9Z))[iso3]","JFISYPWOVQNHLS-LBXGSASVSA-N","CCCCCCCCCCCCCCCC(=O)OCC(COC(=O)CCCCCCC\C=C/CCCCCCCC)OC(=O)CCCCCCC\C=C/CCCCCCCC","25240174","TRUE",NA,NA,"No Match"
"457","BMDB05383","TG(16:0/18:1(9Z)/20:1(11Z))[iso6]","FPUBLSPUCGHELU-AWEKCPRFSA-N","CCCCCCCCCCCCCCCC(=O)OC[C@H](COC(=O)CCCCCCCCC\C=C/CCCCCCCC)OC(=O)CCCCCCC\C=C/CCCCCCCC","9544199","TRUE",NA,NA,"No Match"
"458","BMDB05384","TG(16:0/18:1(9Z)/18:2(9Z,12Z))[iso6]","KGLAHZTWGPHKFF-RISKEULASA-N","CCCCCCCCCCCCCCCC(=O)OC[C@H](COC(=O)CCCCCCC\C=C/C\C=C/CCCCC)OC(=O)CCCCCCC\C=C/CCCCCCCC","25240361","TRUE",NA,NA,"No Match"
"459","BMDB05385","TG(16:0/18:1(9Z)/20:4(5Z,8Z,11Z,14Z))[iso6]","KKABVOCYVJCRKP-PZOQESJISA-N","CCCCCCCCCCCCCCCC(=O)OC[C@H](COC(=O)CCC\C=C/C\C=C/C\C=C/C\C=C/CCCCC)OC(=O)CCCCCCC\C=C/CCCCCCCC","9544319","TRUE",NA,NA,"No Match"
"460","BMDB05386","TG(16:0/20:1(11Z)/20:1(11Z))[iso3]","OJBGBKUEIBXOEG-YYEKOYDESA-N","CCCCCCCCCCCCCCCC(=O)OC[C@H](COC(=O)CCCCCCCCC\C=C/CCCCCCCC)OC(=O)CCCCCCCCC\C=C/CCCCCCCC","9544392","FALSE",NA,NA,"No Match"
"461","BMDB05388","TG(16:0/18:2(9Z,12Z)/20:0)[iso6]","KWUMWJZHUAQZMT-IEHWOXSQSA-N","CCCCCCCCCCCCCCCCCCCC(=O)OC[C@@H](COC(=O)CCCCCCCCCCCCCCC)OC(=O)CCCCCCC\C=C/C\C=C/CCCCC","9544195","TRUE",NA,NA,"No Match"
"462","BMDB05389","TG(16:0/18:2(9Z,12Z)/20:1(11Z))[iso6]","YZEDZPDPXZLZNB-YIECYNBOSA-N","CCCCCCCCCCCCCCCC(=O)OC[C@H](COC(=O)CCCCCCCCC\C=C/CCCCCCCC)OC(=O)CCCCCCC\C=C/C\C=C/CCCCC","9544231","TRUE",NA,NA,"No Match"
"463","BMDB05390","TG(16:0/18:2(9Z,12Z)/18:2(9Z,12Z))[iso3]","LXAWUIOWWNQCQA-HFHWEOLTSA-N","CCCCCCCCCCCCCCCC(=O)OC[C@H](COC(=O)CCCCCCC\C=C/C\C=C/CCCCC)OC(=O)CCCCCCC\C=C/C\C=C/CCCCC","25240363","TRUE",NA,NA,"No Match"
"464","BMDB05391","TG(16:0/18:2(9Z,12Z)/20:4(5Z,8Z,11Z,14Z))[iso6]","NIQCHCDUIPSWDJ-DODJOXOJSA-N","CCCCCCCCCCCCCCCC(=O)OC[C@H](COC(=O)CCC\C=C/C\C=C/C\C=C/C\C=C/CCCCC)OC(=O)CCCCCCC\C=C/C\C=C/CCCCC","9544362","TRUE",NA,NA,"No Match"
"465","BMDB05393","TG(18:0/18:0/18:0)","DCXXMTOCNZCJGO-UHFFFAOYSA-N","CCCCCCCCCCCCCCCCCC(=O)OCC(COC(=O)CCCCCCCCCCCCCCCCC)OC(=O)CCCCCCCCCCCCCCCCC","11146","FALSE",NA,NA,"No Match"
"466","BMDB05395","TG(18:0/18:0/18:1(9Z))[iso3]","YFFIQXNTTVSKJC-NZEOUKRFSA-N","CCCCCCCCCCCCCCCCCC(=O)OC[C@H](COC(=O)CCCCCCC\C=C/CCCCCCCC)OC(=O)CCCCCCCCCCCCCCCCC","16058371","FALSE","DMD305422","DMD305422","Unique Match (by names and pubchem)"
"467","BMDB05397","TG(18:0/18:0/18:2(9Z,12Z))[iso3]","ABFJWRKPWCFTQP-JKFVOKSPSA-N","CCCCCCCCCCCCCCCCCC(=O)OC[C@H](COC(=O)CCCCCCC\C=C/C\C=C/CCCCC)OC(=O)CCCCCCCCCCCCCCCCC","25240368","TRUE",NA,NA,"No Match"
"468","BMDB05403","TG(18:0/18:1(9Z)/18:1(9Z))[iso3]","RYNHWWNZNIGDAQ-BMTCQUSZSA-N","CCCCCCCCCCCCCCCCCC(=O)OC[C@H](COC(=O)CCCCCCC\C=C/CCCCCCCC)OC(=O)CCCCCCC\C=C/CCCCCCCC","16058372","TRUE",NA,NA,"No Match"
"469","BMDB05404","TG(18:0/18:1(9Z)/20:1(11Z))[iso6]","OWMDNFFJJVRJMG-BMPUKRIOSA-N","CCCCCCCCCCCCCCCCCC(=O)OC[C@H](COC(=O)CCCCCCCCC\C=C/CCCCCCCC)OC(=O)CCCCCCC\C=C/CCCCCCCC","25240375","FALSE",NA,NA,"No Match"
"470","BMDB05405","TG(18:0/18:1(9Z)/18:2(9Z,12Z))[iso6]","CNGSOZKJBWHOEG-KRNHIMMGSA-N","CCCCCCCCCCCCCCCCCC(=O)OC[C@H](COC(=O)CCCCCCC\C=C/C\C=C/CCCCC)OC(=O)CCCCCCC\C=C/CCCCCCCC","9544216","TRUE",NA,NA,"No Match"
"471","BMDB05407","TG(18:0/20:1(11Z)/20:1(11Z))[iso3]","AFFQVAIMWFYJJS-DTHFMEMVSA-N","CCCCCCCCCCCCCCCCCC(=O)OC[C@H](COC(=O)CCCCCCCCC\C=C/CCCCCCCC)OC(=O)CCCCCCCCC\C=C/CCCCCCCC","9544680","FALSE",NA,NA,"No Match"
"472","BMDB05409","TG(18:0/18:2(9Z,12Z)/20:0)[iso6]","PDEQUPGHMOMBFC-FYEHETCMSA-N","CCCCCCCCCCCCCCCCCCCC(=O)OC[C@@H](COC(=O)CCCCCCCCCCCCCCCCC)OC(=O)CCCCCCC\C=C/C\C=C/CCCCC","9544390","FALSE","DMD302508","DMD302508","Unique Match (by names and pubchem)"
"473","BMDB05411","TG(18:0/18:2(9Z,12Z)/18:2(9Z,12Z))[iso3]","PJHDLKOEJMDTBE-XSHDOBLLSA-N","CCCCCCCCCCCCCCCCCC(=O)OC[C@H](COC(=O)CCCCCCC\C=C/C\C=C/CCCCC)OC(=O)CCCCCCC\C=C/C\C=C/CCCCC","25240370","TRUE",NA,NA,"No Match"
"474","BMDB05412","TG(18:0/18:2(9Z,12Z)/20:4(5Z,8Z,11Z,14Z))[iso6]","CKEOSPBKHRUVTN-CTKOWQHDSA-N","CCCCCCCCCCCCCCCCCC(=O)OC[C@H](COC(=O)CCC\C=C/C\C=C/C\C=C/C\C=C/CCCCC)OC(=O)CCCCCCC\C=C/C\C=C/CCCCC","9544638","TRUE",NA,NA,"No Match"
"475","BMDB05421","TG(16:1(9Z)/18:0/18:0)[iso3]","CDKITPQUODTFLF-FQFQCYJKSA-N","CCCCCCCCCCCCCCCCCC(=O)OC[C@@H](COC(=O)CCCCCCC\C=C/CCCCCC)OC(=O)CCCCCCCCCCCCCCCCC","9544049","FALSE",NA,NA,"No Match"
"476","BMDB05423","TG(16:1(9Z)/18:0/18:1(9Z))[iso6]","SZXNLYZNXCGSMY-JWVPJFKJSA-N","CCCCCCCCCCCCCCCCCC(=O)O[C@H](COC(=O)CCCCCCC\C=C/CCCCCC)COC(=O)CCCCCCC\C=C/CCCCCCCC","9544066","TRUE",NA,NA,"No Match"
"477","BMDB05424","TG(16:1(9Z)/18:0/20:1(11Z))[iso6]","MMEBJAFEPYJMGH-MOJLPSOPSA-N","CCCCCCCCCCCCCCCCCC(=O)O[C@@H](COC(=O)CCCCCCCCC\C=C/CCCCCCCC)COC(=O)CCCCCCC\C=C/CCCCCC","9544200","TRUE",NA,NA,"No Match"
"478","BMDB05425","TG(16:1(9Z)/18:0/18:2(9Z,12Z))[iso6]","HLYOUKKBNQIMLH-CYRKDGISSA-N","CCCCCCCCCCCCCCCCCC(=O)O[C@H](COC(=O)CCCCCCC\C=C/CCCCCC)COC(=O)CCCCCCC\C=C/C\C=C/CCCCC","9544087","TRUE",NA,NA,"No Match"
"479","BMDB05426","TG(16:1(9Z)/18:0/20:4(5Z,8Z,11Z,14Z))[iso6]","ITWBZDOMDJKFCH-PXZCBWGVSA-N","CCCCCCCCCCCCCCCCCC(=O)O[C@H](COC(=O)CCCCCCC\C=C/CCCCCC)COC(=O)CCC\C=C/C\C=C/C\C=C/C\C=C/CCCCC","9544320","TRUE",NA,NA,"No Match"
"480","BMDB05428","TG(16:1(9Z)/20:0/20:1(11Z))[iso6]","XOCUQHRPEPNSJE-HVYAKTSASA-N","CCCCCCCCCCCCCCCCCCCC(=O)O[C@@H](COC(=O)CCCCCCCCC\C=C/CCCCCCCC)COC(=O)CCCCCCC\C=C/CCCCCC","9544393","FALSE",NA,NA,"No Match"
"481","BMDB05430","TG(16:1(9Z)/16:1(9Z)/18:0)[iso3]","QEZWFCZNHWUARW-XQCAQTCHSA-N","CCCCCCCCCCCCCCCCCC(=O)OC[C@@H](COC(=O)CCCCCCC\C=C/CCCCCC)OC(=O)CCCCCCC\C=C/CCCCCC","9544010","TRUE","DMD302476","DMD302476","Unique Match (by names and pubchem)"
"482","BMDB05431","TG(16:1(9Z)/16:1(9Z)/20:0)[iso3]","KKJVTOLWRSMFEP-RLVGKUCASA-N","CCCCCCCCCCCCCCCCCCCC(=O)OC[C@@H](COC(=O)CCCCCCC\C=C/CCCCCC)OC(=O)CCCCCCC\C=C/CCCCCC","9544078","TRUE",NA,NA,"No Match"
"483","BMDB05432","TG(16:1(9Z)/16:1(9Z)/16:1(9Z))[iso] ","SKGWNZXOCSYJQL-BUTYCLJRSA-N","CCCCCC\C=C/CCCCCCCC(=O)OCC(COC(=O)CCCCCCC\C=C/CCCCCC)OC(=O)CCCCCCC\C=C/CCCCCC","9543989","TRUE","DMD302470","DMD302470","Unique Match (by names and pubchem)"
"484","BMDB05433","TG(16:1(9Z)/16:1(9Z)/18:1(9Z))[iso3]","UFHNZOACKFBCOM-YXKNDSBASA-N","CCCCCCCC\C=C/CCCCCCCC(=O)OC[C@@H](COC(=O)CCCCCCC\C=C/CCCCCC)OC(=O)CCCCCCC\C=C/CCCCCC","25240357","TRUE","DMD302478","DMD302478","Unique Match (by names and pubchem)"
"485","BMDB05434","TG(16:1(9Z)/16:1(9Z)/20:1(11Z))[iso3]","YCIPIGLQWOQUJK-PKTDIELCSA-N","CCCCCCCC\C=C/CCCCCCCCCC(=O)OC[C@@H](COC(=O)CCCCCCC\C=C/CCCCCC)OC(=O)CCCCCCC\C=C/CCCCCC","9544099","TRUE",NA,NA,"No Match"
"486","BMDB05435","TG(16:1(9Z)/16:1(9Z)/18:2(9Z,12Z))[iso3]","PVMBAGXWHHZKFP-JMPJWMFJSA-N","CCCCCC\C=C/CCCCCCCC(=O)OC[C@H](COC(=O)CCCCCCC\C=C/C\C=C/CCCCC)OC(=O)CCCCCCC\C=C/CCCCCC","25240359","TRUE","DMD302479","DMD302479","Unique Match (by names and pubchem)"
"487","BMDB05436","TG(16:1(9Z)/16:1(9Z)/20:4(5Z,8Z,11Z,14Z))[iso3]","SWYCMJAKZYLTJN-FKAQGJMVSA-N","CCCCCC\C=C/CCCCCCCC(=O)OC[C@H](COC(=O)CCC\C=C/C\C=C/C\C=C/C\C=C/CCCCC)OC(=O)CCCCCCC\C=C/CCCCCC","9544179","FALSE",NA,NA,"No Match"
"488","BMDB05437","TG(16:1(9Z)/18:1(9Z)/20:0)[iso6]","INYBBHQUSIBINH-OMJPTUBSSA-N","CCCCCCCCCCCCCCCCCCCC(=O)OC[C@@H](COC(=O)CCCCCCC\C=C/CCCCCC)OC(=O)CCCCCCC\C=C/CCCCCCCC","9544196","TRUE",NA,NA,"No Match"
"489","BMDB05438","TG(16:1(9Z)/18:1(9Z)/18:1(9Z))[iso3]","YBWITEZBUYUNFC-GUIYCBLGSA-N","CCCCCCCC\C=C/CCCCCCCC(=O)OC[C@@H](COC(=O)CCCCCCC\C=C/CCCCCC)OC(=O)CCCCCCC\C=C/CCCCCCCC","9544083","TRUE",NA,NA,"No Match"
"490","BMDB05439","TG(16:1(9Z)/18:1(9Z)/20:1(11Z))[iso6]","OVEMPQUFJMCLKI-KEKYZYDQSA-N","CCCCCCCC\C=C/CCCCCCCCCC(=O)OC[C@@H](COC(=O)CCCCCCC\C=C/CCCCCC)OC(=O)CCCCCCC\C=C/CCCCCCCC","9544232","TRUE",NA,NA,"No Match"
"491","BMDB05440","TG(16:1(9Z)/18:1(9Z)/18:2(9Z,12Z))[iso6]","WHSWXEYWNPTUPW-HNJDVRDNSA-N","CCCCCCCC\C=C/CCCCCCCC(=O)O[C@H](COC(=O)CCCCCCC\C=C/CCCCCC)COC(=O)CCCCCCC\C=C/C\C=C/CCCCC","25240364","TRUE","DMD302490","DMD302490","Unique Match (by names and pubchem)"
"492","BMDB05441","TG(16:1(9Z)/18:1(9Z)/20:4(5Z,8Z,11Z,14Z))[iso6]","CDNDFDKFZBPPFW-AXJGXPKFSA-N","CCCCCCCC\C=C/CCCCCCCC(=O)O[C@H](COC(=O)CCCCCCC\C=C/CCCCCC)COC(=O)CCC\C=C/C\C=C/C\C=C/C\C=C/CCCCC","9544363","TRUE","DMD302505","DMD302505","Unique Match (by names only)"
"493","BMDB05443","TG(16:1(9Z)/20:1(11Z)/20:4(5Z,8Z,11Z,14Z))[iso6]","NNCCJKNBYUHUAL-QRHSWZDZSA-N","CCCCCCCC\C=C/CCCCCCCCCC(=O)O[C@H](COC(=O)CCCCCCC\C=C/CCCCCC)COC(=O)CCC\C=C/C\C=C/C\C=C/C\C=C/CCCCC","9544634","TRUE",NA,NA,"No Match"
"494","BMDB05444","TG(16:1(9Z)/18:2(9Z,12Z)/20:0)[iso6]","MSQBYCWSXAUJHK-YNTROPROSA-N","CCCCCCCCCCCCCCCCCCCC(=O)OC[C@@H](COC(=O)CCCCCCC\C=C/CCCCCC)OC(=O)CCCCCCC\C=C/C\C=C/CCCCC","9544227","TRUE",NA,NA,"No Match"
"495","BMDB05445","TG(16:1(9Z)/18:2(9Z,12Z)/20:1(11Z))[iso6]","SZYBCITYDACFEY-YJXCAZQISA-N","CCCCCCCC\C=C/CCCCCCCCCC(=O)OC[C@@H](COC(=O)CCCCCCC\C=C/CCCCCC)OC(=O)CCCCCCC\C=C/C\C=C/CCCCC","25240372","TRUE",NA,NA,"No Match"
"496","BMDB05446","TG(16:1(9Z)/18:2(9Z,12Z)/18:2(9Z,12Z))[iso3]","CQZAAIKPSLHIBC-KDJOUNIJSA-N","CCCCCC\C=C/CCCCCCCC(=O)OC[C@H](COC(=O)CCCCCCC\C=C/C\C=C/CCCCC)OC(=O)CCCCCCC\C=C/C\C=C/CCCCC","25240366","TRUE","DMD302491","DMD302491","Unique Match (by names and pubchem)"
"497","BMDB05447","TG(16:1(9Z)/18:2(9Z,12Z)/20:4(5Z,8Z,11Z,14Z))[iso6]","VUNSQJRBLNQFPQ-PGGPBQQQSA-N","CCCCCC\C=C/CCCCCCCC(=O)OC[C@H](COC(=O)CCC\C=C/C\C=C/C\C=C/C\C=C/CCCCC)OC(=O)CCCCCCC\C=C/C\C=C/CCCCC","9544410","FALSE",NA,NA,"No Match"
"498","BMDB05450","TG(18:1(9Z)/20:0/20:1(11Z))[iso6]","QEBMDFMPVYJRFG-WLPFSFTESA-N","CCCCCCCCCCCCCCCCCCCC(=O)O[C@@H](COC(=O)CCCCCCCCC\C=C/CCCCCCCC)COC(=O)CCCCCCC\C=C/CCCCCCCC","9544681","FALSE",NA,NA,"No Match"
"499","BMDB05452","TG(18:1(9Z)/18:1(9Z)/20:0)[iso3]","JFKGKULDMWLHEK-KMERLIGUSA-N","CCCCCCCCCCCCCCCCCCCC(=O)OC[C@@H](COC(=O)CCCCCCC\C=C/CCCCCCCC)OC(=O)CCCCCCC\C=C/CCCCCCCC","25240374","FALSE",NA,NA,"No Match"
"500","BMDB05453","TG(18:1(9Z)/18:1(9Z)/18:1(9Z))[iso]","PHYFQTYBJUILEZ-IUPFWZBJSA-N","CCCCCCCC\C=C/CCCCCCCC(=O)OCC(COC(=O)CCCCCCC\C=C/CCCCCCCC)OC(=O)CCCCCCC\C=C/CCCCCCCC","5497163","TRUE","DMD302500","DMD302500","Unique Match (by names and pubchem)"
"501","BMDB05455","TG(18:1(9Z)/18:1(9Z)/18:2(9Z,12Z))[iso3]","JTMWOTXEVWLTTO-YKZMILTLSA-N","CCCCCCCC\C=C/CCCCCCCC(=O)OC[C@H](COC(=O)CCCCCCC\C=C/C\C=C/CCCCC)OC(=O)CCCCCCC\C=C/CCCCCCCC","25240371","TRUE",NA,NA,"No Match"
"502","BMDB05456","TG(18:1(9Z)/18:1(9Z)/20:4(5Z,8Z,11Z,14Z))[iso3]","CKSBRWXVWDFKJD-ALCWIDLZSA-N","CCCCCCCC\C=C/CCCCCCCC(=O)OC[C@H](COC(=O)CCC\C=C/C\C=C/C\C=C/C\C=C/CCCCC)OC(=O)CCCCCCC\C=C/CCCCCCCC","9544639","TRUE",NA,NA,"No Match"
"503","BMDB05457","TG(18:1(9Z)/20:1(11Z)/20:1(11Z))[iso3]","RFMSTHTUAZETPD-JJPHLYBUSA-N","CCCCCCCC\C=C/CCCCCCCCCC(=O)OC[C@@H](COC(=O)CCCCCCC\C=C/CCCCCCCC)OC(=O)CCCCCCCCC\C=C/CCCCCCCC","9544748","FALSE",NA,"DMD302514","Unique Match (by pubchem only)"
"504","BMDB05461","TG(18:1(9Z)/18:2(9Z,12Z)/18:2(9Z,12Z))[iso3]","VVEBTVMJPTZDHO-YQFZQLSNSA-N","CCCCCCCC\C=C/CCCCCCCC(=O)OC[C@H](COC(=O)CCCCCCC\C=C/C\C=C/CCCCC)OC(=O)CCCCCCC\C=C/C\C=C/CCCCC","25240373","TRUE",NA,NA,"No Match"
"505","BMDB05464","TG(20:1(11Z)/20:1(11Z)/20:1(11Z))","XKXYLRHFXANGHG-IUPFWZBJSA-N","CCCCCCCC\C=C/CCCCCCCCCC(=O)OCC(COC(=O)CCCCCCCCC\C=C/CCCCCCCC)OC(=O)CCCCCCCCC\C=C/CCCCCCCC","9545117","FALSE",NA,NA,"No Match"
"506","BMDB05467","TG(18:2(9Z,12Z)/20:0/20:0)[iso3]","VYGDFJHLNCSFJZ-GDTJZKNMSA-N","CCCCCCCCCCCCCCCCCCCC(=O)OC[C@@H](COC(=O)CCCCCCC\C=C/C\C=C/CCCCC)OC(=O)CCCCCCCCCCCCCCCCCCC","25240382","FALSE",NA,NA,"No Match"
"507","BMDB05468","TG(18:2(9Z,12Z)/20:0/20:1(11Z))[iso6]","WYUNJFXMLHILJN-MSTBSTCSSA-N","CCCCCCCCCCCCCCCCCCCC(=O)O[C@@H](COC(=O)CCCCCCCCC\C=C/CCCCCCCC)COC(=O)CCCCCCC\C=C/C\C=C/CCCCC","9544749","FALSE",NA,NA,"No Match"
"508","BMDB05474","TG(18:2(9Z,12Z)/18:2(9Z,12Z)/18:2(9Z,12Z))","HBOQXIRUPVQLKX-BBWANDEASA-N","CCCCC\C=C/C\C=C/CCCCCCCC(=O)OCC(COC(=O)CCCCCCC\C=C/C\C=C/CCCCC)OC(=O)CCCCCCC\C=C/C\C=C/CCCCC","5322095","TRUE","DMD302505","DMD302505","Unique Match (by names and pubchem)"
"509","BMDB05781","Glycitein","DXYUAIFZCFRPTH-UHFFFAOYSA-N","COC1=C(O)C=C2OC=C(C(=O)C2=C1)C1=CC=C(O)C=C1","5317750","TRUE",NA,NA,"No Match"
"510","BMDB05805","p-Cymene","HFPZCAJZSCWRBC-UHFFFAOYSA-N","CC(C)C1=CC=C(C)C=C1","7463","TRUE",NA,NA,"No Match"
"511","BMDB05808","Formononetin","HKQYGTCOTHHOMP-UHFFFAOYSA-N","COC1=CC=C(C=C1)C1=COC2=C(C=CC(O)=C2)C1=O","5280378","TRUE",NA,NA,"No Match"
"512","BMDB05842","2-Oxohexane","QQZOPKMRPOGIEB-UHFFFAOYSA-N","CCCCC(C)=O","11583","TRUE",NA,NA,"No Match"
"513","BMDB05862","2-Methylguanosine","SLEHROROQDYRAW-KQYNXXCUSA-N","CNC1=NC(=O)C2=C(N1)N(C=N2)[C@@H]1O[C@H](CO)[C@@H](O)[C@H]1O","3035422","FALSE",NA,NA,"No Match"
"514","BMDB05879","Dimethyldisulfide","WQOXQRCZOLPYPM-UHFFFAOYSA-N","CSSC","12232","TRUE",NA,NA,"No Match"
"515","BMDB05949","Lithium","HBBGRARXTFLTSG-UHFFFAOYSA-N","[Li+]","28486","TRUE",NA,NA,"No Match"
"516","BMDB05960","D-Pipecolic acid","HXEACLLIILLPRG-RXMQYKEDSA-N","OC(=O)[C@H]1CCCCN1","736316","FALSE",NA,NA,"No Match"
"517","BMDB05994","Hexanal","JARKCYVAAOWBJS-UHFFFAOYSA-N","CCCCCC=O","6184","TRUE",NA,NA,"No Match"
"518","BMDB06006","Isobutanol","ZXEKIIBDNHEJCQ-UHFFFAOYSA-N","CC(C)CO","6560","TRUE",NA,NA,"No Match"
"519","BMDB06007","Isopentanol","PHTQWCKDNZKARW-UHFFFAOYSA-N","CC(C)CCO","31260","TRUE",NA,NA,"No Match"
"520","BMDB06024","Mevalonolactone","JYVXNLLUYHCIIH-LURJTMIESA-N","C[C@]1(O)CCOC(=O)C1","5325923","FALSE",NA,NA,"No Match"
"521","BMDB06050","o-Tyrosine","WRFPVMFCRNYQNR-UHFFFAOYSA-N","NC(CC1=CC=CC=C1O)C(O)=O","91482","FALSE",NA,NA,"No Match"
"522","BMDB06101","Enterolactone","HVDGDHBAMCBBLR-UHFFFAOYSA-N","OC1=CC=CC(CC2COC(=O)C2CC2=CC(O)=CC=C2)=C1","123917","TRUE",NA,NA,"No Match"
"523","BMDB06224","17-beta-estradiol-3-glucuronide","MUOHJTRCBBDUOW-BFXFFQJBSA-N","[H][C@@]12CC[C@H](O)[C@@]1(C)CC[C@]1([H])C3=C(CC[C@@]21[H])C=C(OC1O[C@@H]([C@@H](O)[C@H](O)[C@H]1O)C(O)=O)C=C3","13783824","TRUE",NA,NA,"No Match"
"524","BMDB06236","Phenylacetaldehyde","DTUQWGWMVIHBKE-UHFFFAOYSA-N","O=CCC1=CC=CC=C1","998","FALSE",NA,NA,"No Match"
"525","BMDB06246","Tetracosatetraenoic acid n-6","RZHACVKGHNMWOP-ZWZRQGCWSA-N","[H]\C(CCCCCCCCCCCCCCC)=C(\[H])/C(/[H])=C(\[H])/C(/[H])=C(\[H])/C(/[H])=C(\[H])C(O)=O","6440264","TRUE",NA,NA,"No Match"
"526","BMDB06270","Linoelaidic acid","OYHQOLUKZRVURQ-AVQMFFATSA-N","CCCCC\C=C\C\C=C\CCCCCCCC(O)=O","5282457","FALSE","DMD302654","DMD302654","Unique Match (by names only)"
"527","BMDB06478","Iso-Valeraldehyde","YGHRJJRRZDOVPD-UHFFFAOYSA-N","CC(C)CC=O","11552","TRUE",NA,NA,"No Match"
"528","BMDB06525","(+)-a-Pinene","GRWFGVWFFZKLTI-UHFFFAOYSA-N","CC1=CCC2CC1C2(C)C","6654","TRUE",NA,NA,"No Match"
"529","BMDB06528","Clupanodonic acid","YUFFSWGQGVEMMI-JLNKQSITSA-N","CC\C=C/C\C=C/C\C=C/C\C=C/C\C=C/CCCCCC(O)=O","5497182","TRUE","DMD302659;DMD302660","DMD302660","Unique Match (by names and pubchem)"
"530","BMDB06547","Stearidonic acid","JIWBIWFOSCKQMA-GFRMADBLSA-N","[H]\C(CC)=C(\[H])C\C([H])=C(/[H])C\C([H])=C(/[H])C\C([H])=C(/[H])CCCCC(O)=O","5282837","TRUE",NA,NA,"No Match"
"531","BMDB06569","6'-Sialyllactose","VMWYCXKMRSTDSP-GIGDJUIZSA-N","[H][C@]1(O[C@@](C[C@H](O)[C@H]1NC(C)=O)(OC[C@H]1O[C@@H](O[C@H]([C@H](O)CO)[C@H](O)[C@@H](O)C=O)[C@H](O)[C@@H](O)[C@H]1O)C(O)=O)[C@H](O)[C@H](O)CO","643987","TRUE",NA,NA,"No Match"
"532","BMDB06692","Disialyllactose","IESOVNOGVZBLMG-MTEFBGAJSA-N","[H][C@]1(O[C@@H]2O[C@H](CO)[C@H](O)[C@H](O[C@@]3(C[C@H](O)[C@@H](NC(C)=O)[C@@]([H])(O3)[C@H](O)[C@@H](CO)O[C@@]3(C[C@H](O)[C@@H](NC(C)=O)[C@@]([H])(O3)[C@H](O)[C@H](O)CO)C(O)=O)C(O)=O)[C@H]2O)[C@H](O)[C@@H](O)C(O)O[C@@H]1CO","12002504","TRUE",NA,NA,"No Match"
"533","BMDB06773","11b-Hydroxyandrost-4-ene-3,17-dione","WSCUHXPGYUMQEX-CRIVMUBDSA-N","[H][C@@]12CCC(=O)[C@@]1(C)CC([H])(O)[C@@]1([H])[C@@]2([H])CCC2=CC(=O)CC[C@]12C","108106","FALSE",NA,NA,"No Match"
"534","BMDB06779","Indole-5,6-quinone","IGGVVGHJSQSLFO-UHFFFAOYSA-N","O=C1C=C2NC=CC2=CC1=O","440728","FALSE",NA,NA,"No Match"
"535","BMDB06953","1-Phosphatidyl-D-myo-inositol","GUBXYMKIJFOYOA-RYJPWIOHSA-N","[H][C@](COC=O)(COP(O)(=O)OC1([H])[C@@]([H])(O)[C@@]([H])(O)C([H])(O)[C@]([H])(O)[C@@]1([H])O)OC=O","","FALSE",NA,NA,"No Match"
"536","BMDB07033","DG(14:0/22:5(7Z,10Z,13Z,16Z,19Z)/0:0)","UNAUUXGPAPFTQK-MTCOIHPXSA-N","[H][C@](CO)(COC(=O)CCCCCCCCCCCCC)OC(=O)CCCCC\C=C/C\C=C/C\C=C/C\C=C/C\C=C/CC","53477968","FALSE",NA,NA,"No Match"
"537","BMDB07102","DG(16:0/18:1(9Z)/0:0)","YEJYLHKQOBOSCP-OZKTZCCCSA-N","[H][C@](CO)(COC(=O)CCCCCCCCCCCCCCC)OC(=O)CCCCCCC\C=C/CCCCCCCC","5282283","TRUE","DMD305192","DMD305192","Unique Match (by names and pubchem)"
"538","BMDB07128","DG(16:1(9Z)/16:1(9Z)/0:0)","HSQHRRHRYJNSOC-DWCRPSDDSA-N","[H][C@](CO)(COC(=O)CCCCCCC\C=C/CCCCCC)OC(=O)CCCCCCC\C=C/CCCCCC","9543679","TRUE",NA,NA,"No Match"
"539","BMDB07214","DG(18:1(9Z)/16:0/0:0)","DOZKMFVMCATMEH-OZKTZCCCSA-N","[H][C@](CO)(COC(=O)CCCCCCC\C=C/CCCCCCCC)OC(=O)CCCCCCCCCCCCCCC","5283471","TRUE",NA,NA,"No Match"
"540","BMDB07218","DG(18:1(9Z)/18:1(9Z)/0:0)","AFSHUZFNMVJNKX-LLWMBOQKSA-N","[H][C@](CO)(COC(=O)CCCCCCC\C=C/CCCCCCCC)OC(=O)CCCCCCC\C=C/CCCCCCCC","9543716","TRUE","DMD305195","DMD305195","Unique Match (by names and pubchem)"
"541","BMDB07361","DG(20:0/18:0/0:0)","SCGCTMVKIGULND-KDXMTYKHSA-N","[H][C@](CO)(COC(=O)CCCCCCCCCCCCCCCCCCC)OC(=O)CCCCCCCCCCCCCCCCC","3246949","TRUE",NA,NA,"No Match"
"542","BMDB07867","PC(14:0/14:1(9Z))","SNDOMDWDQRZWFS-NOLSVFIGSA-N","CCCCCCCCCCCCCC(=O)OC[C@]([H])(COP([O-])(=O)OCC[N+](C)(C)C)OC(=O)CCCCCCC\C=C/CCCC","52922210","TRUE",NA,NA,"No Match"
"543","BMDB07868","PC(14:0/15:0)","JERIBPHBOOFETI-PGUFJCEWSA-N","[H][C@@](COC(=O)CCCCCCCCCCCCC)(COP([O-])(=O)OCC[N+](C)(C)C)OC(=O)CCCCCCCCCCCCCC","24778611","TRUE",NA,NA,"No Match"
"544","BMDB07869","PC(14:0/16:0)","RFVFQQWKPSOBED-PSXMRANNSA-N","[H][C@@](COC(=O)CCCCCCCCCCCCC)(COP([O-])(=O)OCC[N+](C)(C)C)OC(=O)CCCCCCCCCCCCCCC","129657","TRUE",NA,NA,"No Match"
"545","BMDB07870","PC(14:0/16:1(9Z))","XGGMHQYOVYWRLV-IZNHTBNISA-N","CCCCCCCCCCCCCC(=O)OC[C@]([H])(COP([O-])(=O)OCC[N+](C)(C)C)OC(=O)CCCCCCC\C=C/CCCCCC","24778615","TRUE","DMD305257","DMD305257","Unique Match (by names and pubchem)"
"546","BMDB07871","PC(14:0/18:0)","TYAQXZHDAGZOEO-KXQOOQHDSA-N","[H][C@@](COC(=O)CCCCCCCCCCCCC)(COP([O-])(=O)OCC[N+](C)(C)C)OC(=O)CCCCCCCCCCCCCCCCC","131150","TRUE","DMD305270","DMD305270","Unique Match (by names only)"
"547","BMDB07873","PC(14:0/18:1(9Z))","NXASLICYTANYBI-OQHNRNOKSA-N","CCCCCCCCCCCCCC(=O)OC[C@]([H])(COP([O-])(=O)OCC[N+](C)(C)C)OC(=O)CCCCCCC\C=C/CCCCCCCC","24778620","TRUE",NA,NA,"No Match"
"548","BMDB07874","PC(14:0/18:2(9Z,12Z))","IWXJKHSPEQSQMD-GMGFYYQASA-N","CCCCCCCCCCCCCC(=O)OC[C@]([H])(COP([O-])(=O)OCC[N+](C)(C)C)OC(=O)CCCCCCC\C=C/C\C=C/CCCCC","24778624","TRUE","DMD302331","DMD302331","Unique Match (by names only)"
"549","BMDB07875","PC(14:0/18:3(6Z,9Z,12Z))","VZQRMZUULSWEHB-XCFXQIAYSA-N","CCCCCCCCCCCCCC(=O)OC[C@]([H])(COP([O-])(=O)OCC[N+](C)(C)C)OC(=O)CCCC\C=C/C\C=C/C\C=C/CCCCC","52922220","TRUE",NA,NA,"No Match"
"550","BMDB07876","PC(14:0/18:3(9Z,12Z,15Z))","AGQKQQAJRFTOGL-XPTMXNASSA-N","CCCCCCCCCCCCCC(=O)OC[C@]([H])(COP([O-])(=O)OCC[N+](C)(C)C)OC(=O)CCCCCCC\C=C/C\C=C/C\C=C/CC","24778625","TRUE",NA,NA,"No Match"
"551","BMDB07878","PC(14:0/20:0)","VELOKQJUJJVGMB-RRHRGVEJSA-N","[H][C@@](COC(=O)CCCCCCCCCCCCC)(COP([O-])(=O)OCC[N+](C)(C)C)OC(=O)CCCCCCCCCCCCCCCCCCC","24778633","TRUE",NA,NA,"No Match"
"552","BMDB07879","PC(14:0/20:1(11Z))","DMEBDXIQFIKNQR-OIJJMQLXSA-N","CCCCCCCCCCCCCC(=O)OC[C@]([H])(COP([O-])(=O)OCC[N+](C)(C)C)OC(=O)CCCCCCCCC\C=C/CCCCCCCC","52922226","TRUE","DMD305274","DMD305274","Unique Match (by names only)"
"553","BMDB07880","PC(14:0/20:2(11Z,14Z))","IRYMXEVDAKMFIF-YBLKGUNISA-N","CCCCCCCCCCCCCC(=O)OC[C@]([H])(COP([O-])(=O)OCC[N+](C)(C)C)OC(=O)CCCCCCCCC\C=C/C\C=C/CCCCC","52922228","TRUE",NA,NA,"No Match"
"554","BMDB07882","PC(14:0/20:3(8Z,11Z,14Z))","ZAUFLMLTXNKVAB-AFYHZPHLSA-N","CCCCCCCCCCCCCC(=O)OC[C@]([H])(COP([O-])(=O)OCC[N+](C)(C)C)OC(=O)CCCCCC\C=C/C\C=C/C\C=C/CCCCC","52922230","TRUE",NA,NA,"No Match"
"555","BMDB07883","PC(14:0/20:4(5Z,8Z,11Z,14Z))","SRQSAJRUMDQMMS-NLDJLLEISA-N","CCCCCCCCCCCCCC(=O)OC[C@]([H])(COP([O-])(=O)OCC[N+](C)(C)C)OC(=O)CCC\C=C/C\C=C/C\C=C/C\C=C/CCCCC","24778634","TRUE",NA,NA,"No Match"
"556","BMDB07886","PC(14:0/22:0)","KNQNJCODLDRFSM-HUESYALOSA-N","[H][C@@](COC(=O)CCCCCCCCCCCCC)(COP([O-])(=O)OCC[N+](C)(C)C)OC(=O)CCCCCCCCCCCCCCCCCCCCC","24778638","TRUE",NA,NA,"No Match"
"557","BMDB07887","PC(14:0/22:1(13Z))","LOVKBDFNFACEND-HSEDGGQWSA-N","CCCCCCCCCCCCCC(=O)OC[C@]([H])(COP([O-])(=O)OCC[N+](C)(C)C)OC(=O)CCCCCCCCCCC\C=C/CCCCCCCC","53478609","TRUE",NA,NA,"No Match"
"558","BMDB07889","PC(14:0/22:4(7Z,10Z,13Z,16Z))","UDOCLKXJVMJFLD-CCHOKCMJSA-N","CCCCCCCCCCCCCC(=O)OC[C@]([H])(COP([O-])(=O)OCC[N+](C)(C)C)OC(=O)CCCCC\C=C/C\C=C/C\C=C/C\C=C/CCCCC","52922238","TRUE",NA,NA,"No Match"
"559","BMDB07891","PC(14:0/22:5(7Z,10Z,13Z,16Z,19Z))","SFEMWZZGMMRGCX-DYPKKMQZSA-N","CCCCCCCCCCCCCC(=O)OC[C@]([H])(COP([O-])(=O)OCC[N+](C)(C)C)OC(=O)CCCCC\C=C/C\C=C/C\C=C/C\C=C/C\C=C/CC","53478613","TRUE",NA,NA,"No Match"
"560","BMDB07899","PC(14:1(9Z)/14:0)","XQPYHFHTTVXZKL-XBEBLRSGSA-N","CCCCCCCCCCCCCC(=O)O[C@]([H])(COC(=O)CCCCCCC\C=C/CCCC)COP([O-])(=O)OCC[N+](C)(C)C","52922244","TRUE",NA,NA,"No Match"
"561","BMDB07902","PC(14:1(9Z)/16:0)","ANKCYRKQDLQXGL-MRDDHZETSA-N","CCCCCCCCCCCCCCCC(=O)O[C@]([H])(COC(=O)CCCCCCC\C=C/CCCC)COP([O-])(=O)OCC[N+](C)(C)C","52922250","TRUE",NA,NA,"No Match"
"562","BMDB07904","PC(14:1(9Z)/18:0)","USMRUWLOXQOAAX-IUXSEFJDSA-N","CCCCCCCCCCCCCCCCCC(=O)O[C@]([H])(COC(=O)CCCCCCC\C=C/CCCC)COP([O-])(=O)OCC[N+](C)(C)C","52922260","TRUE",NA,NA,"No Match"
"563","BMDB07906","PC(14:1(9Z)/18:1(9Z))","KFGSHFVDCHWRGE-LULHKCDZSA-N","CCCCCCCC\C=C/CCCCCCCC(=O)O[C@]([H])(COC(=O)CCCCCCC\C=C/CCCC)COP([O-])(=O)OCC[N+](C)(C)C","52922262","TRUE","DMD302331","DMD302331","Unique Match (by names only)"
"564","BMDB07907","PC(14:1(9Z)/18:2(9Z,12Z))","FLXFESILEUFIBE-SHAXIEEXSA-N","CCCCC\C=C/C\C=C/CCCCCCCC(=O)O[C@]([H])(COC(=O)CCCCCCC\C=C/CCCC)COP([O-])(=O)OCC[N+](C)(C)C","52922264","TRUE",NA,NA,"No Match"
"565","BMDB07911","PC(14:1(9Z)/20:0)","SJLGFZBXPQKJIH-LLVYEJTBSA-N","CCCCCCCCCCCCCCCCCCCC(=O)O[C@]([H])(COC(=O)CCCCCCC\C=C/CCCC)COP([O-])(=O)OCC[N+](C)(C)C","52922276","TRUE","DMD305274","DMD305274","Unique Match (by names only)"
"566","BMDB07912","PC(14:1(9Z)/20:1(11Z))","OLUKQTJCNPHKRC-LYJZGNKWSA-N","CCCCCCCC\C=C/CCCCCCCCCC(=O)O[C@]([H])(COC(=O)CCCCCCC\C=C/CCCC)COP([O-])(=O)OCC[N+](C)(C)C","52922278","TRUE",NA,NA,"No Match"
"567","BMDB07913","PC(14:1(9Z)/20:2(11Z,14Z))","KBHCBANQRIOXLD-FRPVHTQQSA-N","CCCCC\C=C/C\C=C/CCCCCCCCCC(=O)O[C@]([H])(COC(=O)CCCCCCC\C=C/CCCC)COP([O-])(=O)OCC[N+](C)(C)C","52922280","TRUE",NA,NA,"No Match"
"568","BMDB07915","PC(14:1(9Z)/20:3(8Z,11Z,14Z))","MGHZJKXUBUUNJR-PCBJBAEXSA-N","CCCCC\C=C/C\C=C/C\C=C/CCCCCCC(=O)O[C@]([H])(COC(=O)CCCCCCC\C=C/CCCC)COP([O-])(=O)OCC[N+](C)(C)C","52922282","TRUE",NA,NA,"No Match"
"569","BMDB07919","PC(14:1(9Z)/22:0)","OSTGKIDWKPXCRQ-FASREOMLSA-N","CCCCCCCCCCCCCCCCCCCCCC(=O)O[C@]([H])(COC(=O)CCCCCCC\C=C/CCCC)COP([O-])(=O)OCC[N+](C)(C)C","52922290","TRUE",NA,NA,"No Match"
"570","BMDB07920","PC(14:1(9Z)/22:1(13Z))","CGXBWJDAGMQUFG-MHJIJCEHSA-N","CCCCCCCC\C=C/CCCCCCCCCCCC(=O)O[C@]([H])(COC(=O)CCCCCCC\C=C/CCCC)COP([O-])(=O)OCC[N+](C)(C)C","53478629","TRUE",NA,NA,"No Match"
"571","BMDB07922","PC(14:1(9Z)/22:4(7Z,10Z,13Z,16Z))","XBLSNYPBWMKQLW-WPNBCRARSA-N","CCCCC\C=C/C\C=C/C\C=C/C\C=C/CCCCCC(=O)O[C@]([H])(COC(=O)CCCCCCC\C=C/CCCC)COP([O-])(=O)OCC[N+](C)(C)C","52922296","TRUE",NA,NA,"No Match"
"572","BMDB07932","PC(15:0/14:0)","NRUYJKRRJLLXGF-PGUFJCEWSA-N","[H][C@@](COC(=O)CCCCCCCCCCCCCC)(COP([O-])(=O)OCC[N+](C)(C)C)OC(=O)CCCCCCCCCCCCC","52922302","TRUE",NA,NA,"No Match"
"573","BMDB07934","PC(15:0/15:0)","LJARBVLDSOWRJT-PSXMRANNSA-N","[H][C@@](COC(=O)CCCCCCCCCCCCCC)(COP([O-])(=O)OCC[N+](C)(C)C)OC(=O)CCCCCCCCCCCCCC","24778654","TRUE",NA,NA,"No Match"
"574","BMDB07935","PC(15:0/16:0)","LLHISNQVRRYJGL-DIPNUNPCSA-N","[H][C@@](COC(=O)CCCCCCCCCCCCCC)(COP([O-])(=O)OCC[N+](C)(C)C)OC(=O)CCCCCCCCCCCCCCC","24778655","TRUE",NA,NA,"No Match"
"575","BMDB07936","PC(15:0/16:1(9Z))","QFVHCMLUKNHDSH-WTWBAFHPSA-N","CCCCCCCCCCCCCCC(=O)OC[C@]([H])(COP([O-])(=O)OCC[N+](C)(C)C)OC(=O)CCCCCCC\C=C/CCCCCC","24778657","TRUE",NA,"DMD302329","Unique Match (by pubchem only)"
"576","BMDB07937","PC(15:0/18:0)","SKPMPGXBXHJZPS-LDLOPFEMSA-N","[H][C@@](COC(=O)CCCCCCCCCCCCCC)(COP([O-])(=O)OCC[N+](C)(C)C)OC(=O)CCCCCCCCCCCCCCCCC","11787533","TRUE",NA,NA,"No Match"
"577","BMDB07939","PC(15:0/18:1(9Z))","ZEWLMKXMNQOCOQ-KUNNKMQBSA-N","CCCCCCCCCCCCCCC(=O)OC[C@]([H])(COP([O-])(=O)OCC[N+](C)(C)C)OC(=O)CCCCCCC\C=C/CCCCCCCC","52922312","TRUE",NA,NA,"No Match"
"578","BMDB07940","PC(15:0/18:2(9Z,12Z))","DGBYUHHIADYUMU-UESLNCBNSA-N","CCCCCCCCCCCCCCC(=O)OC[C@]([H])(COP([O-])(=O)OCC[N+](C)(C)C)OC(=O)CCCCCCC\C=C/C\C=C/CCCCC","24778664","TRUE",NA,NA,"No Match"
"579","BMDB07944","PC(15:0/20:0)","OUQNLKQTFDIKCN-VQJSHJPSSA-N","[H][C@@](COC(=O)CCCCCCCCCCCCCC)(COP([O-])(=O)OCC[N+](C)(C)C)OC(=O)CCCCCCCCCCCCCCCCCCC","52922322","TRUE",NA,NA,"No Match"
"580","BMDB07945","PC(15:0/20:1(11Z))","TYQXQGGTOWQUKL-HFWGUVFESA-N","CCCCCCCCCCCCCCC(=O)OC[C@]([H])(COP([O-])(=O)OCC[N+](C)(C)C)OC(=O)CCCCCCCCC\C=C/CCCCCCCC","52922324","TRUE",NA,NA,"No Match"
"581","BMDB07946","PC(15:0/20:2(11Z,14Z))","XSSUJRSOHXBICQ-GPDPEMMZSA-N","CCCCCCCCCCCCCCC(=O)OC[C@]([H])(COP([O-])(=O)OCC[N+](C)(C)C)OC(=O)CCCCCCCCC\C=C/C\C=C/CCCCC","52922326","TRUE",NA,NA,"No Match"
"582","BMDB07948","PC(15:0/20:3(8Z,11Z,14Z))","ILVRORZGIYNHIC-XWIBIVISSA-N","CCCCCCCCCCCCCCC(=O)OC[C@]([H])(COP([O-])(=O)OCC[N+](C)(C)C)OC(=O)CCCCCC\C=C/C\C=C/C\C=C/CCCCC","52922328","TRUE",NA,NA,"No Match"
"583","BMDB07953","PC(15:0/22:0)","QIDZFMDALJEYDR-VZUYHUTRSA-N","[H][C@@](COC(=O)CCCCCCCCCCCCCC)(COP([O-])(=O)OCC[N+](C)(C)C)OC(=O)CCCCCCCCCCCCCCCCCCCCC","52922334","TRUE",NA,NA,"No Match"
"584","BMDB07965","PC(16:0/14:0)","UIXXHROAQSBBOV-PSXMRANNSA-N","[H][C@@](COC(=O)CCCCCCCCCCCCCCC)(COP([O-])(=O)OCC[N+](C)(C)C)OC(=O)CCCCCCCCCCCCC","24778679","TRUE",NA,NA,"No Match"
"585","BMDB07966","PC(16:0/14:1(9Z))","XIVQWQSVYQCUSU-MRDDHZETSA-N","CCCCCCCCCCCCCCCC(=O)OC[C@]([H])(COP([O-])(=O)OCC[N+](C)(C)C)OC(=O)CCCCCCC\C=C/CCCC","52922408","TRUE",NA,NA,"No Match"
"586","BMDB07967","PC(16:0/15:0)","NPGWXTIWUUFYAB-DIPNUNPCSA-N","[H][C@@](COC(=O)CCCCCCCCCCCCCCC)(COP([O-])(=O)OCC[N+](C)(C)C)OC(=O)CCCCCCCCCCCCCC","24778680","TRUE",NA,NA,"No Match"
"587","BMDB07969","PC(16:0/16:1(9Z))","QIBZFHLFHCIUOT-NPBIGWJUSA-N","CCCCCCCCCCCCCCCC(=O)OC[C@]([H])(COP([O-])(=O)OCC[N+](C)(C)C)OC(=O)CCCCCCC\C=C/CCCCCC","6443788","TRUE","DMD302330","DMD302330","Unique Match (by names and pubchem)"
"588","BMDB07970","PC(16:0/18:0)","PZNPLUBHRSSFHT-RRHRGVEJSA-N","[H][C@@](COC(=O)CCCCCCCCCCCCCCC)(COP([O-])(=O)OCC[N+](C)(C)C)OC(=O)CCCCCCCCCCCCCCCCC","24778686","TRUE",NA,NA,"No Match"
"589","BMDB07972","PC(16:0/18:1(9Z))","WTJKGGKOPKCXLL-VYOBOKEXSA-N","CCCCCCCCCCCCCCCC(=O)OC[C@]([H])(COP([O-])(=O)OCC[N+](C)(C)C)OC(=O)CCCCCCC\C=C/CCCCCCCC","5497103","TRUE","DMD305274","DMD305274","Unique Match (by names and pubchem)"
"590","BMDB07973","PC(16:0/18:2(9Z,12Z))","JLPULHDHAOZNQI-ZTIMHPMXSA-N","CCCCCCCCCCCCCCCC(=O)OC[C@]([H])(COP([O-])(=O)OCC[N+](C)(C)C)OC(=O)CCCCCCC\C=C/C\C=C/CCCCC","5287971","TRUE","DMD302337","DMD302337","Unique Match (by names and pubchem)"
"591","BMDB07974","PC(16:0/18:3(6Z,9Z,12Z))","CNNSEHUKQJCGTE-UPPWDXJYSA-N","CCCCCCCCCCCCCCCC(=O)OC[C@]([H])(COP([O-])(=O)OCC[N+](C)(C)C)OC(=O)CCCC\C=C/C\C=C/C\C=C/CCCCC","24778699","TRUE","DMD302339","DMD302339","Unique Match (by names and pubchem)"
"592","BMDB07975","PC(16:0/18:3(9Z,12Z,15Z))","JMAYDGBZRHQJAT-QWFQJEORSA-N","CCCCCCCCCCCCCCCC(=O)OC[C@]([H])(COP([O-])(=O)OCC[N+](C)(C)C)OC(=O)CCCCCCC\C=C/C\C=C/C\C=C/CC","24778702","TRUE","DMD305261","DMD305261","Unique Match (by names and pubchem)"
"593","BMDB07976","PC(16:0/18:4(6Z,9Z,12Z,15Z))","USCDCOXUROEQQA-ZPWYYLPXSA-N","CCCCCCCCCCCCCCCC(=O)OC[C@]([H])(COP([O-])(=O)OCC[N+](C)(C)C)OC(=O)CCCC\C=C/C\C=C/C\C=C/C\C=C/CC","24778703","TRUE",NA,NA,"No Match"
"594","BMDB07977","PC(16:0/20:0)","HVPURDWMANOTFO-HUESYALOSA-N","[H][C@@](COC(=O)CCCCCCCCCCCCCCC)(COP([O-])(=O)OCC[N+](C)(C)C)OC(=O)CCCCCCCCCCCCCCCCCCC","24778711","TRUE",NA,NA,"No Match"
"595","BMDB07978","PC(16:0/20:1(11Z))","MZZHKIPFYPOYKP-NYJULOOZSA-N","CCCCCCCCCCCCCCCC(=O)OC[C@]([H])(COP([O-])(=O)OCC[N+](C)(C)C)OC(=O)CCCCCCCCC\C=C/CCCCCCCC","52922418","TRUE",NA,NA,"No Match"
"596","BMDB07979","PC(16:0/20:2(11Z,14Z))","ZRTZULWIAWDUBY-UXSLIEDSSA-N","CCCCCCCCCCCCCCCC(=O)OC[C@]([H])(COP([O-])(=O)OCC[N+](C)(C)C)OC(=O)CCCCCCCCC\C=C/C\C=C/CCCCC","52922420","TRUE",NA,NA,"No Match"
"597","BMDB07981","PC(16:0/20:3(8Z,11Z,14Z))","SRIGHEHXEGELQJ-YYQUKWHJSA-N","CCCCCCCCCCCCCCCC(=O)OC[C@]([H])(COP([O-])(=O)OCC[N+](C)(C)C)OC(=O)CCCCCC\C=C/C\C=C/C\C=C/CCCCC","24778719","TRUE","DMD305279","DMD305279","Unique Match (by names only)"
"598","BMDB07982","PC(16:0/20:4(5Z,8Z,11Z,14Z))","IIZPXYDJLKNOIY-JXPKJXOSSA-N","CCCCCCCCCCCCCCCC(=O)OC[C@]([H])(COP([O-])(=O)OCC[N+](C)(C)C)OC(=O)CCC\C=C/C\C=C/C\C=C/C\C=C/CCCCC","10747814","TRUE","DMD302351","DMD302351","Unique Match (by names and pubchem)"
"599","BMDB07984","PC(16:0/20:5(5Z,8Z,11Z,14Z,17Z))","KLTHQSWIRFFBRI-CPFPVJFHSA-N","CCCCCCCCCCCCCCCC(=O)OC[C@]([H])(COP([O-])(=O)OCC[N+](C)(C)C)OC(=O)CCC\C=C/C\C=C/C\C=C/C\C=C/C\C=C/CC","24778723","TRUE",NA,NA,"No Match"
"600","BMDB07988","PC(16:0/22:4(7Z,10Z,13Z,16Z))","IRWRFKUTKSUFST-MDYGELLQSA-N","CCCCCCCCCCCCCCCC(=O)OC[C@]([H])(COP([O-])(=O)OCC[N+](C)(C)C)OC(=O)CCCCC\C=C/C\C=C/C\C=C/C\C=C/CCCCC","24778732","TRUE","DMD302355","DMD302355","Unique Match (by names only)"
"601","BMDB07990","PC(16:0/22:5(7Z,10Z,13Z,16Z,19Z))","ARDJUHDXABDVFH-ZHSIBHBUSA-N","CCCCCCCCCCCCCCCC(=O)OC[C@]([H])(COP([O-])(=O)OCC[N+](C)(C)C)OC(=O)CCCCC\C=C/C\C=C/C\C=C/C\C=C/C\C=C/CC","24778737","TRUE",NA,NA,"No Match"
"602","BMDB07991","PC(16:0/22:6(4Z,7Z,10Z,13Z,16Z,19Z))","IESVDEZGAHUQJU-ZLBXKVHBSA-N","CCCCCCCCCCCCCCCC(=O)OC[C@]([H])(COP([O-])(=O)OCC[N+](C)(C)C)OC(=O)CC\C=C/C\C=C/C\C=C/C\C=C/C\C=C/C\C=C/CC","6441886","TRUE",NA,NA,"No Match"
"603","BMDB07998","PC(16:1(9Z)/14:0)","RHCWZMAZVBVICJ-IZNHTBNISA-N","CCCCCCCCCCCCCC(=O)O[C@]([H])(COC(=O)CCCCCCC\C=C/CCCCCC)COP([O-])(=O)OCC[N+](C)(C)C","52922432","TRUE",NA,NA,"No Match"
"604","BMDB08000","PC(16:1(9Z)/15:0)","DZDGAJVMZIHSLH-WTWBAFHPSA-N","CCCCCCCCCCCCCCC(=O)O[C@]([H])(COC(=O)CCCCCCC\C=C/CCCCCC)COP([O-])(=O)OCC[N+](C)(C)C","52922436","TRUE",NA,NA,"No Match"
"605","BMDB08001","PC(16:1(9Z)/16:0)","IPMVHVDAYPUFKH-WYRBGLKBSA-N","CCCCCCCCCCCCCCCC(=O)O[C@]([H])(COC(=O)CCCCCCC\C=C/CCCCCC)COP([O-])(=O)OCC[N+](C)(C)C","52922440","TRUE",NA,NA,"No Match"
"606","BMDB08002","PC(16:1(9Z)/16:1(9Z))","GPWHCUUIQMGELX-VHQDNGOZSA-N","CCCCCC\C=C/CCCCCCCC(=O)OC[C@]([H])(COP([O-])(=O)OCC[N+](C)(C)C)OC(=O)CCCCCCC\C=C/CCCCCC","24778764","TRUE","DMD302331","DMD302331","Unique Match (by names and pubchem)"
"607","BMDB08003","PC(16:1(9Z)/18:0)","LJUDFFWSOQEQKW-QCFYSATCSA-N","CCCCCCCCCCCCCCCCCC(=O)O[C@]([H])(COC(=O)CCCCCCC\C=C/CCCCCC)COP([O-])(=O)OCC[N+](C)(C)C","52922448","TRUE","DMD305274","DMD305274","Unique Match (by names only)"
"608","BMDB08005","PC(16:1(9Z)/18:1(9Z))","ZRCWDIULNHKQRD-RWGOWQMXSA-N","CCCCCCCC\C=C/CCCCCCCC(=O)O[C@]([H])(COC(=O)CCCCCCC\C=C/CCCCCC)COP([O-])(=O)OCC[N+](C)(C)C","24778767","TRUE",NA,NA,"No Match"
"609","BMDB08006","PC(16:1(9Z)/18:2(9Z,12Z))","QJWDAOSZZYVBJZ-KXESGEQTSA-N","CCCCCC\C=C/CCCCCCCC(=O)OC[C@]([H])(COP([O-])(=O)OCC[N+](C)(C)C)OC(=O)CCCCCCC\C=C/C\C=C/CCCCC","24778768","TRUE",NA,NA,"No Match"
"610","BMDB08007","PC(16:1(9Z)/18:3(6Z,9Z,12Z))","ZZLFVAJFRYBVSN-URBNVOGLSA-N","CCCCCC\C=C/CCCCCCCC(=O)OC[C@]([H])(COP([O-])(=O)OCC[N+](C)(C)C)OC(=O)CCCC\C=C/C\C=C/C\C=C/CCCCC","52922450","TRUE",NA,NA,"No Match"
"611","BMDB08008","PC(16:1(9Z)/18:3(9Z,12Z,15Z))","MMUCLZZSNHBNFL-KBTBXKTRSA-N","CCCCCC\C=C/CCCCCCCC(=O)OC[C@]([H])(COP([O-])(=O)OCC[N+](C)(C)C)OC(=O)CCCCCCC\C=C/C\C=C/C\C=C/CC","52922452","TRUE",NA,NA,"No Match"
"612","BMDB08010","PC(16:1(9Z)/20:0)","YFGYYMPGHQJKLU-HTDYWKJCSA-N","CCCCCCCCCCCCCCCCCCCC(=O)O[C@]([H])(COC(=O)CCCCCCC\C=C/CCCCCC)COP([O-])(=O)OCC[N+](C)(C)C","5459377","TRUE",NA,NA,"No Match"
"613","BMDB08011","PC(16:1(9Z)/20:1(11Z))","RPEHVLWFOYUNMD-NPCYKUJHSA-N","CCCCCCCC\C=C/CCCCCCCCCC(=O)O[C@]([H])(COC(=O)CCCCCCC\C=C/CCCCCC)COP([O-])(=O)OCC[N+](C)(C)C","52922459","TRUE",NA,NA,"No Match"
"614","BMDB08012","PC(16:1(9Z)/20:2(11Z,14Z))","IIGHFIDXVYEMME-ZAEMQJNLSA-N","CCCCCC\C=C/CCCCCCCC(=O)OC[C@]([H])(COP([O-])(=O)OCC[N+](C)(C)C)OC(=O)CCCCCCCCC\C=C/C\C=C/CCCCC","52922461","TRUE","DMD305279","DMD305279","Unique Match (by names only)"
"615","BMDB08014","PC(16:1(9Z)/20:3(8Z,11Z,14Z))","SCFKGVINVZBYAF-MLQXCARSSA-N","CCCCCC\C=C/CCCCCCCC(=O)OC[C@]([H])(COP([O-])(=O)OCC[N+](C)(C)C)OC(=O)CCCCCC\C=C/C\C=C/C\C=C/CCCCC","52922463","TRUE",NA,NA,"No Match"
"616","BMDB08015","PC(16:1(9Z)/20:4(5Z,8Z,11Z,14Z))","DYDDZDMJSQYFGN-OIVUZXIWSA-N","CCCCCC\C=C/CCCCCCCC(=O)OC[C@]([H])(COP([O-])(=O)OCC[N+](C)(C)C)OC(=O)CCC\C=C/C\C=C/C\C=C/C\C=C/CCCCC","24778771","TRUE",NA,NA,"No Match"
"617","BMDB08021","PC(16:1(9Z)/22:4(7Z,10Z,13Z,16Z))","XJISBSFDFOVVHI-QIOBQPIHSA-N","CCCCCC\C=C/CCCCCCCC(=O)OC[C@]([H])(COP([O-])(=O)OCC[N+](C)(C)C)OC(=O)CCCCC\C=C/C\C=C/C\C=C/C\C=C/CCCCC","52922475","TRUE",NA,NA,"No Match"
"618","BMDB08024","PC(16:1(9Z)/22:5(7Z,10Z,13Z,16Z,19Z))","WNHOGFDQJFYPDE-GBGUCBAQSA-N","CCCCCC\C=C/CCCCCCCC(=O)OC[C@]([H])(COP([O-])(=O)OCC[N+](C)(C)C)OC(=O)CCCCC\C=C/C\C=C/C\C=C/C\C=C/C\C=C/CC","53478687","TRUE",NA,NA,"No Match"
"619","BMDB08026","PC(16:1(9Z)/24:1(15Z))","FVYIRCQXEGIKHY-QYQAGSNQSA-N","CCCCCCCC\C=C/CCCCCCCCCCCCCC(=O)O[C@]([H])(COC(=O)CCCCCCC\C=C/CCCCCC)COP([O-])(=O)OCC[N+](C)(C)C","53478691","TRUE",NA,NA,"No Match"
"620","BMDB08031","PC(18:0/14:0)","MZWGYEJOZNRLQE-KXQOOQHDSA-N","[H][C@@](COC(=O)CCCCCCCCCCCCCCCCC)(COP([O-])(=O)OCC[N+](C)(C)C)OC(=O)CCCCCCCCCCCCC","3082163","TRUE","DMD305270","DMD305270","Unique Match (by names only)"
"621","BMDB08032","PC(18:0/14:1(9Z))","DHRQNMSQBJKUCK-IUXSEFJDSA-N","CCCCCCCCCCCCCCCCCC(=O)OC[C@]([H])(COP([O-])(=O)OCC[N+](C)(C)C)OC(=O)CCCCCCC\C=C/CCCC","52922643","TRUE",NA,NA,"No Match"
"622","BMDB08033","PC(18:0/15:0)","FHENRYRLCPXONH-LDLOPFEMSA-N","[H][C@@](COC(=O)CCCCCCCCCCCCCCCCC)(COP([O-])(=O)OCC[N+](C)(C)C)OC(=O)CCCCCCCCCCCCCC","52922645","TRUE",NA,NA,"No Match"
"623","BMDB08034","PC(18:0/16:0)","BYSIMVBIJVBVPA-RRHRGVEJSA-N","[H][C@@](COC(=O)CCCCCCCCCCCCCCCCC)(COP([O-])(=O)OCC[N+](C)(C)C)OC(=O)CCCCCCCCCCCCCCC","18631368","TRUE",NA,NA,"No Match"
"624","BMDB08035","PC(18:0/16:1(9Z))","QRSPNOMDLRZDPG-QCFYSATCSA-N","CCCCCCCCCCCCCCCCCC(=O)OC[C@]([H])(COP([O-])(=O)OCC[N+](C)(C)C)OC(=O)CCCCCCC\C=C/CCCCCC","24778811","TRUE","DMD305274","DMD305274","Unique Match (by names only)"
"625","BMDB08036","PC(18:0/18:0)","NRJAVPSFFCBXDT-HUESYALOSA-N","[H][C@@](COC(=O)CCCCCCCCCCCCCCCCC)(COP([O-])(=O)OCC[N+](C)(C)C)OC(=O)CCCCCCCCCCCCCCCCC","94190","TRUE","DMD305278","DMD305278","Unique Match (by names only)"
"626","BMDB08038","PC(18:0/18:1(9Z))","ATHVAWFAEPLPPQ-VRDBWYNSSA-N","CCCCCCCCCCCCCCCCCC(=O)OC[C@]([H])(COP([O-])(=O)OCC[N+](C)(C)C)OC(=O)CCCCCCC\C=C/CCCCCCCC","24778825","TRUE","DMD302344;DMD302345","DMD302344","Unique Match (by names and pubchem)"
"627","BMDB08039","PC(18:0/18:2(9Z,12Z))","FORFDCPQKJHEBF-VPUSDGANSA-N","CCCCCCCCCCCCCCCCCC(=O)OC[C@]([H])(COP([O-])(=O)OCC[N+](C)(C)C)OC(=O)CCCCCCC\C=C/C\C=C/CCCCC","6441487","TRUE",NA,NA,"No Match"
"628","BMDB08040","PC(18:0/18:3(6Z,9Z,12Z))","KJVJKBRMUDGTKA-NZXQIXPOSA-N","CCCCCCCCCCCCCCCCCC(=O)OC[C@]([H])(COP([O-])(=O)OCC[N+](C)(C)C)OC(=O)CCCC\C=C/C\C=C/C\C=C/CCCCC","52922655","TRUE","DMD305279","DMD305279","Unique Match (by names only)"
"629","BMDB08041","PC(18:0/18:3(9Z,12Z,15Z))","WZCLAXMADUBPSG-RIXBAXMTSA-N","CCCCCCCCCCCCCCCCCC(=O)OC[C@]([H])(COP([O-])(=O)OCC[N+](C)(C)C)OC(=O)CCCCCCC\C=C/C\C=C/C\C=C/CC","52922657","TRUE","DMD305279","DMD305279","Unique Match (by names only)"
"630","BMDB08042","PC(18:0/18:4(6Z,9Z,12Z,15Z))","MGIFJPVLDQAGPZ-ROBDCESFSA-N","CCCCCCCCCCCCCCCCCC(=O)OC[C@]([H])(COP([O-])(=O)OCC[N+](C)(C)C)OC(=O)CCCC\C=C/C\C=C/C\C=C/C\C=C/CC","24778833","TRUE",NA,NA,"No Match"
"631","BMDB08045","PC(18:0/20:2(11Z,14Z))","ZQLPLCXRBVPKGP-UHKGRJRRSA-N","CCCCCCCCCCCCCCCCCC(=O)OC[C@]([H])(COP([O-])(=O)OCC[N+](C)(C)C)OC(=O)CCCCCCCCC\C=C/C\C=C/CCCCC","24778847","TRUE",NA,NA,"No Match"
"632","BMDB08047","PC(18:0/20:3(8Z,11Z,14Z))","VGSUMLIRUGDCTF-NSMRCOLJSA-N","CCCCCCCCCCCCCCCCCC(=O)OC[C@]([H])(COP([O-])(=O)OCC[N+](C)(C)C)OC(=O)CCCCCC\C=C/C\C=C/C\C=C/CCCCC","24778857","TRUE",NA,NA,"No Match"
"633","BMDB08048","PC(18:0/20:4(5Z,8Z,11Z,14Z))","PSVRFUPOQYJOOZ-QNPWAGBNSA-N","CCCCCCCCCCCCCCCCCC(=O)OC[C@]([H])(COP([O-])(=O)OCC[N+](C)(C)C)OC(=O)CCC\C=C/C\C=C/C\C=C/C\C=C/CCCCC","16219824","TRUE","DMD302355","DMD302355","Unique Match (by names and pubchem)"
"634","BMDB08050","PC(18:0/20:5(5Z,8Z,11Z,14Z,17Z))","ZMNDHWFRGYCJKG-UQIQIHEKSA-N","CCCCCCCCCCCCCCCCCC(=O)OC[C@]([H])(COP([O-])(=O)OCC[N+](C)(C)C)OC(=O)CCC\C=C/C\C=C/C\C=C/C\C=C/C\C=C/CC","24778860","TRUE","DMD305265","DMD305265","Unique Match (by names and pubchem)"
"635","BMDB08054","PC(18:0/22:4(7Z,10Z,13Z,16Z))","AXZGUCXCTZMPTR-UVGACIQRSA-N","CCCCCCCCCCCCCCCCCC(=O)OC[C@]([H])(COP([O-])(=O)OCC[N+](C)(C)C)OC(=O)CCCCC\C=C/C\C=C/C\C=C/C\C=C/CCCCC","24778868","TRUE",NA,NA,"No Match"
"636","BMDB08097","PC(18:1(9Z)/14:0)","KIVAJCJTVPWSRJ-OQHNRNOKSA-N","CCCCCCCCCCCCCC(=O)O[C@]([H])(COC(=O)CCCCCCC\C=C/CCCCCCCC)COP([O-])(=O)OCC[N+](C)(C)C","24778931","TRUE",NA,NA,"No Match"
"637","BMDB08098","PC(18:1(9Z)/14:1(9Z))","VYABGHZPSJWGOZ-LULHKCDZSA-N","CCCCCCCC\C=C/CCCCCCCC(=O)OC[C@]([H])(COP([O-])(=O)OCC[N+](C)(C)C)OC(=O)CCCCCCC\C=C/CCCC","52922673","TRUE","DMD302331","DMD302331","Unique Match (by names only)"
"638","BMDB08099","PC(18:1(9Z)/15:0)","CLISCKGHRKPSQH-KUNNKMQBSA-N","CCCCCCCCCCCCCCC(=O)O[C@]([H])(COC(=O)CCCCCCC\C=C/CCCCCCCC)COP([O-])(=O)OCC[N+](C)(C)C","52922675","TRUE",NA,NA,"No Match"
"639","BMDB08100","PC(18:1(9Z)/16:0)","RRVPPYNAZJRZFR-VYOBOKEXSA-N","CCCCCCCCCCCCCCCC(=O)O[C@]([H])(COC(=O)CCCCCCC\C=C/CCCCCCCC)COP([O-])(=O)OCC[N+](C)(C)C","24778933","TRUE","DMD305274","DMD305274","Unique Match (by names only)"
"640","BMDB08101","PC(18:1(9Z)/16:1(9Z))","QJZAWHQVXYMEQR-RWGOWQMXSA-N","CCCCCCCC\C=C/CCCCCCCC(=O)OC[C@]([H])(COP([O-])(=O)OCC[N+](C)(C)C)OC(=O)CCCCCCC\C=C/CCCCCC","24778935","TRUE",NA,NA,"No Match"
"641","BMDB08102","PC(18:1(9Z)/18:0)","NMJCSTNQFYPVOR-VHONOUADSA-N","CCCCCCCCCCCCCCCCCC(=O)O[C@]([H])(COC(=O)CCCCCCC\C=C/CCCCCCCC)COP([O-])(=O)OCC[N+](C)(C)C","24778936","TRUE",NA,NA,"No Match"
"642","BMDB08105","PC(18:1(9Z)/18:2(9Z,12Z))","GDWULUGDXGHJIJ-VJHNMZKJSA-N","CCCCCCCC\C=C/CCCCCCCC(=O)OC[C@]([H])(COP([O-])(=O)OCC[N+](C)(C)C)OC(=O)CCCCCCC\C=C/C\C=C/CCCCC","24778939","TRUE","DMD305279","DMD305279","Unique Match (by names only)"
"643","BMDB08106","PC(18:1(9Z)/18:3(6Z,9Z,12Z))","KATPUHPZOZWFBR-ZBFGQIGBSA-N","CCCCCCCC\C=C/CCCCCCCC(=O)OC[C@]([H])(COP([O-])(=O)OCC[N+](C)(C)C)OC(=O)CCCC\C=C/C\C=C/C\C=C/CCCCC","52922685","TRUE",NA,NA,"No Match"
"644","BMDB08107","PC(18:1(9Z)/18:3(9Z,12Z,15Z))","FVQGNFUBHWGFCY-HJOYQDMMSA-N","CCCCCCCC\C=C/CCCCCCCC(=O)OC[C@]([H])(COP([O-])(=O)OCC[N+](C)(C)C)OC(=O)CCCCCCC\C=C/C\C=C/C\C=C/CC","24778941","TRUE",NA,NA,"No Match"
"645","BMDB08108","PC(18:1(9Z)/18:4(6Z,9Z,12Z,15Z))","VTBLOCMXAXXMCO-ITFWVWPTSA-N","CCCCCCCC\C=C/CCCCCCCC(=O)OC[C@]([H])(COP([O-])(=O)OCC[N+](C)(C)C)OC(=O)CCCC\C=C/C\C=C/C\C=C/C\C=C/CC","52922687","TRUE",NA,NA,"No Match"
"646","BMDB08110","PC(18:1(9Z)/20:1(11Z))","JLDQDLKBBDQYDE-WWUFLCHTSA-N","CCCCCCCC\C=C/CCCCCCCCCC(=O)O[C@]([H])(COC(=O)CCCCCCC\C=C/CCCCCCCC)COP([O-])(=O)OCC[N+](C)(C)C","52922693","TRUE",NA,NA,"No Match"
"647","BMDB08111","PC(18:1(9Z)/20:2(11Z,14Z))","MGYXVNKVMWUCEN-UETRTARBSA-N","CCCCCCCC\C=C/CCCCCCCC(=O)OC[C@]([H])(COP([O-])(=O)OCC[N+](C)(C)C)OC(=O)CCCCCCCCC\C=C/C\C=C/CCCCC","52922695","TRUE",NA,NA,"No Match"
"648","BMDB08113","PC(18:1(9Z)/20:3(8Z,11Z,14Z))","HLJHXSCXSDXLNW-OHDHZNPQSA-N","CCCCCCCC\C=C/CCCCCCCC(=O)OC[C@]([H])(COP([O-])(=O)OCC[N+](C)(C)C)OC(=O)CCCCCC\C=C/C\C=C/C\C=C/CCCCC","52922697","TRUE","DMD302355","DMD302355","Unique Match (by names only)"
"649","BMDB08114","PC(18:1(9Z)/20:4(5Z,8Z,11Z,14Z))","ZAYXPDDGEIJGGW-VSDNDEBUSA-N","CCCCCCCC\C=C/CCCCCCCC(=O)OC[C@]([H])(COP([O-])(=O)OCC[N+](C)(C)C)OC(=O)CCC\C=C/C\C=C/C\C=C/C\C=C/CCCCC","24778948","TRUE",NA,NA,"No Match"
"650","BMDB08116","PC(18:1(9Z)/20:5(5Z,8Z,11Z,14Z,17Z))","PAQLDAUPMINLDS-UTNJSSBTSA-N","CCCCCCCC\C=C/CCCCCCCC(=O)OC[C@]([H])(COP([O-])(=O)OCC[N+](C)(C)C)OC(=O)CCC\C=C/C\C=C/C\C=C/C\C=C/C\C=C/CC","24778949","TRUE",NA,NA,"No Match"
"651","BMDB08118","PC(18:1(9Z)/22:1(13Z))","MOAVQOSWWXXGJQ-ACZCORRTSA-N","CCCCCCCC\C=C/CCCCCCCCCCCC(=O)O[C@]([H])(COC(=O)CCCCCCC\C=C/CCCCCCCC)COP([O-])(=O)OCC[N+](C)(C)C","53478769","TRUE",NA,NA,"No Match"
"652","BMDB08130","PC(18:2(9Z,12Z)/14:0)","IORKBJYFXXCDMP-GMGFYYQASA-N","CCCCCCCCCCCCCC(=O)O[C@]([H])(COC(=O)CCCCCCC\C=C/C\C=C/CCCCC)COP([O-])(=O)OCC[N+](C)(C)C","52922711","TRUE","DMD302331","DMD302331","Unique Match (by names only)"
"653","BMDB08131","PC(18:2(9Z,12Z)/14:1(9Z))","MEEAGHVLDDTFHZ-SHAXIEEXSA-N","CCCCC\C=C/C\C=C/CCCCCCCC(=O)OC[C@]([H])(COP([O-])(=O)OCC[N+](C)(C)C)OC(=O)CCCCCCC\C=C/CCCC","52922713","TRUE",NA,NA,"No Match"
"654","BMDB08132","PC(18:2(9Z,12Z)/15:0)","SBNDHGBVMZMSNL-UESLNCBNSA-N","CCCCCCCCCCCCCCC(=O)O[C@]([H])(COC(=O)CCCCCCC\C=C/C\C=C/CCCCC)COP([O-])(=O)OCC[N+](C)(C)C","52922715","TRUE","DMD302335","DMD302335","Unique Match (by names and pubchem)"
"655","BMDB08133","PC(18:2(9Z,12Z)/16:0)","FWMYJLDHIVCJCT-ZTIMHPMXSA-N","CCCCCCCCCCCCCCCC(=O)O[C@]([H])(COC(=O)CCCCCCC\C=C/C\C=C/CCCCC)COP([O-])(=O)OCC[N+](C)(C)C","24778972","TRUE",NA,NA,"No Match"
"656","BMDB08134","PC(18:2(9Z,12Z)/16:1(9Z))","PPCVNZFMCABQCL-KXESGEQTSA-N","CCCCCC\C=C/CCCCCCCC(=O)O[C@]([H])(COC(=O)CCCCCCC\C=C/C\C=C/CCCCC)COP([O-])(=O)OCC[N+](C)(C)C","52922719","TRUE",NA,NA,"No Match"
"657","BMDB08135","PC(18:2(9Z,12Z)/18:0)","DZPKSVTWWIZUMS-FPUNCOTOSA-N","CCCCCCCCCCCCCCCCCC(=O)O[C@]([H])(COC(=O)CCCCCCC\C=C/C\C=C/CCCCC)COP([O-])(=O)OCC[N+](C)(C)C","15378085","TRUE",NA,NA,"No Match"
"658","BMDB08137","PC(18:2(9Z,12Z)/18:1(9Z))","RTAZWRZKFSTMOY-NMSVECGZSA-N","CCCCCCCC\C=C/CCCCCCCC(=O)O[C@]([H])(COC(=O)CCCCCCC\C=C/C\C=C/CCCCC)COP([O-])(=O)OCC[N+](C)(C)C","52922727","TRUE","DMD305279","DMD305279","Unique Match (by names only)"
"659","BMDB08138","PC(18:2(9Z,12Z)/18:2(9Z,12Z))","FVXDQWZBHIXIEJ-LNDKUQBDSA-N","CCCCC\C=C/C\C=C/CCCCCCCC(=O)OC[C@]([H])(COP([O-])(=O)OCC[N+](C)(C)C)OC(=O)CCCCCCC\C=C/C\C=C/CCCCC","5288075","TRUE",NA,NA,"No Match"
"660","BMDB08140","PC(18:2(9Z,12Z)/18:3(6Z,9Z,12Z))","ZYUVFKWRZDKQNL-YHOYFWGCSA-N","CCCCC\C=C/C\C=C/CCCCCCCC(=O)OC[C@]([H])(COP([O-])(=O)OCC[N+](C)(C)C)OC(=O)CCCC\C=C/C\C=C/C\C=C/CCCCC","52922729","TRUE",NA,NA,"No Match"
"661","BMDB08141","PC(18:2(9Z,12Z)/18:3(9Z,12Z,15Z))","HZGAVPNEGHQJID-UNBCHYIMSA-N","CCCCC\C=C/C\C=C/CCCCCCCC(=O)OC[C@]([H])(COP([O-])(=O)OCC[N+](C)(C)C)OC(=O)CCCCCCC\C=C/C\C=C/C\C=C/CC","52922731","TRUE",NA,NA,"No Match"
"662","BMDB08143","PC(18:2(9Z,12Z)/20:0)","IMVSFXGBZBLWFA-FMJYHZMHSA-N","CCCCCCCCCCCCCCCCCCCC(=O)O[C@]([H])(COC(=O)CCCCCCC\C=C/C\C=C/CCCCC)COP([O-])(=O)OCC[N+](C)(C)C","52922739","TRUE",NA,NA,"No Match"
"663","BMDB08144","PC(18:2(9Z,12Z)/20:1(11Z))","OJHJKEBRZSDTTL-VHWCKNCUSA-N","CCCCCCCC\C=C/CCCCCCCCCC(=O)O[C@]([H])(COC(=O)CCCCCCC\C=C/C\C=C/CCCCC)COP([O-])(=O)OCC[N+](C)(C)C","52922741","TRUE",NA,NA,"No Match"
"664","BMDB08145","PC(18:2(9Z,12Z)/20:2(11Z,14Z))","ORELBRKCYWQHTL-JEHIXBSSSA-N","CCCCC\C=C/C\C=C/CCCCCCCCCC(=O)O[C@]([H])(COC(=O)CCCCCCC\C=C/C\C=C/CCCCC)COP([O-])(=O)OCC[N+](C)(C)C","52922743","TRUE","DMD302355","DMD302355","Unique Match (by names only)"
"665","BMDB08146","PC(18:2(9Z,12Z)/20:3(8Z,11Z,14Z))","SMIXWIPQRZURJV-GMLOEBGYSA-N","CCCCC\C=C/C\C=C/CCCCCCCC(=O)OC[C@]([H])(COP([O-])(=O)OCC[N+](C)(C)C)OC(=O)CCCCCC\C=C/C\C=C/C\C=C/CCCCC","52922745","TRUE",NA,NA,"No Match"
"666","BMDB08147","PC(18:2(9Z,12Z)/20:4(5Z,8Z,11Z,14Z))","ZZSZQATYGVHNLZ-PUMLCSCDSA-N","CCCCC\C=C/C\C=C/CCCCCCCC(=O)OC[C@]([H])(COP([O-])(=O)OCC[N+](C)(C)C)OC(=O)CCC\C=C/C\C=C/C\C=C/C\C=C/CCCCC","24778979","TRUE",NA,NA,"No Match"
"667","BMDB08150","PC(18:2(9Z,12Z)/22:0)","PEKXFIVBDJUQJI-QGXZLJJESA-N","CCCCCCCCCCCCCCCCCCCCCC(=O)O[C@]([H])(COC(=O)CCCCCCC\C=C/C\C=C/CCCCC)COP([O-])(=O)OCC[N+](C)(C)C","52922751","TRUE",NA,NA,"No Match"
"668","BMDB08151","PC(18:2(9Z,12Z)/22:1(13Z))","JJWICPUXGFOAPG-PUXNAPJVSA-N","CCCCCCCC\C=C/CCCCCCCCCCCC(=O)O[C@]([H])(COC(=O)CCCCCCC\C=C/C\C=C/CCCCC)COP([O-])(=O)OCC[N+](C)(C)C","53478791","TRUE",NA,NA,"No Match"
"669","BMDB08163","PC(18:3(6Z,9Z,12Z)/14:0)","UXEFXNOSLOCOLX-ZCHSEWAGSA-N","CCCCCCCCCCCCCC(=O)O[C@]([H])(COC(=O)CCCC\C=C/C\C=C/C\C=C/CCCCC)COP([O-])(=O)OCC[N+](C)(C)C","52922763","TRUE",NA,NA,"No Match"
"670","BMDB08166","PC(18:3(6Z,9Z,12Z)/16:0)","MXPOYZQNXGPEDV-REAAISNBSA-N","CCCCCCCCCCCCCCCC(=O)O[C@]([H])(COC(=O)CCCC\C=C/C\C=C/C\C=C/CCCCC)COP([O-])(=O)OCC[N+](C)(C)C","52922771","TRUE",NA,NA,"No Match"
"671","BMDB08167","PC(18:3(6Z,9Z,12Z)/16:1(9Z))","LPHXBROJEZXFQN-HZZYYZCGSA-N","CCCCCC\C=C/CCCCCCCC(=O)O[C@]([H])(COC(=O)CCCC\C=C/C\C=C/C\C=C/CCCCC)COP([O-])(=O)OCC[N+](C)(C)C","52922773","TRUE",NA,NA,"No Match"
"672","BMDB08168","PC(18:3(6Z,9Z,12Z)/18:0)","HOOCTPAZCNJQPX-OJKLBMRPSA-N","CCCCCCCCCCCCCCCCCC(=O)O[C@]([H])(COC(=O)CCCC\C=C/C\C=C/C\C=C/CCCCC)COP([O-])(=O)OCC[N+](C)(C)C","52922781","TRUE","DMD305279","DMD305279","Unique Match (by names only)"
"673","BMDB08170","PC(18:3(6Z,9Z,12Z)/18:1(9Z))","NKQPOVROGSWLTO-NVPMBMBWSA-N","CCCCCCCC\C=C/CCCCCCCC(=O)O[C@]([H])(COC(=O)CCCC\C=C/C\C=C/C\C=C/CCCCC)COP([O-])(=O)OCC[N+](C)(C)C","52922783","TRUE",NA,"DMD302350","Unique Match (by pubchem only)"
"674","BMDB08171","PC(18:3(6Z,9Z,12Z)/18:2(9Z,12Z))","HBJOLTVTFPGCMX-XXDURKHJSA-N","CCCCC\C=C/C\C=C/CCCCCCCC(=O)O[C@]([H])(COC(=O)CCCC\C=C/C\C=C/C\C=C/CCCCC)COP([O-])(=O)OCC[N+](C)(C)C","52922785","TRUE",NA,NA,"No Match"
"675","BMDB08175","PC(18:3(6Z,9Z,12Z)/20:0)","ZVIYLLGWTBXCIL-VNXCBJMSSA-N","CCCCCCCCCCCCCCCCCCCC(=O)O[C@]([H])(COC(=O)CCCC\C=C/C\C=C/C\C=C/CCCCC)COP([O-])(=O)OCC[N+](C)(C)C","52922797","TRUE",NA,NA,"No Match"
"676","BMDB08176","PC(18:3(6Z,9Z,12Z)/20:1(11Z))","SVOGSAQWUMDSCM-OJCVPQOYSA-N","CCCCCCCC\C=C/CCCCCCCCCC(=O)O[C@]([H])(COC(=O)CCCC\C=C/C\C=C/C\C=C/CCCCC)COP([O-])(=O)OCC[N+](C)(C)C","52922799","TRUE","DMD302355","DMD302355","Unique Match (by names only)"
"677","BMDB08177","PC(18:3(6Z,9Z,12Z)/20:2(11Z,14Z))","JEEMMQUVRFTVSG-AZITXYQXSA-N","CCCCC\C=C/C\C=C/CCCCCCCCCC(=O)O[C@]([H])(COC(=O)CCCC\C=C/C\C=C/C\C=C/CCCCC)COP([O-])(=O)OCC[N+](C)(C)C","52922801","TRUE",NA,NA,"No Match"
"678","BMDB08179","PC(18:3(6Z,9Z,12Z)/20:3(8Z,11Z,14Z))","AHOMSZWEDIDNLL-SVXFTSFPSA-N","CCCCC\C=C/C\C=C/C\C=C/CCCCCCC(=O)O[C@]([H])(COC(=O)CCCC\C=C/C\C=C/C\C=C/CCCCC)COP([O-])(=O)OCC[N+](C)(C)C","52922803","TRUE",NA,NA,"No Match"
"679","BMDB08183","PC(18:3(6Z,9Z,12Z)/22:0)","URWUZTOLBMHCQL-WREMRUDSSA-N","CCCCCCCCCCCCCCCCCCCCCC(=O)O[C@]([H])(COC(=O)CCCC\C=C/C\C=C/C\C=C/CCCCC)COP([O-])(=O)OCC[N+](C)(C)C","52922811","TRUE",NA,NA,"No Match"
"680","BMDB08184","PC(18:3(6Z,9Z,12Z)/22:1(13Z))","KRZVEGHGJRMPEH-SXHNUEEOSA-N","CCCCCCCC\C=C/CCCCCCCCCCCC(=O)O[C@]([H])(COC(=O)CCCC\C=C/C\C=C/C\C=C/CCCCC)COP([O-])(=O)OCC[N+](C)(C)C","53478813","TRUE",NA,NA,"No Match"
"681","BMDB08196","PC(18:3(9Z,12Z,15Z)/14:0)","FJUVFXSFGYBNBR-XPTMXNASSA-N","CCCCCCCCCCCCCC(=O)O[C@]([H])(COC(=O)CCCCCCC\C=C/C\C=C/C\C=C/CC)COP([O-])(=O)OCC[N+](C)(C)C","52922825","TRUE",NA,NA,"No Match"
"682","BMDB08199","PC(18:3(9Z,12Z,15Z)/16:0)","RAPKGPDUGWBPHR-QWFQJEORSA-N","CCCCCCCCCCCCCCCC(=O)O[C@]([H])(COC(=O)CCCCCCC\C=C/C\C=C/C\C=C/CC)COP([O-])(=O)OCC[N+](C)(C)C","52922833","TRUE",NA,NA,"No Match"
"683","BMDB08200","PC(18:3(9Z,12Z,15Z)/16:1(9Z))","QWIZBBFFDQPBKI-KBTBXKTRSA-N","CCCCCC\C=C/CCCCCCCC(=O)O[C@]([H])(COC(=O)CCCCCCC\C=C/C\C=C/C\C=C/CC)COP([O-])(=O)OCC[N+](C)(C)C","52922835","TRUE",NA,NA,"No Match"
"684","BMDB08201","PC(18:3(9Z,12Z,15Z)/18:0)","QAVRIJZWHPNXBW-BHLPDSGJSA-N","CCCCCCCCCCCCCCCCCC(=O)O[C@]([H])(COC(=O)CCCCCCC\C=C/C\C=C/C\C=C/CC)COP([O-])(=O)OCC[N+](C)(C)C","52922843","TRUE","DMD305279","DMD305279","Unique Match (by names only)"
"685","BMDB08203","PC(18:3(9Z,12Z,15Z)/18:1(9Z))","LPDGUCIMNBNWEJ-BXZVQSHESA-N","CCCCCCCC\C=C/CCCCCCCC(=O)O[C@]([H])(COC(=O)CCCCCCC\C=C/C\C=C/C\C=C/CC)COP([O-])(=O)OCC[N+](C)(C)C","24778989","TRUE",NA,NA,"No Match"
"686","BMDB08204","PC(18:3(9Z,12Z,15Z)/18:2(9Z,12Z))","QFDYIDGUKXRPKH-VSLGLSMXSA-N","CCCCC\C=C/C\C=C/CCCCCCCC(=O)O[C@]([H])(COC(=O)CCCCCCC\C=C/C\C=C/C\C=C/CC)COP([O-])(=O)OCC[N+](C)(C)C","52922845","TRUE",NA,NA,"No Match"
"687","BMDB08208","PC(18:3(9Z,12Z,15Z)/20:0)","CFHMUBPSPSTZCR-LITWNLNFSA-N","CCCCCCCCCCCCCCCCCCCC(=O)O[C@]([H])(COC(=O)CCCCCCC\C=C/C\C=C/C\C=C/CC)COP([O-])(=O)OCC[N+](C)(C)C","52922855","TRUE",NA,NA,"No Match"
"688","BMDB08209","PC(18:3(9Z,12Z,15Z)/20:1(11Z))","WAZYDHAWJWFGBD-LMJTUUMUSA-N","CCCCCCCC\C=C/CCCCCCCCCC(=O)O[C@]([H])(COC(=O)CCCCCCC\C=C/C\C=C/C\C=C/CC)COP([O-])(=O)OCC[N+](C)(C)C","52922857","TRUE","DMD302355","DMD302355","Unique Match (by names only)"
"689","BMDB08210","PC(18:3(9Z,12Z,15Z)/20:2(11Z,14Z))","WQYONUAQJUQROT-HTEBOPLQSA-N","CCCCC\C=C/C\C=C/CCCCCCCCCC(=O)O[C@]([H])(COC(=O)CCCCCCC\C=C/C\C=C/C\C=C/CC)COP([O-])(=O)OCC[N+](C)(C)C","52922859","TRUE",NA,NA,"No Match"
"690","BMDB08212","PC(18:3(9Z,12Z,15Z)/20:3(8Z,11Z,14Z))","WZLXKZRHVGVNTE-NYMMKBANSA-N","CCCCC\C=C/C\C=C/C\C=C/CCCCCCC(=O)O[C@]([H])(COC(=O)CCCCCCC\C=C/C\C=C/C\C=C/CC)COP([O-])(=O)OCC[N+](C)(C)C","52922861","TRUE",NA,NA,"No Match"
"691","BMDB08216","PC(18:3(9Z,12Z,15Z)/22:0)","GOHLCSOGBDQPMM-NOAWTOFZSA-N","CCCCCCCCCCCCCCCCCCCCCC(=O)O[C@]([H])(COC(=O)CCCCCCC\C=C/C\C=C/C\C=C/CC)COP([O-])(=O)OCC[N+](C)(C)C","52922869","TRUE",NA,NA,"No Match"
"692","BMDB08217","PC(18:3(9Z,12Z,15Z)/22:1(13Z))","ZIQIWGNSQBOJMS-JUGJLYODSA-N","CCCCCCCC\C=C/CCCCCCCCCCCC(=O)O[C@]([H])(COC(=O)CCCCCCC\C=C/C\C=C/C\C=C/CC)COP([O-])(=O)OCC[N+](C)(C)C","53478837","TRUE",NA,NA,"No Match"
"693","BMDB08232","PC(18:4(6Z,9Z,12Z,15Z)/16:0)","YWDDIWXKFJEMKF-JTZVLWBESA-N","CCCCCCCCCCCCCCCC(=O)O[C@]([H])(COC(=O)CCCC\C=C/C\C=C/C\C=C/C\C=C/CC)COP([O-])(=O)OCC[N+](C)(C)C","52922891","TRUE","DMD305277","DMD305277","Unique Match (by names and pubchem)"
"694","BMDB08234","PC(18:4(6Z,9Z,12Z,15Z)/18:0)","MGPSPRHJNJDBJK-TXLPWOKVSA-N","CCCCCCCCCCCCCCCCCC(=O)O[C@]([H])(COC(=O)CCCC\C=C/C\C=C/C\C=C/C\C=C/CC)COP([O-])(=O)OCC[N+](C)(C)C","52922901","TRUE",NA,NA,"No Match"
"695","BMDB08236","PC(18:4(6Z,9Z,12Z,15Z)/18:1(9Z))","SQOJMBITSSDGAU-MAFUUHOFSA-N","CCCCCCCC\C=C/CCCCCCCC(=O)O[C@]([H])(COC(=O)CCCC\C=C/C\C=C/C\C=C/C\C=C/CC)COP([O-])(=O)OCC[N+](C)(C)C","52922903","TRUE",NA,NA,"No Match"
"696","BMDB08241","PC(18:4(6Z,9Z,12Z,15Z)/20:0)","HGTVFXGQQZVIJK-BCHSVXNCSA-N","CCCCCCCCCCCCCCCCCCCC(=O)O[C@]([H])(COC(=O)CCCC\C=C/C\C=C/C\C=C/C\C=C/CC)COP([O-])(=O)OCC[N+](C)(C)C","52922917","TRUE","DMD302355","DMD302355","Unique Match (by names only)"
"697","BMDB08242","PC(18:4(6Z,9Z,12Z,15Z)/20:1(11Z))","WJGXHQGSFRJRJR-JQMRBUEGSA-N","CCCCCCCC\C=C/CCCCCCCCCC(=O)O[C@]([H])(COC(=O)CCCC\C=C/C\C=C/C\C=C/C\C=C/CC)COP([O-])(=O)OCC[N+](C)(C)C","52922919","TRUE",NA,NA,"No Match"
"698","BMDB08243","PC(18:4(6Z,9Z,12Z,15Z)/20:2(11Z,14Z))","RJBUKRKXNJFIDS-MXQFTRAWSA-N","CCCCC\C=C/C\C=C/CCCCCCCCCC(=O)O[C@]([H])(COC(=O)CCCC\C=C/C\C=C/C\C=C/C\C=C/CC)COP([O-])(=O)OCC[N+](C)(C)C","52922921","TRUE",NA,NA,"No Match"
"699","BMDB08249","PC(18:4(6Z,9Z,12Z,15Z)/22:0)","KISSKTFZLUEROR-MNPIPRPGSA-N","CCCCCCCCCCCCCCCCCCCCCC(=O)O[C@]([H])(COC(=O)CCCC\C=C/C\C=C/C\C=C/C\C=C/CC)COP([O-])(=O)OCC[N+](C)(C)C","52922931","TRUE",NA,NA,"No Match"
"700","BMDB08262","PC(20:0/14:0)","GNUQJONGMHMBKN-RRHRGVEJSA-N","[H][C@@](COC(=O)CCCCCCCCCCCCCCCCCCC)(COP([O-])(=O)OCC[N+](C)(C)C)OC(=O)CCCCCCCCCCCCC","24779028","TRUE",NA,NA,"No Match"
"701","BMDB08263","PC(20:0/14:1(9Z))","HUTFJQFEXOTHFG-LLVYEJTBSA-N","CCCCCCCCCCCCCCCCCCCC(=O)OC[C@]([H])(COP([O-])(=O)OCC[N+](C)(C)C)OC(=O)CCCCCCC\C=C/CCCC","52923053","TRUE","DMD305274","DMD305274","Unique Match (by names only)"
"702","BMDB08264","PC(20:0/15:0)","RMPXTQDWTSBVHI-VQJSHJPSSA-N","[H][C@@](COC(=O)CCCCCCCCCCCCCCCCCCC)(COP([O-])(=O)OCC[N+](C)(C)C)OC(=O)CCCCCCCCCCCCCC","52923055","TRUE",NA,NA,"No Match"
"703","BMDB08265","PC(20:0/16:0)","JJSZXCSTFDBBBZ-HUESYALOSA-N","[H][C@@](COC(=O)CCCCCCCCCCCCCCCCCCC)(COP([O-])(=O)OCC[N+](C)(C)C)OC(=O)CCCCCCCCCCCCCCC","24779030","TRUE",NA,NA,"No Match"
"704","BMDB08266","PC(20:0/16:1(9Z))","VIOCEOKULYHXNJ-HTDYWKJCSA-N","CCCCCCCCCCCCCCCCCCCC(=O)OC[C@]([H])(COP([O-])(=O)OCC[N+](C)(C)C)OC(=O)CCCCCCC\C=C/CCCCCC","52923059","TRUE",NA,NA,"No Match"
"705","BMDB08270","PC(20:0/18:2(9Z,12Z))","KXXLFCAPKGRXBT-FMJYHZMHSA-N","CCCCCCCCCCCCCCCCCCCC(=O)OC[C@]([H])(COP([O-])(=O)OCC[N+](C)(C)C)OC(=O)CCCCCCC\C=C/C\C=C/CCCCC","24779263","TRUE",NA,NA,"No Match"
"706","BMDB08271","PC(20:0/18:3(6Z,9Z,12Z))","DLZPSAPMHALIOA-YNCVDBFYSA-N","CCCCCCCCCCCCCCCCCCCC(=O)OC[C@]([H])(COP([O-])(=O)OCC[N+](C)(C)C)OC(=O)CCCC\C=C/C\C=C/C\C=C/CCCCC","52923067","TRUE",NA,NA,"No Match"
"707","BMDB08272","PC(20:0/18:3(9Z,12Z,15Z))","ZDCCXTFOQDDLSE-LITWNLNFSA-N","CCCCCCCCCCCCCCCCCCCC(=O)OC[C@]([H])(COP([O-])(=O)OCC[N+](C)(C)C)OC(=O)CCCCCCC\C=C/C\C=C/C\C=C/CC","52923069","TRUE",NA,NA,"No Match"
"708","BMDB08273","PC(20:0/18:4(6Z,9Z,12Z,15Z))","UELRKDJVEHFVAI-QZOXBMLCSA-N","CCCCCCCCCCCCCCCCCCCC(=O)OC[C@]([H])(COP([O-])(=O)OCC[N+](C)(C)C)OC(=O)CCCC\C=C/C\C=C/C\C=C/C\C=C/CC","52923071","TRUE","DMD302355","DMD302355","Unique Match (by names only)"
"709","BMDB08276","PC(20:0/20:2(11Z,14Z))","DGKXFLANAYRYMU-BYZVZMPQSA-N","CCCCCCCCCCCCCCCCCCCC(=O)OC[C@]([H])(COP([O-])(=O)OCC[N+](C)(C)C)OC(=O)CCCCCCCCC\C=C/C\C=C/CCCCC","24779046","TRUE",NA,NA,"No Match"
"710","BMDB08278","PC(20:0/20:3(8Z,11Z,14Z))","BRHVVSCMXSBYAI-XXXCGRBJSA-N","CCCCCCCCCCCCCCCCCCCC(=O)OC[C@]([H])(COP([O-])(=O)OCC[N+](C)(C)C)OC(=O)CCCCCC\C=C/C\C=C/C\C=C/CCCCC","52923077","TRUE",NA,NA,"No Match"
"711","BMDB08279","PC(20:0/20:4(5Z,8Z,11Z,14Z))","UAVRPIXHIHJERN-CBTSKTMBSA-N","CCCCCCCCCCCCCCCCCCCC(=O)OC[C@]([H])(COP([O-])(=O)OCC[N+](C)(C)C)OC(=O)CCC\C=C/C\C=C/C\C=C/C\C=C/CCCCC","24779048","TRUE",NA,NA,"No Match"
"712","BMDB08290","PC(20:0/24:1(15Z))","JAMSDVDUWQNQFZ-QNQJCTKXSA-N","CCCCCCCCCCCCCCCCCCCC(=O)OC[C@]([H])(COP([O-])(=O)OCC[N+](C)(C)C)OC(=O)CCCCCCCCCCCCC\C=C/CCCCCCCC","24779057","TRUE",NA,NA,"No Match"
"713","BMDB08295","PC(20:1(11Z)/14:0)","WSBNPWBHAOQZJF-OIJJMQLXSA-N","CCCCCCCCCCCCCC(=O)O[C@]([H])(COC(=O)CCCCCCCCC\C=C/CCCCCCCC)COP([O-])(=O)OCC[N+](C)(C)C","52923093","TRUE","DMD305274","DMD305274","Unique Match (by names only)"
"714","BMDB08296","PC(20:1(11Z)/14:1(9Z))","FMLFVZOURBVUJL-LYJZGNKWSA-N","CCCCCCCC\C=C/CCCCCCCCCC(=O)OC[C@]([H])(COP([O-])(=O)OCC[N+](C)(C)C)OC(=O)CCCCCCC\C=C/CCCC","52923095","TRUE",NA,NA,"No Match"
"715","BMDB08297","PC(20:1(11Z)/15:0)","VATZLDBYQIOABD-HFWGUVFESA-N","CCCCCCCCCCCCCCC(=O)O[C@]([H])(COC(=O)CCCCCCCCC\C=C/CCCCCCCC)COP([O-])(=O)OCC[N+](C)(C)C","52923097","TRUE",NA,NA,"No Match"
"716","BMDB08298","PC(20:1(11Z)/16:0)","RLIWKVWRUOJIHW-NYJULOOZSA-N","CCCCCCCCCCCCCCCC(=O)O[C@]([H])(COC(=O)CCCCCCCCC\C=C/CCCCCCCC)COP([O-])(=O)OCC[N+](C)(C)C","52923101","TRUE",NA,NA,"No Match"
"717","BMDB08299","PC(20:1(11Z)/16:1(9Z))","NZMJAZKGUFCMTN-NPCYKUJHSA-N","CCCCCCCC\C=C/CCCCCCCCCC(=O)OC[C@]([H])(COP([O-])(=O)OCC[N+](C)(C)C)OC(=O)CCCCCCC\C=C/CCCCCC","52923103","TRUE",NA,NA,"No Match"
"718","BMDB08302","PC(20:1(11Z)/18:1(9Z))","QLEJPADMSQQACL-WWUFLCHTSA-N","CCCCCCCC\C=C/CCCCCCCCCC(=O)OC[C@]([H])(COP([O-])(=O)OCC[N+](C)(C)C)OC(=O)CCCCCCC\C=C/CCCCCCCC","52923113","TRUE",NA,NA,"No Match"
"719","BMDB08303","PC(20:1(11Z)/18:2(9Z,12Z))","KJDCENXZHMAYTN-VHWCKNCUSA-N","CCCCCCCC\C=C/CCCCCCCCCC(=O)OC[C@]([H])(COP([O-])(=O)OCC[N+](C)(C)C)OC(=O)CCCCCCC\C=C/C\C=C/CCCCC","52923115","TRUE",NA,NA,"No Match"
"720","BMDB08304","PC(20:1(11Z)/18:3(6Z,9Z,12Z))","FHOBLZOUZRDCHR-VSYNYFESSA-N","CCCCCCCC\C=C/CCCCCCCCCC(=O)OC[C@]([H])(COP([O-])(=O)OCC[N+](C)(C)C)OC(=O)CCCC\C=C/C\C=C/C\C=C/CCCCC","52923117","TRUE","DMD302355","DMD302355","Unique Match (by names only)"
"721","BMDB08305","PC(20:1(11Z)/18:3(9Z,12Z,15Z))","NOWQIXJSMOBJLS-LMJTUUMUSA-N","CCCCCCCC\C=C/CCCCCCCCCC(=O)OC[C@]([H])(COP([O-])(=O)OCC[N+](C)(C)C)OC(=O)CCCCCCC\C=C/C\C=C/C\C=C/CC","52923119","TRUE","DMD302355","DMD302355","Unique Match (by names only)"
"722","BMDB08306","PC(20:1(11Z)/18:4(6Z,9Z,12Z,15Z))","YDPVXGLBOPTMBY-SNMLGIRPSA-N","CCCCCCCC\C=C/CCCCCCCCCC(=O)OC[C@]([H])(COP([O-])(=O)OCC[N+](C)(C)C)OC(=O)CCCC\C=C/C\C=C/C\C=C/C\C=C/CC","52923121","TRUE",NA,NA,"No Match"
"723","BMDB08308","PC(20:1(11Z)/20:1(11Z))","AEUCYCQYAUFAKH-DITNKEBASA-N","CCCCCCCC\C=C/CCCCCCCCCC(=O)OC[C@]([H])(COP([O-])(=O)OCC[N+](C)(C)C)OC(=O)CCCCCCCCC\C=C/CCCCCCCC","24779063","TRUE",NA,NA,"No Match"
"724","BMDB08309","PC(20:1(11Z)/20:2(11Z,14Z))","ZGKPOUQXLZVCDF-GPPISGLTSA-N","CCCCCCCC\C=C/CCCCCCCCCC(=O)OC[C@]([H])(COP([O-])(=O)OCC[N+](C)(C)C)OC(=O)CCCCCCCCC\C=C/C\C=C/CCCCC","52923129","TRUE",NA,NA,"No Match"
"725","BMDB08311","PC(20:1(11Z)/20:3(8Z,11Z,14Z))","QLESDNGWICTNRJ-ONITYOGDSA-N","CCCCCCCC\C=C/CCCCCCCCCC(=O)OC[C@]([H])(COP([O-])(=O)OCC[N+](C)(C)C)OC(=O)CCCCCC\C=C/C\C=C/C\C=C/CCCCC","52923131","TRUE",NA,NA,"No Match"
"726","BMDB08328","PC(20:2(11Z,14Z)/14:0)","JFWZYNWHJJSDAY-YBLKGUNISA-N","CCCCCCCCCCCCCC(=O)O[C@]([H])(COC(=O)CCCCCCCCC\C=C/C\C=C/CCCCC)COP([O-])(=O)OCC[N+](C)(C)C","52923153","TRUE",NA,NA,"No Match"
"727","BMDB08329","PC(20:2(11Z,14Z)/14:1(9Z))","MYWHURBVYAKZKD-FRPVHTQQSA-N","CCCCC\C=C/C\C=C/CCCCCCCCCC(=O)OC[C@]([H])(COP([O-])(=O)OCC[N+](C)(C)C)OC(=O)CCCCCCC\C=C/CCCC","52923155","TRUE",NA,NA,"No Match"
"728","BMDB08330","PC(20:2(11Z,14Z)/15:0)","LNGBVAOHJZCRIL-GPDPEMMZSA-N","CCCCCCCCCCCCCCC(=O)O[C@]([H])(COC(=O)CCCCCCCCC\C=C/C\C=C/CCCCC)COP([O-])(=O)OCC[N+](C)(C)C","52923157","TRUE",NA,NA,"No Match"
"729","BMDB08331","PC(20:2(11Z,14Z)/16:0)","JCABAGPMEUGRDK-UXSLIEDSSA-N","CCCCCCCCCCCCCCCC(=O)O[C@]([H])(COC(=O)CCCCCCCCC\C=C/C\C=C/CCCCC)COP([O-])(=O)OCC[N+](C)(C)C","52923161","TRUE",NA,NA,"No Match"
"730","BMDB08332","PC(20:2(11Z,14Z)/16:1(9Z))","VPDVXUMWNZFISL-ZAEMQJNLSA-N","CCCCCC\C=C/CCCCCCCC(=O)O[C@]([H])(COC(=O)CCCCCCCCC\C=C/C\C=C/CCCCC)COP([O-])(=O)OCC[N+](C)(C)C","52923163","TRUE","DMD305279","DMD305279","Unique Match (by names only)"
"731","BMDB08333","PC(20:2(11Z,14Z)/18:0)","BRSRLMBMUIZSFE-UHKGRJRRSA-N","CCCCCCCCCCCCCCCCCC(=O)O[C@]([H])(COC(=O)CCCCCCCCC\C=C/C\C=C/CCCCC)COP([O-])(=O)OCC[N+](C)(C)C","52923171","TRUE",NA,NA,"No Match"
"732","BMDB08335","PC(20:2(11Z,14Z)/18:1(9Z))","YULWBFNKMAKVNZ-UETRTARBSA-N","CCCCCCCC\C=C/CCCCCCCC(=O)O[C@]([H])(COC(=O)CCCCCCCCC\C=C/C\C=C/CCCCC)COP([O-])(=O)OCC[N+](C)(C)C","52923173","TRUE",NA,NA,"No Match"
"733","BMDB08336","PC(20:2(11Z,14Z)/18:2(9Z,12Z))","ZPAYLLVKQCNXOK-JEHIXBSSSA-N","CCCCC\C=C/C\C=C/CCCCCCCCCC(=O)OC[C@]([H])(COP([O-])(=O)OCC[N+](C)(C)C)OC(=O)CCCCCCC\C=C/C\C=C/CCCCC","52923175","TRUE","DMD302355","DMD302355","Unique Match (by names only)"
"734","BMDB08337","PC(20:2(11Z,14Z)/18:3(6Z,9Z,12Z))","WTLVSDIWQGLEAN-MFMUPFOOSA-N","CCCCC\C=C/C\C=C/CCCCCCCCCC(=O)OC[C@]([H])(COP([O-])(=O)OCC[N+](C)(C)C)OC(=O)CCCC\C=C/C\C=C/C\C=C/CCCCC","52923177","TRUE",NA,NA,"No Match"
"735","BMDB08338","PC(20:2(11Z,14Z)/18:3(9Z,12Z,15Z))","ZWBUMNLEWHYPRH-HTEBOPLQSA-N","CCCCC\C=C/C\C=C/CCCCCCCCCC(=O)OC[C@]([H])(COP([O-])(=O)OCC[N+](C)(C)C)OC(=O)CCCCCCC\C=C/C\C=C/C\C=C/CC","52923179","TRUE",NA,NA,"No Match"
"736","BMDB08339","PC(20:2(11Z,14Z)/18:4(6Z,9Z,12Z,15Z))","DMULDNPMYQMFAE-YCAHXJLUSA-N","CCCCC\C=C/C\C=C/CCCCCCCCCC(=O)OC[C@]([H])(COP([O-])(=O)OCC[N+](C)(C)C)OC(=O)CCCC\C=C/C\C=C/C\C=C/C\C=C/CC","52923181","TRUE",NA,NA,"No Match"
"737","BMDB08340","PC(20:2(11Z,14Z)/20:0)","BVDPROLNIRIVET-SZAAGBBJSA-N","CCCCCCCCCCCCCCCCCCCC(=O)O[C@]([H])(COC(=O)CCCCCCCCC\C=C/C\C=C/CCCCC)COP([O-])(=O)OCC[N+](C)(C)C","52923187","TRUE",NA,NA,"No Match"
"738","BMDB08341","PC(20:2(11Z,14Z)/20:1(11Z))","VSWBEFJQWZEWPT-KWPMQJQMSA-N","CCCCCCCC\C=C/CCCCCCCCCC(=O)O[C@]([H])(COC(=O)CCCCCCCCC\C=C/C\C=C/CCCCC)COP([O-])(=O)OCC[N+](C)(C)C","52923189","TRUE",NA,NA,"No Match"
"739","BMDB08342","PC(20:2(11Z,14Z)/20:2(11Z,14Z))","AAYOXXRTLLISDA-RCXGQNHQSA-N","CCCCC\C=C/C\C=C/CCCCCCCCCC(=O)OC[C@]([H])(COP([O-])(=O)OCC[N+](C)(C)C)OC(=O)CCCCCCCCC\C=C/C\C=C/CCCCC","52923191","TRUE",NA,NA,"No Match"
"740","BMDB08394","PC(20:3(8Z,11Z,14Z)/14:0)","VKVSSDKCKXJFIM-AFYHZPHLSA-N","CCCCCCCCCCCCCC(=O)O[C@]([H])(COC(=O)CCCCCC\C=C/C\C=C/C\C=C/CCCCC)COP([O-])(=O)OCC[N+](C)(C)C","52923213","TRUE","DMD302338","DMD302338","Unique Match (by names and pubchem)"
"741","BMDB08395","PC(20:3(8Z,11Z,14Z)/14:1(9Z))","UGOXZVQDVQJYIN-PCBJBAEXSA-N","CCCCC\C=C/C\C=C/C\C=C/CCCCCCC(=O)OC[C@]([H])(COP([O-])(=O)OCC[N+](C)(C)C)OC(=O)CCCCCCC\C=C/CCCC","52923215","TRUE",NA,NA,"No Match"
"742","BMDB08396","PC(20:3(8Z,11Z,14Z)/15:0)","PBYSSMVZTSQJLK-XWIBIVISSA-N","CCCCCCCCCCCCCCC(=O)O[C@]([H])(COC(=O)CCCCCC\C=C/C\C=C/C\C=C/CCCCC)COP([O-])(=O)OCC[N+](C)(C)C","52923217","TRUE",NA,NA,"No Match"
"743","BMDB08397","PC(20:3(8Z,11Z,14Z)/16:0)","YKSVDDIMSQYNID-YYQUKWHJSA-N","CCCCCCCCCCCCCCCC(=O)O[C@]([H])(COC(=O)CCCCCC\C=C/C\C=C/C\C=C/CCCCC)COP([O-])(=O)OCC[N+](C)(C)C","52923221","TRUE","DMD305279","DMD305279","Unique Match (by names only)"
"744","BMDB08398","PC(20:3(8Z,11Z,14Z)/16:1(9Z))","SMNBWWUNQGASFC-MLQXCARSSA-N","CCCCCC\C=C/CCCCCCCC(=O)O[C@]([H])(COC(=O)CCCCCC\C=C/C\C=C/C\C=C/CCCCC)COP([O-])(=O)OCC[N+](C)(C)C","52923223","TRUE",NA,NA,"No Match"
"745","BMDB08399","PC(20:3(8Z,11Z,14Z)/18:0)","UTVPIFAQLMVRBR-DXLHFBPTSA-N","CCCCCCCCCCCCCCCCCC(=O)O[C@]([H])(COC(=O)CCCCCC\C=C/C\C=C/C\C=C/CCCCC)COP([O-])(=O)OCC[N+](C)(C)C","52923231","TRUE",NA,NA,"No Match"
"746","BMDB08401","PC(20:3(8Z,11Z,14Z)/18:1(9Z))","SLKDYSINLYWLQQ-IGMUWBMCSA-N","CCCCCCCC\C=C/CCCCCCCC(=O)O[C@]([H])(COC(=O)CCCCCC\C=C/C\C=C/C\C=C/CCCCC)COP([O-])(=O)OCC[N+](C)(C)C","52923233","TRUE","DMD302355","DMD302355","Unique Match (by names only)"
"747","BMDB08402","PC(20:3(8Z,11Z,14Z)/18:2(9Z,12Z))","SUACBSWYGWBPFC-GPUJSUHJSA-N","CCCCC\C=C/C\C=C/CCCCCCCC(=O)O[C@]([H])(COC(=O)CCCCCC\C=C/C\C=C/C\C=C/CCCCC)COP([O-])(=O)OCC[N+](C)(C)C","52923235","TRUE","DMD302356","DMD302356","Unique Match (by names and pubchem)"
"748","BMDB08403","PC(20:3(8Z,11Z,14Z)/18:3(6Z,9Z,12Z))","RIDIYDAFPMEWTP-AFNUAFPGSA-N","CCCCC\C=C/C\C=C/C\C=C/CCCCCCC(=O)OC[C@]([H])(COP([O-])(=O)OCC[N+](C)(C)C)OC(=O)CCCC\C=C/C\C=C/C\C=C/CCCCC","52923237","TRUE",NA,NA,"No Match"
"749","BMDB08404","PC(20:3(8Z,11Z,14Z)/18:3(9Z,12Z,15Z))","ONHNZXQSGXKTJD-FKOQMNRQSA-N","CCCCC\C=C/C\C=C/C\C=C/CCCCCCC(=O)OC[C@]([H])(COP([O-])(=O)OCC[N+](C)(C)C)OC(=O)CCCCCCC\C=C/C\C=C/C\C=C/CC","52923239","TRUE",NA,NA,"No Match"
"750","BMDB08406","PC(20:3(8Z,11Z,14Z)/20:0)","NMVCKDUPYAOXCG-XGEOKNOUSA-N","CCCCCCCCCCCCCCCCCCCC(=O)O[C@]([H])(COC(=O)CCCCCC\C=C/C\C=C/C\C=C/CCCCC)COP([O-])(=O)OCC[N+](C)(C)C","52923247","TRUE",NA,NA,"No Match"
"751","BMDB08426","PC(20:4(5Z,8Z,11Z,14Z)/14:0)","KMZWZYBLPBQHMP-PVHGPNMRSA-N","CCCCCCCCCCCCCC(=O)O[C@]([H])(COC(=O)CCC\C=C/C\C=C/C\C=C/C\C=C/CCCCC)COP([O-])(=O)OCC[N+](C)(C)C","52923275","TRUE",NA,NA,"No Match"
"752","BMDB08429","PC(20:4(5Z,8Z,11Z,14Z)/16:0)","PUDHBQQGURLBGJ-IVFHWKNFSA-N","CCCCCCCCCCCCCCCC(=O)O[C@]([H])(COC(=O)CCC\C=C/C\C=C/C\C=C/C\C=C/CCCCC)COP([O-])(=O)OCC[N+](C)(C)C","24779073","TRUE",NA,NA,"No Match"
"753","BMDB08430","PC(20:4(5Z,8Z,11Z,14Z)/16:1(9Z))","KKRYRHYMXROGPM-SOVKMKKSSA-N","CCCCCC\C=C/CCCCCCCC(=O)O[C@]([H])(COC(=O)CCC\C=C/C\C=C/C\C=C/C\C=C/CCCCC)COP([O-])(=O)OCC[N+](C)(C)C","52923283","TRUE",NA,NA,"No Match"
"754","BMDB08431","PC(20:4(5Z,8Z,11Z,14Z)/18:0)","DNYKSJQVBCVGOF-LCKGXUDJSA-N","CCCCCCCCCCCCCCCCCC(=O)O[C@]([H])(COC(=O)CCC\C=C/C\C=C/C\C=C/C\C=C/CCCCC)COP([O-])(=O)OCC[N+](C)(C)C","52923291","TRUE","DMD302355","DMD302355","Unique Match (by names only)"
"755","BMDB08433","PC(20:4(5Z,8Z,11Z,14Z)/18:1(9Z))","PJAVLQZDHFXHPI-IHBLHBMHSA-N","CCCCCCCC\C=C/CCCCCCCC(=O)O[C@]([H])(COC(=O)CCC\C=C/C\C=C/C\C=C/C\C=C/CCCCC)COP([O-])(=O)OCC[N+](C)(C)C","52923293","TRUE",NA,NA,"No Match"
"756","BMDB08434","PC(20:4(5Z,8Z,11Z,14Z)/18:2(9Z,12Z))","PLZBTDKJYHXIEW-DZUXOTHRSA-N","CCCCC\C=C/C\C=C/CCCCCCCC(=O)O[C@]([H])(COC(=O)CCC\C=C/C\C=C/C\C=C/C\C=C/CCCCC)COP([O-])(=O)OCC[N+](C)(C)C","52923295","TRUE","DMD302357","DMD302357","Unique Match (by names and pubchem)"
"757","BMDB08438","PC(20:4(5Z,8Z,11Z,14Z)/20:0)","DXCCGBCVYMELBT-NDJZOZGISA-N","CCCCCCCCCCCCCCCCCCCC(=O)O[C@]([H])(COC(=O)CCC\C=C/C\C=C/C\C=C/C\C=C/CCCCC)COP([O-])(=O)OCC[N+](C)(C)C","52923307","TRUE",NA,NA,"No Match"
"758","BMDB08495","PC(20:5(5Z,8Z,11Z,14Z,17Z)/16:0)","SUZYROYNFNQALJ-MHEIZRSESA-N","CCCCCCCCCCCCCCCC(=O)O[C@]([H])(COC(=O)CCC\C=C/C\C=C/C\C=C/C\C=C/C\C=C/CC)COP([O-])(=O)OCC[N+](C)(C)C","52923341","TRUE","DMD302353","DMD302353","Unique Match (by names and pubchem)"
"759","BMDB08497","PC(20:5(5Z,8Z,11Z,14Z,17Z)/18:0)","JKDOKILDEIEPFZ-LGPFJNBISA-N","CCCCCCCCCCCCCCCCCC(=O)O[C@]([H])(COC(=O)CCC\C=C/C\C=C/C\C=C/C\C=C/C\C=C/CC)COP([O-])(=O)OCC[N+](C)(C)C","52923351","TRUE",NA,NA,"No Match"
"760","BMDB08499","PC(20:5(5Z,8Z,11Z,14Z,17Z)/18:1(9Z))","JZKMYCPNBSRARO-YMBRLFDISA-N","CCCCCCCC\C=C/CCCCCCCC(=O)O[C@]([H])(COC(=O)CCC\C=C/C\C=C/C\C=C/C\C=C/C\C=C/CC)COP([O-])(=O)OCC[N+](C)(C)C","24779080","TRUE",NA,NA,"No Match"
"761","BMDB08525","PC(22:0/14:0)","JFNNIQMJYCUZKY-HUESYALOSA-N","[H][C@@](COC(=O)CCCCCCCCCCCCCCCCCCCCC)(COP([O-])(=O)OCC[N+](C)(C)C)OC(=O)CCCCCCCCCCCCC","24779104","TRUE",NA,NA,"No Match"
"762","BMDB08526","PC(22:0/14:1(9Z))","RGHFEAMZDBFLPO-FASREOMLSA-N","CCCCCCCCCCCCCCCCCCCCCC(=O)OC[C@]([H])(COP([O-])(=O)OCC[N+](C)(C)C)OC(=O)CCCCCCC\C=C/CCCC","52923437","TRUE",NA,NA,"No Match"
"763","BMDB08527","PC(22:0/15:0)","AAQYYLOZSPSSEX-VZUYHUTRSA-N","[H][C@@](COC(=O)CCCCCCCCCCCCCCCCCCCCC)(COP([O-])(=O)OCC[N+](C)(C)C)OC(=O)CCCCCCCCCCCCCC","52923439","TRUE",NA,NA,"No Match"
"764","BMDB08533","PC(22:0/18:2(9Z,12Z))","LDQMGTRKTWSKIW-QGXZLJJESA-N","CCCCCCCCCCCCCCCCCCCCCC(=O)OC[C@]([H])(COP([O-])(=O)OCC[N+](C)(C)C)OC(=O)CCCCCCC\C=C/C\C=C/CCCCC","52923453","TRUE",NA,NA,"No Match"
"765","BMDB08534","PC(22:0/18:3(6Z,9Z,12Z))","OFWRYSQDJOQSHU-FARFQYTLSA-N","CCCCCCCCCCCCCCCCCCCCCC(=O)OC[C@]([H])(COP([O-])(=O)OCC[N+](C)(C)C)OC(=O)CCCC\C=C/C\C=C/C\C=C/CCCCC","52923455","TRUE",NA,NA,"No Match"
"766","BMDB08535","PC(22:0/18:3(9Z,12Z,15Z))","JYFWSVLYQSTYHE-NOAWTOFZSA-N","CCCCCCCCCCCCCCCCCCCCCC(=O)OC[C@]([H])(COP([O-])(=O)OCC[N+](C)(C)C)OC(=O)CCCCCCC\C=C/C\C=C/C\C=C/CC","52923457","TRUE",NA,NA,"No Match"
"767","BMDB08536","PC(22:0/18:4(6Z,9Z,12Z,15Z))","LFDYHYAWJHIDTQ-GFEYAWDCSA-N","CCCCCCCCCCCCCCCCCCCCCC(=O)OC[C@]([H])(COP([O-])(=O)OCC[N+](C)(C)C)OC(=O)CCCC\C=C/C\C=C/C\C=C/C\C=C/CC","52923459","TRUE",NA,NA,"No Match"
"768","BMDB08546","PC(22:0/22:1(13Z))","LTXUEXPDKWPLQA-ZMGYLBOHSA-N","CCCCCCCCCCCCCCCCCCCCCC(=O)OC[C@]([H])(COP([O-])(=O)OCC[N+](C)(C)C)OC(=O)CCCCCCCCCCC\C=C/CCCCCCCC","24779119","TRUE",NA,NA,"No Match"
"769","BMDB08553","PC(22:0/24:1(15Z))","YVOMCNAZZLQFGN-BJHYVVJGSA-N","CCCCCCCCCCCCCCCCCCCCCC(=O)OC[C@]([H])(COP([O-])(=O)OCC[N+](C)(C)C)OC(=O)CCCCCCCCCCCCC\C=C/CCCCCCCC","24779122","TRUE",NA,NA,"No Match"
"770","BMDB08558","PC(22:1(13Z)/14:0)","RSKUBXWDAIDNLE-HSEDGGQWSA-N","CCCCCCCCCCCCCC(=O)O[C@]([H])(COC(=O)CCCCCCCCCCC\C=C/CCCCCCCC)COP([O-])(=O)OCC[N+](C)(C)C","53479165","TRUE",NA,NA,"No Match"
"771","BMDB08559","PC(22:1(13Z)/14:1(9Z))","CYQUGAJGPGKDFF-MHJIJCEHSA-N","CCCCCCCC\C=C/CCCCCCCCCCCC(=O)OC[C@]([H])(COP([O-])(=O)OCC[N+](C)(C)C)OC(=O)CCCCCCC\C=C/CCCC","53479167","TRUE",NA,NA,"No Match"
"772","BMDB08564","PC(22:1(13Z)/18:1(9Z))","CZZWUVSNBSTVTM-ACZCORRTSA-N","CCCCCCCC\C=C/CCCCCCCCCCCC(=O)OC[C@]([H])(COP([O-])(=O)OCC[N+](C)(C)C)OC(=O)CCCCCCC\C=C/CCCCCCCC","53479177","TRUE",NA,NA,"No Match"
"773","BMDB08565","PC(22:1(13Z)/18:2(9Z,12Z))","QITWVLBMWWSFPO-PUXNAPJVSA-N","CCCCCCCC\C=C/CCCCCCCCCCCC(=O)OC[C@]([H])(COP([O-])(=O)OCC[N+](C)(C)C)OC(=O)CCCCCCC\C=C/C\C=C/CCCCC","53479179","TRUE",NA,NA,"No Match"
"774","BMDB08566","PC(22:1(13Z)/18:3(6Z,9Z,12Z))","BUYWHDOUDGEIHW-YEHISXKXSA-N","CCCCCCCC\C=C/CCCCCCCCCCCC(=O)OC[C@]([H])(COP([O-])(=O)OCC[N+](C)(C)C)OC(=O)CCCC\C=C/C\C=C/C\C=C/CCCCC","53479181","TRUE",NA,NA,"No Match"
"775","BMDB08567","PC(22:1(13Z)/18:3(9Z,12Z,15Z))","FHUAYOMRHXZKHT-JUGJLYODSA-N","CCCCCCCC\C=C/CCCCCCCCCCCC(=O)OC[C@]([H])(COP([O-])(=O)OCC[N+](C)(C)C)OC(=O)CCCCCCC\C=C/C\C=C/C\C=C/CC","53479183","TRUE",NA,NA,"No Match"
"776","BMDB08623","PC(22:4(7Z,10Z,13Z,16Z)/14:0)","FHBLNLYBVANDFG-CCHOKCMJSA-N","CCCCCCCCCCCCCC(=O)O[C@]([H])(COC(=O)CCCCC\C=C/C\C=C/C\C=C/C\C=C/CCCCC)COP([O-])(=O)OCC[N+](C)(C)C","52923613","TRUE",NA,NA,"No Match"
"777","BMDB08624","PC(22:4(7Z,10Z,13Z,16Z)/14:1(9Z))","UJZMLLMWTJZZJX-WPNBCRARSA-N","CCCCC\C=C/C\C=C/C\C=C/C\C=C/CCCCCC(=O)OC[C@]([H])(COP([O-])(=O)OCC[N+](C)(C)C)OC(=O)CCCCCCC\C=C/CCCC","52923615","TRUE",NA,NA,"No Match"
"778","BMDB08626","PC(22:4(7Z,10Z,13Z,16Z)/16:0)","LKZIWAABXRQNGG-JAYRDFRFSA-N","CCCCCCCCCCCCCCCC(=O)O[C@]([H])(COC(=O)CCCCC\C=C/C\C=C/C\C=C/C\C=C/CCCCC)COP([O-])(=O)OCC[N+](C)(C)C","52923621","TRUE","DMD302355","DMD302355","Unique Match (by names only)"
"779","BMDB08627","PC(22:4(7Z,10Z,13Z,16Z)/16:1(9Z))","STHWQCYHQJBDDB-SYONOARRSA-N","CCCCCC\C=C/CCCCCCCC(=O)O[C@]([H])(COC(=O)CCCCC\C=C/C\C=C/C\C=C/C\C=C/CCCCC)COP([O-])(=O)OCC[N+](C)(C)C","52923623","TRUE",NA,NA,"No Match"
"780","BMDB08628","PC(22:4(7Z,10Z,13Z,16Z)/18:0)","YVFBVKJWPMCQQG-NRICRUJBSA-N","CCCCCCCCCCCCCCCCCC(=O)O[C@]([H])(COC(=O)CCCCC\C=C/C\C=C/C\C=C/C\C=C/CCCCC)COP([O-])(=O)OCC[N+](C)(C)C","52923631","TRUE",NA,NA,"No Match"
"781","BMDB08689","PC(22:5(7Z,10Z,13Z,16Z,19Z)/14:0)","LPZVTJRCWZIDNE-DYPKKMQZSA-N","CCCCCCCCCCCCCC(=O)O[C@]([H])(COC(=O)CCCCC\C=C/C\C=C/C\C=C/C\C=C/C\C=C/CC)COP([O-])(=O)OCC[N+](C)(C)C","53479341","TRUE",NA,NA,"No Match"
"782","BMDB08725","PC(22:6(4Z,7Z,10Z,13Z,16Z,19Z)/16:0)","YALZVLCVXOASDL-FZGNBNATSA-N","CCCCCCCCCCCCCCCC(=O)O[C@]([H])(COC(=O)CC\C=C/C\C=C/C\C=C/C\C=C/C\C=C/C\C=C/CC)COP([O-])(=O)OCC[N+](C)(C)C","24779131","TRUE",NA,NA,"No Match"
"783","BMDB08768","PC(24:0/20:1(11Z))","FPTZGKMFUCCQES-ZMGYLBOHSA-N","CCCCCCCCCCCCCCCCCCCCCCCC(=O)OC[C@]([H])(COP([O-])(=O)OCC[N+](C)(C)C)OC(=O)CCCCCCCCC\C=C/CCCCCCCC","24779167","TRUE",NA,NA,"No Match"
"784","BMDB08792","PC(24:1(15Z)/16:1(9Z))","ZHHDWDXQYDFYKQ-QYQAGSNQSA-N","CCCCCCCC\C=C/CCCCCCCCCCCCCC(=O)OC[C@]([H])(COP([O-])(=O)OCC[N+](C)(C)C)OC(=O)CCCCCCC\C=C/CCCCCC","53479495","TRUE",NA,NA,"No Match"
"785","BMDB10381","LysoPC(15:0)","RJZVWDTYEWCUAR-JOCHJYFZSA-N","[H][C@@](O)(COC(=O)CCCCCCCCCCCCCC)COP([O-])(=O)OCC[N+](C)(C)C","24779458","TRUE","DMD305229","DMD305229","Unique Match (by names and pubchem)"
"786","BMDB10382","LysoPC(16:0)","ASWBNKHCZGQVJV-HSZRJFAPSA-N","[H][C@@](O)(COC(=O)CCCCCCCCCCCCCCC)COP([O-])(=O)OCC[N+](C)(C)C","460602","TRUE","DMD302308;DMD305534","DMD302308","Unique Match (by names and pubchem)"
"787","BMDB10386","LysoPC(18:2(9Z,12Z))","SPJFYYJXNPEZDW-FTJOPAKQSA-N","CCCCC\C=C/C\C=C/CCCCCCCC(=O)OC[C@@]([H])(O)COP([O-])(=O)OCC[N+](C)(C)C","11005824","TRUE","DMD302312","DMD302312","Unique Match (by names and pubchem)"
"788","BMDB10411","TG(16:0/14:0/16:0)[iso3]","NSQZMMPMMBEIIA-UHFFFAOYSA-N","[H]C(COC(=O)CCCCCCCCCCCCCCC)(COC(=O)CCCCCCCCCCCCCCC)OC(=O)CCCCCCCCCCCCC","545606","FALSE",NA,NA,"No Match"
"789","BMDB10412","TG(16:0/14:0/16:1(9Z))[iso6]","VUYXIQLBLBPRDY-FIZKWYBOSA-N","[H][C@@](COC(=O)CCCCCCCCCCCCCCC)(COC(=O)CCCCCCC\C=C/CCCCCC)OC(=O)CCCCCCCCCCCCC","53480480","FALSE",NA,NA,"No Match"
"790","BMDB10413","TG(16:0/14:0/18:0)[iso6]","HVGKTEKOBPKGTR-QSCHNALKSA-N","[H][C@@](COC(=O)CCCCCCCCCCCCCCC)(COC(=O)CCCCCCCCCCCCCCCCC)OC(=O)CCCCCCCCCCCCC","","FALSE",NA,NA,"No Match"
"791","BMDB10414","TG(16:0/14:0/18:1(9Z))[iso6]","OXKCYPBFNOPGNR-FOBNYNKYSA-N","[H][C@@](COC(=O)CCCCCCCCCCCCCCC)(COC(=O)CCCCCCC\C=C/CCCCCCCC)OC(=O)CCCCCCCCCCCCC","53480481","FALSE","DMD302468","DMD302468","Unique Match (by names only)"
"792","BMDB10416","TG(16:0/16:0/18:1(11Z))[iso3]","ZKEWGTVAIGJNBK-VLBIAFCBSA-N","[H][C@@](COC(=O)CCCCCCCCCCCCCCC)(COC(=O)CCCCCCCCC\C=C/CCCCCC)OC(=O)CCCCCCCCCCCCCCC","53480483","FALSE",NA,NA,"No Match"
"793","BMDB10417","TG(16:0/16:0/18:3(9Z,12Z,15Z))[iso3]","WLFXGZDFDKIDIL-AVVZNEQPSA-N","[H][C@@](COC(=O)CCCCCCCCCCCCCCC)(COC(=O)CCCCCCC\C=C/C\C=C/C\C=C/CC)OC(=O)CCCCCCCCCCCCCCC","25240358","TRUE",NA,NA,"No Match"
"794","BMDB10418","TG(16:0/16:0/22:6(4Z,7Z,10Z,13Z,16Z,19Z))[iso3]","GNADFLWMYUNMMR-RWKYOVKRSA-N","[H][C@@](COC(=O)CCCCCCCCCCCCCCC)(COC(=O)CC\C=C/C\C=C/C\C=C/C\C=C/C\C=C/C\C=C/CC)OC(=O)CCCCCCCCCCCCCCC","9544489","TRUE","DMD302505","DMD302505","Unique Match (by names only)"
"795","BMDB10423","TG(16:1(9Z)/16:0/18:1(11Z))[iso6]","TVENQJOAVIJNCV-WMKGZJNJSA-N","[H][C@](COC(=O)CCCCCCCCC\C=C/CCCCCC)(COC(=O)CCCCCCC\C=C/CCCCCC)OC(=O)CCCCCCCCCCCCCCC","53480488","FALSE",NA,NA,"No Match"
"796","BMDB10424","TG(16:1(9Z)/16:0/18:3(9Z,12Z,15Z))[iso6]","LCCSSJALYOQLAY-PXKDUDJKSA-N","[H][C@@](COC(=O)CCCCCCC\C=C/CCCCCC)(COC(=O)CCCCCCC\C=C/C\C=C/C\C=C/CC)OC(=O)CCCCCCCCCCCCCCC","53480489","FALSE",NA,NA,"No Match"
"797","BMDB10425","TG(16:1(9Z)/18:0/18:1(11Z))[iso6]","QOKAQJJBGBHKQF-BHSMRSOWSA-N","[H][C@](COC(=O)CCCCCCCCC\C=C/CCCCCC)(COC(=O)CCCCCCC\C=C/CCCCCC)OC(=O)CCCCCCCCCCCCCCCCC","53480490","FALSE",NA,NA,"No Match"
"798","BMDB10426","TG(18:0/14:0/16:1(9Z))[iso6]","GDRDGFOLBPNIBE-XSIURGGPSA-N","[H][C@@](COC(=O)CCCCCCCCCCCCCCCCC)(COC(=O)CCCCCCC\C=C/CCCCCC)OC(=O)CCCCCCCCCCCCC","53480491","FALSE","DMD302468","DMD302468","Unique Match (by names only)"
"799","BMDB10427","TG(18:0/14:0/18:0)[iso3]","MARPCPMDFOPPJX-UHFFFAOYSA-N","[H]C(COC(=O)CCCCCCCCCCCCCCCCC)(COC(=O)CCCCCCCCCCCCCCCCC)OC(=O)CCCCCCCCCCCCC","545588","FALSE","DMD305416","DMD305416","Unique Match (by names and pubchem)"
"800","BMDB10428","TG(18:0/14:0/18:1(11Z))[iso6]","MITUBFKADCJAMS-ZMSSUMMHSA-N","[H][C@@](COC(=O)CCCCCCCCCCCCCCCCC)(COC(=O)CCCCCCCCC\C=C/CCCCCC)OC(=O)CCCCCCCCCCCCC","53480492","TRUE",NA,NA,"No Match"
"801","BMDB10429","TG(18:0/14:0/18:1(9Z))[iso6]","IFVQPZDHFMEHAS-YVUYSCDNSA-N","[H][C@@](COC(=O)CCCCCCCCCCCCCCCCC)(COC(=O)CCCCCCC\C=C/CCCCCCCC)OC(=O)CCCCCCCCCCCCC","53480493","FALSE",NA,NA,"No Match"
"802","BMDB10430","TG(18:0/14:0/18:2(9Z,12Z))[iso6]","ODCBLKWKYWYBIY-TUVYQMNMSA-N","[H][C@@](COC(=O)CCCCCCCCCCCCCCCCC)(COC(=O)CCCCCCC\C=C/C\C=C/CCCCC)OC(=O)CCCCCCCCCCCCC","53480494","FALSE",NA,NA,"No Match"
"803","BMDB10431","TG(18:0/16:0/18:1(11Z))[iso6]","XWOGDCXWTYZPKJ-QCSIWSIHSA-N","[H][C@@](COC(=O)CCCCCCCCCCCCCCCCC)(COC(=O)CCCCCCCCC\C=C/CCCCCC)OC(=O)CCCCCCCCCCCCCCC","53480495","FALSE",NA,NA,"No Match"
"804","BMDB10434","TG(18:1(11Z)/14:0/18:1(11Z))[iso3]","KSDAXSHCJFDETR-IKJQKJQYSA-N","[H]C(COC(=O)CCCCCCCCC\C=C/CCCCCC)(COC(=O)CCCCCCCCC\C=C/CCCCCC)OC(=O)CCCCCCCCCCCCC","53480498","FALSE",NA,NA,"No Match"
"805","BMDB10435","TG(18:1(11Z)/14:0/18:1(9Z))[iso6]","FYLBINGMERYUTQ-MSOJSNCQSA-N","[H][C@@](COC(=O)CCCCCCCCC\C=C/CCCCCC)(COC(=O)CCCCCCC\C=C/CCCCCCCC)OC(=O)CCCCCCCCCCCCC","53480499","FALSE",NA,NA,"No Match"
"806","BMDB10437","TG(18:1(11Z)/16:0/18:1(11Z))[iso3]","SFJDWDOXOLBSHJ-IKJQKJQYSA-N","[H]C(COC(=O)CCCCCCCCC\C=C/CCCCCC)(COC(=O)CCCCCCCCC\C=C/CCCCCC)OC(=O)CCCCCCCCCCCCCCC","53480501","FALSE",NA,NA,"No Match"
"807","BMDB10438","TG(18:1(11Z)/16:0/18:1(9Z))[iso6]","HYQDVSFOHNVBHQ-RXBOFXCQSA-N","[H][C@@](COC(=O)CCCCCCCCC\C=C/CCCCCC)(COC(=O)CCCCCCC\C=C/CCCCCCCC)OC(=O)CCCCCCCCCCCCCCC","53480502","FALSE",NA,NA,"No Match"
"808","BMDB10441","TG(18:1(11Z)/16:0/20:4(5Z,8Z,11Z,14Z))[iso6]","MZKZFZRBZNYKEI-JHELZGSHSA-N","[H][C@@](COC(=O)CCCCCCCCC\C=C/CCCCCC)(COC(=O)CCC\C=C/C\C=C/C\C=C/C\C=C/CCCCC)OC(=O)CCCCCCCCCCCCCCC","53480505","FALSE",NA,NA,"No Match"
"809","BMDB10448","TG(18:1(9Z)/14:0/18:1(9Z))[iso3]","DDNSMJIEBXEPOS-DSOYXUETSA-N","[H]C(COC(=O)CCCCCCC\C=C/CCCCCCCC)(COC(=O)CCCCCCC\C=C/CCCCCCCC)OC(=O)CCCCCCCCCCCCC","53480512","FALSE",NA,NA,"No Match"
"810","BMDB10453","TG(18:1(9Z)/16:0/20:5(5Z,8Z,11Z,14Z,17Z))[iso6]","QFWRCXUOTZVILC-UHMKBKRGSA-N","[H][C@@](COC(=O)CCCCCCC\C=C/CCCCCCCC)(COC(=O)CCC\C=C/C\C=C/C\C=C/C\C=C/C\C=C/CC)OC(=O)CCCCCCCCCCCCCCC","53480517","FALSE",NA,NA,"No Match"
"811","BMDB10454","TG(18:1(9Z)/16:0/22:5(7Z,10Z,13Z,16Z,19Z))[iso6]","FMWBJEAEGFGGAB-URMSEKCYSA-N","[H][C@@](COC(=O)CCCCCCC\C=C/CCCCCCCC)(COC(=O)CCCCC\C=C/C\C=C/C\C=C/C\C=C/C\C=C/CC)OC(=O)CCCCCCCCCCCCCCC","53480518","FALSE",NA,NA,"No Match"
"812","BMDB10459","TG(18:1(9Z)/18:1(9Z)/18:3(6Z,9Z,12Z))[iso6]","GOEUQPTVSLNGLY-SIPJYBKGSA-N","[H][C@@](COC(=O)CCCCCCC\C=C/CCCCCCCC)(COC(=O)CCCC\C=C/C\C=C/C\C=C/CCCCC)OC(=O)CCCCCCC\C=C/CCCCCCCC","53480523","FALSE",NA,NA,"No Match"
"813","BMDB10460","TG(18:1(9Z)/18:1(9Z)/18:3(9Z,12Z,15Z))[iso3]","OEJXMJPFOHYSIU-GRLFFVHSSA-N","[H][C@@](COC(=O)CCCCCCC\C=C/CCCCCCCC)(COC(=O)CCCCCCC\C=C/C\C=C/C\C=C/CC)OC(=O)CCCCCCC\C=C/CCCCCCCC","9544294","TRUE","DMD302502","DMD302502","Unique Match (by names and pubchem)"
"814","BMDB10466","TG(18:1(9Z)/18:1(9Z)/22:1(13Z))[iso3]","TUJAWJCRCOOMQU-MPSDTBBVSA-N","[H][C@](COC(=O)CCCCCCCCCCC\C=C/CCCCCCCC)(COC(=O)CCCCCCC\C=C/CCCCCCCC)OC(=O)CCCCCCC\C=C/CCCCCCCC","25240385","FALSE",NA,NA,"No Match"
"815","BMDB10470","TG(18:2(9Z,12Z)/14:0/18:2(9Z,12Z))[iso3]","JZVVUGYNBNZRQI-ZBTSZJFVSA-N","[H]C(COC(=O)CCCCCCC\C=C/C\C=C/CCCCC)(COC(=O)CCCCCCC\C=C/C\C=C/CCCCC)OC(=O)CCCCCCCCCCCCC","53480526","FALSE",NA,NA,"No Match"
"816","BMDB10472","TG(18:2(9Z,12Z)/14:0/20:4(5Z,8Z,11Z,14Z))[iso6]","HQPWVNCYCOACEY-OAXWTFOCSA-N","[H][C@@](COC(=O)CCCCCCC\C=C/C\C=C/CCCCC)(COC(=O)CCC\C=C/C\C=C/C\C=C/C\C=C/CCCCC)OC(=O)CCCCCCCCCCCCC","53480528","FALSE",NA,NA,"No Match"
"817","BMDB10475","TG(18:2(9Z,12Z)/16:0/20:5(5Z,8Z,11Z,14Z,17Z))[iso6]","ABKREXPZUFOPCM-ZKSUYQBGSA-N","[H][C@@](COC(=O)CCCCCCC\C=C/C\C=C/CCCCC)(COC(=O)CCC\C=C/C\C=C/C\C=C/C\C=C/C\C=C/CC)OC(=O)CCCCCCCCCCCCCCC","53480531","FALSE",NA,NA,"No Match"
"818","BMDB10477","TG(18:2(9Z,12Z)/18:0/18:3(9Z,12Z,15Z))[iso6]","RRAQCLWYZXSZBE-ATHBHBQWSA-N","[H][C@@](COC(=O)CCCCCCC\C=C/C\C=C/CCCCC)(COC(=O)CCCCCCC\C=C/C\C=C/C\C=C/CC)OC(=O)CCCCCCCCCCCCCCCCC","53480533","FALSE",NA,NA,"No Match"
"819","BMDB10479","TG(18:2(9Z,12Z)/18:1(11Z)/18:2(9Z,12Z))[iso3]","YJBUODNAHDVYLJ-LNZLXKATSA-N","[H]C(COC(=O)CCCCCCC\C=C/C\C=C/CCCCC)(COC(=O)CCCCCCC\C=C/C\C=C/CCCCC)OC(=O)CCCCCCCCC\C=C/CCCCCC","53480535","FALSE",NA,NA,"No Match"
"820","BMDB10481","TG(18:2(9Z,12Z)/18:1(9Z)/18:3(6Z,9Z,12Z))[iso6]","JEUSYMMQMCKJOY-YHOLSIJASA-N","[H][C@@](COC(=O)CCCCCCC\C=C/C\C=C/CCCCC)(COC(=O)CCCC\C=C/C\C=C/C\C=C/CCCCC)OC(=O)CCCCCCC\C=C/CCCCCCCC","53480537","FALSE",NA,NA,"No Match"
"821","BMDB10482","TG(18:2(9Z,12Z)/18:1(9Z)/18:3(9Z,12Z,15Z))[iso6]","POGJAUDNOWLVNS-GTFIAHEWSA-N","[H][C@@](COC(=O)CCCCCCC\C=C/C\C=C/CCCCC)(COC(=O)CCCCCCC\C=C/C\C=C/C\C=C/CC)OC(=O)CCCCCCC\C=C/CCCCCCCC","53480538","FALSE","DMD302505","DMD302505","Unique Match (by names only)"
"822","BMDB10485","TG(18:2(9Z,12Z)/18:1(9Z)/20:3(8Z,11Z,14Z))[iso6]","BAYJGANIIKHKCP-JKEXLARWSA-N","[H][C@@](COC(=O)CCCCCCC\C=C/C\C=C/CCCCC)(COC(=O)CCCCCC\C=C/C\C=C/C\C=C/CCCCC)OC(=O)CCCCCCC\C=C/CCCCCCCC","53480541","FALSE",NA,NA,"No Match"
"823","BMDB10489","TG(18:2(9Z,12Z)/18:2(9Z,12Z)/18:3(6Z,9Z,12Z))[iso3]","GBDGUGNAHCFRDF-HCMATFEHSA-N","[H][C@@](COC(=O)CCCCCCC\C=C/C\C=C/CCCCC)(COC(=O)CCCC\C=C/C\C=C/C\C=C/CCCCC)OC(=O)CCCCCCC\C=C/C\C=C/CCCCC","53480545","FALSE",NA,NA,"No Match"
"824","BMDB10490","TG(18:2(9Z,12Z)/18:2(9Z,12Z)/18:3(9Z,12Z,15Z))[iso3]","NGPHUAVENUDDAO-VFDREBADSA-N","[H][C@@](COC(=O)CCCCCCC\C=C/C\C=C/CCCCC)(COC(=O)CCCCCCC\C=C/C\C=C/C\C=C/CC)OC(=O)CCCCCCC\C=C/C\C=C/CCCCC","9544383","FALSE",NA,NA,"No Match"
"825","BMDB10491","TG(18:2(9Z,12Z)/18:2(9Z,12Z)/20:2(11Z,14Z))[iso3]","ZTNDRFCABXFVMY-WJTCTALZSA-N","[H][C@](COC(=O)CCCCCCCCC\C=C/C\C=C/CCCCC)(COC(=O)CCCCCCC\C=C/C\C=C/CCCCC)OC(=O)CCCCCCC\C=C/C\C=C/CCCCC","9544625","TRUE","DMD302510","DMD302510","Unique Match (by names and pubchem)"
"826","BMDB10499","TG(18:3(9Z,12Z,15Z)/16:0/18:3(9Z,12Z,15Z))[iso3]","RHWAKRNYKAWEPQ-HTINPRBKSA-N","[H]C(COC(=O)CCCCCCC\C=C/C\C=C/C\C=C/CC)(COC(=O)CCCCCCC\C=C/C\C=C/C\C=C/CC)OC(=O)CCCCCCCCCCCCCCC","10724251","FALSE",NA,NA,"No Match"
"827","BMDB10501","TG(18:3(9Z,12Z,15Z)/18:0/18:3(9Z,12Z,15Z))[iso3]","YNIUACHBBNUDCJ-AEIMPNQHSA-N","[H]C(COC(=O)CCCCCCC\C=C/C\C=C/C\C=C/CC)(COC(=O)CCCCCCC\C=C/C\C=C/C\C=C/CC)OC(=O)CCCCCCCCCCCCCCCCC","53480549","FALSE","DMD302505","DMD302505","Unique Match (by names only)"
"828","BMDB10502","TG(18:3(9Z,12Z,15Z)/18:1(11Z)/18:3(9Z,12Z,15Z))[iso3]","XAPLGDBVXAOWFP-MLQCFMLMSA-N","[H]C(COC(=O)CCCCCCC\C=C/C\C=C/C\C=C/CC)(COC(=O)CCCCCCC\C=C/C\C=C/C\C=C/CC)OC(=O)CCCCCCCCC\C=C/CCCCCC","53480550","FALSE",NA,NA,"No Match"
"829","BMDB10503","TG(18:3(9Z,12Z,15Z)/18:1(9Z)/18:3(9Z,12Z,15Z))[iso3]","NVWCWIVBYYFJGP-NVKSNHTESA-N","[H]C(COC(=O)CCCCCCC\C=C/C\C=C/C\C=C/CC)(COC(=O)CCCCCCC\C=C/C\C=C/C\C=C/CC)OC(=O)CCCCCCC\C=C/CCCCCCCC","53480551","FALSE",NA,NA,"No Match"
"830","BMDB10519","TG(20:4(5Z,8Z,11Z,14Z)/16:0/18:3(9Z,12Z,15Z))[iso6]","OREFSGWJXDJEBG-VJKJLHIWSA-N","[H][C@](COC(=O)CCCCCCC\C=C/C\C=C/C\C=C/CC)(COC(=O)CCC\C=C/C\C=C/C\C=C/C\C=C/CCCCC)OC(=O)CCCCCCCCCCCCCCC","53480562","FALSE",NA,NA,"No Match"
"831","BMDB10710","Galactosylceramide (d18:1/20:0) ","DFELABABMXOKTD-RBULGSFCSA-N","CCCCCCCCCCCCCCCCCCCC(=O)NC(CO[C@@H]1O[C@H](CO)[C@H](O)[C@H](O)[C@H]1O)C(O)\C=C/CCCCCCCCCCCCC","53480654","FALSE",NA,NA,"No Match"
"832","BMDB11128","LysoPC(0:0/18:0)","IQGPMZRCLCCXAG-RUZDIDTESA-N","[H][C@@](CO)(COP([O-])(=O)OCC[N+](C)(C)C)OC(=O)CCCCCCCCCCCCCCCCC","24779491","FALSE",NA,NA,"No Match"
"833","BMDB11151","PC(O-16:0/18:2(9Z,12Z))","IQACMFWAGALEAQ-WESJWMGVSA-N","CCCCCCCCCCCCCCCCOC[C@]([H])(COP([O-])(=O)OCC[N+](C)(C)C)OC(=O)CCCCCCC\C=C/C\C=C/CCCCC","6443157","TRUE",NA,NA,"No Match"
"834","BMDB11163","L-beta-aspartyl-L-aspartic acid ","KXAWLANLJYMEGB-UHFFFAOYSA-N","NC(CC(=O)NC(CC(O)=O)C(O)=O)C(O)=O","274178","FALSE",NA,NA,"No Match"
"835","BMDB11165","L-beta-aspartyl-L-glycine ","ZTEDWFWBGPKUOD-UHFFFAOYSA-N","NC(CC(=O)NCC(O)=O)C(O)=O","302430","FALSE",NA,NA,"No Match"
"836","BMDB11174","L-isoleucyl-L-proline ","BBIXOODYWPFNDT-UHFFFAOYSA-N","CCC(C)C(N)C(=O)N1CCCC1C(O)=O","342734","FALSE",NA,NA,"No Match"
"837","BMDB11175","L-leucyl-L-proline ","VTJUNIYRYIAIHF-UHFFFAOYSA-N","CC(C)CC(N)C(=O)N1CCCC1C(O)=O","3977067","FALSE",NA,NA,"No Match"
"838","BMDB11177","L-phenylalanyl-L-proline ","WEQJQNWXCSUVMA-UHFFFAOYSA-N","NC(CC1=CC=CC=C1)C(=O)N1CCCC1C(O)=O","7020641","FALSE",NA,NA,"No Match"
"839","BMDB11180","L-prolyl-L-proline ","RWCOTTLHDJWHRS-UHFFFAOYSA-N","OC(=O)C1CCCN1C(=O)C1CCCN1","263469","FALSE",NA,NA,"No Match"
"840","BMDB11201","PC(20:3(8Z,11Z,14Z)/20:1(11Z))","LZXZOHSYOCWXFB-DWTYVZKUSA-N","CCCCCCCC\C=C/CCCCCCCCCC(=O)O[C@]([H])(COC(=O)CCCCCC\C=C/C\C=C/C\C=C/CCCCC)COP([O-])(=O)OCC[N+](C)(C)C","52923249","TRUE",NA,NA,"No Match"
"841","BMDB11420","PE(P-18:1(11Z)/20:5(5Z,8Z,11Z,14Z,17Z))","RDLRIZLZWSNORN-FSOAWXQVSA-N","[H][C@@](CO\C=C/CCCCCCCC\C=C/CCCCCC)(COP(O)(=O)OCCN)OC(=O)CCC\C=C/C\C=C/C\C=C/C\C=C/C\C=C/CC","53480880","TRUE",NA,NA,"No Match"
"842","BMDB11635","p-Cresol sulfate","JOXIMZWYDAKGHI-UHFFFAOYSA-N","CC1=CC=C(C=C1)S(O)(=O)=O","4615423","FALSE","DMD305254","DMD305254","Unique Match (by names and pubchem)"
"843","BMDB11700","TG(15:0/16:0/20:2(11Z,14Z))[iso6]","VVCOWDFFHRITHU-AMOPXLHCSA-N","[H][C@@](COC(=O)CCCCCCCCCCCCCC)(COC(=O)CCCCCCCCC\C=C/C\C=C/CCCCC)OC(=O)CCCCCCCCCCCCCCC","53481032","TRUE",NA,NA,"No Match"
"844","BMDB11701","TG(15:0/16:0/20:3(8Z,11Z,14Z))[iso6]","NVBSJAZGISYRIW-TYTGEOLTSA-N","[H][C@@](COC(=O)CCCCCCCCCCCCCC)(COC(=O)CCCCCC\C=C/C\C=C/C\C=C/CCCCC)OC(=O)CCCCCCCCCCCCCCC","53481033","TRUE",NA,NA,"No Match"
"845","BMDB11702","TG(15:0/16:0/20:4(5Z,8Z,11Z,14Z))[iso6]","LVHOHHSODZICOO-WWFLFYERSA-N","[H][C@@](COC(=O)CCCCCCCCCCCCCC)(COC(=O)CCC\C=C/C\C=C/C\C=C/C\C=C/CCCCC)OC(=O)CCCCCCCCCCCCCCC","53481034","TRUE",NA,NA,"No Match"
"846","BMDB11703","TG(15:0/18:0/18:2(9Z,12Z))[iso6]","HRJZTBUCFKIMBE-TXWVTNJISA-N","[H][C@@](COC(=O)CCCCCCCCCCCCCC)(COC(=O)CCCCCCC\C=C/C\C=C/CCCCC)OC(=O)CCCCCCCCCCCCCCCCC","53481035","TRUE",NA,NA,"No Match"
"847","BMDB11704","TG(15:0/18:0/18:3(9Z,12Z,15Z))[iso6]","QELMLHKKGIZABI-ZCTUBHHNSA-N","[H][C@@](COC(=O)CCCCCCCCCCCCCC)(COC(=O)CCCCCCC\C=C/C\C=C/C\C=C/CC)OC(=O)CCCCCCCCCCCCCCCCC","53481036","TRUE",NA,NA,"No Match"
"848","BMDB11705","TG(15:0/18:1(9Z)/16:0)[iso6]","BSQPTNJXCHRJSC-WURLXDQTSA-N","[H][C@@](COC(=O)CCCCCCCCCCCCCC)(COC(=O)CCCCCCCCCCCCCCC)OC(=O)CCCCCCC\C=C/CCCCCCCC","53481037","FALSE",NA,NA,"No Match"
"849","BMDB11707","TG(15:0/18:1(9Z)/18:1(9Z))[iso3]","AWIUIZBTCDJMSM-JGORSHKTSA-N","[H][C@@](COC(=O)CCCCCCCCCCCCCC)(COC(=O)CCCCCCC\C=C/CCCCCCCC)OC(=O)CCCCCCC\C=C/CCCCCCCC","53481039","TRUE",NA,NA,"No Match"
"850","BMDB11708","TG(15:0/18:1(9Z)/18:2(9Z,12Z))[iso6]","AFUGNQFGFOCTMS-GBFVOJRPSA-N","[H][C@@](COC(=O)CCCCCCCCCCCCCC)(COC(=O)CCCCCCC\C=C/C\C=C/CCCCC)OC(=O)CCCCCCC\C=C/CCCCCCCC","53481040","TRUE",NA,NA,"No Match"
"851","BMDB11709","TG(15:0/18:1(9Z)/18:3(9Z,12Z,15Z))[iso6]","AKXOSLAHFAWDCG-KQCPJNLHSA-N","[H][C@@](COC(=O)CCCCCCCCCCCCCC)(COC(=O)CCCCCCC\C=C/C\C=C/C\C=C/CC)OC(=O)CCCCCCC\C=C/CCCCCCCC","53481041","TRUE",NA,NA,"No Match"
"852","BMDB11711","TG(15:0/18:2(9Z,12Z)/18:2(9Z,12Z))[iso3]","MIHLTJZHRJACQQ-QORKGRBZSA-N","[H][C@@](COC(=O)CCCCCCCCCCCCCC)(COC(=O)CCCCCCC\C=C/C\C=C/CCCCC)OC(=O)CCCCCCC\C=C/C\C=C/CCCCC","53481043","TRUE",NA,NA,"No Match"
"853","BMDB11712","TG(15:0/20:0/14:1(9Z))[iso6]","OYJCGTSOIVQMIE-GFFYSNCTSA-N","[H][C@@](COC(=O)CCCCCCCCCCCCCC)(COC(=O)CCCCCCC\C=C/CCCC)OC(=O)CCCCCCCCCCCCCCCCCCC","53481044","FALSE",NA,NA,"No Match"
"854","BMDB11713","TG(15:0/20:1(11Z)/14:0)[iso6]","LJWLZNNKGFHCMA-AHTWSVOLSA-N","[H][C@](COC(=O)CCCCCCCCCCCCC)(COC(=O)CCCCCCCCCCCCCC)OC(=O)CCCCCCCCC\C=C/CCCCCCCC","53481045","FALSE",NA,NA,"No Match"
"855","BMDB11723","2-Methylhippuric acid","YOEBAVRJHRCKRE-UHFFFAOYSA-N","CC1=CC=CC=C1C(=O)NCC(O)=O","91637","FALSE",NA,NA,"No Match"
"856","BMDB11733","Glycyl-glycine","YMAWOPBAYDPSLA-UHFFFAOYSA-N","NCC(=O)NCC(O)=O","11163","FALSE",NA,NA,"No Match"
"857","BMDB11760","Cer(d18:0/16:0)","GCGTXOVNNFGTPQ-JEFWXSHNSA-N","CCCCCCCCCCCCCCCC(O)[C@H](CO)NC(=O)CCCCCCCCCCCCCCC","","TRUE","DMD302225","DMD302225","Unique Match (by names only)"
"858","BMDB11766","Cer(d18:0/22:1(13Z))","AOHMXFJFQLUIJL-GTWPDLNHSA-N","CCCCCCCCCCCCCCCC(O)[C@H](CO)NC(=O)CCCCCCCCCCC\C=C/CCCCCCCC","","TRUE",NA,NA,"No Match"
"859","BMDB11769","Cer(d18:0/24:1(15Z))","YUULKFVZRXQHPM-LSBITIDFSA-N","CCCCCCCCCCCCCCCC(O)[C@H](CO)NC(=O)CCCCCCCCCCCCC\C=C/CCCCCCCC","","TRUE",NA,NA,"No Match"
"860","BMDB12089","SM(d18:0/18:1(9Z))","XYLWKHKCYHMVMA-RUMIPHAVSA-N","CCCCCCCCCCCCCCCC(O)[C@H](COP([O-])(=O)OCC[N+](C)(C)C)NC(=O)CCCCCCC\C=C/CCCCCCCC","","TRUE",NA,NA,"No Match"
"861","BMDB12095","SM(d22:0/20:1(11Z))","RQSNQPLHLROUTM-ORMDINQLSA-N","CCCCCCCCCCCCCCCCCCCC(O)[C@H](COP([O-])(=O)OCC[N+](C)(C)C)NC(=O)CCCCCCCCC\C=C/CCCCCCCC",NA,"TRUE",NA,NA,"No Match"
"862","BMDB12133","1,2-Benzoquinone","WOAHJDHKFWSLKE-UHFFFAOYSA-N","O=C1C=CC=CC1=O","11421","FALSE",NA,NA,"No Match"
"863","BMDB12275","Phenylethylamine","BHHGXPLMPWCGHP-UHFFFAOYSA-N","NCCC1=CC=CC=C1","1001","FALSE",NA,NA,"No Match"
"864","BMDB12305","UDP-L-rhamnose","DRDCJEIZVLVWNC-SLBWPEPYSA-N","C[C@@H]1O[C@H](OP(O)(=O)OP(O)(=O)OC[C@H]2O[C@H]([C@H](O)[C@@H]2O)N2C=CC(=O)NC2=O)[C@H](O)[C@H](O)[C@H]1O","192751","TRUE",NA,NA,"No Match"
"865","BMDB12328","Palmitelaidic acid","SECPZKHBENQXJG-BQYQJAHWSA-N","CCCCCC\C=C\CCCCCCCC(O)=O","5282745","FALSE","DMD302257","DMD302257","Unique Match (by names only)"
"866","BMDB13127","Hydroxybutyrylcarnitine","UEFRDQSMQXDWTO-GKAPJAKFSA-N","CC(O)CC(=O)O[C@@H](CC([O-])=O)C[N+](C)(C)C","53481617","TRUE",NA,NA,"No Match"
"867","BMDB13128","Valerylcarnitine","VSNFQQXVMPSASB-JTQLQIEISA-N","CCCCC(=O)O[C@@H](CC([O-])=O)C[N+](C)(C)C","10157322","TRUE","DMD305602","DMD305602","Unique Match (by names only)"
"868","BMDB01478","Gallium","PHMDYZQXPPOZDG-UHFFFAOYSA-N","[GaH3]","23983","TRUE",NA,NA,"No Match"
"869","BMDB13326","trans-2-Dodecenoylcarnitine","JEOZLTJHDSKQIT-CLVCIHKQSA-N","[H]\C(CCCCCCCCC)=C(\[H])C(=O)O[C@@]([H])(CCC([O-])=O)[N+](C)(C)C","53481671","TRUE",NA,NA,"No Match"
"870","BMDB13341","PC(o-14:0/16:0)","BYMZZQJJOHDZOU-DIPNUNPCSA-N","[H][C@@](COCCCCCCCCCCCCCC)(COP([O-])(=O)OCC[N+](C)(C)C)OC(=O)CCCCCCCCCCCCCCC","24779275","TRUE",NA,NA,"No Match"
"871","BMDB13404","PC(o-16:0/16:1(9Z))","HJVQHTGUAIETCQ-VEAYGOGPSA-N","CCCCCCCCCCCCCCCCOC[C@]([H])(COP([O-])(=O)OCC[N+](C)(C)C)OC(=O)CCCCCCC\C=C/CCCCCC","52923742","TRUE","DMD302330","DMD302330","Unique Match (by names only)"
"872","BMDB13405","PC(o-16:0/18:0)","PXPSGTINXJQLBR-VQJSHJPSSA-N","[H][C@@](COCCCCCCCCCCCCCCCC)(COP([O-])(=O)OCC[N+](C)(C)C)OC(=O)CCCCCCCCCCCCCCCCC","11803170","TRUE",NA,NA,"No Match"
"873","BMDB13406","PC(o-16:0/20:0)","QFZSBLJYDQLBAG-VZUYHUTRSA-N","[H][C@@](COCCCCCCCCCCCCCCCC)(COP([O-])(=O)OCC[N+](C)(C)C)OC(=O)CCCCCCCCCCCCCCCCCCC","24779297","TRUE",NA,NA,"No Match"
"874","BMDB13408","PC(o-16:0/22:0)","BIIIEBBIUJYGBZ-WBVITSLISA-N","[H][C@@](COCCCCCCCCCCCCCCCC)(COP([O-])(=O)OCC[N+](C)(C)C)OC(=O)CCCCCCCCCCCCCCCCCCCCC","24779301","TRUE",NA,NA,"No Match"
"875","BMDB13412","PC(o-16:1(9Z)/18:0)","SVSLBZPEDBYFGG-HVLKLTLRSA-N","CCCCCCCCCCCCCCCCCC(=O)O[C@]([H])(COCCCCCCCC\C=C/CCCCCC)COP([O-])(=O)OCC[N+](C)(C)C","53481707","TRUE","DMD305274","DMD305274","Unique Match (by names only)"
"876","BMDB13413","PC(o-16:1(9Z)/18:2(9Z,12Z))","AXCLECQLCBWNLZ-KZZBVOOISA-N","CCCCCC\C=C/CCCCCCCCOC[C@]([H])(COP([O-])(=O)OCC[N+](C)(C)C)OC(=O)CCCCCCC\C=C/C\C=C/CCCCC","53481709","TRUE",NA,NA,"No Match"
"877","BMDB13414","PC(o-16:1(9Z)/20:0)","NEMVGIRAGVGOLH-RPBJOJELSA-N","CCCCCCCCCCCCCCCCCCCC(=O)O[C@]([H])(COCCCCCCCC\C=C/CCCCCC)COP([O-])(=O)OCC[N+](C)(C)C","53481711","TRUE",NA,NA,"No Match"
"878","BMDB13417","PC(o-18:0/18:0)","BKEDGKIMIUGHDV-VZUYHUTRSA-N","[H][C@@](COCCCCCCCCCCCCCCCCCC)(COP([O-])(=O)OCC[N+](C)(C)C)OC(=O)CCCCCCCCCCCCCCCCC","24779326","TRUE",NA,NA,"No Match"
"879","BMDB13418","PC(o-18:0/18:2(9Z,12Z))","LMGTVCKIUNTOEP-HJTCUGKVSA-N","CCCCCCCCCCCCCCCCCCOC[C@]([H])(COP([O-])(=O)OCC[N+](C)(C)C)OC(=O)CCCCCCC\C=C/C\C=C/CCCCC","6443070","TRUE",NA,NA,"No Match"
"880","BMDB13419","PC(o-18:0/20:0)","BVCZSMAYNCVQDT-WBVITSLISA-N","[H][C@@](COCCCCCCCCCCCCCCCCCC)(COP([O-])(=O)OCC[N+](C)(C)C)OC(=O)CCCCCCCCCCCCCCCCCCC","24779329","TRUE",NA,NA,"No Match"
"881","BMDB13422","PC(o-18:0/22:6(4Z,7Z,10Z,13Z,16Z,19Z))","QBZALASVZLFAHF-KYPHJRDXSA-N","CCCCCCCCCCCCCCCCCCOC[C@]([H])(COP([O-])(=O)OCC[N+](C)(C)C)OC(=O)CC\C=C/C\C=C/C\C=C/C\C=C/C\C=C/C\C=C/CC","24779341","TRUE",NA,NA,"No Match"
"882","BMDB13426","PC(o-18:1(9Z)/16:0)","IQLHTKSHLGLPMG-HFWGUVFESA-N","CCCCCCCCCCCCCCCC(=O)O[C@]([H])(COCCCCCCCC\C=C/CCCCCCCC)COP([O-])(=O)OCC[N+](C)(C)C","6443119","TRUE","DMD305274","DMD305274","Unique Match (by names only)"
"883","BMDB13429","PC(o-18:1(9Z)/18:2(9Z,12Z))","MFZLAZYUXHHSIA-HVODBARTSA-N","CCCCCCCC\C=C/CCCCCCCCOC[C@]([H])(COP([O-])(=O)OCC[N+](C)(C)C)OC(=O)CCCCCCC\C=C/C\C=C/CCCCC","6443159","TRUE","DMD305279","DMD305279","Unique Match (by names only)"
"884","BMDB13434","PC(o-18:1(9Z)/24:0)","BSQIZOZBOXYNEW-WIEGMJJDSA-N","CCCCCCCCCCCCCCCCCCCCCCCC(=O)O[C@]([H])(COCCCCCCCC\C=C/CCCCCCCC)COP([O-])(=O)OCC[N+](C)(C)C","53481733","TRUE",NA,NA,"No Match"
"885","BMDB13435","PC(o-18:2(9Z,12Z)/18:2(9Z,12Z))","XCCONPVPHCCYNF-KPFPPAHTSA-N","CCCCC\C=C/C\C=C/CCCCCCCCOC[C@]([H])(COP([O-])(=O)OCC[N+](C)(C)C)OC(=O)CCCCCCC\C=C/C\C=C/CCCCC","53481735","TRUE",NA,NA,"No Match"
"886","BMDB13439","PC(o-20:0/18:3(6Z,9Z,12Z))","XHKFHCCQLHPBPZ-WKDUQDSSSA-N","CCCCCCCCCCCCCCCCCCCCOC[C@]([H])(COP([O-])(=O)OCC[N+](C)(C)C)OC(=O)CCCC\C=C/C\C=C/C\C=C/CCCCC","52923834","TRUE",NA,NA,"No Match"
"887","BMDB13447","PC(o-22:0/20:1(11Z))","XKPLZICHJPNOFR-WIEGMJJDSA-N","CCCCCCCCCCCCCCCCCCCCCCOC[C@]([H])(COP([O-])(=O)OCC[N+](C)(C)C)OC(=O)CCCCCCCCC\C=C/CCCCCCCC","53481749","TRUE",NA,NA,"No Match"
"888","BMDB13455","PC(o-22:2(13Z,16Z)/22:2(13Z,16Z))","GCAMFMBVIXVYSA-VIVKCUGUSA-N","CCCCC\C=C/C\C=C/CCCCCCCCCCCCOC[C@]([H])(COP([O-])(=O)OCC[N+](C)(C)C)OC(=O)CCCCCCCCCCC\C=C/C\C=C/CCCCC","53481765","TRUE",NA,NA,"No Match"
"889","BMDB13460","PC(o-24:0/20:4(8Z,11Z,14Z,17Z))","AQJDGYZOTXPNFY-ZFRXABNDSA-N","CCCCCCCCCCCCCCCCCCCCCCCCOC[C@]([H])(COP([O-])(=O)OCC[N+](C)(C)C)OC(=O)CCC\C=C/C\C=C/C\C=C/C\C=C/CCCCC","53481775","TRUE",NA,NA,"No Match"
"890","BMDB13667","Yttrium","VWQVUPCCIRVNHF-UHFFFAOYSA-N","[Y]","23993","TRUE",NA,NA,"No Match"
"891","BMDB13669","Cesium","TVFDJXOCXUVLDH-UHFFFAOYSA-N","[Cs]","5354618","TRUE",NA,NA,"No Match"
"892","BMDB13670","Palladium","KDLHZDBZIXYQEI-UHFFFAOYSA-N","[Pd]","23938","TRUE",NA,NA,"No Match"
"893","BMDB13672","Cerium","GWXLDORMOJMVQZ-UHFFFAOYSA-N","[Ce]","23974","TRUE",NA,NA,"No Match"
"894","BMDB13711","Lanthanum","AFCUGQOTNCVYSW-UHFFFAOYSA-H","","176168","TRUE","DMD302654","DMD302654","Unique Match (by names only)"
"895","BMDB13715","Neodymium","QEFYFXOXNSNQGX-UHFFFAOYSA-N","[Nd]","23934","TRUE",NA,NA,"No Match"
"896","BMDB13719","Rhenium","WUAPFZMCVAUBPE-UHFFFAOYSA-N","[Re]","23947","TRUE",NA,NA,"No Match"
"897","BMDB13724","Thallium","GBECUEIQVRDUKB-UHFFFAOYSA-M","[Cl-].[Tl+]","24642","TRUE",NA,NA,"No Match"
"898","BMDB14273","Vitamin C","CIWBSHSKHKDKBQ-JLAZNSOCSA-N","[H][C@@]1(OC(=O)C(O)=C1O)[C@@H](O)CO","54670067","TRUE",NA,NA,"No Match"
"899","BMDB13440","PC(o-20:0/18:3(9Z,12Z,15Z))","APWUUZRAVVATRC-GBRUYZQDSA-N","CCCCCCCCCCCCCCCCCCCCOC[C@]([H])(COP([O-])(=O)OCC[N+](C)(C)C)OC(=O)CCCCCCC\C=C/C\C=C/C\C=C/CC","52923836","TRUE",NA,NA,"No Match"
"900","BMDB13453","PC(o-22:1(13Z)/22:3(10Z,13Z,16Z))","ADCPDRAGQLKVRI-DFPONBFASA-N","CCCCCCCC\C=C/CCCCCCCCCCCCOC[C@]([H])(COP([O-])(=O)OCC[N+](C)(C)C)OC(=O)CCCCCCCC\C=C/C\C=C/C\C=C/CCCCC","53481761","TRUE",NA,NA,"No Match"
"901","BMDB03073","Gamma-Linolenic acid","VZCCETWTMQHEPK-QNEBEIHSSA-N","CCCCC\C=C/C\C=C/C\C=C/CCCCC(O)=O","5280933","TRUE","DMD302269;DMD302655","DMD302655","Unique Match (by names and pubchem)"
"902","BMDB06322","Tetracosapentaenoic acid (24:5n-6)","VENRYLMOFDSSDJ-WMPRHZDHSA-N","CCCCC\C=C/C\C=C/C\C=C/C\C=C/C\C=C/CCCCC(O)=O","14505435","TRUE",NA,NA,"No Match"
"903","BMDB06323","Tetracosapentaenoic acid (24:5n-3)","NPTIBOCVSPURCS-JLNKQSITSA-N","CC\C=C/C\C=C/C\C=C/C\C=C/C\C=C/CCCCCCCC(O)=O","52921801","TRUE",NA,NA,"No Match"
"904","BMDB12971","1-Hexanol","ZSIAUFGUXNUGDI-UHFFFAOYSA-N","CCCCCCO","8103","TRUE",NA,NA,"No Match"
"905","BMDB13025","6,9,12,15,18,21-Tetracosahexaenoic acid","YHGJECVSSKXFCJ-SFGLVEFQSA-M","CC\C=C\C\C=C\C\C=C\C\C=C\C\C=C\C\C=C\CCCCC([O-])=O","54508254","TRUE",NA,NA,"No Match"
"906","BMDB13036","1-Pentanol","AMQJEAYHLZJPGS-UHFFFAOYSA-N","CCCCCO","6276","TRUE",NA,NA,"No Match"
"907","BMDB13780","Dimethyl trisulfide","YWHLKYXPLRWGSE-UHFFFAOYSA-N","CSSSC","19310","TRUE",NA,NA,"No Match"
"908","BMDB30028","Ethyl isovalerate","PPXUHEORWJQRHJ-UHFFFAOYSA-N","CCOC(=O)CC(C)C","7945","TRUE",NA,NA,"No Match"
"909","BMDB30058","Ethyl propionate","FKRCODPIKNYEAC-UHFFFAOYSA-N","CCOC(=O)CC","7749","TRUE",NA,NA,"No Match"
"910","BMDB30962","Calendic acid","DQGMPXYVZZCNDQ-KBPWROHVSA-N","CCCCC\C=C/C=C/C=C/CCCCCCC(O)=O","5282818","TRUE",NA,NA,"No Match"
"911","BMDB31003","9-Decenoic acid","KHAVLLBUVKBTBG-UHFFFAOYSA-N","OC(=O)CCCCCCCC=C","61743","TRUE",NA,NA,"No Match"
"912","BMDB31206","Pentanal","HGBOYTHUEUWSSQ-UHFFFAOYSA-N","CCCCC=O","8063","TRUE",NA,NA,"No Match"
"913","BMDB31217","Ethyl acetate","XEKOWRVHYACXOJ-UHFFFAOYSA-N","CCOC(C)=O","8857","TRUE",NA,NA,"No Match"
"914","BMDB31243","2-Methylpropanal","AMIMRNSIRUDHCM-UHFFFAOYSA-N","CC(C)C=O","6561","TRUE",NA,NA,"No Match"
"915","BMDB31475","Heptanal","FXHGMKSSBGDXIY-UHFFFAOYSA-N","CCCCCCC=O","8130","TRUE",NA,NA,"No Match"
"916","BMDB31511","Diacetone alcohol","SWXVUIWOUIDPGS-UHFFFAOYSA-N","CC(=O)CC(C)(C)O","31256","TRUE",NA,NA,"No Match"
"917","BMDB31523","Methyl acetate","KXKVLQRXCPHEJC-UHFFFAOYSA-N","COC(C)=O","6584","TRUE","DMD302101","DMD302101","Unique Match (by names and pubchem)"
"918","BMDB31526","(±)-2-Methylbutanal","BYGQBDHUGHBGMD-UHFFFAOYSA-N","CCC(C)C=O","7284","TRUE",NA,NA,"No Match"
"919","BMDB31527","(S)-2-Methyl-1-butanol","QPRQEDXDYOZYLA-UHFFFAOYSA-N","CCC(C)CO","8723","TRUE",NA,NA,"No Match"
"920","BMDB31599","2-Pentanol","JYVLIDXNZAXMDK-UHFFFAOYSA-N","CCCC(C)O","22386","TRUE",NA,NA,"No Match"
"921","BMDB31605","1-Penten-3-ol","VHVMXWZXFBOANQ-UHFFFAOYSA-N","CCC(O)C=C","12020","TRUE",NA,NA,"No Match"
"922","BMDB32449","1-Octene","KWKAKUADMBZCLK-UHFFFAOYSA-N","CCCCCCC=C","8125","TRUE",NA,NA,"No Match"
"923","BMDB33890","Methyl butyrate","UUIQMZJEGPQKFD-UHFFFAOYSA-N","CCCC(=O)OC","12180","TRUE",NA,NA,"No Match"
"924","BMDB33908","(±)-2-Heptanol","CETWDUZRCINIHU-UHFFFAOYSA-N","CCCCCC(C)O","10976","TRUE",NA,NA,"No Match"
"925","BMDB34168","Toluene","YXFVVABEGXRONW-UHFFFAOYSA-N","CC1=CC=CC=C1","1140","TRUE",NA,NA,"No Match"
"926","BMDB34235","2-Pentanone","XNLICIUVMPYHGG-UHFFFAOYSA-N","CCCC(C)=O","7895","TRUE",NA,NA,"No Match"
"927","BMDB34729","(E,E)-2,4-Hexadienal","BATOPAZDIZEVQF-IAROGAJJSA-N","C\C=C\C=C/C=O","11829369","TRUE",NA,NA,"No Match"
"928","BMDB35658","(-)-alpha-Pinene","GRWFGVWFFZKLTI-IUCAKERBSA-N","[H][C@@]12C[C@@]([H])(C(C)=CC1)C2(C)C","440968","TRUE",NA,NA,"No Match"
"929","BMDB35915","Sulcatone","UHEPJGULSIKKTP-UHFFFAOYSA-N","CC(C)=CCCC(C)=O","9862","TRUE",NA,NA,"No Match"
"930","BMDB36574","Carbon disulfide","QGJOPFRUJISHPQ-UHFFFAOYSA-N","S=C=S","6348","TRUE",NA,NA,"No Match"
"931","BMDB40253","Propyl formate","KFNNIILCVOLYIR-UHFFFAOYSA-N","CCCOC=O","8073","TRUE",NA,NA,"No Match"
"932","BMDB40327","Pentyl formate","DIQMPQMYFZXDAX-UHFFFAOYSA-N","CCCCCOC=O","12529","TRUE",NA,NA,"No Match"
"933","BMDB59835","Nonanal","GYHFUZHODSMOHU-UHFFFAOYSA-N","CCCCCCCCC=O","31289","TRUE",NA,NA,"No Match"
"934","BMDB60038","10Z-Heptadecenoic acid","GDTXICBNEOEPAZ-FPLPWBNLSA-N","CCCCCC\C=C/CCCCCCCCC(O)=O","5312435","FALSE",NA,NA,"No Match"
"935","BMDB60039","11,14,17-Eicosatrienoic acid","AHANXAKGNAKFSK-PDBXOOCHSA-N","CC\C=C/C\C=C/C\C=C/CCCCCCCCCC(O)=O","5312529","TRUE","DMD302273;DMD302276","DMD302273;DMD302276","Multiple Match (by names only)"
"936","BMDB60102","Arachidonate","YZXBAPSDXZZRGB-DOFZRALJSA-N","CCCCC\C=C/C\C=C/C\C=C/C\C=C/CCCC(O)=O","444899","FALSE","DMD302277","DMD302277","Unique Match (by names and pubchem)"
"937","BMDB61883","Caproate (6:0)","FUZZWVXGSFPDMH-UHFFFAOYSA-N","CCCCCC(O)=O","8892","FALSE","DMD305116","DMD305116","Unique Match (by names and pubchem)"
"938","BMDB61885","3-Methylpentane","PFEOZHBOMNWTJB-UHFFFAOYSA-N","CCC(C)CC","7282","TRUE",NA,NA,"No Match"
"939","BMDB62034","3-Methyl-2-pentanone","UIHCLUNTQKBZGK-UHFFFAOYSA-N","CCC(C)C(C)=O","11262","TRUE",NA,NA,"No Match"
"940","BMDB62036","3-Methylfuran","KJRRQXYWFQKJIP-UHFFFAOYSA-N","CC1=COC=C1","13587","TRUE",NA,NA,"No Match"
"941","BMDB62037","Benzoic acid","WPYMKLBDIGXBTP-UHFFFAOYSA-N","OC(=O)C1=CC=CC=C1","243","FALSE",NA,NA,"No Match"
"942","BMDB62038","Thymol","MGSRCZKZVOBKFT-UHFFFAOYSA-N","CC(C)C1=C(O)C=C(C)C=C1","6989","FALSE",NA,NA,"No Match"
"943","BMDB62039","2,4-Diaminobutyric acid","OGNSCSPNOLGXSM-UHFFFAOYSA-N","NCCC(N)C(O)=O","470","FALSE",NA,NA,"No Match"
"944","BMDB62040","Oleoylcarnitine","ASTZXVSQSSBFOS-FRHQNKJESA-N","[H]\C(CCCCCCCC)=C(/[H])CCCCCCCC(=O)O[C@@]([H])(CCC([O-])=O)[N+](C)(C)C","53477789","FALSE",NA,NA,"No Match"
"945","BMDB62041","Phosphatidylserine","UNJJBGNPUUVVFQ-ZJUUUORDSA-N","[H][C@](N)(COP(O)(=O)OC[C@@]([H])(COC(=O)CC)OC(=O)CCC)C(O)=O","6323481","FALSE",NA,NA,"No Match"
"946","BMDB62042","Cycloserine","DYDCUQKUCUHJBH-UWTATZPHSA-N","[H][C@@]1(N)CON=C1O","6234","FALSE",NA,NA,"No Match"
"947","BMDB62043","Fosfomycin","YMDXZJFXQJVXBF-STHAYSLISA-N","[H][C@@]1(C)O[C@]1([H])P(O)(O)=O","446987","FALSE",NA,NA,"No Match"
"948","BMDB62044","Gamma Hydroxybutyric Acid","SJZRECIVHVDYJC-UHFFFAOYSA-M","OCCCC([O-])=O","3037032","FALSE",NA,NA,"No Match"
"949","BMDB62045","Saccharin","CVHZOJJKTDOEJC-UHFFFAOYSA-N","OC1=NS(=O)(=O)C2=CC=CC=C12","5143","FALSE",NA,NA,"No Match"
"950","BMDB62046","(S)-14-Methylhexadecanoic acid","FXUKWLSZZHVEJD-UHFFFAOYSA-N","CCC(C)CCCCCCCCCCCCC(O)=O","22207","FALSE",NA,NA,"No Match"
"951","BMDB62047","Isopalmitic acid","ZONJATNKKGGVSU-UHFFFAOYSA-N","CC(C)CCCCCCCCCCCCC(O)=O","36247","FALSE",NA,NA,"No Match"
"952","BMDB62048","12-Methyltridecanoic acid","YYVJAABUJYRQJO-UHFFFAOYSA-N","CC(C)CCCCCCCCCCC(O)=O","520298","FALSE",NA,NA,"No Match"
"953","BMDB62049","11-Dodecenoic acid","GZZPOFFXKUVNSW-UHFFFAOYSA-N","OC(=O)CCCCCCCCCC=C","125207","FALSE",NA,NA,"No Match"
"954","BMDB62050","5-(2-Hydroxyethyl)-4-methylthiazole","BKAWJIRCKVUVED-UHFFFAOYSA-N","CC1=C(CCO)SC=N1","1136","FALSE","DMD302183","DMD302183","Unique Match (by names and pubchem)"
"955","BMDB62051","Benzylamine","WGQKYBSKWIADBV-UHFFFAOYSA-N","NCC1=CC=CC=C1","7504","FALSE",NA,NA,"No Match"
"956","BMDB62052","Lactitol","VQHSOMBJVWLPSR-UHFFFAOYSA-N","OCC(O)C(O)C(OC1OC(CO)C(O)C(O)C1O)C(O)CO","3871","TRUE","DMD305120","DMD305120","Unique Match (by names only)"
"957","BMDB62053","Phosphocreatinine","HIPLEPXPNLWKCQ-UHFFFAOYSA-N","CN1CC(O)=NC1=NP(O)(O)=O","71214","TRUE",NA,NA,"No Match"
"958","BMDB62054","beta-Lactose","GUBGYTABKSRVRQ-DCSYEGIMSA-N","[H][C@@]1(O)O[C@]([H])(CO)[C@@]([H])(O[C@]2([H])O[C@]([H])(CO)[C@]([H])(O)[C@]([H])(O)[C@@]2([H])O)[C@]([H])(O)[C@@]1([H])O","6134","FALSE","DMD302114;DMD302694","DMD302114;DMD302694","Multiple Match (by names only)"
"959","BMDB62055","2-Hydroxyglutarate","HWXBTNAVRSUOJR-UHFFFAOYSA-N","OC(CCC(O)=O)C(O)=O","43","FALSE","DMD302614","DMD302614","Unique Match (by names and pubchem)"
"960","BMDB62056","Phosphatidylethanolamine","LVNGJLRDBYCPGB-KDXMTYKHSA-N","[H][C@](COC(=O)CCCCCCCCCCCCCCCCC)(COP(O)(=O)OCCN)OC(=O)CCCCCCCCCCCCCCCCC","17754131","FALSE",NA,NA,"No Match"
"961","BMDB62057","1,2-diacylglycerol","OTBZCXAQBQMYNZ-LURJTMIESA-N","[H][C@](CO)(COC=O)OC(C)=O","","FALSE",NA,NA,"No Match"
"962","BMDB62058","13-Methylmyristic acid","ZOCYQVNGROEVLU-UHFFFAOYSA-N","CC(C)CCCCCCCCCCCC(O)=O","151014","FALSE",NA,NA,"No Match"
"963","BMDB62059","TG(14:0/14:0/14:0)","DUXYWXYOBMKGIN-UHFFFAOYSA-N","[H]C(COC(=O)CCCCCCCCCCCCC)(COC(=O)CCCCCCCCCCCCC)OC(=O)CCCCCCCCCCCCC","11148","FALSE","DMD302449","DMD302449","Unique Match (by names and pubchem)"
"964","BMDB62060","TG(14:0/16:0/16:0)","JWVXCFSNEOMSHH-DXQCBLCSSA-N","[H][C@](COC(=O)CCCCCCCCCCCCC)(COC(=O)CCCCCCCCCCCCCCC)OC(=O)CCCCCCCCCCCCCCC","91867460","FALSE",NA,NA,"No Match"
"965","BMDB62061","TG(14:0/16:0/18:0)","JTDPHURHZMZJHD-DYVQZXGMSA-N","[H][C@](COC(=O)CCCCCCCCCCCCC)(COC(=O)CCCCCCCCCCCCCCCCC)OC(=O)CCCCCCCCCCCCCCC","131753268","FALSE",NA,NA,"No Match"
"966","BMDB62063","TG(14:0/16:0/18:2(9Z,12Z))","YUIIXXZIUIOJQY-RGFFXGESSA-N","[H][C@](COC(=O)CCCCCCCCCCCCC)(COC(=O)CCCCCCC\C=C/C\C=C/CCCCC)OC(=O)CCCCCCCCCCCCCCC","131753280","FALSE",NA,NA,"No Match"
"967","BMDB62064","TG(14:0/16:1(9Z)/18:1(9Z))","QABWZGMVIDDGGI-SWKFLNMBSA-N","[H][C@](COC(=O)CCCCCCCCCCCCC)(COC(=O)CCCCCCC\C=C/CCCCCCCC)OC(=O)CCCCCCC\C=C/CCCCCC","131753453","FALSE",NA,NA,"No Match"
"968","BMDB62065","TG(14:0/18:0/18:0)","RDVFJKJMACSAJD-DPDRHGIRSA-N","[H][C@](COC(=O)CCCCCCCCCCCCC)(COC(=O)CCCCCCCCCCCCCCCCC)OC(=O)CCCCCCCCCCCCCCCCC","101635996","FALSE",NA,NA,"No Match"
"969","BMDB62068","TG(15:0/16:0/18:0)","BABSZGMYWGFHOB-GGCSAXROSA-N","[H][C@](COC(=O)CCCCCCCCCCCCCC)(COC(=O)CCCCCCCCCCCCCCCCC)OC(=O)CCCCCCCCCCCCCCC","131754154","FALSE",NA,NA,"No Match"
"970","BMDB62069","TG(16:0/15:0/16:1(9Z))","PMHPAVPAGLAMOD-AHIIZLPLSA-N","[H][C@](COC(=O)CCCCCCCCCCCCCCC)(COC(=O)CCCCCCC\C=C/CCCCCC)OC(=O)CCCCCCCCCCCCCC","131754975","FALSE",NA,NA,"No Match"
"971","BMDB62071","TG(16:0/14:1(9Z)/18:0)","FTSVKEQEERVOIA-CVGXBFGDSA-N","[H][C@](COC(=O)CCCCCCCCCCCCCCC)(COC(=O)CCCCCCCCCCCCCCCCC)OC(=O)CCCCCCC\C=C/CCCC","131755114","FALSE","DMD302468","DMD302468","Unique Match (by names only)"
"972","BMDB62075","TG(18:0/16:0/18:0)","ZGVGTPFSVCXVNJ-UHFFFAOYSA-N","[H]C(COC(=O)CCCCCCCCCCCCCCCCC)(COC(=O)CCCCCCCCCCCCCCCCC)OC(=O)CCCCCCCCCCCCCCC","545567","FALSE",NA,NA,"No Match"
"973","BMDB62076","TG(18:0/16:0/18:1(9Z))","WRXCJQWYSUUELD-FQUZZJBASA-N","[H][C@](COC(=O)CCCCCCCCCCCCCCCCC)(COC(=O)CCCCCCC\C=C/CCCCCCCC)OC(=O)CCCCCCCCCCCCCCC","99649138","FALSE",NA,NA,"No Match"
"974","BMDB62077","cis-13-Octadecenoic acid ","BDLLSHRIFPDGQB-UHFFFAOYSA-N","CCCCC=CCCCCCCCCCCCC(O)=O","151734","FALSE",NA,NA,"No Match"
"975","BMDB62079","TG(18:1(9Z)/16:0/18:1(9Z))","PPTGNVIVNZLPPS-LBXGSASVSA-N","[H]C(COC(=O)CCCCCCC\C=C/CCCCCCCC)(COC(=O)CCCCCCC\C=C/CCCCCCCC)OC(=O)CCCCCCCCCCCCCCC","13183955","FALSE",NA,NA,"No Match"
"976","BMDB62083","(Z)-9-Heptadecenoic acid","QSBYPNXLFMSGKH-CMDGGOBGSA-N","[H]\C(CCCCCCC)=C(\[H])CCCCCCCC(O)=O","5312440","FALSE",NA,NA,"No Match"
"977","BMDB62084","TG(14:0/14:0/18:0)","YQLXPOXDXQWEKE-DXQCBLCSSA-N","[H][C@](COC(=O)CCCCCCCCCCCCC)(COC(=O)CCCCCCCCCCCCCCCCC)OC(=O)CCCCCCCCCCCCC","131753211","FALSE",NA,NA,"No Match"
"978","BMDB62085","TG(14:0/14:0/20:0)","ZARHKOGIOAZUIC-DYVQZXGMSA-N","[H][C@](COC(=O)CCCCCCCCCCCCC)(COC(=O)CCCCCCCCCCCCCCCCCCC)OC(=O)CCCCCCCCCCCCC","131753212","FALSE",NA,NA,"No Match"
"979","BMDB62086","3-Decenoic acid","CPVUNKGURQKKKX-FPLPWBNLSA-N","[H]\C(CCCCCC)=C(/[H])CC(O)=O","5312350","FALSE",NA,NA,"No Match"
"980","BMDB62088","TG(14:0/16:0/20:0)","VGEMNMJCWPDGJU-DPDRHGIRSA-N","[H][C@](COC(=O)CCCCCCCCCCCCC)(COC(=O)CCCCCCCCCCCCCCCCCCC)OC(=O)CCCCCCCCCCCCCCC","131753269","FALSE",NA,NA,"No Match"
"981","BMDB62089","(+)-12-Methyltetradecanoic acid","XKLJLHAPJBUBNL-UHFFFAOYSA-N","CCC(C)CCCCCCCCCCC(O)=O","21672","FALSE",NA,NA,"No Match"
"982","BMDB62090","1,2-Dipalmitoylglycerol","JEJLGIQLPYYGEE-UHFFFAOYSA-N","CCCCCCCCCCCCCCCC(=O)OCC(CO)OC(=O)CCCCCCCCCCCCCCC","99931","FALSE","DMD302236","DMD302236","Unique Match (by names and pubchem)"
"983","BMDB62091","11-Methyldodecanoic acid","SIOLDWZBFABPJU-UHFFFAOYSA-N","CC(C)CCCCCCCCCC(O)=O","33002","FALSE",NA,NA,"No Match"
"984","BMDB62092","15-Methylhexadecanoic acid","IIUXHTGBZYEGHI-UHFFFAOYSA-N","CC(C)CCCCCCCCCCCCCC(O)=O","","FALSE","DMD302261","DMD302261","Unique Match (by names only)"
"985","BMDB62093","4-(Methylamino)benzoic acid","ZVIDMSBTYRSMAR-UHFFFAOYSA-N","CNC1=CC=C(C=C1)C(O)=O","66345","FALSE",NA,NA,"No Match"
"986","BMDB62094","4-Hydroxyphenyl-beta-glucopyranoside","BJRNKVDFDLYUGJ-RMPHRYRLSA-N","[H][C@]1(CO)O[C@@]([H])(OC2=CC=C(O)C=C2)[C@]([H])(O)[C@@]([H])(O)[C@]1([H])O","440936","FALSE",NA,NA,"No Match"
"987","BMDB62095","Adipamide","GVNWZKBFMFUVNX-UHFFFAOYSA-N","OC(=N)CCCCC(O)=N","12364","FALSE",NA,NA,"No Match"
"988","BMDB62096","beta-D-Fructofuranosyl-(2,1)-beta-D-Fructofuranose","WOHYVFWWTVNXTP-IYDDCBTQSA-N","[H][C@@]1(O)[C@@]([H])(CO)O[C@](O)(CO[C@@]2(CO)O[C@]([H])(CO)[C@@]([H])(O)[C@]2([H])O)[C@@]1([H])O","45109757","FALSE",NA,NA,"No Match"
"989","BMDB62097","cis-11-Octadecenoic acid","UWHZIFQPPBDJPM-FPLPWBNLSA-N","[H]\C(CCCCCC)=C(/[H])CCCCCCCCCC(O)=O","5282761","FALSE","DMD305601","DMD305601","Unique Match (by names and pubchem)"
"990","BMDB62098","cis-12-Octadecenoic acid","OXEDXHIBHVMDST-SREVYHEPSA-N","[H]\C(CCCCC)=C(/[H])CCCCCCCCCCC(O)=O","446285","FALSE",NA,NA,"No Match"
"991","BMDB62099","cis-15-Octadecenoic acid","KSIKGJKZYDOVFA-UHFFFAOYSA-N","CCC=CCCCCCCCCCCCCCC(O)=O","177655","FALSE",NA,NA,"No Match"
"992","BMDB62100","Ethylenediaminetetraacetic acid","KCXVZYZYPLLWCC-UHFFFAOYSA-N","OC(=O)CN(CCN(CC(O)=O)CC(O)=O)CC(O)=O","6049","FALSE",NA,"DMD302137","Unique Match (by pubchem only)"
"993","BMDB62101","Isobutyrylcarnitine","LRCNOZRCYBNMEP-SECBINFHSA-O","[H][C@@](CC(O)=O)(C[N+](C)(C)C)OC(=O)C(C)C","168380","FALSE",NA,NA,"No Match"
"994","BMDB62102","Methyl alpha-D-glucopyranoside","HOVAGTYPODGVJG-ZFYZTMLRSA-N","[H][C@]1(O)[C@]([H])(O)[C@@]([H])(CO)O[C@]([H])(OC)[C@]1([H])O","64947","FALSE",NA,NA,"No Match"
"995","BMDB62103","N-acetyl-Muramic acid","MNLRQHMNZILYPY-MKFCKLDKSA-N","[H][C@](C)(O[C@@]1([H])[C@]([H])(O)[C@@]([H])(CO)OC([H])(O)[C@]1([H])N=C(C)O)C(O)=O","5462244","FALSE",NA,NA,"No Match"
"996","BMDB62104","Sophorose","HIWPGCMGAMJNRG-NCFXGAEVSA-N","[H][C@]1(O)O[C@]([H])(CO)[C@@]([H])(O)[C@]([H])(O)[C@@]1([H])O[C@]1([H])O[C@]([H])(CO)[C@@]([H])(O)[C@]([H])(O)[C@@]1([H])O","88719","FALSE",NA,NA,"No Match"
"997","BMDB62105","trans-10 Octadecenoic acid","QXJSBBXBKPUZAA-CMDGGOBGSA-N","[H]\C(CCCCCCC)=C(\[H])CCCCCCCCC(O)=O","5282760","FALSE",NA,NA,"No Match"
"998","BMDB62106","trans-12-Octadecenoic acid","OXEDXHIBHVMDST-VOTSOKGWSA-N","[H]\C(CCCCC)=C(\[H])CCCCCCCCCCC(O)=O","5282762","FALSE",NA,NA,"No Match"
"999","BMDB62107","trans-13-Octadecenoic acid","BDLLSHRIFPDGQB-AATRIKPKSA-N","[H]\C(CCCC)=C(\[H])CCCCCCCCCCCC(O)=O","6161490","FALSE",NA,NA,"No Match"
"1000","BMDB62108","trans-14-Octadecenoic acid","JQBJOWDLTJOBRO-SNAWJCMRSA-N","[H]\C(CCC)=C(\[H])CCCCCCCCCCCCC(O)=O","15847269","FALSE",NA,NA,"No Match"
"1001","BMDB62109","trans-15-Octadecenoic acid","KSIKGJKZYDOVFA-ONEGZZNKSA-N","[H]\C(CC)=C(\[H])CCCCCCCCCCCCCC(O)=O","5282763","FALSE",NA,NA,"No Match"
"1002","BMDB62110","trans-16-Octadecenoic acid","DPUHOWDIWWPPIP-NSCUHMNNSA-N","[H]\C(C)=C(\[H])CCCCCCCCCCCCCCC(O)=O","5282764","FALSE",NA,NA,"No Match"
"1003","BMDB62111","trans-4-Octadecenoic acid","OBNDIDKDLXSSCB-CCEZHUSRSA-N","[H]\C(CCCCCCCCCCCCC)=C(\[H])CCC(O)=O","5282752","FALSE",NA,NA,"No Match"
"1004","BMDB62112","trans-5-Octadecenoic acid","AQWHMKSIVLSRNY-BUHFOSPRSA-N","[H]\C(CCCCCCCCCCCC)=C(\[H])CCCC(O)=O","5282753","FALSE",NA,NA,"No Match"
"1005","BMDB62113","trans-6-Octadecenoic acid","CNVZJPUDSLNTQU-OUKQBFOZSA-N","[H]\C(CCCCCCCCCCC)=C(\[H])CCCCC(O)=O","5282754","FALSE",NA,NA,"No Match"
"1006","BMDB62114","trans-7-Octadecenoic acid","RVUCYJXFCAVHNC-VAWYXSNFSA-N","[H]\C(CCCCCCCCCC)=C(\[H])CCCCCC(O)=O","5282756","FALSE",NA,NA,"No Match"
"1007","BMDB62115","trans-8-Octadecenoic acid","WRIDQFICGBMAFQ-ZHACJKMWSA-N","[H]\C(CCCCCCCCC)=C(\[H])CCCCCCC(O)=O","5282758","FALSE",NA,NA,"No Match"
"1008","BMDB62116","trans-Coniferylaldehyde","DKZBBWMURDFHNE-NSCUHMNNSA-N","[H]\C(C=O)=C(\[H])C1=CC(OC)=C(O)C=C1","5280536","FALSE",NA,"DMD302153","Unique Match (by pubchem only)"
"1009","BMDB62117","Tropic acid","JACRWUWPXAESPB-UHFFFAOYSA-N","OCC(C(O)=O)C1=CC=CC=C1","10726","FALSE",NA,NA,"No Match"
"1010","BMDB62118","Loganin","AMBQHHVBBHTQBF-UOUCRYGSSA-N","[H][C@]1(O)C[C@]2([H])C(=CO[C@@]([H])(O[C@]3([H])O[C@]([H])(CO)[C@@]([H])(O)[C@]([H])(O)[C@@]3([H])O)[C@]2([H])[C@@]1([H])C)C(=O)OC","87691","FALSE",NA,NA,"No Match"
"1011","BMDB62119","Talose","WQZGKKKJIJFFOK-WHZQZERISA-N","[H]C1(O)O[C@]([H])(CO)[C@]([H])(O)[C@]([H])(O)[C@]1([H])O","441035","FALSE",NA,NA,"No Match"
"1012","BMDB62120","Disialoganglioside Ib","VPUOVUBYFYUBRY-INNWTUFDSA-N","[H]C(CCCCCCCCCCCCC)=C([H])C([H])(O)C([H])(CO[C@]1([H])O[C@]([H])(CO)[C@@]([H])(O[C@]2([H])O[C@]([H])(CO)[C@]([H])(O[C@]3([H])O[C@]([H])(CO)[C@]([H])(O)[C@]([H])(O[C@]4([H])O[C@]([H])(CO)[C@]([H])(O)[C@]([H])(O)[C@@]4([H])O)[C@@]3([H])N=C(C)O)[C@]([H])(O[C@@]3(C[C@]([H])(O)[C@@]([H])(N=C(C)O)[C@@]([H])(O3)[C@]([H])(O)[C@@]([H])(CO)O[C@@]3(C[C@]([H])(O)[C@@]([H])(N=C(O)CO)[C@@]([H])(O3)[C@]([H])(O)[C@]([H])(O)CO)C(O)=O)C(O)=O)[C@@]2([H])O)[C@]([H])(O)[C@@]1([H])O)N=C(O)CCCCCCCCCCCCCCCCC","92132037","TRUE",NA,NA,"No Match"
"1013","BMDB62121","Monosialoganglioside GM1","QPJBWNIQKHGLAU-BVLUPYCXSA-N","[H]\C(CCCCCCCCCCCCC)=C(\[H])C([H])(O)C([H])(CO[C@]1([H])O[C@]([H])(CO)[C@@]([H])(O[C@]2([H])O[C@]([H])(CO)[C@]([H])(O[C@]3([H])O[C@]([H])(CO)[C@]([H])(O)[C@]([H])(O[C@]4([H])O[C@]([H])(CO)[C@]([H])(O)[C@]([H])(O)[C@@]4([H])O)[C@@]3([H])N=C(C)O)[C@]([H])(O[C@@]3(C[C@]([H])(O)[C@@]([H])(N=C(C)O)[C@]([H])(O3)C([H])(O)C([H])(O)CO)C(O)=O)[C@@]2([H])O)[C@]([H])(O)[C@@]1([H])O)N=C(O)CCCCCCCCCCCCCCCCC","5497107","TRUE",NA,NA,"No Match"
"1014","BMDB62122","Monosialoganglioside GM2","USMMPBVNWHAJBE-YMEOXFOQSA-N","[H]\C(CCCCCCCCCCCCC)=C(\[H])[C@]([H])(O)[C@@]([H])(CO[C@]1([H])O[C@@]([H])(CO)[C@]([H])(O[C@@]2([H])O[C@@]([H])(CO)[C@@]([H])(O[C@@]3([H])O[C@@]([H])(CO)[C@@]([H])(O)[C@@]([H])(O)[C@]3([H])N=C(C)O)[C@@]([H])(OC[C@]3(C[C@@]([H])(O)[C@]([H])(N=C(C)O)[C@]([H])(O3)[C@@]([H])(O)[C@@]([H])(O)CO)C(O)=O)[C@]2([H])O)[C@@]([H])(O)[C@]1([H])O)N=C(O)CCCCCCCCCCCCCCCCC","71308211","TRUE",NA,NA,"No Match"
"1015","BMDB62123","Monosialoganglioside GM3","PFJKOHUKELZMLE-VEUXDRLPSA-N","[H]\C(CCCCCCCC)=C(/[H])CCCCCCCCCCCCCC(O)=N[C@@]([H])(CO[C@]1([H])O[C@]([H])(CO)[C@@]([H])(O[C@]2([H])O[C@]([H])(CO)[C@]([H])(O)[C@]([H])(O[C@@]3(C[C@]([H])(O)[C@@]([H])(N=C(C)O)[C@@]([H])(O3)[C@]([H])(O)[C@]([H])(O)CO)C(O)=O)[C@@]2([H])O)[C@]([H])(O)[C@@]1([H])O)[C@]([H])(O)C(\[H])=C(/[H])CCCCCCCCCCCCC","86583360","FALSE",NA,NA,"No Match"
"1016","BMDB62124","TG(14:0/14:0/4:0)","CPUBTQNPGNMTLT-JGCGQSQUSA-N","[H][C@@](COC(=O)CCC)(COC(=O)CCCCCCCCCCCCC)OC(=O)CCCCCCCCCCCCC","","FALSE",NA,NA,"No Match"
"1017","BMDB62125","TG(14:0/14:0/6:0)","RLJXXZJSIPCFFV-UUWRZZSWSA-N","[H][C@@](COC(=O)CCCCC)(COC(=O)CCCCCCCCCCCCC)OC(=O)CCCCCCCCCCCCC","","FALSE",NA,NA,"No Match"
"1018","BMDB62126","TG(14:0/16:0/4:0)","SQKOCYHMNMIISZ-UUWRZZSWSA-N","[H][C@@](COC(=O)CCC)(COC(=O)CCCCCCCCCCCCC)OC(=O)CCCCCCCCCCCCCCC","","FALSE",NA,NA,"No Match"
"1019","BMDB62127","TG(14:0/16:0/6:0)","DWIUNYGOSZKHPJ-PSXMRANNSA-N","[H][C@@](COC(=O)CCCCC)(COC(=O)CCCCCCCCCCCCC)OC(=O)CCCCCCCCCCCCCCC","","FALSE",NA,NA,"No Match"
"1020","BMDB62128","TG(16:0/10:0/4:0)","NMPTUNQSGSBSHZ-SSEXGKCCSA-N","[H][C@@](COC(=O)CCC)(COC(=O)CCCCCCCCCCCCCCC)OC(=O)CCCCCCCCC","","FALSE",NA,NA,"No Match"
"1021","BMDB62129","TG(16:0/10:0/6:0)","QKLBUEWDUVXZCS-JGCGQSQUSA-N","[H][C@@](COC(=O)CCCCC)(COC(=O)CCCCCCCCCCCCCCC)OC(=O)CCCCCCCCC","","FALSE",NA,NA,"No Match"
"1022","BMDB62130","TG(16:0/12:0/4:0)","DNRWLLOQTTWJKS-JGCGQSQUSA-N","[H][C@@](COC(=O)CCC)(COC(=O)CCCCCCCCCCCCCCC)OC(=O)CCCCCCCCCCC","","FALSE",NA,NA,"No Match"
"1023","BMDB62131","TG(16:0/12:0/6:0)","OGVRYRODVYXWHK-UUWRZZSWSA-N","[H][C@@](COC(=O)CCCCC)(COC(=O)CCCCCCCCCCCCCCC)OC(=O)CCCCCCCCCCC","101095262","FALSE",NA,NA,"No Match"
"1024","BMDB62132","TG(16:0/14:0/10:0)","SMIGULGEODNQEX-RRHRGVEJSA-N","[H][C@@](COC(=O)CCCCCCCCC)(COC(=O)CCCCCCCCCCCCCCC)OC(=O)CCCCCCCCCCCCC","","FALSE","DMD305402","DMD305402","Unique Match (by names only)"
"1025","BMDB62133","TG(16:0/14:0/14:0)","AMXRERGJDVUTMF-USYZEHPZSA-N","[H][C@@](COC(=O)CCCCCCCCCCCCC)(COC(=O)CCCCCCCCCCCCCCC)OC(=O)CCCCCCCCCCCCC","91865743","FALSE",NA,NA,"No Match"
"1026","BMDB62134","TG(16:0/14:0/4:0)","ZRSCOWDQAGAMTK-UUWRZZSWSA-N","[H][C@@](COC(=O)CCC)(COC(=O)CCCCCCCCCCCCCCC)OC(=O)CCCCCCCCCCCCC","","FALSE",NA,NA,"No Match"
"1027","BMDB62135","TG(16:0/14:0/6:0)","CRYHRFJZXLSNCF-PSXMRANNSA-N","[H][C@@](COC(=O)CCCCC)(COC(=O)CCCCCCCCCCCCCCC)OC(=O)CCCCCCCCCCCCC","","FALSE",NA,NA,"No Match"
"1028","BMDB62136","TG(16:0/16:0/10:0)","WBURFJXMBPWRIG-HUESYALOSA-N","[H][C@@](COC(=O)CCCCCCCCC)(COC(=O)CCCCCCCCCCCCCCC)OC(=O)CCCCCCCCCCCCCCC","","FALSE","DMD302449","DMD302449","Unique Match (by names only)"
"1029","BMDB62137","TG(16:0/16:0/12:0)","ZCHDZACIKMGEJU-USYZEHPZSA-N","[H][C@@](COC(=O)CCCCCCCCCCC)(COC(=O)CCCCCCCCCCCCCCC)OC(=O)CCCCCCCCCCCCCCC","","FALSE",NA,NA,"No Match"
"1030","BMDB62138","TG(16:0/16:0/14:0)","JWVXCFSNEOMSHH-YACUFSJGSA-N","[H][C@@](COC(=O)CCCCCCCCCCCCC)(COC(=O)CCCCCCCCCCCCCCC)OC(=O)CCCCCCCCCCCCCCC","","FALSE",NA,NA,"No Match"
"1031","BMDB62139","TG(16:0/16:0/4:0)","SPNPZKFZBBJGJK-PSXMRANNSA-N","[H][C@@](COC(=O)CCC)(COC(=O)CCCCCCCCCCCCCCC)OC(=O)CCCCCCCCCCCCCCC","101423820","FALSE",NA,NA,"No Match"
"1032","BMDB62140","TG(16:0/16:0/6:0)","SAYUNMDZOOEJHF-KXQOOQHDSA-N","[H][C@@](COC(=O)CCCCC)(COC(=O)CCCCCCCCCCCCCCC)OC(=O)CCCCCCCCCCCCCCC","","FALSE",NA,NA,"No Match"
"1033","BMDB62141","TG(16:0/16:0/8:0)","RFWJYKONNDGWCW-RRHRGVEJSA-N","[H][C@@](COC(=O)CCCCCCC)(COC(=O)CCCCCCCCCCCCCCC)OC(=O)CCCCCCCCCCCCCCC","","FALSE","DMD305402","DMD305402","Unique Match (by names only)"
"1034","BMDB62142","TG(16:0/18:0/4:0)","QDICJGWYEVKHJA-KXQOOQHDSA-N","[H][C@@](COC(=O)CCC)(COC(=O)CCCCCCCCCCCCCCC)OC(=O)CCCCCCCCCCCCCCCCC","101923185","FALSE",NA,NA,"No Match"
"1035","BMDB62143","TG(18:0/14:0/4:0)","GNPZHHYWFFYGOF-PSXMRANNSA-N","[H][C@@](COC(=O)CCC)(COC(=O)CCCCCCCCCCCCCCCCC)OC(=O)CCCCCCCCCCCCC","","FALSE",NA,NA,"No Match"
"1036","BMDB62144","TG(18:0/14:0/6:0)","BYIJSVHOFIDXCL-KXQOOQHDSA-N","[H][C@@](COC(=O)CCCCC)(COC(=O)CCCCCCCCCCCCCCCCC)OC(=O)CCCCCCCCCCCCC","","FALSE",NA,NA,"No Match"
"1037","BMDB62145","TG(18:0/16:0/4:0)","MSBNBDZZIPTJCP-KXQOOQHDSA-N","[H][C@@](COC(=O)CCC)(COC(=O)CCCCCCCCCCCCCCCCC)OC(=O)CCCCCCCCCCCCCCC","","FALSE",NA,NA,"No Match"
"1038","BMDB62146","TG(18:0/16:0/6:0)","NJJSVYBVDBGZKT-RRHRGVEJSA-N","[H][C@@](COC(=O)CCCCC)(COC(=O)CCCCCCCCCCCCCCCCC)OC(=O)CCCCCCCCCCCCCCC","","FALSE",NA,NA,"No Match"
"1039","BMDB62147","(+)-10-Methyldodecanoic acid","YETWOCQNUTWSQA-UHFFFAOYSA-N","CCC(C)CCCCCCCCC(O)=O","3014565","FALSE",NA,NA,"No Match"
"1040","BMDB62148","trans-11,cis-15-Octadecadienoic acid","HHELYEVVXBEXIZ-ODYTWBPASA-N","[H]\C(CC)=C(/[H])CC\C([H])=C(/[H])CCCCCCCCCC(O)=O","13983931","FALSE",NA,NA,"No Match"
"1041","BMDB62149","12E, 14E-Octadecadienoic acid","NLGIQISOWDWGRJ-YTXTXJHMSA-N","[H]\C(CCC)=C(\[H])/C(/[H])=C(\[H])CCCCCCCCCCC(O)=O","18356448","FALSE",NA,NA,"No Match"
"1042","BMDB62150","11E, 13E-Octadecadienoic acid","JGFMXQLVWUGIPI-BSWSSELBSA-N","[H]\C(CCCC)=C(\[H])/C(/[H])=C(\[H])CCCCCCCCCC(O)=O","9856943","FALSE",NA,NA,"No Match"
"1043","BMDB62151","10E, 12E-Octadecadienoic acid","GKJZMAHZJGSBKD-BLHCBFLLSA-N","[H]\C(CCCCC)=C(\[H])/C(/[H])=C(\[H])CCCCCCCCC(O)=O","5282801","FALSE",NA,NA,"No Match"
"1044","BMDB62152","8E, 10E-Octadecadienoic acid","QJKCKUNKNNYJNS-BNFZFUHLSA-N","[H]\C(CCCCCCC)=C(\[H])/C(/[H])=C(\[H])CCCCCCC(O)=O","5282793","FALSE",NA,NA,"No Match"
"1045","BMDB62153","7E, 9E-Octadecadienoic acid","HACBQSMIIGXKGA-HULFFUFUSA-N","[H]\C(CCCCCCCC)=C(\[H])/C(/[H])=C(\[H])CCCCCC(O)=O","9965528","FALSE",NA,NA,"No Match"
"1046","BMDB62154","TG(6:0/8:0/14:0)","HMYXRAROFDYZSY-NDEPHWFRSA-N","[H][C@](COC(=O)CCCCC)(COC(=O)CCCCCCCCCCCCC)OC(=O)CCCCCCC","","FALSE",NA,NA,"No Match"
"1047","BMDB62155","TG(4:0/8:0/16:0)","DQSUYNONXLJKFQ-NDEPHWFRSA-N","[H][C@](COC(=O)CCC)(COC(=O)CCCCCCCCCCCCCCC)OC(=O)CCCCCCC","","FALSE",NA,NA,"No Match"
"1048","BMDB62156","TG(4:0/10:0/14:0)","CZNCEKYZOLXFEW-NDEPHWFRSA-N","[H][C@](COC(=O)CCC)(COC(=O)CCCCCCCCCCCCC)OC(=O)CCCCCCCCC","","FALSE",NA,NA,"No Match"
"1049","BMDB62157","TG(6:0/10:0/14:0)","CTUNPMWDIDEHLG-PMERELPUSA-N","[H][C@](COC(=O)CCCCC)(COC(=O)CCCCCCCCCCCCC)OC(=O)CCCCCCCCC","","FALSE",NA,NA,"No Match"
"1050","BMDB62158","TG(4:0/10:0/16:0)","NMPTUNQSGSBSHZ-PMERELPUSA-N","[H][C@](COC(=O)CCC)(COC(=O)CCCCCCCCCCCCCCC)OC(=O)CCCCCCCCC","","FALSE",NA,NA,"No Match"
"1051","BMDB62159","TG(4:0/12:0/14:0)","SPIIOGCAPPVNDU-PMERELPUSA-N","[H][C@](COC(=O)CCC)(COC(=O)CCCCCCCCCCCCC)OC(=O)CCCCCCCCCCC","","FALSE",NA,NA,"No Match"
"1052","BMDB62160","TG(10:0/16:0/6:0)","CBCAPZYHHAJWQD-JGCGQSQUSA-N","[H][C@@](COC(=O)CCCCC)(COC(=O)CCCCCCCCC)OC(=O)CCCCCCCCCCCCCCC","","FALSE",NA,NA,"No Match"
"1053","BMDB62161","TG(6:0/12:0/14:0)","XTWZFTFRQTXTLI-YTTGMZPUSA-N","[H][C@](COC(=O)CCCCC)(COC(=O)CCCCCCCCCCCCC)OC(=O)CCCCCCCCCCC","","FALSE",NA,NA,"No Match"
"1054","BMDB62162","TG(4:0/12:0/16:0)","DNRWLLOQTTWJKS-YTTGMZPUSA-N","[H][C@](COC(=O)CCC)(COC(=O)CCCCCCCCCCCCCCC)OC(=O)CCCCCCCCCCC","","FALSE",NA,NA,"No Match"
"1055","BMDB62163","TG(4:0/14:0/14:0)","CPUBTQNPGNMTLT-YTTGMZPUSA-N","[H][C@](COC(=O)CCC)(COC(=O)CCCCCCCCCCCCC)OC(=O)CCCCCCCCCCCCC","129689885","FALSE",NA,NA,"No Match"
"1056","BMDB62164","TG(4:0/14:0/15:0)","JMGKZUFRLWPSBP-XIFFEERXSA-N","[H][C@](COC(=O)CCC)(COC(=O)CCCCCCCCCCCCCC)OC(=O)CCCCCCCCCCCCC","","FALSE",NA,NA,"No Match"
"1057","BMDB62165","TG(6:0/12:0/16:0)","OGVRYRODVYXWHK-UMSFTDKQSA-N","[H][C@](COC(=O)CCCCC)(COC(=O)CCCCCCCCCCCCCCC)OC(=O)CCCCCCCCCCC","","FALSE",NA,NA,"No Match"
"1058","BMDB62166","TG(6:0/14:0/14:0)","RLJXXZJSIPCFFV-UMSFTDKQSA-N","[H][C@](COC(=O)CCCCC)(COC(=O)CCCCCCCCCCCCC)OC(=O)CCCCCCCCCCCCC","","FALSE",NA,NA,"No Match"
"1059","BMDB62167","TG(8:0/12:0/14:0)","RJHHICMBDSUIHF-UMSFTDKQSA-N","[H][C@](COC(=O)CCCCCCC)(COC(=O)CCCCCCCCCCCCC)OC(=O)CCCCCCCCCCC","131779395","FALSE",NA,NA,"No Match"
"1060","BMDB62168","TG(4:0/14:0/16:0)","ZRSCOWDQAGAMTK-UMSFTDKQSA-N","[H][C@](COC(=O)CCC)(COC(=O)CCCCCCCCCCCCCCC)OC(=O)CCCCCCCCCCCCC","","FALSE",NA,NA,"No Match"
"1061","BMDB62169","TG(4:0/15:0/16:0)","PCDSPVRPORJHDW-DHUJRADRSA-N","[H][C@](COC(=O)CCC)(COC(=O)CCCCCCCCCCCCCCC)OC(=O)CCCCCCCCCCCCCC","","FALSE",NA,NA,"No Match"
"1062","BMDB62170","TG(6:0/14:0/16:0)","CRYHRFJZXLSNCF-BHVANESWSA-N","[H][C@](COC(=O)CCCCC)(COC(=O)CCCCCCCCCCCCCCC)OC(=O)CCCCCCCCCCCCC","","FALSE",NA,NA,"No Match"
"1063","BMDB62171","TG(4:0/14:0/18:0)","GNPZHHYWFFYGOF-BHVANESWSA-N","[H][C@](COC(=O)CCC)(COC(=O)CCCCCCCCCCCCCCCCC)OC(=O)CCCCCCCCCCCCC","","FALSE",NA,NA,"No Match"
"1064","BMDB62172","TG(4:0/17:0/15:0)","CYIZPZFVFXXNAW-BHVANESWSA-N","[H][C@](COC(=O)CCC)(COC(=O)CCCCCCCCCCCCCC)OC(=O)CCCCCCCCCCCCCCCC","","FALSE",NA,NA,"No Match"
"1065","BMDB62173","TG(4:0/16:0/16:0)","SPNPZKFZBBJGJK-BHVANESWSA-N","[H][C@](COC(=O)CCC)(COC(=O)CCCCCCCCCCCCCCC)OC(=O)CCCCCCCCCCCCCCC","87501547","FALSE",NA,NA,"No Match"
"1066","BMDB62174","TG(4:0/15:0/18:0)","SORNCPQAUOVNGB-QNGWXLTQSA-N","[H][C@](COC(=O)CCC)(COC(=O)CCCCCCCCCCCCCCCCC)OC(=O)CCCCCCCCCCCCCC","","FALSE",NA,NA,"No Match"
"1067","BMDB62175","TG(4:0/16:0/17:0)","VJWVCPAYJXNGCJ-QNGWXLTQSA-N","[H][C@](COC(=O)CCC)(COC(=O)CCCCCCCCCCCCCCCC)OC(=O)CCCCCCCCCCCCCCC","","FALSE",NA,NA,"No Match"
"1068","BMDB62176","TG(6:0/16:0/16:0)","SAYUNMDZOOEJHF-LHEWISCISA-N","[H][C@](COC(=O)CCCCC)(COC(=O)CCCCCCCCCCCCCCC)OC(=O)CCCCCCCCCCCCCCC","129727630","FALSE",NA,NA,"No Match"
"1069","BMDB62177","TG(8:0/14:0/16:0)","LONDUFXOLIQUKZ-LHEWISCISA-N","[H][C@](COC(=O)CCCCCCC)(COC(=O)CCCCCCCCCCCCCCC)OC(=O)CCCCCCCCCCCCC","131778738","FALSE",NA,NA,"No Match"
"1070","BMDB62178","TG(10:0/14:0/14:0)","OECYYRPLQTZAGN-LHEWISCISA-N","[H][C@](COC(=O)CCCCCCCCC)(COC(=O)CCCCCCCCCCCCC)OC(=O)CCCCCCCCCCCCC","131779132","FALSE",NA,NA,"No Match"
"1071","BMDB62179","TG(12:0/12:0/14:0)","SMUUMIRCIBXLGI-LHEWISCISA-N","[H][C@](COC(=O)CCCCCCCCCCC)(COC(=O)CCCCCCCCCCCCC)OC(=O)CCCCCCCCCCC","97045144","FALSE",NA,NA,"No Match"
"1072","BMDB62180","TG(4:0/16:0/18:0)","MSBNBDZZIPTJCP-LHEWISCISA-N","[H][C@](COC(=O)CCC)(COC(=O)CCCCCCCCCCCCCCCCC)OC(=O)CCCCCCCCCCCCCCC","","FALSE",NA,NA,"No Match"
"1073","BMDB62181","TG(6:0/16:0/18:0)","NJJSVYBVDBGZKT-FAIXQHPJSA-N","[H][C@](COC(=O)CCCCC)(COC(=O)CCCCCCCCCCCCCCCCC)OC(=O)CCCCCCCCCCCCCCC","","FALSE",NA,NA,"No Match"
"1074","BMDB62182","TG(8:0/16:0/16:0)","RFWJYKONNDGWCW-FAIXQHPJSA-N","[H][C@](COC(=O)CCCCCCC)(COC(=O)CCCCCCCCCCCCCCC)OC(=O)CCCCCCCCCCCCCCC","131778716","FALSE","DMD305402","DMD305402","Unique Match (by names only)"
"1075","BMDB62183","TG(10:0/16:0/14:0)","ZBYLOVWUEAWMBM-FAIXQHPJSA-N","[H][C@](COC(=O)CCCCCCCCC)(COC(=O)CCCCCCCCCCCCC)OC(=O)CCCCCCCCCCCCCCC","131778279","FALSE","DMD305402","DMD305402","Unique Match (by names only)"
"1076","BMDB62184","TG(12:0/14:0/14:0)","UGBCBXMLXHJYBS-FAIXQHPJSA-N","[H][C@](COC(=O)CCCCCCCCCCC)(COC(=O)CCCCCCCCCCCCC)OC(=O)CCCCCCCCCCCCC","99649108","FALSE","DMD305402","DMD305402","Unique Match (by names only)"
"1077","BMDB62185","TG(4:0/18:0/18:0)","XFFRLQGZYVVLQI-FAIXQHPJSA-N","[H][C@](COC(=O)CCC)(COC(=O)CCCCCCCCCCCCCCCCC)OC(=O)CCCCCCCCCCCCCCCCC","76959634","FALSE",NA,NA,"No Match"
"1078","BMDB62186","TG(6:0/16:0/20:0)","DFKKDPLHBBTFFO-WBCKFURZSA-N","[H][C@](COC(=O)CCCCC)(COC(=O)CCCCCCCCCCCCCCCCCCC)OC(=O)CCCCCCCCCCCCCCC","","FALSE",NA,NA,"No Match"
"1079","BMDB62187","TG(6:0/18:0/18:0)","WZPUIXJVKWWFBH-WBCKFURZSA-N","[H][C@](COC(=O)CCCCC)(COC(=O)CCCCCCCCCCCCCCCCC)OC(=O)CCCCCCCCCCCCCCCCC","","FALSE",NA,NA,"No Match"
"1080","BMDB62188","TG(8:0/16:0/18:0)","SXRIIQRGPQMOSV-WBCKFURZSA-N","[H][C@](COC(=O)CCCCCCC)(COC(=O)CCCCCCCCCCCCCCCCC)OC(=O)CCCCCCCCCCCCCCC","131778361","FALSE","DMD302449","DMD302449","Unique Match (by names only)"
"1081","BMDB62189","TG(10:0/16:0/16:0)","WBURFJXMBPWRIG-WBCKFURZSA-N","[H][C@](COC(=O)CCCCCCCCC)(COC(=O)CCCCCCCCCCCCCCC)OC(=O)CCCCCCCCCCCCCCC","101004497","FALSE","DMD302449","DMD302449","Unique Match (by names only)"
"1082","BMDB62190","TG(12:0/14:0/16:0)","PGZSAELMQZLYOA-WBCKFURZSA-N","[H][C@](COC(=O)CCCCCCCCCCC)(COC(=O)CCCCCCCCCCCCCCC)OC(=O)CCCCCCCCCCCCC","131803451","FALSE","DMD302449","DMD302449","Unique Match (by names only)"
"1083","BMDB62191","TG(12:0/14:0/20:0)","FNKDFKYDCKFOPA-DXQCBLCSSA-N","[H][C@](COC(=O)CCCCCCCCCCC)(COC(=O)CCCCCCCCCCCCCCCCCCC)OC(=O)CCCCCCCCCCCCC","131803487","FALSE",NA,NA,"No Match"
"1084","BMDB62192","TG(12:0/16:0/18:0)","HBNALZRPCNRSPZ-DXQCBLCSSA-N","[H][C@](COC(=O)CCCCCCCCCCC)(COC(=O)CCCCCCCCCCCCCCCCC)OC(=O)CCCCCCCCCCCCCCC","101512754","FALSE",NA,NA,"No Match"
"1085","BMDB62193","TG(14:0/17:0/18:0)","DIMXBKATFQGNNF-GGCSAXROSA-N","[H][C@](COC(=O)CCCCCCCCCCCCC)(COC(=O)CCCCCCCCCCCCCCCCC)OC(=O)CCCCCCCCCCCCCCCC","","FALSE",NA,NA,"No Match"
"1086","BMDB62194","Glucaric acid-1,4-lactone","XECPAIJNBXCOBO-MMPJQOAZSA-N","[H][C@@](O)(C(O)=O)[C@@]1([H])OC(=O)[C@]([H])(O)[C@@]1([H])O","122306","FALSE",NA,NA,"No Match"
"1087","BMDB62195","Methyl beta-D-glucopyranoside","HOVAGTYPODGVJG-VOQCIKJUSA-N","[H][C@]1(O)[C@@]([H])(O)[C@@]([H])(CO)O[C@@]([H])(OC)[C@]1([H])O","94214","FALSE",NA,NA,"No Match"
"1088","BMDB62196","Methyl jasmonate","GEWDNTWNSAZUDX-XXJOZFEBSA-N","[H]\C(CC)=C(/[H])C[C@]1([H])C(=O)CC[C@@]1([H])CC(=O)OC","6428089","FALSE",NA,NA,"No Match"
"1089","BMDB62197","N-(2-Oxohexanoyl)homoserine lactone","HXDSMMVKIYAMIA-ZETCQYMHSA-N","[H][C@@]1(CCOC1=O)NC(=O)C(=O)CCCC","45109776","FALSE",NA,NA,"No Match"
"1090","BMDB62204","Thiamine hydrochloride","DPJRMOMPQZCRJU-UHFFFAOYSA-M","Cl.[Cl-].CC1=C(CCO)SC=[N+]1CC1=CN=C(C)NC1=N","6202","TRUE",NA,NA,"No Match"
"1091","BMDB62205","Gadoleic acid","LQJBNNIYVWPHFW-QXMHVHEDSA-N","[H]\C(CCCCCCCCCC)=C(/[H])CCCCCCCC(O)=O","5282767","TRUE",NA,NA,"No Match"
"1092","BMDB62210","Phenol","ISWSIDIOOBJBQZ-UHFFFAOYSA-N","OC1=CC=CC=C1","996","FALSE",NA,NA,"No Match"
"1093","BMDB62211","Vanillic acid","WKOLLVMJNQIZCI-UHFFFAOYSA-N","COC1=C(O)C=CC(=C1)C(O)=O","8468","FALSE",NA,"DMD302036","Unique Match (by pubchem only)"
"1094","BMDB62212","Salicylic acid","YGSDEFSMJLZEOE-UHFFFAOYSA-N","OC(=O)C1=CC=CC=C1O","338","FALSE",NA,"DMD302054","Unique Match (by pubchem only)"
"1095","BMDB62213","Methylcysteine","IDIDJDIHTAOVLG-VKHMYHEASA-N","[H][C@](N)(CSC)C(O)=O","24417","FALSE",NA,NA,"No Match"
"1096","BMDB62214","2-Methylbenzoic acid","ZWLPBLYKEWSWPD-UHFFFAOYSA-N","CC1=CC=CC=C1C(O)=O","0","FALSE",NA,NA,"No Match"
"1097","BMDB62215","Erythrose","FMAORJIQYMIRHF-HERZVMAMSA-N","[H][C@@]1(O)COC([H])(O)[C@]1([H])O","439574","FALSE",NA,NA,"No Match"
"1098","BMDB62216","Ergothioneine","SSISHJJTAXXQAX-ZETCQYMHSA-N","[H][C@](CC1=CN=C([S-])N1)(C(O)=O)[N+](C)(C)C","5351619","FALSE",NA,NA,"No Match"
"1099","BMDB62217","Indolylacryloylglycine","DUIFVCFSAWHIOD-AATRIKPKSA-N","[H]\C(=C(\[H])C1=CNC2=CC=CC=C12)C(O)=NCC(O)=O","5370648","FALSE",NA,NA,"No Match"
"1100","BMDB62218","N-Heptanoylglycine","RNFCYFVPNIXAHP-UHFFFAOYSA-N","CCCCCCC(O)=NCC(O)=O","10932172","FALSE",NA,NA,"No Match"
"1101","BMDB62219","Capryloylcholine","AKYPZHWYYXDGEW-UHFFFAOYSA-N","CCCCCCCC(=O)OCC[N+](C)(C)C","22155836","FALSE",NA,NA,"No Match"
"1102","BMDB62221","Alanyl-Aspartic acid","XAEWTDMGFGHWFK-UHFFFAOYSA-N","CC(N)C(O)=NC(CC(O)=O)C(O)=O","426317","FALSE",NA,NA,"No Match"
"1103","BMDB62222","Alanyl-Histidine","XZWXFWBHYRFLEF-UHFFFAOYSA-N","CC(N)C(O)=NC(CC1=CN=CN1)C(O)=O","102960","FALSE",NA,NA,"No Match"
"1104","BMDB62223","Alanyl-Proline","WPWUFUBLGADILS-UHFFFAOYSA-N","CC(N)C(=O)N1CCCC1C(O)=O","418040","FALSE",NA,NA,"No Match"
"1105","BMDB62224","Alanyl-Tyrosine","ALZVPLKYDKJKQU-UHFFFAOYSA-N","CC(N)C(O)=NC(CC1=CC=C(O)C=C1)C(O)=O","572319","FALSE",NA,NA,"No Match"
"1106","BMDB62225","Arginyl-Cysteine","OSASDIVHOSJVII-UHFFFAOYSA-N","NC(CCCNC(N)=N)C(O)=NC(CS)C(O)=O","9943513","FALSE",NA,NA,"No Match"
"1107","BMDB62226","Asparaginyl-Methionine","IQTUDDBANZYMAR-UHFFFAOYSA-N","CSCCC(N=C(O)C(N)CC(O)=N)C(O)=O","18218183","FALSE",NA,NA,"No Match"
"1108","BMDB62227","Aspartyl-Arginine","PSZNHSNIGMJYOZ-UHFFFAOYSA-N","NC(CC(O)=O)C(O)=NC(CCCNC(N)=N)C(O)=O","18218189","FALSE",NA,NA,"No Match"
"1109","BMDB62228","Aspartyl-Valine","CPMKYMGGYUFOHS-UHFFFAOYSA-N","CC(C)C(N=C(O)C(N)CC(O)=O)C(O)=O","4991131","FALSE",NA,NA,"No Match"
"1110","BMDB62229","Cysteinyl-Asparagine","AYKQJQVWUYEZNU-UHFFFAOYSA-N","NC(CS)C(O)=NC(CC(O)=N)C(O)=O","18218192","FALSE",NA,NA,"No Match"
"1111","BMDB62230","Cysteinyl-Serine","YXQDRIRSAHTJKM-UHFFFAOYSA-N","NC(CS)C(O)=NC(CO)C(O)=O","21759496","FALSE",NA,NA,"No Match"
"1112","BMDB62231","Glutaminylhistidine","JZOYFBPIEHCDFV-YUMQZZPRSA-N","[H][C@](N)(CCC(O)=N)C(O)=N[C@@]([H])(CC1=CN=CN1)C(O)=O","9814348","FALSE",NA,NA,"No Match"
"1113","BMDB62232","Glutaminyllysine","CLSDNFWKGFJIBZ-YUMQZZPRSA-N","[H][C@](N)(CCC(O)=N)C(O)=N[C@@]([H])(CCCCN)C(O)=O","71363012","FALSE",NA,NA,"No Match"
"1114","BMDB62233","Glutaminylphenylalanine","VHLZDSUANXBJHW-QWRGUYRKSA-N","[H][C@](N)(CCC(O)=N)C(O)=N[C@@]([H])(CC1=CC=CC=C1)C(O)=O","57288566","FALSE",NA,NA,"No Match"
"1115","BMDB62234","Glycyl-Arginine","JLXVRFDTDUGQEE-UHFFFAOYSA-N","NCC(O)=NC(CCCNC(N)=N)C(O)=O","333414","FALSE",NA,NA,"No Match"
"1116","BMDB62235","Glycyl-Phenylalanine","JBCLFWXMTIKCCB-UHFFFAOYSA-N","NCC(O)=NC(CC1=CC=CC=C1)C(O)=O","97415","FALSE",NA,NA,"No Match"
"1117","BMDB62236","Glycyl-Serine","BCCRXDTUTZHDEU-UHFFFAOYSA-N","NCC(O)=NC(CO)C(O)=O","102466","FALSE",NA,NA,"No Match"
"1118","BMDB62237","Glycyl-Tyrosine","XBGGUPMXALFZOT-UHFFFAOYSA-N","NCC(O)=NC(CC1=CC=C(O)C=C1)C(O)=O","256410","FALSE",NA,NA,"No Match"
"1119","BMDB62238","Histidinyl-Asparagine","WSDOHRLQDGAOGU-UHFFFAOYSA-N","NC(CC1=CN=CN1)C(O)=NC(CC(O)=N)C(O)=O","9860193","FALSE",NA,NA,"No Match"
"1120","BMDB62239","Histidinyl-Cysteine","MAJYPBAJPNUFPV-UHFFFAOYSA-N","NC(CC1=CN=CN1)C(O)=NC(CS)C(O)=O","21839149","FALSE",NA,NA,"No Match"
"1121","BMDB62240","Histidinyl-Proline","LNCFUHAPNTYMJB-UHFFFAOYSA-N","NC(CC1=CN=CN1)C(=O)N1CCCC1C(O)=O","14324830","FALSE",NA,NA,"No Match"
"1122","BMDB62241","Histidinyl-Tryptophan","FBTYOQIYBULKEH-UHFFFAOYSA-N","NC(CC1=CN=CN1)C(O)=NC(CC1=CNC2=CC=CC=C12)C(O)=O","6539217","FALSE",NA,NA,"No Match"
"1123","BMDB62242","Histidinyl-Valine","VLDVBZICYBVQHB-UHFFFAOYSA-N","CC(C)C(N=C(O)C(N)CC1=CN=CN1)C(O)=O","18218216","FALSE",NA,NA,"No Match"
"1124","BMDB62243","Leucyl-Alanine","HSQGMTRYSIHDAC-UHFFFAOYSA-N","CC(C)CC(N)C(O)=NC(C)C(O)=O","259321","FALSE",NA,NA,"No Match"
"1125","BMDB62244","Leucyl-Aspartate","DVCSNHXRZUVYAM-UHFFFAOYSA-N","CC(C)CC(N)C(O)=NC(CC(O)=O)C(O)=O","3328705","FALSE",NA,NA,"No Match"
"1126","BMDB62245","Leucyl-Leucine","LCPYQJIKPJDLLB-UHFFFAOYSA-N","CC(C)CC(N)C(O)=NC(CC(C)C)C(O)=O","0","FALSE",NA,NA,"No Match"
"1127","BMDB62246","Leucyl-Serine","XGDCYUQSFDQISZ-UHFFFAOYSA-N","CC(C)CC(N)C(O)=NC(CO)C(O)=O","3621685","FALSE",NA,NA,"No Match"
"1128","BMDB62247","Leucyl-Tryptophan","BQVUABVGYYSDCJ-UHFFFAOYSA-N","CC(C)CC(N)C(O)=NC(CC1=CNC2=CC=CC=C12)C(O)=O","329275","FALSE",NA,NA,"No Match"
"1129","BMDB62248","Lysyl-Glycine","HGNRJCINZYHNOU-UHFFFAOYSA-N","NCCCCC(N)C(O)=NCC(O)=O","259320","FALSE",NA,NA,"No Match"
"1130","BMDB62249","Lysyl-Lysine","NVGBPTNZLWRQSY-UHFFFAOYSA-N","NCCCCC(N)C(O)=NC(CCCCN)C(O)=O","4293571","FALSE",NA,NA,"No Match"
"1131","BMDB62250","Lysyl-Phenylalanine","QCZYYEFXOBKCNQ-UHFFFAOYSA-N","NCCCCC(N)C(O)=NC(CC1=CC=CC=C1)C(O)=O","3459978","FALSE",NA,NA,"No Match"
"1132","BMDB62251","Methionyl-Alanine","JHKXZYLNVJRAAJ-UHFFFAOYSA-N","CSCCC(N)C(O)=NC(C)C(O)=O","14878381","FALSE",NA,NA,"No Match"
"1133","BMDB62252","Methionyl-Asparagine","JMEWFDUAFKVAAT-UHFFFAOYSA-N","CSCCC(N)C(O)=NC(CC(O)=N)C(O)=O","333467","FALSE",NA,NA,"No Match"
"1134","BMDB62253","Methionyl-Proline","DZMGFGQBRYWJOR-UHFFFAOYSA-N","CSCCC(N)C(=O)N1CCCC1C(O)=O","3472451","FALSE",NA,NA,"No Match"
"1135","BMDB62254","Phenylalanyl-Alanine","MIDZLCFIAINOQN-UHFFFAOYSA-N","CC(N=C(O)C(N)CC1=CC=CC=C1)C(O)=O","352040","FALSE","DMD302075","DMD302075","Unique Match (by names only)"
"1136","BMDB62255","Phenylalanyl-Glycine","GLUBLISJVJFHQS-UHFFFAOYSA-N","NC(CC1=CC=CC=C1)C(O)=NCC(O)=O","98207","FALSE","DMD302074;DMD305570","DMD302074;DMD305570","Multiple Match (by names only)"
"1137","BMDB62256","Prolyl-Asparagine","JQOHKCDMINQZRV-UHFFFAOYSA-N","OC(=N)CC(N=C(O)C1CCCN1)C(O)=O","18464218","FALSE",NA,NA,"No Match"
"1138","BMDB62257","Prolyl-Histidine","BEPSGCXDIVACBU-UHFFFAOYSA-N","OC(=O)C(CC1=CN=CN1)N=C(O)C1CCCN1","18218235","FALSE",NA,NA,"No Match"
"1139","BMDB62258","Serylmethionine","PBUXMVYWOSKHMF-UHFFFAOYSA-N","CSCCC(N=C(O)C(N)CO)C(O)=O","14843114","FALSE",NA,NA,"No Match"
"1140","BMDB62259","Seryltryptophan","LZLREEUGSYITMX-UHFFFAOYSA-N","NC(CO)C(O)=NC(CC1=CNC2=CC=CC=C12)C(O)=O","14409363","FALSE",NA,NA,"No Match"
"1141","BMDB62260","Threoninyl-Aspartate","IOWJRKAVLALBQB-UHFFFAOYSA-N","CC(O)C(N)C(O)=NC(CC(O)=O)C(O)=O","3280446","FALSE",NA,NA,"No Match"
"1142","BMDB62261","Threoninyl-Tryptophan","KAFKKRJQHOECGW-UHFFFAOYSA-N","CC(O)C(N)C(O)=NC(CC1=CNC2=CC=CC=C12)C(O)=O","18218247","FALSE",NA,NA,"No Match"
"1143","BMDB62262","Threoninyl-Valine","CKHWEVXPLJBEOZ-UHFFFAOYSA-N","CC(C)C(N=C(O)C(N)C(C)O)C(O)=O","416721","FALSE",NA,NA,"No Match"
"1144","BMDB62263","Tryptophyl-Arginine","LCPVBXOHXMBLFW-UHFFFAOYSA-N","NC(CC1=CNC2=CC=CC=C12)C(O)=NC(CCCNC(N)=N)C(O)=O","21689254","FALSE",NA,NA,"No Match"
"1145","BMDB62264","Tryptophyl-Leucine","LYMVXFSTACVOLP-UHFFFAOYSA-N","CC(C)CC(N=C(O)C(N)CC1=CNC2=CC=CC=C12)C(O)=O","323786","FALSE",NA,NA,"No Match"
"1146","BMDB62265","Tyrosyl-Leucine","AUEJLPRZGVVDNU-UHFFFAOYSA-N","CC(C)CC(N=C(O)C(N)CC1=CC=C(O)C=C1)C(O)=O","4466134","FALSE",NA,NA,"No Match"
"1147","BMDB62266","Tyrosyl-Valine","OYOQKMOWUDVWCR-UHFFFAOYSA-N","CC(C)C(N=C(O)C(N)CC1=CC=C(O)C=C1)C(O)=O","14767562","FALSE",NA,NA,"No Match"
"1148","BMDB62267","Valyl-Arginine","IBIDRSSEHFLGSD-UHFFFAOYSA-N","CC(C)C(N)C(O)=NC(CCCNC(N)=N)C(O)=O","4266827","FALSE","DMD302038","DMD302038","Unique Match (by names only)"
"1149","BMDB62268","Valyl-Leucine","XCTHZFGSVQBHBW-UHFFFAOYSA-N","CC(C)CC(N=C(O)C(N)C(C)C)C(O)=O","352039","FALSE",NA,NA,"No Match"
"1150","BMDB62269","Valyl-Proline","GIAZPLMMQOERPN-UHFFFAOYSA-N","CC(C)C(N)C(=O)N1CCCC1C(O)=O","5003412","FALSE",NA,NA,"No Match"
"1151","BMDB62270","4-Ethylphenol","HXDOZKJGKXYMEW-UHFFFAOYSA-N","CCC1=CC=C(O)C=C1","31242","FALSE",NA,NA,"No Match"
"1152","BMDB62271","Acetylhomoserine","FCXZBWSIAGGPCB-UHFFFAOYSA-N","CC(=O)OCCC(N)C(O)=O","528","FALSE",NA,NA,"No Match"
"1153","BMDB62272","L-4-Hydroxyglutamine","VTJRNXQBJNWLRA-UHFFFAOYSA-N","NC(CC(O)C(O)=N)C(O)=O","22621570","FALSE",NA,NA,"No Match"
"1154","BMDB62273","Cyclohexane","XDTMQSROBMDMFD-UHFFFAOYSA-N","C1CCCCC1","8078","FALSE",NA,NA,"No Match"
"1155","BMDB62274","Ethoxyacetic acid","YZGQDNOIGFBYKF-UHFFFAOYSA-N","CCOCC(O)=O","12301","FALSE",NA,NA,"No Match"
"1156","BMDB62275","3-Nonanone","IYTXKIXETAELAV-UHFFFAOYSA-N","CCCCCCC(=O)CC","61235","FALSE",NA,NA,"No Match"
"1157","BMDB62276","Benzyl methyl sulfide","OFQPKKGMNWASPN-UHFFFAOYSA-N","CSCC1=CC=CC=C1","13016","FALSE",NA,NA,"No Match"
"1158","BMDB62277","Cyclohexylamine","PAFZNILMFXTMIY-UHFFFAOYSA-N","NC1CCCCC1","7965","FALSE","DMD302149","DMD302149","Unique Match (by names and pubchem)"
"1159","BMDB62278","1-Heptanol","BBMCTIGTTCKYKF-UHFFFAOYSA-N","CCCCCCCO","8129","FALSE",NA,NA,"No Match"
"1160","BMDB62279","3-Aminobutanoic acid","OQEBBZSWEGYTPG-UHFFFAOYSA-N","CC(N)CC(O)=O","10932","FALSE","DMD305473","DMD305473","Unique Match (by names only)"
"1161","BMDB62280","N-Acetylhistidine","KBOJOGQFRVVWBH-UHFFFAOYSA-N","CC(O)=NC(CC1=CN=CN1)C(O)=O","273260","FALSE",NA,NA,"No Match"
"1162","BMDB62281","Isopropyl beta-D-glucoside","UOEFDXYUEPHESS-UHFFFAOYSA-N","CC(C)OC1OC(CO)C(O)C(O)C1O","15613266","FALSE",NA,NA,"No Match"
"1163","BMDB62282","Pentyl butanoate","CFNJLPHOBMVMNS-UHFFFAOYSA-N","CCCCCOC(=O)CCC","10890","FALSE",NA,NA,"No Match"
"1164","BMDB62283","Isoquinoline","AWJUIBRHMBBTKR-UHFFFAOYSA-N","C1=CC=C2C=NC=CC2=C1","8405","FALSE",NA,NA,"No Match"
"1165","BMDB62284","Piperidine","NQRYJNQNLNOLGT-UHFFFAOYSA-N","C1CCNCC1","8082","FALSE",NA,NA,"No Match"
"1166","BMDB62285","N-Hydroxy-l-tyrosine","CNIUEVQJABPUIJ-UHFFFAOYSA-N","ONC(CC1=CC=C(O)C=C1)C(O)=O","4478048","FALSE",NA,NA,"No Match"
"1167","BMDB62287","TG(14:0/14:0/16:0)","AMXRERGJDVUTMF-SJARJILFSA-N","[H][C@](COC(=O)CCCCCCCCCCCCC)(COC(=O)CCCCCCCCCCCCCCC)OC(=O)CCCCCCCCCCCCC","97045147","FALSE",NA,NA,"No Match"
"1168","BMDB62288","TG(14:0/14:0/16:1(9Z))","UZLGGKDLJGDGEY-ZJNAVBKXSA-N","[H][C@](COC(=O)CCCCCCCCCCCCC)(COC(=O)CCCCCCC\C=C/CCCCCC)OC(=O)CCCCCCCCCCCCC","131753216","FALSE",NA,NA,"No Match"
"1169","BMDB62289","TG(14:0/14:0/20:4(5Z,8Z,11Z,14Z))","KIZWKFNHVBOAMA-QXVCXXNRSA-N","[H][C@](COC(=O)CCCCCCCCCCCCC)(COC(=O)CCC\C=C/C\C=C/C\C=C/C\C=C/CCCCC)OC(=O)CCCCCCCCCCCCC","131753226","FALSE",NA,NA,"No Match"
"1170","BMDB62290","TG(14:0/14:0/18:4(6Z,9Z,12Z,15Z))","NGZSPVCWAUNMGC-YZZQZZOJSA-N","[H][C@](COC(=O)CCCCCCCCCCCCC)(COC(=O)CCCC\C=C/C\C=C/C\C=C/C\C=C/CC)OC(=O)CCCCCCCCCCCCC","131753231","FALSE",NA,NA,"No Match"
"1171","BMDB62292","TG(14:0/15:0/15:0)","ROBJWPSKKQDYDD-SJARJILFSA-N","[H][C@](COC(=O)CCCCCCCCCCCCC)(COC(=O)CCCCCCCCCCCCCC)OC(=O)CCCCCCCCCCCCCC","131753238","FALSE",NA,NA,"No Match"
"1172","BMDB62293","TG(14:0/15:0/14:1(9Z))","PYWBOTIEOHDIPF-FKFLSBRZSA-N","[H][C@](COC(=O)CCCCCCCCCCCCC)(COC(=O)CCCCCCC\C=C/CCCC)OC(=O)CCCCCCCCCCCCCC","131753244","FALSE",NA,NA,"No Match"
"1173","BMDB62294","TG(14:0/15:0/18:1(9Z))","LPFCBOFEKLNOFO-BQDYWPKPSA-N","[H][C@](COC(=O)CCCCCCCCCCCCC)(COC(=O)CCCCCCC\C=C/CCCCCCCC)OC(=O)CCCCCCCCCCCCCC","131753247","FALSE",NA,NA,"No Match"
"1174","BMDB62295","TG(14:0/15:0/22:1(13Z))","AHYXNVIQMVRTEC-SQWFITPDSA-N","[H][C@](COC(=O)CCCCCCCCCCCCC)(COC(=O)CCCCCCCCCCC\C=C/CCCCCCCC)OC(=O)CCCCCCCCCCCCCC","131753250","FALSE",NA,NA,"No Match"
"1175","BMDB62296","TG(14:0/16:0/14:0)","UXWDTZNNQVHGSG-UHFFFAOYSA-N","[H]C(COC(=O)CCCCCCCCCCCCC)(COC(=O)CCCCCCCCCCCCC)OC(=O)CCCCCCCCCCCCCCC","14169768","FALSE","DMD302455","DMD302455","Unique Match (by names and pubchem)"
"1176","BMDB62297","TG(14:0/16:0/14:1(9Z))","LKQZQPJLOPLSMV-HZMXKNRLSA-N","[H][C@](COC(=O)CCCCCCCCCCCCC)(COC(=O)CCCCCCC\C=C/CCCC)OC(=O)CCCCCCCCCCCCCCC","131753272","FALSE",NA,NA,"No Match"
"1177","BMDB62298","TG(14:0/16:0/18:4(6Z,9Z,12Z,15Z))","OERBUNDZQSEJCT-ZQWASXBHSA-N","[H][C@](COC(=O)CCCCCCCCCCCCC)(COC(=O)CCCC\C=C/C\C=C/C\C=C/C\C=C/CC)OC(=O)CCCCCCCCCCCCCCC","131753289","FALSE",NA,NA,"No Match"
"1178","BMDB62299","TG(14:0/14:1(9Z)/15:0)","KHAUMDGBIRUXME-LNSHZACTSA-N","[H][C@](COC(=O)CCCCCCCCCCCCC)(COC(=O)CCCCCCCCCCCCCC)OC(=O)CCCCCCC\C=C/CCCC","131753414","FALSE",NA,NA,"No Match"
"1179","BMDB62300","TG(14:0/14:1(9Z)/16:0)","JRZPEKVQFIJQHH-CTJRCAHCSA-N","[H][C@](COC(=O)CCCCCCCCCCCCC)(COC(=O)CCCCCCCCCCCCCCC)OC(=O)CCCCCCC\C=C/CCCC","131753415","FALSE",NA,NA,"No Match"
"1180","BMDB62302","TG(14:0/14:1(9Z)/18:3(6Z,9Z,12Z))","QCZQFGBWINSNLX-HXZWHNRWSA-N","[H][C@](COC(=O)CCCCCCCCCCCCC)(COC(=O)CCCC\C=C/C\C=C/C\C=C/CCCCC)OC(=O)CCCCCCC\C=C/CCCC","131753429","FALSE",NA,NA,"No Match"
"1181","BMDB62304","TG(14:0/14:1(9Z)/18:3(9Z,12Z,15Z))","CIZXNEUTBLZDKD-OZYUBDJZSA-N","[H][C@](COC(=O)CCCCCCCCCCCCC)(COC(=O)CCCCCCC\C=C/C\C=C/C\C=C/CC)OC(=O)CCCCCCC\C=C/CCCC","131753436","FALSE",NA,NA,"No Match"
"1182","BMDB62305","TG(14:0/16:1(9Z)/14:0)","JJUUQTPTIFXQFZ-QOCHGBHMSA-N","[H]C(COC(=O)CCCCCCCCCCCCC)(COC(=O)CCCCCCCCCCCCC)OC(=O)CCCCCCC\C=C/CCCCCC","131753443","FALSE",NA,NA,"No Match"
"1183","BMDB62306","TG(14:0/16:1(9Z)/18:3(6Z,9Z,12Z))","MBKZQWBNVBZDCB-ISUKPBISSA-N","[H][C@](COC(=O)CCCCCCCCCCCCC)(COC(=O)CCCC\C=C/C\C=C/C\C=C/CCCCC)OC(=O)CCCCCCC\C=C/CCCCCC","131753459","FALSE",NA,NA,"No Match"
"1184","BMDB62307","TG(14:0/16:1(9Z)/18:3(9Z,12Z,15Z))","YADAGWFRJZDFQR-NGYNEUHUSA-N","[H][C@](COC(=O)CCCCCCCCCCCCC)(COC(=O)CCCCCCC\C=C/C\C=C/C\C=C/CC)OC(=O)CCCCCCC\C=C/CCCCCC","131753466","FALSE",NA,NA,"No Match"
"1185","BMDB62309","TG(14:0/18:1(9Z)/15:0)","QWQOHDRXOBOYKI-BQDYWPKPSA-N","[H][C@](COC(=O)CCCCCCCCCCCCC)(COC(=O)CCCCCCCCCCCCCC)OC(=O)CCCCCCC\C=C/CCCCCCCC","131753503","FALSE",NA,NA,"No Match"
"1186","BMDB62311","TG(14:0/22:1(13Z)/15:0)","LHQXGAXTQZVWAA-SQWFITPDSA-N","[H][C@](COC(=O)CCCCCCCCCCCCC)(COC(=O)CCCCCCCCCCCCCC)OC(=O)CCCCCCCCCCC\C=C/CCCCCCCC","131753589","FALSE",NA,NA,"No Match"
"1187","BMDB62312","TG(14:0/18:3(6Z,9Z,12Z)/14:1(9Z))","ZXIYVSKARHZKFI-JMXIBXGVSA-N","[H][C@](COC(=O)CCCCCCCCCCCCC)(COC(=O)CCCCCCC\C=C/CCCC)OC(=O)CCCC\C=C/C\C=C/C\C=C/CCCCC","131753685","FALSE",NA,NA,"No Match"
"1188","BMDB62313","TG(14:0/18:3(6Z,9Z,12Z)/16:1(9Z))","XAVJKUHRLWVFLG-ZPDOMMFMSA-N","[H][C@](COC(=O)CCCCCCCCCCCCC)(COC(=O)CCCCCCC\C=C/CCCCCC)OC(=O)CCCC\C=C/C\C=C/C\C=C/CCCCC","131753686","FALSE",NA,NA,"No Match"
"1189","BMDB62315","TG(14:0/20:4(5Z,8Z,11Z,14Z)/14:0)","WDRRUHMNCUBQST-VUAUWLMFSA-N","[H]C(COC(=O)CCCCCCCCCCCCC)(COC(=O)CCCCCCCCCCCCC)OC(=O)CCC\C=C/C\C=C/C\C=C/C\C=C/CCCCC","131753768","FALSE",NA,NA,"No Match"
"1190","BMDB62316","TG(14:0/18:3(9Z,12Z,15Z)/14:1(9Z))","NWBHQWSBDNIZGS-PJWQHDJPSA-N","[H][C@](COC(=O)CCCCCCCCCCCCC)(COC(=O)CCCCCCC\C=C/CCCC)OC(=O)CCCCCCC\C=C/C\C=C/C\C=C/CC","131753895","FALSE",NA,NA,"No Match"
"1191","BMDB62317","TG(14:0/18:3(9Z,12Z,15Z)/16:1(9Z))","FAOJWEAKPNBWHR-NGYNEUHUSA-N","[H][C@](COC(=O)CCCCCCCCCCCCC)(COC(=O)CCCCCCC\C=C/CCCCCC)OC(=O)CCCCCCC\C=C/C\C=C/C\C=C/CC","131753896","FALSE",NA,NA,"No Match"
"1192","BMDB62318","TG(14:0/18:4(6Z,9Z,12Z,15Z)/14:0)","WMFKLVFQRXZMAB-PFBCYAMXSA-N","[H]C(COC(=O)CCCCCCCCCCCCC)(COC(=O)CCCCCCCCCCCCC)OC(=O)CCCC\C=C/C\C=C/C\C=C/C\C=C/CC","131753918","FALSE",NA,NA,"No Match"
"1193","BMDB62319","TG(14:0/18:4(6Z,9Z,12Z,15Z)/16:0)","OATMICFDINFCGJ-VTBOKXQCSA-N","[H][C@](COC(=O)CCCCCCCCCCCCC)(COC(=O)CCCCCCCCCCCCCCC)OC(=O)CCCC\C=C/C\C=C/C\C=C/C\C=C/CC","131753920","FALSE",NA,NA,"No Match"
"1194","BMDB62321","TG(15:0/14:0/15:0)","MLEFRDDBNGCWLN-UHFFFAOYSA-N","[H]C(COC(=O)CCCCCCCCCCCCCC)(COC(=O)CCCCCCCCCCCCCC)OC(=O)CCCCCCCCCCCCC","131754096","FALSE",NA,NA,"No Match"
"1195","BMDB62322","TG(15:0/14:0/14:1(9Z))","ICZGKLJORYWADN-FKFLSBRZSA-N","[H][C@](COC(=O)CCCCCCCCCCCCCC)(COC(=O)CCCCCCC\C=C/CCCC)OC(=O)CCCCCCCCCCCCC","131754102","FALSE",NA,NA,"No Match"
"1196","BMDB62324","TG(15:0/14:0/18:1(9Z))","QJSQJKZBMJFBNS-BQDYWPKPSA-N","[H][C@](COC(=O)CCCCCCCCCCCCCC)(COC(=O)CCCCCCC\C=C/CCCCCCCC)OC(=O)CCCCCCCCCCCCC","131754105","FALSE",NA,NA,"No Match"
"1197","BMDB62325","TG(15:0/14:0/22:1(13Z))","HWVIZZONLQJAIA-SQWFITPDSA-N","[H][C@](COC(=O)CCCCCCCCCCCCCC)(COC(=O)CCCCCCCCCCC\C=C/CCCCCCCC)OC(=O)CCCCCCCCCCCCC","131754108","FALSE",NA,NA,"No Match"
"1198","BMDB62326","TG(15:0/15:0/14:1(9Z))","JLZYFORTRUGDQW-YVCFFHMXSA-N","[H][C@](COC(=O)CCCCCCCCCCCCCC)(COC(=O)CCCCCCC\C=C/CCCC)OC(=O)CCCCCCCCCCCCCC","56936636","FALSE",NA,NA,"No Match"
"1199","BMDB62327","TG(15:0/15:0/18:4(6Z,9Z,12Z,15Z))","QSFMAXBBEXQJKS-QPNZBUHMSA-N","[H][C@](COC(=O)CCCCCCCCCCCCCC)(COC(=O)CCCC\C=C/C\C=C/C\C=C/C\C=C/CC)OC(=O)CCCCCCCCCCCCCC","131754146","FALSE",NA,NA,"No Match"
"1200","BMDB62328","TG(15:0/16:0/16:1(9Z))","RCYIETYFTUBXFK-KWLHUJJFSA-N","[H][C@](COC(=O)CCCCCCCCCCCCCC)(COC(=O)CCCCCCC\C=C/CCCCCC)OC(=O)CCCCCCCCCCCCCCC","131754159","FALSE",NA,NA,"No Match"
"1201","BMDB62329","TG(15:0/16:0/20:1(11Z))","SUYGGHGLHBZSPT-HGUUATKKSA-N","[H][C@](COC(=O)CCCCCCCCCCCCCC)(COC(=O)CCCCCCCCC\C=C/CCCCCCCC)OC(=O)CCCCCCCCCCCCCCC","131754162","FALSE",NA,NA,"No Match"
"1202","BMDB62330","TG(15:0/18:0/14:1(9Z))","CFCHREDNKRFVCW-PDJUYAFRSA-N","[H][C@](COC(=O)CCCCCCCCCCCCCC)(COC(=O)CCCCCCC\C=C/CCCC)OC(=O)CCCCCCCCCCCCCCCCC","131754184","FALSE",NA,NA,"No Match"
"1203","BMDB62332","TG(15:0/18:0/18:1(9Z))","NTCKBJDZYIUTCZ-CBOCDEIPSA-N","[H][C@](COC(=O)CCCCCCCCCCCCCC)(COC(=O)CCCCCCC\C=C/CCCCCCCC)OC(=O)CCCCCCCCCCCCCCCCC","131754187","FALSE",NA,NA,"No Match"
"1204","BMDB62334","TG(15:0/20:0/16:1(9Z))","NCSPONLYMUMKKP-KMIVGPLPSA-N","[H][C@](COC(=O)CCCCCCCCCCCCCC)(COC(=O)CCCCCCC\C=C/CCCCCC)OC(=O)CCCCCCCCCCCCCCCCCCC","131754211","FALSE",NA,NA,"No Match"
"1205","BMDB62339","TG(15:0/20:0/22:4(7Z,10Z,13Z,16Z))","HDDXOXZZGUTMGH-KUINUKFBSA-N","[H][C@](COC(=O)CCCCCCCCCCCCCC)(COC(=O)CCCCC\C=C/C\C=C/C\C=C/C\C=C/CCCCC)OC(=O)CCCCCCCCCCCCCCCCCCC","131754224","FALSE",NA,NA,"No Match"
"1206","BMDB62340","TG(15:0/22:0/14:1(9Z))","ZZCNJAJGZOISDU-WAEMFQRBSA-N","[H][C@](COC(=O)CCCCCCCCCCCCCC)(COC(=O)CCCCCCC\C=C/CCCC)OC(=O)CCCCCCCCCCCCCCCCCCCCC","131754239","FALSE",NA,NA,"No Match"
"1207","BMDB62342","TG(15:0/22:0/18:2(9Z,12Z))","SNCWETBQRMVHOV-KYEYXGJPSA-N","[H][C@](COC(=O)CCCCCCCCCCCCCC)(COC(=O)CCCCCCC\C=C/C\C=C/CCCCC)OC(=O)CCCCCCCCCCCCCCCCCCCCC","131754247","FALSE",NA,NA,"No Match"
"1208","BMDB62343","TG(15:0/22:0/18:3(6Z,9Z,12Z))","IDANUBRXZAZNTQ-UNDCHBHASA-N","[H][C@](COC(=O)CCCCCCCCCCCCCC)(COC(=O)CCCC\C=C/C\C=C/C\C=C/CCCCC)OC(=O)CCCCCCCCCCCCCCCCCCCCC","131754248","FALSE",NA,NA,"No Match"
"1209","BMDB62346","TG(15:0/22:0/20:4(5Z,8Z,11Z,14Z))","DXYNFUILRMSQEB-OUDMIXJTSA-N","[H][C@](COC(=O)CCCCCCCCCCCCCC)(COC(=O)CCC\C=C/C\C=C/C\C=C/C\C=C/CCCCC)OC(=O)CCCCCCCCCCCCCCCCCCCCC","131754251","FALSE",NA,NA,"No Match"
"1210","BMDB62347","TG(15:0/22:0/22:4(7Z,10Z,13Z,16Z))","NREQOBXZRZZFOK-ZZJCQLRLSA-N","[H][C@](COC(=O)CCCCCCCCCCCCCC)(COC(=O)CCCCC\C=C/C\C=C/C\C=C/C\C=C/CCCCC)OC(=O)CCCCCCCCCCCCCCCCCCCCC","131754253","FALSE",NA,NA,"No Match"
"1211","BMDB62348","TG(15:0/22:0/18:3(9Z,12Z,15Z))","GNXLOCJIEADZDN-UJKDMMPKSA-N","[H][C@](COC(=O)CCCCCCCCCCCCCC)(COC(=O)CCCCCCC\C=C/C\C=C/C\C=C/CC)OC(=O)CCCCCCCCCCCCCCCCCCCCC","131754255","FALSE",NA,NA,"No Match"
"1212","BMDB62351","TG(15:0/24:0/18:2(9Z,12Z))","JFSKVJNMFDFHMR-PPLQAQDSSA-N","[H][C@](COC(=O)CCCCCCCCCCCCCC)(COC(=O)CCCCCCC\C=C/C\C=C/CCCCC)OC(=O)CCCCCCCCCCCCCCCCCCCCCCC","131754276","FALSE",NA,NA,"No Match"
"1213","BMDB62352","TG(15:0/24:0/18:3(6Z,9Z,12Z))","FOPOUQXJSFCKNT-FEFACAKXSA-N","[H][C@](COC(=O)CCCCCCCCCCCCCC)(COC(=O)CCCC\C=C/C\C=C/C\C=C/CCCCC)OC(=O)CCCCCCCCCCCCCCCCCCCCCCC","131754277","FALSE",NA,NA,"No Match"
"1214","BMDB62354","TG(15:0/24:0/20:4(5Z,8Z,11Z,14Z))","ZXJDZGDJRTWYTF-JOUCEHFPSA-N","[H][C@](COC(=O)CCCCCCCCCCCCCC)(COC(=O)CCC\C=C/C\C=C/C\C=C/C\C=C/CCCCC)OC(=O)CCCCCCCCCCCCCCCCCCCCCCC","131754280","FALSE",NA,NA,"No Match"
"1215","BMDB62356","TG(15:0/24:0/18:3(9Z,12Z,15Z))","QHZQZFODHJGTEQ-YKMHXOHJSA-N","[H][C@](COC(=O)CCCCCCCCCCCCCC)(COC(=O)CCCCCCC\C=C/C\C=C/C\C=C/CC)OC(=O)CCCCCCCCCCCCCCCCCCCCCCC","131754284","FALSE",NA,NA,"No Match"
"1216","BMDB62357","TG(15:0/24:0/18:4(6Z,9Z,12Z,15Z))","IRHTVXNQOMZIJV-UAQSPOJJSA-N","[H][C@](COC(=O)CCCCCCCCCCCCCC)(COC(=O)CCCC\C=C/C\C=C/C\C=C/C\C=C/CC)OC(=O)CCCCCCCCCCCCCCCCCCCCCCC","131754285","FALSE",NA,NA,"No Match"
"1217","BMDB62359","TG(15:0/14:1(9Z)/15:0)","GSUGYNLLHVBBBD-SDXDJHTJSA-N","[H]C(COC(=O)CCCCCCCCCCCCCC)(COC(=O)CCCCCCCCCCCCCC)OC(=O)CCCCCCC\C=C/CCCC","131754291","FALSE",NA,NA,"No Match"
"1218","BMDB62360","TG(15:0/14:1(9Z)/18:0)","LFJDGJMMGMSVRP-GLKDPILHSA-N","[H][C@](COC(=O)CCCCCCCCCCCCCC)(COC(=O)CCCCCCCCCCCCCCCCC)OC(=O)CCCCCCC\C=C/CCCC","131754293","FALSE",NA,NA,"No Match"
"1219","BMDB62361","TG(15:0/14:1(9Z)/22:0)","RULYVNHKSZOHLQ-IALZTZDJSA-N","[H][C@](COC(=O)CCCCCCCCCCCCCC)(COC(=O)CCCCCCCCCCCCCCCCCCCCC)OC(=O)CCCCCCC\C=C/CCCC","131754295","FALSE",NA,NA,"No Match"
"1220","BMDB62362","TG(15:0/14:1(9Z)/o-18:0)","JRNGCNUTRCCORS-WGIOATGOSA-N","[H][C@@](COCCCCCCCCCCCCCCCCCC)(COC(=O)CCCCCCCCCCCCCC)OC(=O)CCCCCCC\C=C/CCCC","131754318","FALSE",NA,NA,"No Match"
"1221","BMDB62363","TG(15:0/16:1(9Z)/16:0)","IFKIXRIDBLJVHR-ILNKAXEKSA-N","[H][C@](COC(=O)CCCCCCCCCCCCCC)(COC(=O)CCCCCCCCCCCCCCC)OC(=O)CCCCCCC\C=C/CCCCCC","131754320","FALSE",NA,NA,"No Match"
"1222","BMDB62364","TG(15:0/16:1(9Z)/20:0)","VCVDKBBECJTNHK-KMIVGPLPSA-N","[H][C@](COC(=O)CCCCCCCCCCCCCC)(COC(=O)CCCCCCCCCCCCCCCCCCC)OC(=O)CCCCCCC\C=C/CCCCCC","131754322","FALSE",NA,NA,"No Match"
"1223","BMDB62365","TG(15:0/16:1(9Z)/24:1(15Z))","KZBGDZPDUHOLLM-BYOZWASUSA-N","[H][C@](COC(=O)CCCCCCCCCCCCCC)(COC(=O)CCCCCCCCCCCCC\C=C/CCCCCCCC)OC(=O)CCCCCCC\C=C/CCCCCC","131754332","FALSE",NA,NA,"No Match"
"1224","BMDB62371","TG(15:0/18:1(9Z)/18:0)","XZOUIUJOUOGCSM-OLSVMMKASA-N","[H][C@](COC(=O)CCCCCCCCCCCCCC)(COC(=O)CCCCCCCCCCCCCCCCC)OC(=O)CCCCCCC\C=C/CCCCCCCC","131754378","FALSE",NA,NA,"No Match"
"1225","BMDB62372","TG(15:0/18:1(9Z)/22:1(13Z))","OIKZZWRYPFNHCD-JPVYIBRBSA-N","[H][C@](COC(=O)CCCCCCCCCCCCCC)(COC(=O)CCCCCCCCCCC\C=C/CCCCCCCC)OC(=O)CCCCCCC\C=C/CCCCCCCC","131754386","FALSE",NA,NA,"No Match"
"1226","BMDB62373","TG(15:0/18:1(9Z)/24:1(15Z))","ITAYORXBJXQRPB-BVWQVLTHSA-N","[H][C@](COC(=O)CCCCCCCCCCCCCC)(COC(=O)CCCCCCCCCCCCC\C=C/CCCCCCCC)OC(=O)CCCCCCC\C=C/CCCCCCCC","131754387","FALSE",NA,NA,"No Match"
"1227","BMDB62375","TG(15:0/18:1(9Z)/o-18:0)","TZCQBTHNJDZQCH-FEKLXSIDSA-N","[H][C@@](COCCCCCCCCCCCCCCCCCC)(COC(=O)CCCCCCCCCCCCCC)OC(=O)CCCCCCC\C=C/CCCCCCCC","131754400","FALSE",NA,NA,"No Match"
"1228","BMDB62376","TG(15:0/20:1(11Z)/16:0)","SWXNEJDKPPZNDD-HGUUATKKSA-N","[H][C@](COC(=O)CCCCCCCCCCCCCC)(COC(=O)CCCCCCCCCCCCCCC)OC(=O)CCCCCCCCC\C=C/CCCCCCCC","131754402","FALSE",NA,NA,"No Match"
"1229","BMDB62377","TG(15:0/20:1(11Z)/20:1(11Z))","WGECLQCBWONQQW-IMDNHMHNSA-N","[H][C@](COC(=O)CCCCCCCCCCCCCC)(COC(=O)CCCCCCCCC\C=C/CCCCCCCC)OC(=O)CCCCCCCCC\C=C/CCCCCCCC","131754411","FALSE",NA,NA,"No Match"
"1230","BMDB62378","TG(15:0/20:1(11Z)/22:1(13Z))","SQMJIJZRDJBURR-RQOLIHFSSA-N","[H][C@](COC(=O)CCCCCCCCCCCCCC)(COC(=O)CCCCCCCCCCC\C=C/CCCCCCCC)OC(=O)CCCCCCCCC\C=C/CCCCCCCC","131754413","FALSE",NA,NA,"No Match"
"1231","BMDB62387","TG(15:0/22:1(13Z)/18:1(9Z))","AZDRPNZSLUOCOF-JPVYIBRBSA-N","[H][C@](COC(=O)CCCCCCCCCCCCCC)(COC(=O)CCCCCCC\C=C/CCCCCCCC)OC(=O)CCCCCCCCCCC\C=C/CCCCCCCC","131754468","FALSE",NA,NA,"No Match"
"1232","BMDB62388","TG(15:0/22:1(13Z)/20:1(11Z))","JRDJTRWIPLQBPW-RQOLIHFSSA-N","[H][C@](COC(=O)CCCCCCCCCCCCCC)(COC(=O)CCCCCCCCC\C=C/CCCCCCCC)OC(=O)CCCCCCCCCCC\C=C/CCCCCCCC","131754469","FALSE",NA,NA,"No Match"
"1233","BMDB62390","TG(15:0/22:1(13Z)/24:1(15Z))","KCEKYYMOTIUAOR-IRVPXVQWSA-N","[H][C@](COC(=O)CCCCCCCCCCCCCC)(COC(=O)CCCCCCCCCCCCC\C=C/CCCCCCCC)OC(=O)CCCCCCCCCCC\C=C/CCCCCCCC","131754472","FALSE",NA,NA,"No Match"
"1234","BMDB62391","TG(15:0/22:1(13Z)/18:2(9Z,12Z))","BVUKOOZQIGAWRK-HRIHOIJHSA-N","[H][C@](COC(=O)CCCCCCCCCCCCCC)(COC(=O)CCCCCCC\C=C/C\C=C/CCCCC)OC(=O)CCCCCCCCCCC\C=C/CCCCCCCC","131754473","FALSE",NA,NA,"No Match"
"1235","BMDB62395","TG(15:0/24:1(15Z)/16:1(9Z))","VECBQPDNQCMGKZ-BYOZWASUSA-N","[H][C@](COC(=O)CCCCCCCCCCCCCC)(COC(=O)CCCCCCC\C=C/CCCCCC)OC(=O)CCCCCCCCCCCCC\C=C/CCCCCCCC","131754495","FALSE",NA,NA,"No Match"
"1236","BMDB62397","TG(15:0/24:1(15Z)/18:1(9Z))","HUPZHZLPCVHVKU-BVWQVLTHSA-N","[H][C@](COC(=O)CCCCCCCCCCCCCC)(COC(=O)CCCCCCC\C=C/CCCCCCCC)OC(=O)CCCCCCCCCCCCC\C=C/CCCCCCCC","131754497","FALSE",NA,NA,"No Match"
"1237","BMDB62399","TG(15:0/24:1(15Z)/22:1(13Z))","XEMYZECDKVPSLH-IRVPXVQWSA-N","[H][C@](COC(=O)CCCCCCCCCCCCCC)(COC(=O)CCCCCCCCCCC\C=C/CCCCCCCC)OC(=O)CCCCCCCCCCCCC\C=C/CCCCCCCC","131754500","FALSE",NA,NA,"No Match"
"1238","BMDB62400","TG(15:0/24:1(15Z)/18:2(9Z,12Z))","AFBPXDLUPKBQFZ-IBUFINAASA-N","[H][C@](COC(=O)CCCCCCCCCCCCCC)(COC(=O)CCCCCCC\C=C/C\C=C/CCCCC)OC(=O)CCCCCCCCCCCCC\C=C/CCCCCCCC","131754502","FALSE",NA,NA,"No Match"
"1239","BMDB62401","TG(15:0/24:1(15Z)/18:3(6Z,9Z,12Z))","UCHBEMFCQZHFSL-XKROISJUSA-N","[H][C@](COC(=O)CCCCCCCCCCCCCC)(COC(=O)CCCC\C=C/C\C=C/C\C=C/CCCCC)OC(=O)CCCCCCCCCCCCC\C=C/CCCCCCCC","131754503","FALSE",NA,NA,"No Match"
"1240","BMDB62405","TG(15:0/24:1(15Z)/18:3(9Z,12Z,15Z))","FMVSECQYWDCHHF-JGDRQJGZSA-N","[H][C@](COC(=O)CCCCCCCCCCCCCC)(COC(=O)CCCCCCC\C=C/C\C=C/C\C=C/CC)OC(=O)CCCCCCCCCCCCC\C=C/CCCCCCCC","131754510","FALSE",NA,NA,"No Match"
"1241","BMDB62406","TG(15:0/18:2(9Z,12Z)/22:0)","AMDVCDGQSHKXKJ-KYEYXGJPSA-N","[H][C@](COC(=O)CCCCCCCCCCCCCC)(COC(=O)CCCCCCCCCCCCCCCCCCCCC)OC(=O)CCCCCCC\C=C/C\C=C/CCCCC","131754520","FALSE",NA,NA,"No Match"
"1242","BMDB62407","TG(15:0/18:2(9Z,12Z)/24:0)","ZEBWOWFWNJDSCC-PPLQAQDSSA-N","[H][C@](COC(=O)CCCCCCCCCCCCCC)(COC(=O)CCCCCCCCCCCCCCCCCCCCCCC)OC(=O)CCCCCCC\C=C/C\C=C/CCCCC","131754521","FALSE",NA,NA,"No Match"
"1243","BMDB62408","TG(15:0/18:2(9Z,12Z)/22:1(13Z))","WUDWGAJJZFZCER-HRIHOIJHSA-N","[H][C@](COC(=O)CCCCCCCCCCCCCC)(COC(=O)CCCCCCCCCCC\C=C/CCCCCCCC)OC(=O)CCCCCCC\C=C/C\C=C/CCCCC","131754528","FALSE",NA,NA,"No Match"
"1244","BMDB62409","TG(15:0/18:2(9Z,12Z)/24:1(15Z))","NVFWCMLYJFBSCK-IBUFINAASA-N","[H][C@](COC(=O)CCCCCCCCCCCCCC)(COC(=O)CCCCCCCCCCCCC\C=C/CCCCCCCC)OC(=O)CCCCCCC\C=C/C\C=C/CCCCC","131754529","FALSE",NA,NA,"No Match"
"1245","BMDB62410","TG(15:0/18:3(6Z,9Z,12Z)/22:0)","UYEQRCSOCOOKBP-SNGDCZRFSA-N","[H][C@](COC(=O)CCCCCCCCCCCCCC)(COC(=O)CCCCCCCCCCCCCCCCCCCCC)OC(=O)CCCC\C=C/C\C=C/C\C=C/CCCCC","131754548","FALSE",NA,NA,"No Match"
"1246","BMDB62411","TG(15:0/18:3(6Z,9Z,12Z)/24:0)","JAVPHHAAEYIKMM-KNGAKILKSA-N","[H][C@](COC(=O)CCCCCCCCCCCCCC)(COC(=O)CCCCCCCCCCCCCCCCCCCCCCC)OC(=O)CCCC\C=C/C\C=C/C\C=C/CCCCC","131754549","FALSE",NA,NA,"No Match"
"1247","BMDB62412","TG(15:0/18:3(6Z,9Z,12Z)/24:1(15Z))","GKMORUSRTMSQMC-GUYHVJHPSA-N","[H][C@](COC(=O)CCCCCCCCCCCCCC)(COC(=O)CCCCCCCCCCCCC\C=C/CCCCCCCC)OC(=O)CCCC\C=C/C\C=C/C\C=C/CCCCC","131754557","FALSE",NA,NA,"No Match"
"1248","BMDB62424","TG(15:0/20:4(5Z,8Z,11Z,14Z)/22:0)","JUGMYMSENHZDFP-XHFKUHIXSA-N","[H][C@](COC(=O)CCCCCCCCCCCCCC)(COC(=O)CCCCCCCCCCCCCCCCCCCCC)OC(=O)CCC\C=C/C\C=C/C\C=C/C\C=C/CCCCC","131754635","FALSE",NA,NA,"No Match"
"1249","BMDB62425","TG(15:0/20:4(5Z,8Z,11Z,14Z)/24:0)","SXYVNHYLNOIFCY-OZPQAXABSA-N","[H][C@](COC(=O)CCCCCCCCCCCCCC)(COC(=O)CCCCCCCCCCCCCCCCCCCCCCC)OC(=O)CCC\C=C/C\C=C/C\C=C/C\C=C/CCCCC","131754636","FALSE",NA,NA,"No Match"
"1250","BMDB62437","TG(15:0/22:4(7Z,10Z,13Z,16Z)/20:0)","PVAYKYVAJQFPGE-KDUWMNDDSA-N","[H][C@](COC(=O)CCCCCCCCCCCCCC)(COC(=O)CCCCCCCCCCCCCCCCCCC)OC(=O)CCCCC\C=C/C\C=C/C\C=C/C\C=C/CCCCC","131754692","FALSE",NA,NA,"No Match"
"1251","BMDB62438","TG(15:0/22:4(7Z,10Z,13Z,16Z)/22:0)","SEPVTUBBDRBGTC-SJLNYWKTSA-N","[H][C@](COC(=O)CCCCCCCCCCCCCC)(COC(=O)CCCCCCCCCCCCCCCCCCCCC)OC(=O)CCCCC\C=C/C\C=C/C\C=C/C\C=C/CCCCC","131754693","FALSE",NA,NA,"No Match"
"1252","BMDB62439","TG(15:0/18:3(9Z,12Z,15Z)/22:0)","RFTLYHXOQWFSCO-UJKDMMPKSA-N","[H][C@](COC(=O)CCCCCCCCCCCCCC)(COC(=O)CCCCCCCCCCCCCCCCCCCCC)OC(=O)CCCCCCC\C=C/C\C=C/C\C=C/CC","131754751","FALSE",NA,NA,"No Match"
"1253","BMDB62440","TG(15:0/18:3(9Z,12Z,15Z)/24:0)","GGDXZWHTUURKMJ-YKMHXOHJSA-N","[H][C@](COC(=O)CCCCCCCCCCCCCC)(COC(=O)CCCCCCCCCCCCCCCCCCCCCCC)OC(=O)CCCCCCC\C=C/C\C=C/C\C=C/CC","131754752","FALSE",NA,NA,"No Match"
"1254","BMDB62441","TG(15:0/18:3(9Z,12Z,15Z)/24:1(15Z))","UJJXVIKWENGMNU-JGDRQJGZSA-N","[H][C@](COC(=O)CCCCCCCCCCCCCC)(COC(=O)CCCCCCCCCCCCC\C=C/CCCCCCCC)OC(=O)CCCCCCC\C=C/C\C=C/C\C=C/CC","131754760","FALSE",NA,NA,"No Match"
"1255","BMDB62442","TG(15:0/18:4(6Z,9Z,12Z,15Z)/15:0)","DLCDFMLHLIWWGK-VNIKSONVSA-N","[H]C(COC(=O)CCCCCCCCCCCCCC)(COC(=O)CCCCCCCCCCCCCC)OC(=O)CCCC\C=C/C\C=C/C\C=C/C\C=C/CC","131754776","FALSE",NA,NA,"No Match"
"1256","BMDB62443","TG(15:0/18:4(6Z,9Z,12Z,15Z)/24:0)","GPQRMWGHHPNZPB-RSWNSSALSA-N","[H][C@](COC(=O)CCCCCCCCCCCCCC)(COC(=O)CCCCCCCCCCCCCCCCCCCCCCC)OC(=O)CCCC\C=C/C\C=C/C\C=C/C\C=C/CC","131754781","FALSE",NA,NA,"No Match"
"1257","BMDB62446","TG(15:0/o-18:0/14:1(9Z))","OLSSXNRRHDUTHQ-WGIOATGOSA-N","[H][C@](COC(=O)CCCCCCCCCCCCCC)(COC(=O)CCCCCCC\C=C/CCCC)OCCCCCCCCCCCCCCCCCC","131754925","FALSE",NA,NA,"No Match"
"1258","BMDB62448","TG(15:0/o-18:0/18:1(9Z))","REVTZIGEZSBYTI-INSBXERHSA-N","[H][C@](COC(=O)CCCCCCCCCCCCCC)(COC(=O)CCCCCCC\C=C/CCCCCCCC)OCCCCCCCCCCCCCCCCCC","131754928","FALSE",NA,NA,"No Match"
"1259","BMDB62450","TG(16:0/14:0/14:1(9Z))","ZLMFSPKUPXCIHA-HZMXKNRLSA-N","[H][C@](COC(=O)CCCCCCCCCCCCCCC)(COC(=O)CCCCCCC\C=C/CCCC)OC(=O)CCCCCCCCCCCCC","131754950","FALSE",NA,NA,"No Match"
"1260","BMDB62451","TG(16:0/14:0/18:4(6Z,9Z,12Z,15Z))","NQHJUMRUDPWTGZ-SUWUYPOLSA-N","[H][C@](COC(=O)CCCCCCCCCCCCCCC)(COC(=O)CCCC\C=C/C\C=C/C\C=C/C\C=C/CC)OC(=O)CCCCCCCCCCCCC","131754964","FALSE",NA,NA,"No Match"
"1261","BMDB62452","TG(16:0/15:0/20:1(11Z))","OLBAIUGFGBJONF-HGUUATKKSA-N","[H][C@](COC(=O)CCCCCCCCCCCCCCC)(COC(=O)CCCCCCCCC\C=C/CCCCCCCC)OC(=O)CCCCCCCCCCCCCC","131754978","FALSE",NA,NA,"No Match"
"1262","BMDB62453","TG(16:0/14:1(9Z)/18:3(6Z,9Z,12Z))","NWLCPZZGVVUSFY-RRHUTUDWSA-N","[H][C@](COC(=O)CCCCCCCCCCCCCCC)(COC(=O)CCCC\C=C/C\C=C/C\C=C/CCCCC)OC(=O)CCCCCCC\C=C/CCCC","131755126","FALSE",NA,NA,"No Match"
"1263","BMDB62454","TG(16:0/14:1(9Z)/18:3(9Z,12Z,15Z))","LWHJRSZLXRMOAP-YBPFWAPBSA-N","[H][C@](COC(=O)CCCCCCCCCCCCCCC)(COC(=O)CCCCCCC\C=C/C\C=C/C\C=C/CC)OC(=O)CCCCCCC\C=C/CCCC","131755133","FALSE",NA,NA,"No Match"
"1264","BMDB62455","TG(16:0/18:3(6Z,9Z,12Z)/14:1(9Z))","HVYMAVYOYHRAHR-VIJIUOEUSA-N","[H][C@](COC(=O)CCCCCCCCCCCCCCC)(COC(=O)CCCCCCC\C=C/CCCC)OC(=O)CCCC\C=C/C\C=C/C\C=C/CCCCC","131755341","FALSE",NA,NA,"No Match"
"1265","BMDB62456","TG(16:0/18:3(9Z,12Z,15Z)/14:1(9Z))","OQRLQTYUHSMYBO-XJIKFJTISA-N","[H][C@](COC(=O)CCCCCCCCCCCCCCC)(COC(=O)CCCCCCC\C=C/CCCC)OC(=O)CCCCCCC\C=C/C\C=C/C\C=C/CC","131755534","FALSE",NA,NA,"No Match"
"1266","BMDB62457","TG(18:0/15:0/14:1(9Z))","POEMAXWBRPFZKX-PDJUYAFRSA-N","[H][C@](COC(=O)CCCCCCCCCCCCCCCCC)(COC(=O)CCCCCCC\C=C/CCCC)OC(=O)CCCCCCCCCCCCCC","56938367","FALSE",NA,NA,"No Match"
"1267","BMDB62459","TG(18:0/15:0/18:1(9Z))","APVPOBGVVXVJSH-IWRJKWNLSA-N","[H][C@](COC(=O)CCCCCCCCCCCCCCCCC)(COC(=O)CCCCCCC\C=C/CCCCCCCC)OC(=O)CCCCCCCCCCCCCC","131755746","FALSE",NA,NA,"No Match"
"1268","BMDB62461","TG(20:0/15:0/16:1(9Z))","HREUUVCMFUGBOQ-FECCDXIYSA-N","[H][C@](COC(=O)CCCCCCCCCCCCCCCCCCC)(COC(=O)CCCCCCC\C=C/CCCCCC)OC(=O)CCCCCCCCCCCCCC","131756507","FALSE",NA,NA,"No Match"
"1269","BMDB62466","TG(20:0/15:0/22:4(7Z,10Z,13Z,16Z))","XJUZJPDCZUPASF-KDUWMNDDSA-N","[H][C@](COC(=O)CCCCCCCCCCCCCCCCCCC)(COC(=O)CCCCC\C=C/C\C=C/C\C=C/C\C=C/CCCCC)OC(=O)CCCCCCCCCCCCCC","131756520","FALSE",NA,NA,"No Match"
"1270","BMDB62467","TG(22:0/15:0/14:1(9Z))","DZWUIBOQQCZJFO-WAEMFQRBSA-N","[H][C@](COC(=O)CCCCCCCCCCCCCCCCCCCCC)(COC(=O)CCCCCCC\C=C/CCCC)OC(=O)CCCCCCCCCCCCCC","56938382","FALSE",NA,NA,"No Match"
"1271","BMDB62469","TG(22:0/15:0/18:2(9Z,12Z))","TZSOCBSSQBBTSS-JODOLNPYSA-N","[H][C@](COC(=O)CCCCCCCCCCCCCCCCCCCCC)(COC(=O)CCCCCCC\C=C/C\C=C/CCCCC)OC(=O)CCCCCCCCCCCCCC","131757238","FALSE",NA,NA,"No Match"
"1272","BMDB62470","TG(22:0/15:0/18:3(6Z,9Z,12Z))","YTPRVRWPVFSOAL-MHPADUKNSA-N","[H][C@](COC(=O)CCCCCCCCCCCCCCCCCCCCC)(COC(=O)CCCC\C=C/C\C=C/C\C=C/CCCCC)OC(=O)CCCCCCCCCCCCCC","131757239","FALSE",NA,NA,"No Match"
"1273","BMDB62473","TG(22:0/15:0/20:4(5Z,8Z,11Z,14Z))","OHIGSKGZRDLMSK-KWILIEPASA-N","[H][C@](COC(=O)CCCCCCCCCCCCCCCCCCCCC)(COC(=O)CCC\C=C/C\C=C/C\C=C/C\C=C/CCCCC)OC(=O)CCCCCCCCCCCCCC","131757242","FALSE",NA,NA,"No Match"
"1274","BMDB62474","TG(22:0/15:0/22:4(7Z,10Z,13Z,16Z))","RBNFTDLTHUHQJO-VQIGVWRVSA-N","[H][C@](COC(=O)CCCCCCCCCCCCCCCCCCCCC)(COC(=O)CCCCC\C=C/C\C=C/C\C=C/C\C=C/CCCCC)OC(=O)CCCCCCCCCCCCCC","131757244","FALSE",NA,NA,"No Match"
"1275","BMDB62475","TG(22:0/15:0/18:3(9Z,12Z,15Z))","YFTFKGRPESIBQI-FNRWURKDSA-N","[H][C@](COC(=O)CCCCCCCCCCCCCCCCCCCCC)(COC(=O)CCCCCCC\C=C/C\C=C/C\C=C/CC)OC(=O)CCCCCCCCCCCCCC","131757246","FALSE",NA,NA,"No Match"
"1276","BMDB62478","TG(24:0/15:0/18:2(9Z,12Z))","LDPBQRWCJACJSJ-ZCGDJMIFSA-N","[H][C@](COC(=O)CCCCCCCCCCCCCCCCCCCCCCC)(COC(=O)CCCCCCC\C=C/C\C=C/CCCCC)OC(=O)CCCCCCCCCCCCCC","131757882","FALSE",NA,NA,"No Match"
"1277","BMDB62479","TG(24:0/15:0/18:3(6Z,9Z,12Z))","AFRHTXSGJZBJEK-FKZFEJELSA-N","[H][C@](COC(=O)CCCCCCCCCCCCCCCCCCCCCCC)(COC(=O)CCCC\C=C/C\C=C/C\C=C/CCCCC)OC(=O)CCCCCCCCCCCCCC","131757883","FALSE",NA,NA,"No Match"
"1278","BMDB62481","TG(24:0/15:0/20:4(5Z,8Z,11Z,14Z))","HVTDRKMNLXBRAC-FWRHJWPXSA-N","[H][C@](COC(=O)CCCCCCCCCCCCCCCCCCCCCCC)(COC(=O)CCC\C=C/C\C=C/C\C=C/C\C=C/CCCCC)OC(=O)CCCCCCCCCCCCCC","131757886","FALSE",NA,NA,"No Match"
"1279","BMDB62483","TG(24:0/15:0/18:3(9Z,12Z,15Z))","ZLHFCDYCFQPFAG-QVXLBHFGSA-N","[H][C@](COC(=O)CCCCCCCCCCCCCCCCCCCCCCC)(COC(=O)CCCCCCC\C=C/C\C=C/C\C=C/CC)OC(=O)CCCCCCCCCCCCCC","131757890","FALSE",NA,NA,"No Match"
"1280","BMDB62484","TG(24:0/15:0/18:4(6Z,9Z,12Z,15Z))","VPFZFWBQBROUGP-IWOSBTQLSA-N","[H][C@](COC(=O)CCCCCCCCCCCCCCCCCCCCCCC)(COC(=O)CCCC\C=C/C\C=C/C\C=C/C\C=C/CC)OC(=O)CCCCCCCCCCCCCC","131757891","FALSE",NA,NA,"No Match"
"1281","BMDB62487","TG(14:1(9Z)/14:0/18:3(6Z,9Z,12Z))","GNLWEEXSDSFXNJ-HFBGPIEWSA-N","[H][C@](COC(=O)CCCCCCC\C=C/CCCC)(COC(=O)CCCC\C=C/C\C=C/C\C=C/CCCCC)OC(=O)CCCCCCCCCCCCC","131758575","FALSE",NA,NA,"No Match"
"1282","BMDB62489","TG(14:1(9Z)/14:0/18:3(9Z,12Z,15Z))","HXZOAMZGAUDRLR-ZUMUJTSCSA-N","[H][C@](COC(=O)CCCCCCC\C=C/CCCC)(COC(=O)CCCCCCC\C=C/C\C=C/C\C=C/CC)OC(=O)CCCCCCCCCCCCC","131758582","FALSE",NA,NA,"No Match"
"1283","BMDB62490","TG(14:1(9Z)/15:0/o-18:0)","JHXKWAARTHRGDX-WGIOATGOSA-N","[H][C@@](COCCCCCCCCCCCCCCCCCC)(COC(=O)CCCCCCC\C=C/CCCC)OC(=O)CCCCCCCCCCCCCC","131758611","FALSE",NA,NA,"No Match"
"1284","BMDB62491","TG(14:1(9Z)/16:0/18:3(6Z,9Z,12Z))","WCTQHGKNXPVJMQ-BJOSFJKTSA-N","[H][C@](COC(=O)CCCCCCC\C=C/CCCC)(COC(=O)CCCC\C=C/C\C=C/C\C=C/CCCCC)OC(=O)CCCCCCCCCCCCCCC","131758621","FALSE",NA,NA,"No Match"
"1285","BMDB62492","TG(14:1(9Z)/16:0/18:3(9Z,12Z,15Z))","XTRYZGWGRJXOOV-YBPFWAPBSA-N","[H][C@](COC(=O)CCCCCCC\C=C/CCCC)(COC(=O)CCCCCCC\C=C/C\C=C/C\C=C/CC)OC(=O)CCCCCCCCCCCCCCC","131758628","FALSE",NA,NA,"No Match"
"1286","BMDB62493","TG(14:1(9Z)/14:1(9Z)/16:1(9Z))","SVKNSUKRPRJLMQ-QSDZTSERSA-N","[H][C@](COC(=O)CCCCCCC\C=C/CCCC)(COC(=O)CCCCCCC\C=C/CCCCCC)OC(=O)CCCCCCC\C=C/CCCC","131758727","FALSE",NA,NA,"No Match"
"1287","BMDB62494","TG(14:1(9Z)/14:1(9Z)/18:2(9Z,12Z))","ZKUXYRGOHVAQTO-GJMMRMLPSA-N","[H][C@](COC(=O)CCCCCCC\C=C/CCCC)(COC(=O)CCCCCCC\C=C/C\C=C/CCCCC)OC(=O)CCCCCCC\C=C/CCCC","131758734","FALSE",NA,NA,"No Match"
"1288","BMDB62496","TG(14:1(9Z)/16:1(9Z)/14:1(9Z))","UUHFVYROTXJXCR-SASKFMPESA-N","[H]C(COC(=O)CCCCCCC\C=C/CCCC)(COC(=O)CCCCCCC\C=C/CCCC)OC(=O)CCCCCCC\C=C/CCCCCC","131758749","FALSE",NA,NA,"No Match"
"1289","BMDB62497","TG(14:1(9Z)/16:1(9Z)/18:2(9Z,12Z))","XPYGWWVHYLRURU-PZMZSIAASA-N","[H][C@](COC(=O)CCCCCCC\C=C/CCCC)(COC(=O)CCCCCCC\C=C/C\C=C/CCCCC)OC(=O)CCCCCCC\C=C/CCCCCC","131758757","FALSE",NA,NA,"No Match"
"1290","BMDB62498","TG(14:1(9Z)/18:2(9Z,12Z)/14:1(9Z))","DIRRXTMFJOBQJL-HMORJWIESA-N","[H]C(COC(=O)CCCCCCC\C=C/CCCC)(COC(=O)CCCCCCC\C=C/CCCC)OC(=O)CCCCCCC\C=C/C\C=C/CCCCC","131758910","FALSE",NA,NA,"No Match"
"1291","BMDB62499","TG(14:1(9Z)/18:2(9Z,12Z)/16:1(9Z))","WJWQEGJNNYAEMU-PZMZSIAASA-N","[H][C@](COC(=O)CCCCCCC\C=C/CCCC)(COC(=O)CCCCCCC\C=C/CCCCCC)OC(=O)CCCCCCC\C=C/C\C=C/CCCCC","131758911","FALSE",NA,NA,"No Match"
"1292","BMDB62501","TG(16:1(9Z)/14:0/18:3(6Z,9Z,12Z))","IEMSJARCABXYAI-DSHDAVCZSA-N","[H][C@](COC(=O)CCCCCCC\C=C/CCCCCC)(COC(=O)CCCC\C=C/C\C=C/C\C=C/CCCCC)OC(=O)CCCCCCCCCCCCC","131759258","FALSE",NA,NA,"No Match"
"1293","BMDB62502","TG(16:1(9Z)/14:0/18:3(9Z,12Z,15Z))","KHMIUYHHLSILFQ-NGYNEUHUSA-N","[H][C@](COC(=O)CCCCCCC\C=C/CCCCCC)(COC(=O)CCCCCCC\C=C/C\C=C/C\C=C/CC)OC(=O)CCCCCCCCCCCCC","131759265","FALSE",NA,NA,"No Match"
"1294","BMDB62503","TG(16:1(9Z)/15:0/24:1(15Z))","BIVVWXVYGHOKIM-BYOZWASUSA-N","[H][C@@](COC(=O)CCCCCCCCCCCCC\C=C/CCCCCCCC)(COC(=O)CCCCCCC\C=C/CCCCCC)OC(=O)CCCCCCCCCCCCCC","131759278","FALSE",NA,NA,"No Match"
"1295","BMDB62504","TG(16:1(9Z)/14:1(9Z)/18:2(9Z,12Z))","ZPZGOYQBHJNTHP-PZMZSIAASA-N","[H][C@](COC(=O)CCCCCCC\C=C/CCCCCC)(COC(=O)CCCCCCC\C=C/C\C=C/CCCCC)OC(=O)CCCCCCC\C=C/CCCC","131759401","FALSE",NA,NA,"No Match"
"1296","BMDB62508","TG(18:1(9Z)/15:0/22:1(13Z))","WDEQRGGWWPURTM-JPVYIBRBSA-N","[H][C@@](COC(=O)CCCCCCCCCCC\C=C/CCCCCCCC)(COC(=O)CCCCCCC\C=C/CCCCCCCC)OC(=O)CCCCCCCCCCCCCC","131760518","FALSE",NA,NA,"No Match"
"1297","BMDB62509","TG(18:1(9Z)/15:0/24:1(15Z))","CQHBNHZPQMAQRQ-BVWQVLTHSA-N","[H][C@@](COC(=O)CCCCCCCCCCCCC\C=C/CCCCCCCC)(COC(=O)CCCCCCC\C=C/CCCCCCCC)OC(=O)CCCCCCCCCCCCCC","131760519","FALSE",NA,NA,"No Match"
"1298","BMDB62511","TG(18:1(9Z)/15:0/o-18:0)","FUYXCWQRELQTDS-FEKLXSIDSA-N","[H][C@@](COCCCCCCCCCCCCCCCCCC)(COC(=O)CCCCCCC\C=C/CCCCCCCC)OC(=O)CCCCCCCCCCCCCC","131760534","FALSE",NA,NA,"No Match"
"1299","BMDB62512","TG(20:1(11Z)/15:0/20:1(11Z))","PWOMLGILNAAXBL-LBXGSASVSA-N","[H]C(COC(=O)CCCCCCCCC\C=C/CCCCCCCC)(COC(=O)CCCCCCCCC\C=C/CCCCCCCC)OC(=O)CCCCCCCCCCCCCC","131761071","FALSE",NA,NA,"No Match"
"1300","BMDB62513","TG(20:1(11Z)/15:0/22:1(13Z))","BHMNYQXXBGBVQM-RQOLIHFSSA-N","[H][C@@](COC(=O)CCCCCCCCCCC\C=C/CCCCCCCC)(COC(=O)CCCCCCCCC\C=C/CCCCCCCC)OC(=O)CCCCCCCCCCCCCC","131761073","FALSE",NA,NA,"No Match"
"1301","BMDB62518","TG(22:1(13Z)/15:0/24:1(15Z))","ZESOFCBMWKPOCB-IRVPXVQWSA-N","[H][C@@](COC(=O)CCCCCCCCCCCCC\C=C/CCCCCCCC)(COC(=O)CCCCCCCCCCC\C=C/CCCCCCCC)OC(=O)CCCCCCCCCCCCCC","131762157","FALSE",NA,NA,"No Match"
"1302","BMDB62519","TG(22:1(13Z)/15:0/18:2(9Z,12Z))","ZMLPYXDICDGROD-BQIKIWBJSA-N","[H][C@](COC(=O)CCCCCCCCCCC\C=C/CCCCCCCC)(COC(=O)CCCCCCC\C=C/C\C=C/CCCCC)OC(=O)CCCCCCCCCCCCCC","131762158","FALSE",NA,NA,"No Match"
"1303","BMDB62523","TG(24:1(15Z)/15:0/18:2(9Z,12Z))","JJKFGVCMRIJWBI-ZMHWGGBRSA-N","[H][C@](COC(=O)CCCCCCCCCCCCC\C=C/CCCCCCCC)(COC(=O)CCCCCCC\C=C/C\C=C/CCCCC)OC(=O)CCCCCCCCCCCCCC","131762626","FALSE",NA,NA,"No Match"
"1304","BMDB62524","TG(24:1(15Z)/15:0/18:3(6Z,9Z,12Z))","ABBJVEBAFLLCTN-UHCIUADBSA-N","[H][C@](COC(=O)CCCCCCCCCCCCC\C=C/CCCCCCCC)(COC(=O)CCCC\C=C/C\C=C/C\C=C/CCCCC)OC(=O)CCCCCCCCCCCCCC","131762627","FALSE",NA,NA,"No Match"
"1305","BMDB62528","TG(24:1(15Z)/15:0/18:3(9Z,12Z,15Z))","IROOPZMKLWWAJR-LBVZHLKQSA-N","[H][C@](COC(=O)CCCCCCCCCCCCC\C=C/CCCCCCCC)(COC(=O)CCCCCCC\C=C/C\C=C/C\C=C/CC)OC(=O)CCCCCCCCCCCCCC","131762634","FALSE",NA,NA,"No Match"
"1306","BMDB62532","Ethyl furoate","NHXSTXWKZVAVOQ-UHFFFAOYSA-N","CCOC(=O)C1=CC=CO1","11980","FALSE",NA,NA,"No Match"
"1307","BMDB62533","beta-Alanyl-L-arginine","DLRGFJGVZXSSTP-LURJTMIESA-N","[H][C@@](CCCNC(N)=N)(N=C(O)CCN)C(O)=O","440637","FALSE",NA,NA,"No Match"
"1308","BMDB62534","Uranium","JFALSRSLKYAFGM-UHFFFAOYSA-N","[U]","23989","TRUE",NA,NA,"No Match"
"1309","BMDB62535","9E-tetradecenoic acid","YWWVWXASSLXJHU-AATRIKPKSA-N","[H]\C(CCCC)=C(\[H])CCCCCCCC(O)=O","5312402","FALSE",NA,NA,"No Match"
"1310","BMDB62536","N-methyl-L-glutamic Acid","XLBVNMSMFQMKEY-BYPYZUCNSA-N","[H][C@@](CCC(O)=O)(NC)C(O)=O","439377","FALSE",NA,NA,"No Match"
"1311","BMDB62537","N(5)-ethyl-L-glutamine","DATAGRPVKZEWHA-YFKPBYRVSA-N","[H][C@](N)(CCC(O)=NCC)C(O)=O","439378","FALSE",NA,NA,"No Match"
"1312","BMDB62538","13Z-Octadecenoic acid","BDLLSHRIFPDGQB-WAYWQWQTSA-N","[H]\C(CCCC)=C(/[H])CCCCCCCCCCCC(O)=O","5312441","FALSE",NA,NA,"No Match"
"1313","BMDB62540","2-Thiouracil","ZEMGGZBWXRYJHK-UHFFFAOYSA-N","OC1=NC(S)=NC=C1","","FALSE",NA,NA,"No Match"
"1314","BMDB62541","4-Oxoproline","HFXAFXVXPMUQCQ-UHFFFAOYSA-M","[O-]C(=O)C1CC(=O)CN1","25200726","FALSE",NA,NA,"No Match"
"1315","BMDB62542","7,11-Dioxolanost-8-en-3-yl acetate","MMVITYGCRCBTDU-UHFFFAOYSA-N","CC(C)CCCC(C)C1CCC2(C)C3=C(C(=O)CC12C)C1(C)CCC(OC(C)=O)C(C)(C)C1CC3=O","226177","FALSE",NA,NA,"No Match"
"1316","BMDB62548","9Z,15Z-octadecadienoic acid","AWGFYZFANDHELM-RTAKVZRXSA-N","[H]\C(CC)=C(/[H])CCCC\C([H])=C(\[H])CCCCCCCC(O)=O","10062222","FALSE",NA,NA,"No Match"
"1317","BMDB62549","Ala-Phe-Ala","XRUJOVRWNMBAAA-UHFFFAOYSA-N","CC(N)C(O)=NC(CC1=CC=CC=C1)C(O)=NC(C)C(O)=O","23080783","FALSE",NA,NA,"No Match"
"1318","BMDB62550","Arg-Arg-Arg","XPSGESXVBSQZPL-UHFFFAOYSA-N","NC(CCCNC(N)=N)C(O)=NC(CCCNC(N)=N)C(O)=NC(CCCNC(N)=N)C(O)=O","4631411","FALSE",NA,NA,"No Match"
"1319","BMDB62551","Arg-Thr-Lys-Arg","UPLCTTWJNCYYAW-UHFFFAOYSA-N","CC(O)C(N=C(O)C(N)CCCNC(N)=N)C(O)=NC(CCCCN)C(O)=NC(CCCNC(N)=N)C(O)=O","22650711","FALSE",NA,NA,"No Match"
"1320","BMDB62552","Asn-Arg-Ala-Ile","SVSBLOSMLPLILN-UHFFFAOYSA-N","CCC(C)C(N=C(O)C(C)N=C(O)C(CCCNC(N)=N)N=C(O)C(N)CC(O)=N)C(O)=O","22652485","FALSE",NA,NA,"No Match"
"1321","BMDB62553","C20:1 c5","FPAQLJHSZVFKES-NXVVXOECSA-N","[H]\C(CCCCCCCCCCCCCC)=C(/[H])CCCC(O)=O","5312522","FALSE",NA,NA,"No Match"
"1322","BMDB62554","Coenzyme B","JBJSVEVEEGOEBZ-UHFFFAOYSA-N","CC(OP(O)(O)=O)C(N=C(O)CCCCCCS)C(O)=O","350","FALSE",NA,NA,"No Match"
"1323","BMDB62555","Conduritol B epoxide","ZHMWOVGZCINIHW-FTYOSCRSSA-N","[H][C@]12O[C@@]1([H])[C@]([H])(O)[C@@]([H])(O)[C@]([H])(O)[C@@]2([H])O","119054","FALSE",NA,NA,"No Match"
"1324","BMDB62556","Cys-Cys-Asp-Pro","DKZZUBANFHKYBC-UHFFFAOYSA-N","NC(CS)C(O)=NC(CS)C(O)=NC(CC(O)=O)C(=O)N1CCCC1C(O)=O","18256157","FALSE",NA,NA,"No Match"
"1325","BMDB62557","Ethyl glutarate","OUWSNHWQZPEFEX-UHFFFAOYSA-N","CCOC(=O)CCCC(=O)OCC","13163","FALSE",NA,NA,"No Match"
"1326","BMDB62558","Hydrogen-azide","JUINSXZKUKVTMD-UHFFFAOYSA-N","N=[N+]=[N-]","24530","FALSE",NA,NA,"No Match"
"1327","BMDB62559","Ile-Ile-Ile-Pro","OCEZPDBEDULORM-UHFFFAOYSA-N","CCC(C)C(N)C(O)=NC(C(C)CC)C(O)=NC(C(C)CC)C(=O)N1CCCC1C(O)=O","18295197","FALSE",NA,NA,"No Match"
"1328","BMDB62560","Ile-Val-Val","YHFPHRUWZMEOIX-UHFFFAOYSA-N","CCC(C)C(N)C(O)=NC(C(C)C)C(O)=NC(C(C)C)C(O)=O","18221977","FALSE",NA,NA,"No Match"
"1329","BMDB62561","Jacaric acid","DQGMPXYVZZCNDQ-KDQYYBQISA-N","[H]\C(CCCCC)=C(/[H])\C(\[H])=C(/[H])\C(\[H])=C(\[H])CCCCCCC(O)=O","5282817","FALSE",NA,NA,"No Match"
"1330","BMDB62562","Leu-Arg-Asn-Arg","PFUDAVBUJIYNMF-UHFFFAOYSA-N","CC(C)CC(N)C(O)=NC(CCCNC(N)=N)C(O)=NC(CC(O)=N)C(O)=NC(CCCNC(N)=N)C(O)=O","22702886","FALSE",NA,NA,"No Match"
"1331","BMDB62563","Leu-Arg-Leu-Ile","UEEBGIUHABTYMD-UHFFFAOYSA-N","CCC(C)C(N=C(O)C(CC(C)C)N=C(O)C(CCCNC(N)=N)N=C(O)C(N)CC(C)C)C(O)=O","22703053","FALSE",NA,NA,"No Match"
"1332","BMDB62564","Leu-Leu-Tyr","UCNNZELZXFXXJQ-BZSNNMDCSA-N","[H][C@](N)(CC(C)C)C(O)=N[C@@]([H])(CC(C)C)C(O)=N[C@@]([H])(CC1=CC=C(O)C=C1)C(O)=O","88513","FALSE",NA,NA,"No Match"
"1333","BMDB62565","Leu-Pro-Ile","YUTNOGOMBNYPFH-UHFFFAOYSA-N","CCC(C)C(N=C(O)C1CCCN1C(=O)C(N)CC(C)C)C(O)=O","18222229","FALSE",NA,NA,"No Match"
"1334","BMDB62566","Lys-Asp-Tyr","NTBFKPBULZGXQL-KKUMJFAQSA-N","[H][C@](N)(CCCCN)C(O)=N[C@@]([H])(CC(O)=O)C(O)=N[C@@]([H])(CC1=CC=C(O)C=C1)C(O)=O","24889972","FALSE",NA,NA,"No Match"
"1335","BMDB62567","Methanesulfonic acid","AFVFQIVMOAPDHO-UHFFFAOYSA-N","CS(O)(=O)=O","6395","FALSE",NA,NA,"No Match"
"1336","BMDB62569","N-oleoyl glutamine","ZHVSXWCIYWYBQP-QJRAZLAKSA-N","[H]\C(CCCCCCCC)=C(/[H])CCCCCCCC(O)=N[C@@]([H])(CCC(O)=N)C(O)=O","52922072","FALSE",NA,NA,"No Match"
"1337","BMDB62570","O-Succinyl-L-homoserine","GNISQJGXJIDKDJ-YFKPBYRVSA-N","[H][C@](N)(CCOC(=O)CCC(O)=O)C(O)=O","439406","FALSE",NA,NA,"No Match"
"1338","BMDB62571","Phe-Phe-Pro-Arg","ANAFHSULEWIOPZ-UHFFFAOYSA-N","NC(CC1=CC=CC=C1)C(O)=NC(CC1=CC=CC=C1)C(=O)N1CCCC1C(O)=NC(CCCNC(N)=N)C(O)=O","20006954","FALSE",NA,NA,"No Match"
"1339","BMDB62572","Phe-Pro-Ile","FZBGMXYQPACKNC-UHFFFAOYSA-N","CCC(C)C(N=C(O)C1CCCN1C(=O)C(N)CC1=CC=CC=C1)C(O)=O","18223318","FALSE",NA,NA,"No Match"
"1340","BMDB62573","Pretyrosine","MIEILDYWGANZNH-DSQUFTABSA-N","[H][C@](N)(CC1(C=CC([H])(O)C=C1)C(O)=O)C(O)=O","439319","FALSE",NA,NA,"No Match"
"1341","BMDB62574","Pro-Ile","OCYROESYHWUPBP-CIUDSAMLSA-N","[H][C@](C)(CC)[C@]([H])(N=C(O)[C@]1([H])CCCN1)C(O)=O","7079600","FALSE",NA,NA,"No Match"
"1342","BMDB62575","Pro-Pro-Phe","NAIPAPCKKRCMBL-UHFFFAOYSA-N","OC(=O)C(CC1=CC=CC=C1)N=C(O)C1CCCN1C(=O)C1CCCN1","18223681","FALSE",NA,NA,"No Match"
"1343","BMDB62576","Terbium","GZCRRIHWUXGPOV-UHFFFAOYSA-N","[Tb]","23958","TRUE",NA,NA,"No Match"
"1344","BMDB62577","Val-Phe-Val-Tyr","HRJFPLCYTCOZOV-UHFFFAOYSA-N","CC(C)C(N)C(O)=NC(CC1=CC=CC=C1)C(O)=NC(C(C)C)C(O)=NC(CC1=CC=C(O)C=C1)C(O)=O","20052426","FALSE",NA,NA,"No Match"
"1345","BMDB62578","Val-Pro-Pro","DOFAQXCYFQKSHT-SRVKXCTJSA-N","[H][C@](N)(C(C)C)C(=O)N1CCC[C@@]1([H])C(=O)N1CCC[C@@]1([H])C(O)=O","9818200","FALSE",NA,NA,"No Match"
"1346","BMDB62579","Xestoaminol C","WMUMHAZHWIUBPN-UONOGXRCSA-N","[H][C@@](C)(N)[C@]([H])(O)CCCCCCCCCCC","14756407","FALSE",NA,NA,"No Match"
"1347","BMDB62580","alpha-D-Allofuranose","AVVWPBAENSWJCB-RXRWUWDJSA-N","[H][C@@](O)(CO)[C@@]1([H])O[C@]([H])(O)[C@]([H])(O)[C@]1([H])O","21627865","FALSE",NA,NA,"No Match"
"1348","BMDB62581","beta-Calendic acid","DQGMPXYVZZCNDQ-OBWVEWQSSA-N","[H]\C(CCCCC)=C(\[H])/C(/[H])=C(\[H])/C(/[H])=C(\[H])CCCCCCC(O)=O","5282819","FALSE",NA,NA,"No Match"
"1349","BMDB62583","homo-cis-Aconitate","BJYPZFUWWJSAKC-ARJAWSKDSA-N","[H]\C(C(O)=O)=C(/CCC(O)=O)C(O)=O","5280640","FALSE",NA,NA,"No Match"
"1350","BMDB62584","Val-Tyr-Leu-Arg","PQXJRCMPKACZNI-UHFFFAOYSA-N","CC(C)CC(N=C(O)C(CC1=CC=C(O)C=C1)N=C(O)C(N)C(C)C)C(O)=NC(CCCNC(N)=N)C(O)=O","20054220","FALSE",NA,NA,"No Match"
"1351","BMDB62585","3E-tetradecenoic acid","KYQLBACAKNAOOC-VAWYXSNFSA-N","[H]\C(CCCCCCCCCC)=C(\[H])CC(O)=O","5312398","FALSE",NA,NA,"No Match"
"1352","BMDB62586","Physeteric acid","AFGUVBVUFZMJMX-KTKRTIGZSA-N","[H]\C(CCCCCCCC)=C(/[H])CCCC(O)=O","5282740","FALSE","DMD302252","DMD302252","Unique Match (by names only)"
"1353","BMDB62587","7Z-tetradecenoic acid","ZVXDGKJSUPWREP-FPLPWBNLSA-N","[H]\C(CCCCCC)=C(/[H])CCCCCC(O)=O","5312401","FALSE",NA,NA,"No Match"
"1354","BMDB62588","Lycopodic acid","JGMYDQCXGIMHLL-AATRIKPKSA-N","[H]\C(CCCC)=C(\[H])CCCCCCCCCC(O)=O","5312413","FALSE",NA,NA,"No Match"
"1355","BMDB62589","11Z-hexadecenoic acid","JGMYDQCXGIMHLL-WAYWQWQTSA-N","[H]\C(CCCC)=C(/[H])CCCCCCCCCC(O)=O","5312414","FALSE",NA,NA,"No Match"
"1356","BMDB62590","5Z-hexadecenoic acid","KVXIRQZWCOAYRD-QXMHVHEDSA-N","[H]\C(CCCCCCCCCC)=C(/[H])CCCC(O)=O","13105360","FALSE",NA,NA,"No Match"
"1357","BMDB62591","10E-heptadecenoic acid","GDTXICBNEOEPAZ-BQYQJAHWSA-N","[H]\C(CCCCCC)=C(\[H])CCCCCCCCC(O)=O","5312434","FALSE",NA,NA,"No Match"
"1358","BMDB62592","8E-heptadecenoic acid","ZBIGLIMGCLJKHN-MDZDMXLPSA-N","[H]\C(CCCCCCCC)=C(\[H])CCCCCCC(O)=O","5312438","FALSE",NA,NA,"No Match"
"1359","BMDB62593","Civetic acid","ZBIGLIMGCLJKHN-KTKRTIGZSA-N","[H]\C(CCCCCCCC)=C(/[H])CCCCCCC(O)=O","5312439","FALSE",NA,NA,"No Match"
"1360","BMDB62594","7Z,14Z-eicosadienoic acid","LYJCLHKKCLWCLC-ZBXVJARNSA-N","[H]\C(CCCCC)=C(/[H])CCCCC\C([H])=C(\[H])CCCCCC(O)=O","52921830","FALSE",NA,NA,"No Match"
"1361","BMDB62595","(5Z,8Z)-3-Hydroxytetradecadienoylcarnitine","LVNITLZCNUEXQK-UTJQPWESSA-N","[H]\C(CCCCC)=C(/[H])CC([H])=C([H])CC(O)CC(=O)OC(CC([O-])=O)C[N+](C)(C)C","71464482","TRUE",NA,NA,"No Match"
"1362","BMDB62597","(9Z)-3-Hydroxyoctadecenoylcarnitine","YBCVTTMMURGSEY-SEYXRHQNSA-N","[H]\C(CCCCCCCC)=C(/[H])CCCCCC(O)CC(=O)OC(CC([O-])=O)C[N+](C)(C)C","71464558","TRUE",NA,NA,"No Match"
"1363","BMDB62598","(9Z,12Z)-3-Hydroxyhexadecadienoylcarnitine","CPHHQDCIGLXPCO-NQLNTKRDSA-N","[H]\C(CCC)=C(/[H])C\C([H])=C(\[H])CCCCCC(O)CC(=O)OC(CC([O-])=O)C[N+](C)(C)C","71464484","TRUE",NA,NA,"No Match"
"1364","BMDB62599","16:0 Cholesteryl ester","BBJQPKLGPMQWBU-JADYGXMDSA-N","[H][C@@](C)(CCCC(C)C)[C@@]1([H])CC[C@@]2([H])[C@]3([H])CC=C4C[C@]([H])(CC[C@]4(C)[C@@]3([H])CC[C@]12C)OC(=O)CCCCCCCCCCCCCCC","246520","TRUE",NA,NA,"No Match"
"1365","BMDB62600","18:1 Cholesteryl ester","RJECHNNFRHZQKU-RMUVNZEASA-N","[H]\C(CCCCCCCC)=C(/[H])CCCCCCCC(=O)O[C@@]1([H])CC[C@@]2(C)C(C1)=CC[C@@]1([H])[C@]3([H])CC[C@]([H])([C@]([H])(C)CCCC(C)C)[C@@]3(C)CC[C@]21[H]","5283632","TRUE",NA,NA,"No Match"
"1366","BMDB62601","18:2 Cholesteryl ester","NAACPBBQTFFYQB-LJAITQKLSA-N","[H]\C(CCCCC)=C(/[H])C\C([H])=C(\[H])CCCCCCCC(=O)O[C@@]1([H])CC[C@@]2(C)C(C1)=CC[C@@]1([H])[C@]3([H])CC[C@]([H])([C@]([H])(C)CCCC(C)C)[C@@]3(C)CC[C@]21[H]","5287939","TRUE",NA,NA,"No Match"
"1367","BMDB62602","2-Ethylacryloylcarnitine","AUFJTEGVQXGXTG-UHFFFAOYSA-N","CCC(=C)C(=O)OC(CC([O-])=O)C[N+](C)(C)C","71306333","TRUE",NA,NA,"No Match"
"1368","BMDB62603","20:5 Cholesteryl ester","XZFUGMCJZFRBKF-BDJFIEMMSA-N","[H]\C(CC)=C(/[H])C\C([H])=C(\[H])C\C([H])=C(\[H])C\C([H])=C(\[H])C\C([H])=C(\[H])CCCC(=O)O[C@@]1([H])CC[C@@]2(C)C(C1)=CC[C@@]1([H])[C@]3([H])CC[C@]([H])([C@]([H])(C)CCCC(C)C)[C@@]3(C)CC[C@]21[H]","10372299","TRUE",NA,NA,"No Match"
"1369","BMDB62604","22:5 Cholesteryl ester","XOLZNHXNFMEUGA-DCDLNIKOSA-N","[H]\C(CC)=C(/[H])C\C([H])=C(\[H])C\C([H])=C(\[H])C\C([H])=C(\[H])C\C([H])=C(\[H])CCCCCC(=O)O[C@@]1([H])CC[C@@]2(C)C(C1)=CC[C@@]1([H])[C@]3([H])CC[C@]([H])([C@]([H])(C)CCCC(C)C)[C@@]3(C)CC[C@]21[H]","42608400","TRUE",NA,NA,"No Match"
"1370","BMDB62605","3-Hydroxybutyrylcarnitine","UEFRDQSMQXDWTO-UHFFFAOYSA-N","CC(O)CC(=O)OC(CC([O-])=O)C[N+](C)(C)C","71464477","TRUE","DMD302196;DMD305467","DMD305467","Unique Match (by names and pubchem)"
"1371","BMDB62606","Acetyl-D-carnitine","RDHQFKQIGNGIED-QMMMGPOBSA-N","[H][C@](CC([O-])=O)(C[N+](C)(C)C)OC(C)=O","18230","TRUE",NA,NA,"No Match"
"1372","BMDB62607","DG(12:0/20:1(11Z)/0:0)[iso2]","FWHSISWHFVYSNM-ILGKRYBBSA-N","[H][C@@](CO)(COC(=O)CCCCCCCCCCC)OC(=O)CCCCCCCCC\C=C/CCCCCCCC","","TRUE",NA,NA,"No Match"
"1373","BMDB62608","DG(12:0/20:2(11Z,14Z)/0:0)[iso2]","ROMBWMLCYZZIBF-FLUNPBKGSA-N","[H][C@@](CO)(COC(=O)CCCCCCCCCCC)OC(=O)CCCCCCCCC\C=C/C\C=C/CCCCC","","TRUE",NA,NA,"No Match"
"1374","BMDB62609","DG(14:0/18:1(9Z)/0:0)[iso2]","XEQQGHISHUGMIP-NTEJXHNLSA-N","[H][C@@](CO)(COC(=O)CCCCCCCCCCCCC)OC(=O)CCCCCCC\C=C/CCCCCCCC","71728388","TRUE","DMD305191","DMD305191","Unique Match (by names only)"
"1375","BMDB62610","DG(14:0/18:2(9Z,12Z)/0:0)[iso2]","WVBVUWWRPSWGDS-PNMFJBQASA-N","[H][C@@](CO)(COC(=O)CCCCCCCCCCCCC)OC(=O)CCCCCCC\C=C/C\C=C/CCCCC","","TRUE",NA,NA,"No Match"
"1376","BMDB62611","DG(14:0/20:1(11Z)/0:0)[iso2]","VQOIASKPUKUIDV-XHYHITGYSA-N","[H][C@@](CO)(COC(=O)CCCCCCCCCCCCC)OC(=O)CCCCCCCCC\C=C/CCCCCCCC","","TRUE",NA,NA,"No Match"
"1377","BMDB62612","DG(14:0/20:3(8Z,11Z,14Z)/0:0)[iso2]","MIOCZRAJMXIEKP-WAWAFNTHSA-N","[H][C@@](CO)(COC(=O)CCCCCCCCCCCCC)OC(=O)CCCCCC\C=C/C\C=C/C\C=C/CCCCC","","TRUE",NA,NA,"No Match"
"1378","BMDB62613","DG(14:1(9Z)/18:0/0:0)[iso2]","PAHKOLCUPPSBEU-ALMVXPMNSA-N","[H][C@@](CO)(COC(=O)CCCCCCC\C=C/CCCC)OC(=O)CCCCCCCCCCCCCCCCC","","TRUE",NA,NA,"No Match"
"1379","BMDB62614","DG(14:1(9Z)/18:1(9Z)/0:0)[iso2]","HJBMLXDFAMFHQW-DBEXYCMZSA-N","[H][C@@](CO)(COC(=O)CCCCCCC\C=C/CCCC)OC(=O)CCCCCCC\C=C/CCCCCCCC","","TRUE",NA,NA,"No Match"
"1380","BMDB62615","DG(14:1(9Z)/20:0/0:0)[iso2]","MTIPZYJQFUTOHS-YPZHICNLSA-N","[H][C@@](CO)(COC(=O)CCCCCCC\C=C/CCCC)OC(=O)CCCCCCCCCCCCCCCCCCC","","TRUE",NA,NA,"No Match"
"1381","BMDB62616","DG(14:1(9Z)/20:2(11Z,14Z)/0:0)[iso2]","YMQRUULVAHFQLL-CTBOXKONSA-N","[H][C@@](CO)(COC(=O)CCCCCCC\C=C/CCCC)OC(=O)CCCCCCCCC\C=C/C\C=C/CCCCC","","TRUE",NA,NA,"No Match"
"1382","BMDB62617","DG(16:0/16:1(9Z)/0:0)[iso2]","ADLOEVQMJKYKSR-BSAOHMCWSA-N","[H][C@@](CO)(COC(=O)CCCCCCCCCCCCCCC)OC(=O)CCCCCCC\C=C/CCCCCC","","TRUE",NA,NA,"No Match"
"1383","BMDB62618","DG(16:0/18:3(9Z,12Z,15Z)/0:0)[iso2]","UHPKYXAUVQOHQL-RGDIWOFYSA-N","[H][C@@](CO)(COC(=O)CCCCCCCCCCCCCCC)OC(=O)CCCCCCC\C=C/C\C=C/C\C=C/CC","102241525","TRUE",NA,NA,"No Match"
"1384","BMDB62619","DG(16:0/20:2(11Z,14Z)/0:0)[iso2]","MVAYIPZWUCBXOE-NHCUFCNUSA-N","[H][C@@](CO)(COC(=O)CCCCCCCCCCCCCCC)OC(=O)CCCCCCCCC\C=C/C\C=C/CCCCC","","TRUE",NA,NA,"No Match"
"1385","BMDB62620","DG(16:0/20:3(8Z,11Z,14Z)/0:0)[iso2]","XYIQDUUJTXPBFG-QNKWBPIESA-N","[H][C@@](CO)(COC(=O)CCCCCCCCCCCCCCC)OC(=O)CCCCCC\C=C/C\C=C/C\C=C/CCCCC","","TRUE",NA,NA,"No Match"
"1386","BMDB62621","DG(16:0/22:0/0:0)[iso2]","JAJNYVORAKCQCM-LDLOPFEMSA-N","[H][C@@](CO)(COC(=O)CCCCCCCCCCCCCCC)OC(=O)CCCCCCCCCCCCCCCCCCCCC","","TRUE",NA,NA,"No Match"
"1387","BMDB62622","DG(16:1(9Z)/18:0/0:0)[iso2]","SPBROLJVHYTNGF-WMHOIYFHSA-N","[H][C@@](CO)(COC(=O)CCCCCCC\C=C/CCCCCC)OC(=O)CCCCCCCCCCCCCCCCC","","TRUE",NA,NA,"No Match"
"1388","BMDB62623","DG(16:1(9Z)/18:2(9Z,12Z)/0:0)[iso2]","BHGPPCIWDXQOMA-AXXPJHFTSA-N","[H][C@@](CO)(COC(=O)CCCCCCC\C=C/CCCCCC)OC(=O)CCCCCCC\C=C/C\C=C/CCCCC","","TRUE","DMD305194","DMD305194","Unique Match (by names only)"
"1389","BMDB62624","DG(16:1(9Z)/20:1(11Z)/0:0)[iso2]","FBCDXXQBGHZSLI-AVWHJSSGSA-N","[H][C@@](CO)(COC(=O)CCCCCCC\C=C/CCCCCC)OC(=O)CCCCCCCCC\C=C/CCCCCCCC","","TRUE",NA,NA,"No Match"
"1390","BMDB62625","DG(16:1(9Z)/20:2(11Z,14Z)/0:0)[iso2]","WPAJXHHVSWVZKN-DFCPKGTFSA-N","[H][C@@](CO)(COC(=O)CCCCCCC\C=C/CCCCCC)OC(=O)CCCCCCCCC\C=C/C\C=C/CCCCC","","TRUE",NA,NA,"No Match"
"1391","BMDB62626","DG(17:0/21:0/0:0)[iso2]","UBMVHLXKTLMMJU-LDLOPFEMSA-N","[H][C@@](CO)(COC(=O)CCCCCCCCCCCCCCCC)OC(=O)CCCCCCCCCCCCCCCCCCCC","","TRUE",NA,NA,"No Match"
"1392","BMDB62627","DG(17:0/22:0/0:0)[iso2]","OXOSWOLENAISIR-RRHRGVEJSA-N","[H][C@@](CO)(COC(=O)CCCCCCCCCCCCCCCC)OC(=O)CCCCCCCCCCCCCCCCCCCCC","","TRUE",NA,NA,"No Match"
"1393","BMDB62628","DG(18:0/18:2(9Z,12Z)/0:0)[iso2]","AJMZUFBKADIAKC-DAKWMOBOSA-N","[H][C@@](CO)(COC(=O)CCCCCCCCCCCCCCCCC)OC(=O)CCCCCCC\C=C/C\C=C/CCCCC","90471657","TRUE",NA,NA,"No Match"
"1394","BMDB62629","DG(18:0/18:3(9Z,12Z,15Z)/0:0)[iso2]","UBECYQFWKVVULW-JTIFTRAISA-N","[H][C@@](CO)(COC(=O)CCCCCCCCCCCCCCCCC)OC(=O)CCCCCCC\C=C/C\C=C/C\C=C/CC","102272272","TRUE",NA,NA,"No Match"
"1395","BMDB62630","DG(18:0/20:0/0:0)[iso2]","JPKVDETWOQEHQO-LDLOPFEMSA-N","[H][C@@](CO)(COC(=O)CCCCCCCCCCCCCCCCC)OC(=O)CCCCCCCCCCCCCCCCCCC","101858606","TRUE",NA,NA,"No Match"
"1396","BMDB62631","DG(18:0/21:0/0:0)[iso2]","RJBJDNUTASYQLX-RRHRGVEJSA-N","[H][C@@](CO)(COC(=O)CCCCCCCCCCCCCCCCC)OC(=O)CCCCCCCCCCCCCCCCCCCC","","TRUE",NA,NA,"No Match"
"1397","BMDB62632","DG(18:1(11E)/16:0/0:0)","GSEVZLBSIOIEFK-JUOLSMOWSA-N","[H][C@@](CO)(COC(=O)CCCCCCCCC\C=C/CCCCCC)OC(=O)CCCCCCCCCCCCCCC","","TRUE",NA,NA,"No Match"
"1398","BMDB62633","DG(18:1(9Z)/18:2(9Z,12Z)/0:0)[iso2]","BLZVZPYMHLXLHG-PKJIHPHSSA-N","[H][C@@](CO)(COC(=O)CCCCCCC\C=C/CCCCCCCC)OC(=O)CCCCCCC\C=C/C\C=C/CCCCC","95858726","TRUE",NA,NA,"No Match"
"1399","BMDB62634","DG(18:3(6Z,9Z,12Z)/16:0/0:0)[iso2]","NFVDEXJHCNKRNB-WQWKIVPWSA-N","[H][C@@](CO)(COC(=O)CCCC\C=C/C\C=C/C\C=C/CCCCC)OC(=O)CCCCCCCCCCCCCCC","","TRUE",NA,NA,"No Match"
"1400","BMDB62635","DG(18:3(6Z,9Z,12Z)/18:0/0:0)[iso2]","ZPHRNEDMZVPDPW-VWDIIEQPSA-N","[H][C@@](CO)(COC(=O)CCCC\C=C/C\C=C/C\C=C/CCCCC)OC(=O)CCCCCCCCCCCCCCCCC","","TRUE",NA,NA,"No Match"
"1401","BMDB62636","DG(19:0/19:0/0:0)","UNXQXIYZHULSKR-LDLOPFEMSA-N","[H][C@@](CO)(COC(=O)CCCCCCCCCCCCCCCCCC)OC(=O)CCCCCCCCCCCCCCCCCC","98117759","TRUE",NA,NA,"No Match"
"1402","BMDB62637","DG(19:0/20:0/0:0)[iso2]","WOYQNYWDHIPWIB-RRHRGVEJSA-N","[H][C@@](CO)(COC(=O)CCCCCCCCCCCCCCCCCC)OC(=O)CCCCCCCCCCCCCCCCCCC","98117760","TRUE",NA,NA,"No Match"
"1403","BMDB62638","DG(19:0/22:1(13Z)/0:0)[iso2]","SECFFWQDXUWKND-HTDYWKJCSA-N","[H][C@@](CO)(COC(=O)CCCCCCCCCCCCCCCCCC)OC(=O)CCCCCCCCCCC\C=C/CCCCCCCC","","TRUE",NA,NA,"No Match"
"1404","BMDB62639","DG(20:0/22:0/0:0)[iso2]","FASMRHWOTINWGZ-VZUYHUTRSA-N","[H][C@@](CO)(COC(=O)CCCCCCCCCCCCCCCCCCC)OC(=O)CCCCCCCCCCCCCCCCCCCCC","","TRUE",NA,NA,"No Match"
"1405","BMDB62640","DG(20:0/22:1(13Z)/0:0)[iso2]","DSCILNRDAOLXET-RPBJOJELSA-N","[H][C@@](CO)(COC(=O)CCCCCCCCCCCCCCCCCCC)OC(=O)CCCCCCCCCCC\C=C/CCCCCCCC","","TRUE",NA,NA,"No Match"
"1406","BMDB62641","DG(20:1(11Z)/21:0/0:0)[iso2]","JBZLTWGWTHFDEQ-PEBSJOBXSA-N","[H][C@@](CO)(COC(=O)CCCCCCCCC\C=C/CCCCCCCC)OC(=O)CCCCCCCCCCCCCCCCCCCC","","TRUE",NA,NA,"No Match"
"1407","BMDB62642","DG(20:1(11Z)/22:0/0:0)[iso2]","KKUJWTOLSKTBLP-KAKKGSANSA-N","[H][C@@](CO)(COC(=O)CCCCCCCCC\C=C/CCCCCCCC)OC(=O)CCCCCCCCCCCCCCCCCCCCC","","TRUE",NA,NA,"No Match"
"1408","BMDB62643","DG(20:1(11Z)/22:1(13Z)/0:0)[iso2]","TXSPVVDGQJIPFG-OYJIOEIKSA-N","[H][C@@](CO)(COC(=O)CCCCCCCCC\C=C/CCCCCCCC)OC(=O)CCCCCCCCCCC\C=C/CCCCCCCC","","TRUE",NA,NA,"No Match"
"1409","BMDB62644","DG(20:2(11Z,14Z)/22:0/0:0)[iso2]","KVPLVJYCAJVIFI-RNLCRUPCSA-N","[H][C@@](CO)(COC(=O)CCCCCCCCC\C=C/C\C=C/CCCCC)OC(=O)CCCCCCCCCCCCCCCCCCCCC","","TRUE",NA,NA,"No Match"
"1410","BMDB62645","DG(21:0/21:0/0:0)","PALXRFBPSNIFEK-VZUYHUTRSA-N","[H][C@@](CO)(COC(=O)CCCCCCCCCCCCCCCCCCCC)OC(=O)CCCCCCCCCCCCCCCCCCCC","","TRUE",NA,NA,"No Match"
"1411","BMDB62646","DG(O-16:0/18:1(9Z))","ZDRGKGZHXIWXJD-QJEXQQAGSA-N","[H][C@@](CO)(COCCCCCCCCCCCCCCCC)OC(=O)CCCCCCC\C=C/CCCCCCCC","102427949","TRUE",NA,NA,"No Match"
"1412","BMDB62647","DL-Acetylcarnitine","RDHQFKQIGNGIED-UHFFFAOYSA-N","CC(=O)OC(CC([O-])=O)C[N+](C)(C)C","1","TRUE","DMD302173","DMD302173","Unique Match (by names only)"
"1413","BMDB62648","Isovaleryl-L-carnitine","IGQBPDJNUXPEMT-SNVBAGLBSA-N","[H][C@@](CC([O-])=O)(C[N+](C)(C)C)OC(=O)CC(C)C","169235","TRUE",NA,NA,"No Match"
"1414","BMDB62650","Methylmalonylcarnitine","XROYFEWIXXCPAW-MQWKRIRWSA-N","[H]C(C)(C([O-])=O)C(=O)O[C@@]([H])(CC(O)=O)C[N+](C)(C)C","53481628","TRUE",NA,NA,"No Match"
"1415","BMDB62651","O-Adipoylcarnitine","BSVHAXJKBCWVDA-UHFFFAOYSA-N","C[N+](C)(C)CC(CC([O-])=O)OC(=O)CCCCC(O)=O","71296139","TRUE",NA,NA,"No Match"
"1416","BMDB62652","O-Dodecanoylcarnitine","FUJLYHJROOYKRA-UHFFFAOYSA-N","CCCCCCCCCCCC(=O)OC(CC([O-])=O)C[N+](C)(C)C","10427569","TRUE",NA,NA,"No Match"
"1417","BMDB62654","O-Methylmalonylcarnitine","XROYFEWIXXCPAW-UHFFFAOYSA-N","CC(C([O-])=O)C(=O)OC(CC(O)=O)C[N+](C)(C)C","71464478","TRUE",NA,NA,"No Match"
"1418","BMDB62655","O-Propanoyl-D-carnitine","UFAHZIUFPNSHSL-QMMMGPOBSA-N","[H][C@](CC([O-])=O)(C[N+](C)(C)C)OC(=O)CC","12879828","TRUE",NA,NA,"No Match"
"1419","BMDB62656","O-Succinylcarnitine","HAEVNYBCYZZDFL-UHFFFAOYSA-N","C[N+](C)(C)CC(CC([O-])=O)OC(=O)CCC(O)=O","71464481","TRUE","DMD305564","DMD305564","Unique Match (by names and pubchem)"
"1420","BMDB62657","O-Tetradecanoylcarnitine","PSHXNVGSVNEJBD-UHFFFAOYSA-N","CCCCCCCCCCCCCC(=O)OC(CC([O-])=O)C[N+](C)(C)C","6426854","TRUE",NA,NA,"No Match"
"1421","BMDB62662","PC(10:0/18:1(9Z))","LHGRLARXULFYPW-RZCWWDNZSA-N","[H][C@@](COC(=O)CCCCCCCCC)(COP([O-])(=O)OCC[N+](C)(C)C)OC(=O)CCCCCCC\C=C/CCCCCCCC","24778531","TRUE",NA,NA,"No Match"
"1422","BMDB62663","PC(10:0/19:0)","UPBDHGWIURTORP-PGUFJCEWSA-N","[H][C@@](COC(=O)CCCCCCCCC)(COP([O-])(=O)OCC[N+](C)(C)C)OC(=O)CCCCCCCCCCCCCCCCCC","24778533","TRUE",NA,NA,"No Match"
"1423","BMDB62664","PC(10:0/20:0)","SVIWSHKAEXRJFD-PSXMRANNSA-N","[H][C@@](COC(=O)CCCCCCCCC)(COP([O-])(=O)OCC[N+](C)(C)C)OC(=O)CCCCCCCCCCCCCCCCCCC","24778534","TRUE",NA,NA,"No Match"
"1424","BMDB62665","PC(10:0/21:0)","QIPBUWAWTWBGPP-DIPNUNPCSA-N","[H][C@@](COC(=O)CCCCCCCCC)(COP([O-])(=O)OCC[N+](C)(C)C)OC(=O)CCCCCCCCCCCCCCCCCCCC","24778535","TRUE",NA,NA,"No Match"
"1425","BMDB62666","PC(10:0/22:0)","IOFVELCSFOVZPC-KXQOOQHDSA-N","[H][C@@](COC(=O)CCCCCCCCC)(COP([O-])(=O)OCC[N+](C)(C)C)OC(=O)CCCCCCCCCCCCCCCCCCCCC","24778536","TRUE",NA,NA,"No Match"
"1426","BMDB62667","PC(10:0/23:0)","RCFPRPKUCWXQNV-LDLOPFEMSA-N","[H][C@@](COC(=O)CCCCCCCCC)(COP([O-])(=O)OCC[N+](C)(C)C)OC(=O)CCCCCCCCCCCCCCCCCCCCCC","24778538","TRUE",NA,NA,"No Match"
"1427","BMDB62668","PC(10:0/24:0)","KMJHXPMCMOXODU-RRHRGVEJSA-N","[H][C@@](COC(=O)CCCCCCCCC)(COP([O-])(=O)OCC[N+](C)(C)C)OC(=O)CCCCCCCCCCCCCCCCCCCCCCC","24778539","TRUE",NA,NA,"No Match"
"1428","BMDB62669","PC(11:0/19:0)","QEJBTEZRLKJPKT-PSXMRANNSA-N","[H][C@@](COC(=O)CCCCCCCCCC)(COP([O-])(=O)OCC[N+](C)(C)C)OC(=O)CCCCCCCCCCCCCCCCCC","24778554","TRUE",NA,NA,"No Match"
"1429","BMDB62670","PC(11:0/20:0)","OELOTERACVRIQH-DIPNUNPCSA-N","[H][C@@](COC(=O)CCCCCCCCCC)(COP([O-])(=O)OCC[N+](C)(C)C)OC(=O)CCCCCCCCCCCCCCCCCCC","24778555","TRUE",NA,NA,"No Match"
"1430","BMDB62671","PC(11:0/21:0)","SFHLFLGTWUXKDJ-KXQOOQHDSA-N","[H][C@@](COC(=O)CCCCCCCCCC)(COP([O-])(=O)OCC[N+](C)(C)C)OC(=O)CCCCCCCCCCCCCCCCCCCC","24778556","TRUE",NA,NA,"No Match"
"1431","BMDB62672","PC(11:0/22:0)","LDFNJDAPTPJKTN-LDLOPFEMSA-N","[H][C@@](COC(=O)CCCCCCCCCC)(COP([O-])(=O)OCC[N+](C)(C)C)OC(=O)CCCCCCCCCCCCCCCCCCCCC","24778557","TRUE",NA,NA,"No Match"
"1432","BMDB62673","PC(11:0/23:0)","ARPFEYKJAOELFX-RRHRGVEJSA-N","[H][C@@](COC(=O)CCCCCCCCCC)(COP([O-])(=O)OCC[N+](C)(C)C)OC(=O)CCCCCCCCCCCCCCCCCCCCCC","24778558","TRUE",NA,NA,"No Match"
"1433","BMDB62674","PC(11:0/24:0)","WSIRPZLICLQFIR-VQJSHJPSSA-N","[H][C@@](COC(=O)CCCCCCCCCC)(COP([O-])(=O)OCC[N+](C)(C)C)OC(=O)CCCCCCCCCCCCCCCCCCCCCCC","24778559","TRUE",NA,NA,"No Match"
"1434","BMDB62675","PC(12:0/16:1(9Z))","YTBUBHOCZIYJCN-ALNMSFLZSA-N","[H][C@@](COC(=O)CCCCCCCCCCC)(COP([O-])(=O)OCC[N+](C)(C)C)OC(=O)CCCCCCC\C=C/CCCCCC","52922120","TRUE",NA,NA,"No Match"
"1435","BMDB62676","PC(12:0/17:0)","UHQZAGLLHJLILZ-PGUFJCEWSA-N","[H][C@@](COC(=O)CCCCCCCCCCC)(COP([O-])(=O)OCC[N+](C)(C)C)OC(=O)CCCCCCCCCCCCCCCC","52922122","TRUE",NA,NA,"No Match"
"1436","BMDB62677","PC(12:0/18:0)","XMMPMEPNQVLMLI-PSXMRANNSA-N","[H][C@@](COC(=O)CCCCCCCCCCC)(COP([O-])(=O)OCC[N+](C)(C)C)OC(=O)CCCCCCCCCCCCCCCCC","24778573","TRUE",NA,NA,"No Match"
"1437","BMDB62678","PC(12:0/18:1(9Z))","LPUZRKCOBURCPA-UAIAYBLDSA-N","[H][C@@](COC(=O)CCCCCCCCCCC)(COP([O-])(=O)OCC[N+](C)(C)C)OC(=O)CCCCCCC\C=C/CCCCCCCC","24778575","TRUE",NA,NA,"No Match"
"1438","BMDB62679","PC(12:0/19:0)","WMOFTJILTZIKIH-DIPNUNPCSA-N","[H][C@@](COC(=O)CCCCCCCCCCC)(COP([O-])(=O)OCC[N+](C)(C)C)OC(=O)CCCCCCCCCCCCCCCCCC","52922136","TRUE",NA,NA,"No Match"
"1439","BMDB62680","PC(12:0/20:0)","UZNWSMIOMFUEDK-KXQOOQHDSA-N","[H][C@@](COC(=O)CCCCCCCCCCC)(COP([O-])(=O)OCC[N+](C)(C)C)OC(=O)CCCCCCCCCCCCCCCCCCC","24778579","TRUE",NA,NA,"No Match"
"1440","BMDB62681","PC(12:0/20:1(11Z))","BUFPMOFUFXIVNG-YWTUKGCKSA-N","[H][C@@](COC(=O)CCCCCCCCCCC)(COP([O-])(=O)OCC[N+](C)(C)C)OC(=O)CCCCCCCCC\C=C/CCCCCCCC","52922140","TRUE",NA,NA,"No Match"
"1441","BMDB62682","PC(12:0/20:2(11Z,14Z))","IABPRJCFINAMLD-JSHIBXJCSA-N","[H][C@@](COC(=O)CCCCCCCCCCC)(COP([O-])(=O)OCC[N+](C)(C)C)OC(=O)CCCCCCCCC\C=C/C\C=C/CCCCC","52922142","TRUE",NA,NA,"No Match"
"1442","BMDB62683","PC(12:0/20:3(8Z,11Z,14Z))","KSFNDKKWDZYJSF-XDBAXXFZSA-N","[H][C@@](COC(=O)CCCCCCCCCCC)(COP([O-])(=O)OCC[N+](C)(C)C)OC(=O)CCCCCC\C=C/C\C=C/C\C=C/CCCCC","52922144","TRUE",NA,NA,"No Match"
"1443","BMDB62684","PC(12:0/21:0)","VQFNJMUDCGKGQK-LDLOPFEMSA-N","[H][C@@](COC(=O)CCCCCCCCCCC)(COP([O-])(=O)OCC[N+](C)(C)C)OC(=O)CCCCCCCCCCCCCCCCCCCC","52922150","TRUE",NA,NA,"No Match"
"1444","BMDB62685","PC(12:0/22:0)","WFNYHLJLDCXMDV-RRHRGVEJSA-N","[H][C@@](COC(=O)CCCCCCCCCCC)(COP([O-])(=O)OCC[N+](C)(C)C)OC(=O)CCCCCCCCCCCCCCCCCCCCC","24778581","TRUE",NA,NA,"No Match"
"1445","BMDB62686","PC(12:0/22:4(7Z,10Z,13Z,16Z))","YOKRROJLYKOJNI-SRHQVDMPSA-N","[H][C@@](COC(=O)CCCCCCCCCCC)(COP([O-])(=O)OCC[N+](C)(C)C)OC(=O)CCCCC\C=C/C\C=C/C\C=C/C\C=C/CCCCC","52922156","TRUE",NA,NA,"No Match"
"1446","BMDB62687","PC(12:0/23:0)","JYMIPWOZASSGGM-VQJSHJPSSA-N","[H][C@@](COC(=O)CCCCCCCCCCC)(COP([O-])(=O)OCC[N+](C)(C)C)OC(=O)CCCCCCCCCCCCCCCCCCCCCC","24778583","TRUE",NA,NA,"No Match"
"1447","BMDB62688","PC(12:0/24:0)","IIKFGPGQHMMADZ-HUESYALOSA-N","[H][C@@](COC(=O)CCCCCCCCCCC)(COP([O-])(=O)OCC[N+](C)(C)C)OC(=O)CCCCCCCCCCCCCCCCCCCCCCC","24778584","TRUE",NA,NA,"No Match"
"1448","BMDB62689","PC(13:0/16:0)","GYPKSXNFKICCOR-PGUFJCEWSA-N","[H][C@@](COC(=O)CCCCCCCCCCCC)(COP([O-])(=O)OCC[N+](C)(C)C)OC(=O)CCCCCCCCCCCCCCC","52922166","TRUE",NA,NA,"No Match"
"1449","BMDB62690","PC(13:0/17:0)","AZEAMUNCULVBPK-PSXMRANNSA-N","[H][C@@](COC(=O)CCCCCCCCCCCC)(COP([O-])(=O)OCC[N+](C)(C)C)OC(=O)CCCCCCCCCCCCCCCC","24778595","TRUE",NA,NA,"No Match"
"1450","BMDB62691","PC(13:0/18:0)","JCYHLCNGJZYTHB-DIPNUNPCSA-N","[H][C@@](COC(=O)CCCCCCCCCCCC)(COP([O-])(=O)OCC[N+](C)(C)C)OC(=O)CCCCCCCCCCCCCCCCC","52922174","TRUE",NA,NA,"No Match"
"1451","BMDB62692","PC(13:0/18:1(9Z))","JLKJDPHPYLQTAM-PLOGQBHYSA-N","[H][C@@](COC(=O)CCCCCCCCCCCC)(COP([O-])(=O)OCC[N+](C)(C)C)OC(=O)CCCCCCC\C=C/CCCCCCCC","52922176","TRUE",NA,NA,"No Match"
"1452","BMDB62693","PC(13:0/18:2(9Z,12Z))","VYIZOJIGQOJWGL-HFWMYYSASA-N","[H][C@@](COC(=O)CCCCCCCCCCCC)(COP([O-])(=O)OCC[N+](C)(C)C)OC(=O)CCCCCCC\C=C/C\C=C/CCCCC","52922178","TRUE",NA,NA,"No Match"
"1453","BMDB62694","PC(13:0/19:0)","CXQDKCMMOXUQLJ-KXQOOQHDSA-N","[H][C@@](COC(=O)CCCCCCCCCCCC)(COP([O-])(=O)OCC[N+](C)(C)C)OC(=O)CCCCCCCCCCCCCCCCCC","24778597","TRUE",NA,NA,"No Match"
"1454","BMDB62695","PC(13:0/20:0)","STFDYQJAZCASBW-LDLOPFEMSA-N","[H][C@@](COC(=O)CCCCCCCCCCCC)(COP([O-])(=O)OCC[N+](C)(C)C)OC(=O)CCCCCCCCCCCCCCCCCCC","24778599","TRUE",NA,NA,"No Match"
"1455","BMDB62696","PC(13:0/20:1(11Z))","HILNHYCWLDRSKJ-DPTAKULKSA-N","[H][C@@](COC(=O)CCCCCCCCCCCC)(COP([O-])(=O)OCC[N+](C)(C)C)OC(=O)CCCCCCCCC\C=C/CCCCCCCC","52922188","TRUE",NA,NA,"No Match"
"1456","BMDB62697","PC(13:0/20:2(11Z,14Z))","QHOURZDLKBFDGQ-ZSIBMOKUSA-N","[H][C@@](COC(=O)CCCCCCCCCCCC)(COP([O-])(=O)OCC[N+](C)(C)C)OC(=O)CCCCCCCCC\C=C/C\C=C/CCCCC","52922190","TRUE",NA,NA,"No Match"
"1457","BMDB62698","PC(13:0/21:0)","YNAVPMYVEPIOMV-RRHRGVEJSA-N","[H][C@@](COC(=O)CCCCCCCCCCCC)(COP([O-])(=O)OCC[N+](C)(C)C)OC(=O)CCCCCCCCCCCCCCCCCCCC","24778600","TRUE",NA,NA,"No Match"
"1458","BMDB62699","PC(13:0/22:0)","QASAKYKIYWSVDC-VQJSHJPSSA-N","[H][C@@](COC(=O)CCCCCCCCCCCC)(COP([O-])(=O)OCC[N+](C)(C)C)OC(=O)CCCCCCCCCCCCCCCCCCCCC","52922198","TRUE",NA,NA,"No Match"
"1459","BMDB62700","PC(13:0/23:0)","KMWAIMBDGYWJJR-HUESYALOSA-N","[H][C@@](COC(=O)CCCCCCCCCCCC)(COP([O-])(=O)OCC[N+](C)(C)C)OC(=O)CCCCCCCCCCCCCCCCCCCCCC","24778602","TRUE",NA,NA,"No Match"
"1460","BMDB62701","PC(14:0/17:0)","XVICSSKXVFMPSZ-DIPNUNPCSA-N","[H][C@@](COC(=O)CCCCCCCCCCCCC)(COP([O-])(=O)OCC[N+](C)(C)C)OC(=O)CCCCCCCCCCCCCCCC","52922214","TRUE",NA,NA,"No Match"
"1461","BMDB62702","PC(14:0/19:0)","LQBNSMVVDPMRST-LDLOPFEMSA-N","[H][C@@](COC(=O)CCCCCCCCCCCCC)(COP([O-])(=O)OCC[N+](C)(C)C)OC(=O)CCCCCCCCCCCCCCCCCC","52922222","TRUE",NA,NA,"No Match"
"1462","BMDB62703","PC(14:0/21:0)","ZAEASCYIFCXOFJ-VQJSHJPSSA-N","[H][C@@](COC(=O)CCCCCCCCCCCCC)(COP([O-])(=O)OCC[N+](C)(C)C)OC(=O)CCCCCCCCCCCCCCCCCCCC","52922232","TRUE",NA,NA,"No Match"
"1463","BMDB62704","PC(14:1(9Z)/17:0)","UWZMQXDPMXICQP-IEHWZJNJSA-N","[H][C@@](COC(=O)CCCCCCC\C=C/CCCC)(COP([O-])(=O)OCC[N+](C)(C)C)OC(=O)CCCCCCCCCCCCCCCC","52922254","TRUE",NA,NA,"No Match"
"1464","BMDB62705","PC(14:1(9Z)/19:0)","XUJPXXPURAZXIE-DTKYWWSASA-N","[H][C@@](COC(=O)CCCCCCC\C=C/CCCC)(COP([O-])(=O)OCC[N+](C)(C)C)OC(=O)CCCCCCCCCCCCCCCCCC","52922272","TRUE",NA,NA,"No Match"
"1465","BMDB62706","PC(14:1(9Z)/21:0)","APGJPFHCNZZTPN-XTSQRIEGSA-N","[H][C@@](COC(=O)CCCCCCC\C=C/CCCC)(COP([O-])(=O)OCC[N+](C)(C)C)OC(=O)CCCCCCCCCCCCCCCCCCCC","52922288","TRUE",NA,NA,"No Match"
"1466","BMDB62708","PC(15:0/17:0)","CAGAUSXUXQQKRC-KXQOOQHDSA-N","[H][C@@](COC(=O)CCCCCCCCCCCCCC)(COP([O-])(=O)OCC[N+](C)(C)C)OC(=O)CCCCCCCCCCCCCCCC","24778659","TRUE",NA,NA,"No Match"
"1467","BMDB62709","PC(15:0/19:0)","YVCPDSWUXVQBNE-RRHRGVEJSA-N","[H][C@@](COC(=O)CCCCCCCCCCCCCC)(COP([O-])(=O)OCC[N+](C)(C)C)OC(=O)CCCCCCCCCCCCCCCCCC","24778666","TRUE",NA,NA,"No Match"
"1468","BMDB62710","PC(15:0/21:0)","VWLICNQRTMDGNI-HUESYALOSA-N","[H][C@@](COC(=O)CCCCCCCCCCCCCC)(COP([O-])(=O)OCC[N+](C)(C)C)OC(=O)CCCCCCCCCCCCCCCCCCCC","24778670","TRUE",NA,NA,"No Match"
"1469","BMDB62712","PC(16:0/13:0)","JTPYLSOQEHJKNH-PGUFJCEWSA-N","[H][C@@](COC(=O)CCCCCCCCCCCCCCC)(COP([O-])(=O)OCC[N+](C)(C)C)OC(=O)CCCCCCCCCCCC","52922406","TRUE",NA,NA,"No Match"
"1470","BMDB62713","PC(16:0/17:0)","CNHYMCCAIZQMPA-LDLOPFEMSA-N","[H][C@@](COC(=O)CCCCCCCCCCCCCCC)(COP([O-])(=O)OCC[N+](C)(C)C)OC(=O)CCCCCCCCCCCCCCCC","24778682","TRUE",NA,NA,"No Match"
"1471","BMDB62714","PC(16:0/18:1(11E))","AEPVLLKGEBHLEJ-KWNHIAGJSA-N","[H][C@@](COC(=O)CCCCCCCCCCCCCCC)(COP([O-])(=O)OCC[N+](C)(C)C)OC(=O)CCCCCCCCC\C=C/CCCCCC","24778688","TRUE","DMD305274","DMD305274","Unique Match (by names only)"
"1472","BMDB62715","PC(16:0/18:1(9E))","WTJKGGKOPKCXLL-VYOBOKEXSA-N","[H][C@@](COC(=O)CCCCCCCCCCCCCCC)(COP([O-])(=O)OCC[N+](C)(C)C)OC(=O)CCCCCCC\C=C/CCCCCCCC","5497103","TRUE","DMD305274","DMD305274","Unique Match (by names and pubchem)"
"1473","BMDB62716","PC(16:0/18:2(9E,12E))","JLPULHDHAOZNQI-ZTIMHPMXSA-N","[H][C@@](COC(=O)CCCCCCCCCCCCCCC)(COP([O-])(=O)OCC[N+](C)(C)C)OC(=O)CCCCCCC\C=C/C\C=C/CCCCC","5287971","TRUE","DMD302337","DMD302337","Unique Match (by names and pubchem)"
"1474","BMDB62717","PC(16:0/19:0)","DRHYTKZTKWDSBJ-VQJSHJPSSA-N","[H][C@@](COC(=O)CCCCCCCCCCCCCCC)(COP([O-])(=O)OCC[N+](C)(C)C)OC(=O)CCCCCCCCCCCCCCCCCC","52922414","TRUE",NA,NA,"No Match"
"1475","BMDB62718","PC(16:0/21:0)","MLFCBZAXKCJVAK-VZUYHUTRSA-N","[H][C@@](COC(=O)CCCCCCCCCCCCCCC)(COP([O-])(=O)OCC[N+](C)(C)C)OC(=O)CCCCCCCCCCCCCCCCCCCC","52922422","TRUE",NA,NA,"No Match"
"1476","BMDB62719","PC(16:1(9Z)/12:0)","NEMULSNXBUKEGX-ALNMSFLZSA-N","[H][C@@](COC(=O)CCCCCCC\C=C/CCCCCC)(COP([O-])(=O)OCC[N+](C)(C)C)OC(=O)CCCCCCCCCCC","52922428","TRUE",NA,NA,"No Match"
"1477","BMDB62720","PC(16:1(9Z)/17:0)","OFRWLQSOUIZELQ-VEAYGOGPSA-N","[H][C@@](COC(=O)CCCCCCC\C=C/CCCCCC)(COP([O-])(=O)OCC[N+](C)(C)C)OC(=O)CCCCCCCCCCCCCCCC","52922442","TRUE","DMD302333","DMD302333","Unique Match (by names and pubchem)"
"1478","BMDB62721","PC(16:1(9Z)/19:0)","BKOVIRNFTBFFRO-HVLKLTLRSA-N","[H][C@@](COC(=O)CCCCCCC\C=C/CCCCCC)(COP([O-])(=O)OCC[N+](C)(C)C)OC(=O)CCCCCCCCCCCCCCCCCC","52922454","TRUE",NA,NA,"No Match"
"1479","BMDB62722","PC(17:0/12:0)","FKXLGHWVLBZNMB-PGUFJCEWSA-N","[H][C@@](COC(=O)CCCCCCCCCCCCCCCC)(COP([O-])(=O)OCC[N+](C)(C)C)OC(=O)CCCCCCCCCCC","52922477","TRUE",NA,NA,"No Match"
"1480","BMDB62723","PC(17:0/13:0)","WCVPTHRKFPAKIN-PSXMRANNSA-N","[H][C@@](COC(=O)CCCCCCCCCCCCCCCC)(COP([O-])(=O)OCC[N+](C)(C)C)OC(=O)CCCCCCCCCCCC","24778779","TRUE",NA,NA,"No Match"
"1481","BMDB62724","PC(17:0/14:0)","JSYFGYWOHKUBJD-DIPNUNPCSA-N","[H][C@@](COC(=O)CCCCCCCCCCCCCCCC)(COP([O-])(=O)OCC[N+](C)(C)C)OC(=O)CCCCCCCCCCCCC","52922479","TRUE",NA,NA,"No Match"
"1482","BMDB62725","PC(17:0/14:1(9Z))","PLMJQEBGYPYWCL-IEHWZJNJSA-N","[H][C@@](COC(=O)CCCCCCCCCCCCCCCC)(COP([O-])(=O)OCC[N+](C)(C)C)OC(=O)CCCCCCC\C=C/CCCC","24778520","TRUE",NA,NA,"No Match"
"1483","BMDB62726","PC(17:0/15:0)","LOLPCAJPUJWKHZ-KXQOOQHDSA-N","[H][C@@](COC(=O)CCCCCCCCCCCCCCCC)(COP([O-])(=O)OCC[N+](C)(C)C)OC(=O)CCCCCCCCCCCCCC","24778781","TRUE",NA,NA,"No Match"
"1484","BMDB62727","PC(17:0/16:0)","ULRGYXXISKXLRY-LDLOPFEMSA-N","[H][C@@](COC(=O)CCCCCCCCCCCCCCCC)(COP([O-])(=O)OCC[N+](C)(C)C)OC(=O)CCCCCCCCCCCCCCC","52922483","TRUE",NA,NA,"No Match"
"1485","BMDB62728","PC(17:0/16:1(9Z))","DISVYZNGGMDUPX-VEAYGOGPSA-N","[H][C@@](COC(=O)CCCCCCCCCCCCCCCC)(COP([O-])(=O)OCC[N+](C)(C)C)OC(=O)CCCCCCC\C=C/CCCCCC","52922485","TRUE",NA,NA,"No Match"
"1486","BMDB62729","PC(17:0/17:0)","RTWAYAIMWLNAJW-RRHRGVEJSA-N","[H][C@@](COC(=O)CCCCCCCCCCCCCCCC)(COP([O-])(=O)OCC[N+](C)(C)C)OC(=O)CCCCCCCCCCCCCCCC","24778784","TRUE",NA,NA,"No Match"
"1487","BMDB62730","PC(17:0/18:0)","YJWIMUXYXBHXDA-VQJSHJPSSA-N","[H][C@@](COC(=O)CCCCCCCCCCCCCCCC)(COP([O-])(=O)OCC[N+](C)(C)C)OC(=O)CCCCCCCCCCCCCCCCC","24778785","TRUE",NA,NA,"No Match"
"1488","BMDB62731","PC(17:0/18:1(9Z))","SXNXGNVZTLZDHE-IYEJTHTFSA-N","[H][C@@](COC(=O)CCCCCCCCCCCCCCCC)(COP([O-])(=O)OCC[N+](C)(C)C)OC(=O)CCCCCCC\C=C/CCCCCCCC","24778787","TRUE",NA,NA,"No Match"
"1489","BMDB62732","PC(17:0/18:2(9Z,12Z))","ZSKWZJYUVZYDQU-WESJWMGVSA-N","[H][C@@](COC(=O)CCCCCCCCCCCCCCCC)(COP([O-])(=O)OCC[N+](C)(C)C)OC(=O)CCCCCCC\C=C/C\C=C/CCCCC","52922491","TRUE",NA,NA,"No Match"
"1490","BMDB62733","PC(17:0/18:3(6Z,9Z,12Z))","FRGPJGOCQLYORI-LKMVIVGJSA-N","[H][C@@](COC(=O)CCCCCCCCCCCCCCCC)(COP([O-])(=O)OCC[N+](C)(C)C)OC(=O)CCCC\C=C/C\C=C/C\C=C/CCCCC","52922493","TRUE",NA,NA,"No Match"
"1491","BMDB62734","PC(17:0/18:3(9Z,12Z,15Z))","JWRXJXZFMNQZBD-CAPSFDDTSA-N","[H][C@@](COC(=O)CCCCCCCCCCCCCCCC)(COP([O-])(=O)OCC[N+](C)(C)C)OC(=O)CCCCCCC\C=C/C\C=C/C\C=C/CC","10373012","TRUE",NA,NA,"No Match"
"1492","BMDB62735","PC(17:0/19:0)","YTOAPAUFDPDITM-HUESYALOSA-N","[H][C@@](COC(=O)CCCCCCCCCCCCCCCC)(COP([O-])(=O)OCC[N+](C)(C)C)OC(=O)CCCCCCCCCCCCCCCCCC","52922497","TRUE",NA,NA,"No Match"
"1493","BMDB62736","PC(17:0/20:0)","DUHNELFGOVIVQQ-VZUYHUTRSA-N","[H][C@@](COC(=O)CCCCCCCCCCCCCCCC)(COP([O-])(=O)OCC[N+](C)(C)C)OC(=O)CCCCCCCCCCCCCCCCCCC","52922501","TRUE",NA,NA,"No Match"
"1494","BMDB62738","PC(17:1(10Z)/17:1(10Z))","IPVXFAFRWUVOLG-JSLHZOBYSA-N","[H][C@@](COC(=O)CCCCCCCC\C=C/CCCCCC)(COP([O-])(=O)OCC[N+](C)(C)C)OC(=O)CCCCCCCC\C=C/CCCCCC","24778802","TRUE",NA,NA,"No Match"
"1495","BMDB62740","PC(18:0/12:0)","BRNGDJBMPAYDPP-PSXMRANNSA-N","[H][C@@](COC(=O)CCCCCCCCCCCCCCCCC)(COP([O-])(=O)OCC[N+](C)(C)C)OC(=O)CCCCCCCCCCC","24778808","TRUE",NA,NA,"No Match"
"1496","BMDB62741","PC(18:0/13:0)","MBVGMFMZJMLHCN-DIPNUNPCSA-N","[H][C@@](COC(=O)CCCCCCCCCCCCCCCCC)(COP([O-])(=O)OCC[N+](C)(C)C)OC(=O)CCCCCCCCCCCC","52922641","TRUE",NA,NA,"No Match"
"1497","BMDB62742","PC(18:0/17:0)","INGHVKLNPWCPOK-VQJSHJPSSA-N","[H][C@@](COC(=O)CCCCCCCCCCCCCCCCC)(COP([O-])(=O)OCC[N+](C)(C)C)OC(=O)CCCCCCCCCCCCCCCC","52922649","TRUE",NA,NA,"No Match"
"1498","BMDB62743","PC(18:0/18:1(9E))","ATHVAWFAEPLPPQ-VRDBWYNSSA-N","[H][C@@](COC(=O)CCCCCCCCCCCCCCCCC)(COP([O-])(=O)OCC[N+](C)(C)C)OC(=O)CCCCCCC\C=C/CCCCCCCC","24778825","TRUE","DMD302344;DMD302345","DMD302344","Unique Match (by names and pubchem)"
"1499","BMDB62744","PC(18:0/19:0)","IFJJJCCHAXWTHR-VZUYHUTRSA-N","[H][C@@](COC(=O)CCCCCCCCCCCCCCCCC)(COP([O-])(=O)OCC[N+](C)(C)C)OC(=O)CCCCCCCCCCCCCCCCCC","52922659","TRUE",NA,NA,"No Match"
"1500","BMDB62745","PC(18:1(11E)/18:1(11E))","XUCDYRWWRZBNCQ-BHOZFUPKSA-N","[H][C@@](COC(=O)CCCCCCCCC\C=C/CCCCCC)(COP([O-])(=O)OCC[N+](C)(C)C)OC(=O)CCCCCCCCC\C=C/CCCCCC","24778895","TRUE","DMD302346","DMD302346","Unique Match (by names only)"
"1501","BMDB62747","PC(18:1(9E)/18:1(9E))","SNKAWJBJQDLSFF-NVKMUCNASA-N","[H][C@@](COC(=O)CCCCCCC\C=C/CCCCCCCC)(COP([O-])(=O)OCC[N+](C)(C)C)OC(=O)CCCCCCC\C=C/CCCCCCCC","10350317","TRUE","DMD302346","DMD302346","Unique Match (by names and pubchem)"
"1502","BMDB62749","PC(18:1(9Z)/12:0)","KVJSTSHUTARPIN-UAIAYBLDSA-N","[H][C@@](COC(=O)CCCCCCC\C=C/CCCCCCCC)(COP([O-])(=O)OCC[N+](C)(C)C)OC(=O)CCCCCCCCCCC","52922669","TRUE",NA,NA,"No Match"
"1503","BMDB62750","PC(18:1(9Z)/13:0)","IGTKDXNVLGHPAA-PLOGQBHYSA-N","[H][C@@](COC(=O)CCCCCCC\C=C/CCCCCCCC)(COP([O-])(=O)OCC[N+](C)(C)C)OC(=O)CCCCCCCCCCCC","52922671","TRUE",NA,NA,"No Match"
"1504","BMDB62751","PC(18:1(9Z)/17:0)","MFHIZGSSDZJFKD-IYEJTHTFSA-N","[H][C@@](COC(=O)CCCCCCC\C=C/CCCCCCCC)(COP([O-])(=O)OCC[N+](C)(C)C)OC(=O)CCCCCCCCCCCCCCCC","52922679","TRUE","DMD302340","DMD302340","Unique Match (by names and pubchem)"
"1505","BMDB62753","PC(18:2(9Z,12Z)/13:0)","RFJWWQWWVQESGK-HFWMYYSASA-N","[H][C@@](COC(=O)CCCCCCC\C=C/C\C=C/CCCCC)(COP([O-])(=O)OCC[N+](C)(C)C)OC(=O)CCCCCCCCCCCC","52922709","TRUE",NA,NA,"No Match"
"1506","BMDB62754","PC(18:2(9Z,12Z)/17:0)","MJWAVUYQCBFFHQ-WESJWMGVSA-N","[H][C@@](COC(=O)CCCCCCC\C=C/C\C=C/CCCCC)(COP([O-])(=O)OCC[N+](C)(C)C)OC(=O)CCCCCCCCCCCCCCCC","52922721","TRUE","DMD302342","DMD302342","Unique Match (by names and pubchem)"
"1507","BMDB62755","PC(18:2(9Z,12Z)/20:1(13Z))","VQHXLFJRJYRJKV-IIRKCDRKSA-N","[H][C@@](COC(=O)CCCCCCC\C=C/C\C=C/CCCCC)(COP([O-])(=O)OCC[N+](C)(C)C)OC(=O)CCCCCCCCCCC\C=C/CCCCCC","24778978","TRUE",NA,NA,"No Match"
"1508","BMDB62756","PC(18:3(6Z,9Z,12Z)/17:0)","PUHAYEBYJPOIQY-MZWPLUPDSA-N","[H][C@@](COC(=O)CCCC\C=C/C\C=C/C\C=C/CCCCC)(COP([O-])(=O)OCC[N+](C)(C)C)OC(=O)CCCCCCCCCCCCCCCC","52922775","TRUE",NA,NA,"No Match"
"1509","BMDB62757","PC(18:3(9Z,12Z,15Z)/17:0)","GCHJOKRHLDGHKV-CAPSFDDTSA-N","[H][C@@](COC(=O)CCCCCCC\C=C/C\C=C/C\C=C/CC)(COP([O-])(=O)OCC[N+](C)(C)C)OC(=O)CCCCCCCCCCCCCCCC","52922837","TRUE",NA,NA,"No Match"
"1510","BMDB62758","PC(19:0/10:0)","KPRFWGHYCQLGIB-PGUFJCEWSA-N","[H][C@@](COC(=O)CCCCCCCCCCCCCCCCCC)(COP([O-])(=O)OCC[N+](C)(C)C)OC(=O)CCCCCCCCC","24779001","TRUE",NA,NA,"No Match"
"1511","BMDB62759","PC(19:0/11:0)","CLIZQKAVTJPDEN-PSXMRANNSA-N","[H][C@@](COC(=O)CCCCCCCCCCCCCCCCCC)(COP([O-])(=O)OCC[N+](C)(C)C)OC(=O)CCCCCCCCCC","24779002","TRUE",NA,NA,"No Match"
"1512","BMDB62760","PC(19:0/12:0)","DXWQYRCWRLUKOS-DIPNUNPCSA-N","[H][C@@](COC(=O)CCCCCCCCCCCCCCCCCC)(COP([O-])(=O)OCC[N+](C)(C)C)OC(=O)CCCCCCCCCCC","24779000","TRUE",NA,NA,"No Match"
"1513","BMDB62761","PC(19:0/13:0)","DKJFFVQSQABKEK-KXQOOQHDSA-N","[H][C@@](COC(=O)CCCCCCCCCCCCCCCCCC)(COP([O-])(=O)OCC[N+](C)(C)C)OC(=O)CCCCCCCCCCCC","24779003","TRUE",NA,NA,"No Match"
"1514","BMDB62762","PC(19:0/14:0)","ICFUPYGUNPVSGP-LDLOPFEMSA-N","[H][C@@](COC(=O)CCCCCCCCCCCCCCCCCC)(COP([O-])(=O)OCC[N+](C)(C)C)OC(=O)CCCCCCCCCCCCC","24779004","TRUE",NA,NA,"No Match"
"1515","BMDB62763","PC(19:0/14:1(9Z))","GOHYYOQGBYBAOF-DTKYWWSASA-N","[H][C@@](COC(=O)CCCCCCCCCCCCCCCCCC)(COP([O-])(=O)OCC[N+](C)(C)C)OC(=O)CCCCCCC\C=C/CCCC","52922941","TRUE",NA,NA,"No Match"
"1516","BMDB62764","PC(19:0/15:0)","UPCIYBKCVDLVKU-RRHRGVEJSA-N","[H][C@@](COC(=O)CCCCCCCCCCCCCCCCCC)(COP([O-])(=O)OCC[N+](C)(C)C)OC(=O)CCCCCCCCCCCCCC","24779005","TRUE",NA,NA,"No Match"
"1517","BMDB62765","PC(19:0/16:0)","RVFNLUBQFSKSDF-VQJSHJPSSA-N","[H][C@@](COC(=O)CCCCCCCCCCCCCCCCCC)(COP([O-])(=O)OCC[N+](C)(C)C)OC(=O)CCCCCCCCCCCCCCC","52922945","TRUE",NA,NA,"No Match"
"1518","BMDB62766","PC(19:0/16:1(9Z))","TYYCWWRIQSAMHL-HVLKLTLRSA-N","[H][C@@](COC(=O)CCCCCCCCCCCCCCCCCC)(COP([O-])(=O)OCC[N+](C)(C)C)OC(=O)CCCCCCC\C=C/CCCCCC","52922947","TRUE",NA,NA,"No Match"
"1519","BMDB62767","PC(19:0/17:0)","OQLHGHFYLRSIBN-HUESYALOSA-N","[H][C@@](COC(=O)CCCCCCCCCCCCCCCCCC)(COP([O-])(=O)OCC[N+](C)(C)C)OC(=O)CCCCCCCCCCCCCCCC","52922949","TRUE",NA,NA,"No Match"
"1520","BMDB62768","PC(19:0/18:0)","BRXGZTCFEWZBRM-VZUYHUTRSA-N","[H][C@@](COC(=O)CCCCCCCCCCCCCCCCCC)(COP([O-])(=O)OCC[N+](C)(C)C)OC(=O)CCCCCCCCCCCCCCCCC","24779008","TRUE",NA,NA,"No Match"
"1521","BMDB62770","PC(20:0/10:0)","MTTZRTHCTZNGFG-PSXMRANNSA-N","[H][C@@](COC(=O)CCCCCCCCCCCCCCCCCCC)(COP([O-])(=O)OCC[N+](C)(C)C)OC(=O)CCCCCCCCC","24779023","TRUE",NA,NA,"No Match"
"1522","BMDB62771","PC(20:0/11:0)","NLEPZIUGLKQAFD-DIPNUNPCSA-N","[H][C@@](COC(=O)CCCCCCCCCCCCCCCCCCC)(COP([O-])(=O)OCC[N+](C)(C)C)OC(=O)CCCCCCCCCC","24779024","TRUE",NA,NA,"No Match"
"1523","BMDB62772","PC(20:0/12:0)","OEKBHTCWCOFVKC-KXQOOQHDSA-N","[H][C@@](COC(=O)CCCCCCCCCCCCCCCCCCC)(COP([O-])(=O)OCC[N+](C)(C)C)OC(=O)CCCCCCCCCCC","24779025","TRUE",NA,NA,"No Match"
"1524","BMDB62773","PC(20:0/13:0)","CJNXCVHAGWTVKV-LDLOPFEMSA-N","[H][C@@](COC(=O)CCCCCCCCCCCCCCCCCCC)(COP([O-])(=O)OCC[N+](C)(C)C)OC(=O)CCCCCCCCCCCC","24779027","TRUE",NA,NA,"No Match"
"1525","BMDB62774","PC(20:0/17:0)","NQDMCNOOWGQYBO-VZUYHUTRSA-N","[H][C@@](COC(=O)CCCCCCCCCCCCCCCCCCC)(COP([O-])(=O)OCC[N+](C)(C)C)OC(=O)CCCCCCCCCCCCCCCC","52923061","TRUE",NA,NA,"No Match"
"1526","BMDB62775","PC(20:0/20:3(11Z,14Z,17Z))","REABNEVSLLNWCN-NEUZZYPFSA-N","[H][C@@](COC(=O)CCCCCCCCCCCCCCCCCCC)(COP([O-])(=O)OCC[N+](C)(C)C)OC(=O)CCCCCCCCC\C=C/C\C=C/C\C=C/CC","24779047","TRUE",NA,NA,"No Match"
"1527","BMDB62776","PC(20:0/9:0)","YTMYGNSSWREFBW-PGUFJCEWSA-N","[H][C@@](COC(=O)CCCCCCCCCCCCCCCCCCC)(COP([O-])(=O)OCC[N+](C)(C)C)OC(=O)CCCCCCCC","24779060","TRUE",NA,NA,"No Match"
"1528","BMDB62777","PC(20:1(11Z)/12:0)","XIRHBJHIIUMUKR-YWTUKGCKSA-N","[H][C@@](COC(=O)CCCCCCCCC\C=C/CCCCCCCC)(COP([O-])(=O)OCC[N+](C)(C)C)OC(=O)CCCCCCCCCCC","52923089","TRUE",NA,NA,"No Match"
"1529","BMDB62778","PC(20:1(11Z)/13:0)","FOVVQGVAJUZWET-DPTAKULKSA-N","[H][C@@](COC(=O)CCCCCCCCC\C=C/CCCCCCCC)(COP([O-])(=O)OCC[N+](C)(C)C)OC(=O)CCCCCCCCCCCC","52923091","TRUE",NA,NA,"No Match"
"1530","BMDB62780","PC(20:2(11Z,14Z)/12:0)","ADIAWBPVWHYXNV-JSHIBXJCSA-N","[H][C@@](COC(=O)CCCCCCCCC\C=C/C\C=C/CCCCC)(COP([O-])(=O)OCC[N+](C)(C)C)OC(=O)CCCCCCCCCCC","52923149","TRUE",NA,NA,"No Match"
"1531","BMDB62781","PC(20:2(11Z,14Z)/13:0)","GYFILLBYNRTMGU-ZSIBMOKUSA-N","[H][C@@](COC(=O)CCCCCCCCC\C=C/C\C=C/CCCCC)(COP([O-])(=O)OCC[N+](C)(C)C)OC(=O)CCCCCCCCCCCC","52923151","TRUE",NA,NA,"No Match"
"1532","BMDB62782","PC(20:3(8Z,11Z,14Z)/12:0)","IVCMKVDNISHOEW-XDBAXXFZSA-N","[H][C@@](COC(=O)CCCCCC\C=C/C\C=C/C\C=C/CCCCC)(COP([O-])(=O)OCC[N+](C)(C)C)OC(=O)CCCCCCCCCCC","52923209","TRUE",NA,NA,"No Match"
"1533","BMDB62783","PC(20:4(8E,11E,14E,17E)/16:0)","JWAPTBDWCHGPTG-HCYAGMRRSA-N","[H][C@@](COC(=O)CCCCCC\C=C/C\C=C/C\C=C/C\C=C/CC)(COP([O-])(=O)OCC[N+](C)(C)C)OC(=O)CCCCCCCCCCCCCCC","53479063","TRUE",NA,NA,"No Match"
"1534","BMDB62784","PC(21:0/10:0)","FXZOHFRKKZKXPD-DIPNUNPCSA-N","[H][C@@](COC(=O)CCCCCCCCCCCCCCCCCCCC)(COP([O-])(=O)OCC[N+](C)(C)C)OC(=O)CCCCCCCCC","24779083","TRUE",NA,NA,"No Match"
"1535","BMDB62785","PC(21:0/11:0)","NRPOMZRRLOEOKX-KXQOOQHDSA-N","[H][C@@](COC(=O)CCCCCCCCCCCCCCCCCCCC)(COP([O-])(=O)OCC[N+](C)(C)C)OC(=O)CCCCCCCCCC","24779084","TRUE",NA,NA,"No Match"
"1536","BMDB62786","PC(21:0/12:0)","ZEQNNYKWRFDTGA-LDLOPFEMSA-N","[H][C@@](COC(=O)CCCCCCCCCCCCCCCCCCCC)(COP([O-])(=O)OCC[N+](C)(C)C)OC(=O)CCCCCCCCCCC","24779085","TRUE",NA,NA,"No Match"
"1537","BMDB62787","PC(21:0/13:0)","LVVWZXOZKXLVLZ-RRHRGVEJSA-N","[H][C@@](COC(=O)CCCCCCCCCCCCCCCCCCCC)(COP([O-])(=O)OCC[N+](C)(C)C)OC(=O)CCCCCCCCCCCC","24779086","TRUE",NA,NA,"No Match"
"1538","BMDB62788","PC(21:0/14:0)","ALLHTRSITKAMHF-VQJSHJPSSA-N","[H][C@@](COC(=O)CCCCCCCCCCCCCCCCCCCC)(COP([O-])(=O)OCC[N+](C)(C)C)OC(=O)CCCCCCCCCCCCC","24779087","TRUE",NA,NA,"No Match"
"1539","BMDB62789","PC(21:0/14:1(9Z))","JLMJHJHQZIEXTR-XTSQRIEGSA-N","[H][C@@](COC(=O)CCCCCCCCCCCCCCCCCCCC)(COP([O-])(=O)OCC[N+](C)(C)C)OC(=O)CCCCCCC\C=C/CCCC","52923387","TRUE",NA,NA,"No Match"
"1540","BMDB62790","PC(21:0/15:0)","GAYMLEAVRJPZQZ-HUESYALOSA-N","[H][C@@](COC(=O)CCCCCCCCCCCCCCCCCCCC)(COP([O-])(=O)OCC[N+](C)(C)C)OC(=O)CCCCCCCCCCCCCC","52923389","TRUE",NA,NA,"No Match"
"1541","BMDB62791","PC(21:0/16:0)","VCWGWIAETRVTSS-VZUYHUTRSA-N","[H][C@@](COC(=O)CCCCCCCCCCCCCCCCCCCC)(COP([O-])(=O)OCC[N+](C)(C)C)OC(=O)CCCCCCCCCCCCCCC","52923393","TRUE",NA,NA,"No Match"
"1542","BMDB62793","PC(22:0/10:0)","VSXSGSFCMUCJEP-KXQOOQHDSA-N","[H][C@@](COC(=O)CCCCCCCCCCCCCCCCCCCCC)(COP([O-])(=O)OCC[N+](C)(C)C)OC(=O)CCCCCCCCC","24779101","TRUE",NA,NA,"No Match"
"1543","BMDB62794","PC(22:0/11:0)","UDZHTHXFNTYZET-LDLOPFEMSA-N","[H][C@@](COC(=O)CCCCCCCCCCCCCCCCCCCCC)(COP([O-])(=O)OCC[N+](C)(C)C)OC(=O)CCCCCCCCCC","24779102","TRUE",NA,NA,"No Match"
"1544","BMDB62795","PC(22:0/12:0)","MCNGJGRPYKOAMP-RRHRGVEJSA-N","[H][C@@](COC(=O)CCCCCCCCCCCCCCCCCCCCC)(COP([O-])(=O)OCC[N+](C)(C)C)OC(=O)CCCCCCCCCCC","129220","TRUE",NA,NA,"No Match"
"1545","BMDB62796","PC(22:0/13:0)","JXUNNMKLYVGIJB-VQJSHJPSSA-N","[H][C@@](COC(=O)CCCCCCCCCCCCCCCCCCCCC)(COP([O-])(=O)OCC[N+](C)(C)C)OC(=O)CCCCCCCCCCCC","24779103","TRUE",NA,NA,"No Match"
"1546","BMDB62797","PC(22:4(7Z,10Z,13Z,16Z)/12:0)","MGGLQCYIGIKUIE-SRHQVDMPSA-N","[H][C@@](COC(=O)CCCCC\C=C/C\C=C/C\C=C/C\C=C/CCCCC)(COP([O-])(=O)OCC[N+](C)(C)C)OC(=O)CCCCCCCCCCC","52923609","TRUE",NA,NA,"No Match"
"1547","BMDB62798","PC(8:0/21:0)","XZKUOSQHYOWFDI-PGUFJCEWSA-N","[H][C@@](COC(=O)CCCCCCC)(COP([O-])(=O)OCC[N+](C)(C)C)OC(=O)CCCCCCCCCCCCCCCCCCCC","24779239","TRUE",NA,NA,"No Match"
"1548","BMDB62799","PC(9:0/20:0)","XQHFCKHXMOVTPR-PGUFJCEWSA-N","[H][C@@](COC(=O)CCCCCCCC)(COP([O-])(=O)OCC[N+](C)(C)C)OC(=O)CCCCCCCCCCCCCCCCCCC","24779256","TRUE",NA,NA,"No Match"
"1549","BMDB62800","PC(9:0/21:0)","DUIXEMAPYZKKBI-PSXMRANNSA-N","[H][C@@](COC(=O)CCCCCCCC)(COP([O-])(=O)OCC[N+](C)(C)C)OC(=O)CCCCCCCCCCCCCCCCCCCC","24779257","TRUE",NA,NA,"No Match"
"1550","BMDB62801","PC(9:0/22:0)","RGNMOUGZXRAJNF-DIPNUNPCSA-N","[H][C@@](COC(=O)CCCCCCCC)(COP([O-])(=O)OCC[N+](C)(C)C)OC(=O)CCCCCCCCCCCCCCCCCCCCC","24779258","TRUE",NA,NA,"No Match"
"1551","BMDB62802","PC(9:0/23:0)","HVWSSWJXFOIYDD-KXQOOQHDSA-N","[H][C@@](COC(=O)CCCCCCCC)(COP([O-])(=O)OCC[N+](C)(C)C)OC(=O)CCCCCCCCCCCCCCCCCCCCCC","24779259","TRUE",NA,NA,"No Match"
"1552","BMDB62803","PC(O-14:0/18:1(9Z))","KKCGBTJTPQETOY-KUNNKMQBSA-N","[H][C@@](COCCCCCCCCCCCCCC)(COP([O-])(=O)OCC[N+](C)(C)C)OC(=O)CCCCCCC\C=C/CCCCCCCC","24779279","TRUE",NA,NA,"No Match"
"1553","BMDB62804","PC(O-14:0/18:2(9Z,12Z))","IWGRIIUADPXTSC-UESLNCBNSA-N","[H][C@@](COCCCCCCCCCCCCCC)(COP([O-])(=O)OCC[N+](C)(C)C)OC(=O)CCCCCCC\C=C/C\C=C/CCCCC","24779280","TRUE",NA,NA,"No Match"
"1554","BMDB62805","PC(O-14:0/22:0)","KRRFXAFWBWXGHS-VZUYHUTRSA-N","[H][C@@](COCCCCCCCCCCCCCC)(COP([O-])(=O)OCC[N+](C)(C)C)OC(=O)CCCCCCCCCCCCCCCCCCCCC","24779285","TRUE",NA,NA,"No Match"
"1555","BMDB62807","PC(O-16:0/14:0)","WYKBXGAXGHENAM-DIPNUNPCSA-N","[H][C@@](COCCCCCCCCCCCCCCCC)(COP([O-])(=O)OCC[N+](C)(C)C)OC(=O)CCCCCCCCCCCCC","52923734","TRUE",NA,NA,"No Match"
"1556","BMDB62808","PC(O-16:0/18:1(9Z))","SIEDNCDNGMIKST-IYEJTHTFSA-N","[H][C@@](COCCCCCCCCCCCCCCCC)(COP([O-])(=O)OCC[N+](C)(C)C)OC(=O)CCCCCCC\C=C/CCCCCCCC","24779266","TRUE",NA,NA,"No Match"
"1557","BMDB62809","PC(O-16:0/18:3(6Z,9Z,12Z))","QEWRXEALGMKRGP-MZWPLUPDSA-N","[H][C@@](COCCCCCCCCCCCCCCCC)(COP([O-])(=O)OCC[N+](C)(C)C)OC(=O)CCCC\C=C/C\C=C/C\C=C/CCCCC","24779293","TRUE",NA,NA,"No Match"
"1558","BMDB62810","PC(O-16:0/18:3(9Z,12Z,15Z))","AZHDIOOLUSYGPE-CAPSFDDTSA-N","[H][C@@](COCCCCCCCCCCCCCCCC)(COP([O-])(=O)OCC[N+](C)(C)C)OC(=O)CCCCCCC\C=C/C\C=C/C\C=C/CC","24779294","TRUE",NA,NA,"No Match"
"1559","BMDB62811","PC(O-16:0/20:1(11Z))","RZVLQGOIANISBO-GRVDSVFJSA-N","[H][C@@](COCCCCCCCCCCCCCCCC)(COP([O-])(=O)OCC[N+](C)(C)C)OC(=O)CCCCCCCCC\C=C/CCCCCCCC","52923752","TRUE",NA,NA,"No Match"
"1560","BMDB62812","PC(O-16:0/20:2(11Z,14Z))","ZYLPVUZBZNMVMR-ZBBHDILGSA-N","[H][C@@](COCCCCCCCCCCCCCCCC)(COP([O-])(=O)OCC[N+](C)(C)C)OC(=O)CCCCCCCCC\C=C/C\C=C/CCCCC","52923754","TRUE","DMD305288","DMD305288","Unique Match (by names and pubchem)"
"1561","BMDB62813","PC(O-16:0/20:3(8Z,11Z,14Z))","VYKSGWCIVDQIQR-MEAIPJDCSA-N","[H][C@@](COCCCCCCCCCCCCCCCC)(COP([O-])(=O)OCC[N+](C)(C)C)OC(=O)CCCCCC\C=C/C\C=C/C\C=C/CCCCC","16759365","TRUE",NA,NA,"No Match"
"1562","BMDB62814","PC(O-16:0/20:4(5Z,8Z,11Z,14Z))","DUUSFCFZBREELS-WWBBCYQPSA-N","[H][C@@](COCCCCCCCCCCCCCCCC)(COP([O-])(=O)OCC[N+](C)(C)C)OC(=O)CCC\C=C/C\C=C/C\C=C/C\C=C/CCCCC","6443139","TRUE",NA,NA,"No Match"
"1563","BMDB62815","PC(O-16:0/20:5(5Z,8Z,11Z,14Z,17Z))","YHSSHPWVFALMBA-IARQOZKNSA-N","[H][C@@](COCCCCCCCCCCCCCCCC)(COP([O-])(=O)OCC[N+](C)(C)C)OC(=O)CCC\C=C/C\C=C/C\C=C/C\C=C/C\C=C/CC","10485310","TRUE",NA,NA,"No Match"
"1564","BMDB62817","PC(O-16:0/22:5(7Z,10Z,13Z,16Z,19Z))","VGMPOLIXNOOTMT-HEYUSFSCSA-N","[H][C@@](COCCCCCCCCCCCCCCCC)(COP([O-])(=O)OCC[N+](C)(C)C)OC(=O)CCCCC\C=C/C\C=C/C\C=C/C\C=C/C\C=C/CC","24779306","TRUE",NA,NA,"No Match"
"1565","BMDB62819","PC(O-17:0/17:0)","SLZUFSMGYDSDNB-VQJSHJPSSA-N","[H][C@@](COCCCCCCCCCCCCCCCCC)(COP([O-])(=O)OCC[N+](C)(C)C)OC(=O)CCCCCCCCCCCCCCCC","24779313","TRUE",NA,NA,"No Match"
"1566","BMDB62820","PC(O-18:0/12:0)","SCBCAJMFNKQLFX-DIPNUNPCSA-N","[H][C@@](COCCCCCCCCCCCCCCCCCC)(COP([O-])(=O)OCC[N+](C)(C)C)OC(=O)CCCCCCCCCCC","52923764","TRUE",NA,NA,"No Match"
"1567","BMDB62821","PC(O-18:0/14:1(9Z))","JAYJLDJDIZHIGU-DTKYWWSASA-N","[H][C@@](COCCCCCCCCCCCCCCCCCC)(COP([O-])(=O)OCC[N+](C)(C)C)OC(=O)CCCCCCC\C=C/CCCC","52923770","TRUE",NA,NA,"No Match"
"1568","BMDB62822","PC(O-18:0/16:0)","GTFLTTXDLGEBAI-VQJSHJPSSA-N","[H][C@@](COCCCCCCCCCCCCCCCCCC)(COP([O-])(=O)OCC[N+](C)(C)C)OC(=O)CCCCCCCCCCCCCCC","24779323","TRUE",NA,NA,"No Match"
"1569","BMDB62823","PC(O-18:0/16:1(9Z))","WFFMOIADEZZLFU-HVLKLTLRSA-N","[H][C@@](COCCCCCCCCCCCCCCCCCC)(COP([O-])(=O)OCC[N+](C)(C)C)OC(=O)CCCCCCC\C=C/CCCCCC","24779325","TRUE",NA,NA,"No Match"
"1570","BMDB62824","PC(O-18:0/18:1(9Z))","JDBBQTCNJFZWPL-KXTYCBLYSA-N","[H][C@@](COCCCCCCCCCCCCCCCCCC)(COP([O-])(=O)OCC[N+](C)(C)C)OC(=O)CCCCCCC\C=C/CCCCCCCC","52923782","TRUE",NA,NA,"No Match"
"1571","BMDB62825","PC(O-18:0/18:3(6Z,9Z,12Z))","MDZVCBQVXWZBOL-QEGPCSBISA-N","[H][C@@](COCCCCCCCCCCCCCCCCCC)(COP([O-])(=O)OCC[N+](C)(C)C)OC(=O)CCCC\C=C/C\C=C/C\C=C/CCCCC","52923784","TRUE",NA,NA,"No Match"
"1572","BMDB62826","PC(O-18:0/18:3(9Z,12Z,15Z))","GKKOTWSKEIRXDA-JUUDQZDJSA-N","[H][C@@](COCCCCCCCCCCCCCCCCCC)(COP([O-])(=O)OCC[N+](C)(C)C)OC(=O)CCCCCCC\C=C/C\C=C/C\C=C/CC","52923786","TRUE",NA,NA,"No Match"
"1573","BMDB62827","PC(O-18:0/18:4(6Z,9Z,12Z,15Z))","IQGMAFMVIYAJCQ-WHZQUDHQSA-N","[H][C@@](COCCCCCCCCCCCCCCCCCC)(COP([O-])(=O)OCC[N+](C)(C)C)OC(=O)CCCC\C=C/C\C=C/C\C=C/C\C=C/CC","52923788","TRUE",NA,NA,"No Match"
"1574","BMDB62829","PC(O-18:0/20:3(8Z,11Z,14Z))","ITTGOTHIEJWVDA-FMMXMNMWSA-N","[H][C@@](COCCCCCCCCCCCCCCCCCC)(COP([O-])(=O)OCC[N+](C)(C)C)OC(=O)CCCCCC\C=C/C\C=C/C\C=C/CCCCC","52923798","TRUE",NA,NA,"No Match"
"1575","BMDB62831","PC(O-18:0/20:5(5Z,8Z,11Z,14Z,17Z))","ISUWUEZOULAQMD-WQDQUKPRSA-N","[H][C@@](COCCCCCCCCCCCCCCCCCC)(COP([O-])(=O)OCC[N+](C)(C)C)OC(=O)CCC\C=C/C\C=C/C\C=C/C\C=C/C\C=C/CC","24779335","TRUE",NA,NA,"No Match"
"1576","BMDB62832","PC(O-18:0/22:5(7Z,10Z,13Z,16Z,19Z))","HJDYJUQFSIJNGA-BGDNETPNSA-N","[H][C@@](COCCCCCCCCCCCCCCCCCC)(COP([O-])(=O)OCC[N+](C)(C)C)OC(=O)CCCCC\C=C/C\C=C/C\C=C/C\C=C/C\C=C/CC","24779340","TRUE",NA,NA,"No Match"
"1577","BMDB62833","PC(O-18:1(9Z)/20:4(5Z,8Z,11Z,14Z))","VJNPDLZENXBRLB-MQEDXBOASA-N","[H][C@@](COCCCCCCCC\C=C/CCCCCCCC)(COP([O-])(=O)OCC[N+](C)(C)C)OC(=O)CCC\C=C/C\C=C/C\C=C/C\C=C/CCCCC","24779379","TRUE",NA,NA,"No Match"
"1578","BMDB62834","PC(O-20:0/14:0)","WYLXSSKRFXZLGS-VQJSHJPSSA-N","[H][C@@](COCCCCCCCCCCCCCCCCCCCC)(COP([O-])(=O)OCC[N+](C)(C)C)OC(=O)CCCCCCCCCCCCC","52923812","TRUE",NA,NA,"No Match"
"1579","BMDB62835","PC(O-20:0/14:1(9Z))","KXGWGPVSNKQXRB-XTSQRIEGSA-N","[H][C@@](COCCCCCCCCCCCCCCCCCCCC)(COP([O-])(=O)OCC[N+](C)(C)C)OC(=O)CCCCCCC\C=C/CCCC","52923814","TRUE",NA,NA,"No Match"
"1580","BMDB62836","PC(O-20:0/16:0)","LYTUERCDYBANSA-VZUYHUTRSA-N","[H][C@@](COCCCCCCCCCCCCCCCCCCCC)(COP([O-])(=O)OCC[N+](C)(C)C)OC(=O)CCCCCCCCCCCCCCC","24779351","TRUE",NA,NA,"No Match"
"1581","BMDB62837","PC(O-20:0/16:1(9Z))","IMGMENFUBIMZDJ-RPBJOJELSA-N","[H][C@@](COCCCCCCCCCCCCCCCCCCCC)(COP([O-])(=O)OCC[N+](C)(C)C)OC(=O)CCCCCCC\C=C/CCCCCC","52923820","TRUE",NA,NA,"No Match"
"1582","BMDB62838","PC(O-20:0/18:0)","FJHUSOLWXAPDEY-WBVITSLISA-N","[H][C@@](COCCCCCCCCCCCCCCCCCCCC)(COP([O-])(=O)OCC[N+](C)(C)C)OC(=O)CCCCCCCCCCCCCCCCC","52923828","TRUE",NA,NA,"No Match"
"1583","BMDB62842","PC(O-20:0/20:5(5Z,8Z,11Z,14Z,17Z))","AGKCACWGAXVMPI-BVWWTNGZSA-N","[H][C@@](COCCCCCCCCCCCCCCCCCCCC)(COP([O-])(=O)OCC[N+](C)(C)C)OC(=O)CCC\C=C/C\C=C/C\C=C/C\C=C/C\C=C/CC","52923854","TRUE",NA,NA,"No Match"
"1584","BMDB62858","Pivaloylcarnitine","YICAQFPUDACYGQ-UHFFFAOYSA-N","CC(C)(C)C(=O)OC(CC([O-])=O)C[N+](C)(C)C","126894","TRUE",NA,NA,"No Match"
"1585","BMDB62860","TG(12:0/12:0/20:1(11Z))[iso3]","GRNYLLDULGFJIH-KPJCTZQCSA-N","[H][C@](COC(=O)CCCCCCCCCCC)(COC(=O)CCCCCCCCC\C=C/CCCCCCCC)OC(=O)CCCCCCCCCCC","","TRUE",NA,NA,"No Match"
"1586","BMDB62861","TG(12:0/12:0/20:2(11Z,14Z))[iso3]","CVVRPLLCUNBBAA-BICVMLFOSA-N","[H][C@](COC(=O)CCCCCCCCCCC)(COC(=O)CCCCCCCCC\C=C/C\C=C/CCCCC)OC(=O)CCCCCCCCCCC","","TRUE",NA,NA,"No Match"
"1587","BMDB62862","TG(12:0/12:0/20:4(5Z,8Z,11Z,14Z))[iso3]","LYHWFHTYVJGJCI-WBGUIYGTSA-N","[H][C@](COC(=O)CCCCCCCCCCC)(COC(=O)CCC\C=C/C\C=C/C\C=C/C\C=C/CCCCC)OC(=O)CCCCCCCCCCC","","TRUE","DMD305407","DMD305407","Unique Match (by names only)"
"1588","BMDB62863","TG(12:0/14:0/18:1(9Z))[iso6]","MVBJOSAJFXMGHL-ABRYTUDFSA-N","[H][C@](COC(=O)CCCCCCCCCCC)(COC(=O)CCCCCCC\C=C/CCCCCCCC)OC(=O)CCCCCCCCCCCCC","","TRUE",NA,NA,"No Match"
"1589","BMDB62864","TG(12:0/14:0/18:2(9Z,12Z))[iso6]","LXHJRBQAAZJFFA-QRMAQVRMSA-N","[H][C@](COC(=O)CCCCCCCCCCC)(COC(=O)CCCCCCC\C=C/C\C=C/CCCCC)OC(=O)CCCCCCCCCCCCC","","TRUE",NA,NA,"No Match"
"1590","BMDB62865","TG(12:0/14:0/18:4(6Z,9Z,12Z,15Z))[iso6]","DQTSGDMJXFCFHQ-LYHHEJMKSA-N","[H][C@](COC(=O)CCCCCCCCCCC)(COC(=O)CCCC\C=C/C\C=C/C\C=C/C\C=C/CC)OC(=O)CCCCCCCCCCCCC","","TRUE",NA,NA,"No Match"
"1591","BMDB62866","TG(12:0/14:0/20:2(11Z,14Z))[iso6]","CYWGAXSMAHWMGU-YRRSXJFSSA-N","[H][C@](COC(=O)CCCCCCCCCCC)(COC(=O)CCCCCCCCC\C=C/C\C=C/CCCCC)OC(=O)CCCCCCCCCCCCC","","TRUE",NA,NA,"No Match"
"1592","BMDB62867","TG(12:0/14:1(9Z)/18:0)[iso6]","AVOSYSUBIBSHKI-ABOJEUERSA-N","[H][C@](COC(=O)CCCCCCCCCCC)(COC(=O)CCCCCCCCCCCCCCCCC)OC(=O)CCCCCCC\C=C/CCCC","","TRUE",NA,NA,"No Match"
"1593","BMDB62868","TG(12:0/14:1(9Z)/18:1(9Z))[iso6]","MBDIKHHUXKJHDN-QHRRKSMMSA-N","[H][C@](COC(=O)CCCCCCCCCCC)(COC(=O)CCCCCCC\C=C/CCCCCCCC)OC(=O)CCCCCCC\C=C/CCCC","","TRUE",NA,NA,"No Match"
"1594","BMDB62869","TG(12:0/14:1(9Z)/18:3(6Z,9Z,12Z))[iso6]","IKBGEQZYRUHAHP-UIZJOBFRSA-N","[H][C@](COC(=O)CCCCCCCCCCC)(COC(=O)CCCC\C=C/C\C=C/C\C=C/CCCCC)OC(=O)CCCCCCC\C=C/CCCC","","TRUE",NA,NA,"No Match"
"1595","BMDB62870","TG(12:0/14:1(9Z)/18:3(9Z,12Z,15Z))[iso6]","AFFSAIPAHKQBQB-MKUXWWROSA-N","[H][C@](COC(=O)CCCCCCCCCCC)(COC(=O)CCCCCCC\C=C/C\C=C/C\C=C/CC)OC(=O)CCCCCCC\C=C/CCCC","","TRUE",NA,NA,"No Match"
"1596","BMDB62871","TG(12:0/14:1(9Z)/20:1(11Z))[iso6]","WEVPBZFUEDNYCR-BUJWOWMESA-N","[H][C@](COC(=O)CCCCCCCCCCC)(COC(=O)CCCCCCCCC\C=C/CCCCCCCC)OC(=O)CCCCCCC\C=C/CCCC","","TRUE",NA,NA,"No Match"
"1597","BMDB62872","TG(12:0/16:0/16:1(9Z))[iso6]","OUKDNADVOQVFAR-YPSIIMEBSA-N","[H][C@](COC(=O)CCCCCCCCCCC)(COC(=O)CCCCCCC\C=C/CCCCCC)OC(=O)CCCCCCCCCCCCCCC","","TRUE","DMD302456","DMD302456","Unique Match (by names only)"
"1598","BMDB62873","TG(12:0/16:0/18:2(9Z,12Z))[iso6]","JORMHQSOEAESEA-UZVIVRTPSA-N","[H][C@](COC(=O)CCCCCCCCCCC)(COC(=O)CCCCCCC\C=C/C\C=C/CCCCC)OC(=O)CCCCCCCCCCCCCCC","","TRUE",NA,NA,"No Match"
"1599","BMDB62874","TG(12:0/16:0/20:2(11Z,14Z))[iso6]","JPEYPDKNKAECDK-VPTBOMMUSA-N","[H][C@](COC(=O)CCCCCCCCCCC)(COC(=O)CCCCCCCCC\C=C/C\C=C/CCCCC)OC(=O)CCCCCCCCCCCCCCC","","TRUE",NA,NA,"No Match"
"1600","BMDB62875","TG(12:0/16:0/20:3(8Z,11Z,14Z))[iso6]","LSXSLOKSIWRONY-KVFGBHPRSA-N","[H][C@](COC(=O)CCCCCCCCCCC)(COC(=O)CCCCCC\C=C/C\C=C/C\C=C/CCCCC)OC(=O)CCCCCCCCCCCCCCC","","TRUE",NA,NA,"No Match"
"1601","BMDB62876","TG(12:0/16:0/22:4(7Z,10Z,13Z,16Z))[iso6]","MXNVSGZRQAPTRK-HWEYRSRFSA-N","[H][C@](COC(=O)CCCCCCCCCCC)(COC(=O)CCCCC\C=C/C\C=C/C\C=C/C\C=C/CCCCC)OC(=O)CCCCCCCCCCCCCCC","","TRUE",NA,NA,"No Match"
"1602","BMDB62877","TG(12:0/16:1(9Z)/16:1(9Z))[iso3]","LJXSUVSRRMQRRA-PMXDFFEXSA-N","[H][C@](COC(=O)CCCCCCCCCCC)(COC(=O)CCCCCCC\C=C/CCCCCC)OC(=O)CCCCCCC\C=C/CCCCCC","","TRUE","DMD302457","DMD302457","Unique Match (by names only)"
"1603","BMDB62878","TG(12:0/16:1(9Z)/18:1(9Z))[iso6]","MIEULIUWCBAVBF-SSNYDTSRSA-N","[H][C@](COC(=O)CCCCCCCCCCC)(COC(=O)CCCCCCC\C=C/CCCCCCCC)OC(=O)CCCCCCC\C=C/CCCCCC","","TRUE",NA,NA,"No Match"
"1604","BMDB62879","TG(12:0/16:1(9Z)/20:1(11Z))[iso6]","YUFODVPWPWJIPV-BKAREHGYSA-N","[H][C@](COC(=O)CCCCCCCCCCC)(COC(=O)CCCCCCCCC\C=C/CCCCCCCC)OC(=O)CCCCCCC\C=C/CCCCCC","","TRUE",NA,NA,"No Match"
"1605","BMDB62880","TG(12:0/16:1(9Z)/20:2(11Z,14Z))[iso6]","CBQKNYIQOAJYOW-JRVGSKKBSA-N","[H][C@](COC(=O)CCCCCCCCCCC)(COC(=O)CCCCCCCCC\C=C/C\C=C/CCCCC)OC(=O)CCCCCCC\C=C/CCCCCC","","TRUE",NA,NA,"No Match"
"1606","BMDB62881","TG(12:0/16:1(9Z)/21:0)[iso6]","NSVUZTVADNFZSD-OQCZBKTHSA-N","[H][C@](COC(=O)CCCCCCCCCCC)(COC(=O)CCCCCCCCCCCCCCCCCCCC)OC(=O)CCCCCCC\C=C/CCCCCC","","TRUE",NA,NA,"No Match"
"1607","BMDB62882","TG(12:0/16:1(9Z)/22:0)[iso6]","BUWKZKZKQQRMFN-NXAFDFGUSA-N","[H][C@](COC(=O)CCCCCCCCCCC)(COC(=O)CCCCCCCCCCCCCCCCCCCCC)OC(=O)CCCCCCC\C=C/CCCCCC","","TRUE",NA,NA,"No Match"
"1608","BMDB62883","TG(12:0/17:0/20:1(11Z))[iso6]","SCITWUZDHVUOGE-VJHOMCIMSA-N","[H][C@](COC(=O)CCCCCCCCCCC)(COC(=O)CCCCCCCCC\C=C/CCCCCCCC)OC(=O)CCCCCCCCCCCCCCCC","","TRUE",NA,NA,"No Match"
"1609","BMDB62884","TG(12:0/17:0/20:2(11Z,14Z))[iso6]","RPZKNMRSPIPUJS-VBRMGQJTSA-N","[H][C@](COC(=O)CCCCCCCCCCC)(COC(=O)CCCCCCCCC\C=C/C\C=C/CCCCC)OC(=O)CCCCCCCCCCCCCCCC","","TRUE",NA,NA,"No Match"
"1610","BMDB62885","TG(12:0/17:0/22:4(7Z,10Z,13Z,16Z))[iso6]","FXUNFLVNPAPRED-QETKJVNZSA-N","[H][C@](COC(=O)CCCCCCCCCCC)(COC(=O)CCCCC\C=C/C\C=C/C\C=C/C\C=C/CCCCC)OC(=O)CCCCCCCCCCCCCCCC","","TRUE",NA,NA,"No Match"
"1611","BMDB62886","TG(12:0/17:0/22:5(7Z,10Z,13Z,16Z,19Z)) [iso6]","CREXGVDCPQBJHO-NQBSPWFISA-N","[H][C@](COC(=O)CCCCCCCCCCC)(COC(=O)CCCCC\C=C/C\C=C/C\C=C/C\C=C/C\C=C/CC)OC(=O)CCCCCCCCCCCCCCCC","","TRUE",NA,NA,"No Match"
"1612","BMDB62887","TG(12:0/18:0/18:2(9Z,12Z))[iso6]","WSEFKAMFRMFZNK-LUXFGZKDSA-N","[H][C@](COC(=O)CCCCCCCCCCC)(COC(=O)CCCCCCC\C=C/C\C=C/CCCCC)OC(=O)CCCCCCCCCCCCCCCCC","","TRUE",NA,NA,"No Match"
"1613","BMDB62888","TG(12:0/18:0/18:3(6Z,9Z,12Z))[iso6]","ROQIOXAIYDBLMI-DRUIPNIQSA-N","[H][C@](COC(=O)CCCCCCCCCCC)(COC(=O)CCCC\C=C/C\C=C/C\C=C/CCCCC)OC(=O)CCCCCCCCCCCCCCCCC","","TRUE",NA,NA,"No Match"
"1614","BMDB62889","TG(12:0/18:0/18:3(9Z,12Z,15Z))[iso6]","BEHCIKXBZPPALT-MPBPULMFSA-N","[H][C@](COC(=O)CCCCCCCCCCC)(COC(=O)CCCCCCC\C=C/C\C=C/C\C=C/CC)OC(=O)CCCCCCCCCCCCCCCCC","","TRUE",NA,NA,"No Match"
"1615","BMDB62890","TG(12:0/18:0/20:1(11Z))[iso6]","QHVHJGFVANFNIG-DYSYEDCYSA-N","[H][C@](COC(=O)CCCCCCCCCCC)(COC(=O)CCCCCCCCC\C=C/CCCCCCCC)OC(=O)CCCCCCCCCCCCCCCCC","","TRUE",NA,NA,"No Match"
"1616","BMDB62891","TG(12:0/18:0/20:2(11Z,14Z))[iso6]","VAVYYRAXCZMJLD-ASCUZVPCSA-N","[H][C@](COC(=O)CCCCCCCCCCC)(COC(=O)CCCCCCCCC\C=C/C\C=C/CCCCC)OC(=O)CCCCCCCCCCCCCCCCC","","TRUE",NA,NA,"No Match"
"1617","BMDB62892","TG(12:0/18:0/20:3(8Z,11Z,14Z))[iso6]","XGLSJRPIBRAFDY-LXQIPBIJSA-N","[H][C@](COC(=O)CCCCCCCCCCC)(COC(=O)CCCCCC\C=C/C\C=C/C\C=C/CCCCC)OC(=O)CCCCCCCCCCCCCCCCC","","TRUE",NA,NA,"No Match"
"1618","BMDB62893","TG(12:0/18:0/20:4(5Z,8Z,11Z,14Z))[iso6]","XPMVBSKNIWWAQA-RCEPUWHRSA-N","[H][C@](COC(=O)CCCCCCCCCCC)(COC(=O)CCC\C=C/C\C=C/C\C=C/C\C=C/CCCCC)OC(=O)CCCCCCCCCCCCCCCCC","","TRUE",NA,NA,"No Match"
"1619","BMDB62894","TG(12:0/18:0/22:4(7Z,10Z,13Z,16Z))[iso6]","NVMOFUULIGVOLA-PEEQXIKTSA-N","[H][C@](COC(=O)CCCCCCCCCCC)(COC(=O)CCCCC\C=C/C\C=C/C\C=C/C\C=C/CCCCC)OC(=O)CCCCCCCCCCCCCCCCC","","TRUE",NA,NA,"No Match"
"1620","BMDB62895","TG(12:0/18:0/22:5(7Z,10Z,13Z,16Z,19Z))[iso6]","ZZEBATNCADRNOB-KZIIIBBYSA-N","[H][C@](COC(=O)CCCCCCCCCCC)(COC(=O)CCCCC\C=C/C\C=C/C\C=C/C\C=C/C\C=C/CC)OC(=O)CCCCCCCCCCCCCCCCC","","TRUE",NA,NA,"No Match"
"1621","BMDB62896","TG(12:0/18:1(9Z)/18:1(9Z))[iso3]","SJWUGKDDADDDHD-ZITMFCPVSA-N","[H][C@](COC(=O)CCCCCCCCCCC)(COC(=O)CCCCCCC\C=C/CCCCCCCC)OC(=O)CCCCCCC\C=C/CCCCCCCC","86289329","TRUE",NA,NA,"No Match"
"1622","BMDB62897","TG(12:0/18:1(9Z)/18:2(9Z,12Z))[iso6]","PURPKTYKZMLEGI-KEMCNQBKSA-N","[H][C@](COC(=O)CCCCCCCCCCC)(COC(=O)CCCCCCC\C=C/C\C=C/CCCCC)OC(=O)CCCCCCC\C=C/CCCCCCCC","","TRUE",NA,NA,"No Match"
"1623","BMDB62898","TG(12:0/18:1(9Z)/19:0)[iso6]","XQZVDLLWOJQTSL-BECVICMGSA-N","[H][C@](COC(=O)CCCCCCCCCCC)(COC(=O)CCCCCCCCCCCCCCCCCC)OC(=O)CCCCCCC\C=C/CCCCCCCC","","TRUE",NA,NA,"No Match"
"1624","BMDB62899","TG(12:0/18:1(9Z)/20:0)[iso6]","MQIVOLLFTNWBMM-LRHMKNEPSA-N","[H][C@](COC(=O)CCCCCCCCCCC)(COC(=O)CCCCCCCCCCCCCCCCCCC)OC(=O)CCCCCCC\C=C/CCCCCCCC","","TRUE",NA,NA,"No Match"
"1625","BMDB62900","TG(12:0/18:1(9Z)/20:1(11Z))[iso6]","ZCLLAQIDPCDZRM-YQYJRGHPSA-N","[H][C@](COC(=O)CCCCCCCCCCC)(COC(=O)CCCCCCCCC\C=C/CCCCCCCC)OC(=O)CCCCCCC\C=C/CCCCCCCC","","TRUE",NA,NA,"No Match"
"1626","BMDB62901","TG(12:0/18:1(9Z)/20:2(11Z,14Z))[iso6]","OPHWHXJWWWOVLK-CNUVEAJVSA-N","[H][C@](COC(=O)CCCCCCCCCCC)(COC(=O)CCCCCCCCC\C=C/C\C=C/CCCCC)OC(=O)CCCCCCC\C=C/CCCCCCCC","","TRUE",NA,NA,"No Match"
"1627","BMDB62902","TG(12:0/18:1(9Z)/20:3(8Z,11Z,14Z))[iso6]","VUBLNAWUBCVBJY-KCHBVDRJSA-N","[H][C@](COC(=O)CCCCCCCCCCC)(COC(=O)CCCCCC\C=C/C\C=C/C\C=C/CCCCC)OC(=O)CCCCCCC\C=C/CCCCCCCC","","TRUE",NA,NA,"No Match"
"1628","BMDB62903","TG(12:0/18:1(9Z)/21:0)[iso6]","CKFJANRMGDOEHT-ONEBHMSQSA-N","[H][C@](COC(=O)CCCCCCCCCCC)(COC(=O)CCCCCCCCCCCCCCCCCCCC)OC(=O)CCCCCCC\C=C/CCCCCCCC","","TRUE",NA,NA,"No Match"
"1629","BMDB62904","TG(12:0/18:1(9Z)/22:4(7Z,10Z,13Z,16Z))[iso6]","FZYJOKBEHYPLBA-XJUHILAYSA-N","[H][C@](COC(=O)CCCCCCCCCCC)(COC(=O)CCCCC\C=C/C\C=C/C\C=C/C\C=C/CCCCC)OC(=O)CCCCCCC\C=C/CCCCCCCC","","TRUE",NA,NA,"No Match"
"1630","BMDB62905","TG(12:0/18:2(9Z,12Z)/19:0)[iso6]","NZCVNPXNRZNFIR-YBDWUIGXSA-N","[H][C@](COC(=O)CCCCCCCCCCC)(COC(=O)CCCCCCCCCCCCCCCCCC)OC(=O)CCCCCCC\C=C/C\C=C/CCCCC","","TRUE",NA,NA,"No Match"
"1631","BMDB62906","TG(12:0/18:2(9Z,12Z)/20:0)[iso6]","IRKYEXPJVDQYNO-CIPMQXRCSA-N","[H][C@](COC(=O)CCCCCCCCCCC)(COC(=O)CCCCCCCCCCCCCCCCCCC)OC(=O)CCCCCCC\C=C/C\C=C/CCCCC","","TRUE",NA,NA,"No Match"
"1632","BMDB62907","TG(12:0/18:2(9Z,12Z)/20:1(11Z))[iso6]","VNOFKXSESRNPPT-APJJKHFISA-N","[H][C@](COC(=O)CCCCCCCCCCC)(COC(=O)CCCCCCCCC\C=C/CCCCCCCC)OC(=O)CCCCCCC\C=C/C\C=C/CCCCC","","TRUE",NA,NA,"No Match"
"1633","BMDB62908","TG(12:0/18:2(9Z,12Z)/20:2(11Z,14Z))[iso6]","JAEXCRFFNQOZAF-MGNDXBPFSA-N","[H][C@](COC(=O)CCCCCCCCCCC)(COC(=O)CCCCCCCCC\C=C/C\C=C/CCCCC)OC(=O)CCCCCCC\C=C/C\C=C/CCCCC","","TRUE",NA,NA,"No Match"
"1634","BMDB62909","TG(12:0/18:2(9Z,12Z)/21:0)[iso6]","ZNCSECOGHWMXLF-SAPBBEOSSA-N","[H][C@](COC(=O)CCCCCCCCCCC)(COC(=O)CCCCCCCCCCCCCCCCCCCC)OC(=O)CCCCCCC\C=C/C\C=C/CCCCC","","TRUE",NA,NA,"No Match"
"1635","BMDB62910","TG(12:0/18:2(9Z,12Z)/22:0)[iso6]","PDAHUZARCINDIF-CMRGYIKSSA-N","[H][C@](COC(=O)CCCCCCCCCCC)(COC(=O)CCCCCCCCCCCCCCCCCCCCC)OC(=O)CCCCCCC\C=C/C\C=C/CCCCC","","TRUE",NA,NA,"No Match"
"1636","BMDB62911","TG(12:0/18:3(6Z,9Z,12Z)/20:0)[iso6]","KUABSKFJNSJJCC-BKTAPRNMSA-N","[H][C@](COC(=O)CCCCCCCCCCC)(COC(=O)CCCCCCCCCCCCCCCCCCC)OC(=O)CCCC\C=C/C\C=C/C\C=C/CCCCC","","TRUE",NA,NA,"No Match"
"1637","BMDB62912","TG(12:0/18:3(6Z,9Z,12Z)/20:1(11Z))[iso6]","GGUBZFSQITUOPH-FFMJOGPISA-N","[H][C@](COC(=O)CCCCCCCCCCC)(COC(=O)CCCCCCCCC\C=C/CCCCCCCC)OC(=O)CCCC\C=C/C\C=C/C\C=C/CCCCC","","TRUE",NA,NA,"No Match"
"1638","BMDB62913","TG(12:0/18:3(6Z,9Z,12Z)/21:0)[iso6]","ONSMCHKWMPFEEO-UASYJKCXSA-N","[H][C@](COC(=O)CCCCCCCCCCC)(COC(=O)CCCCCCCCCCCCCCCCCCCC)OC(=O)CCCC\C=C/C\C=C/C\C=C/CCCCC","","TRUE",NA,NA,"No Match"
"1639","BMDB62914","TG(12:0/18:3(6Z,9Z,12Z)/22:0)[iso6]","PECCGPPZHUNPLO-NIZDXQHKSA-N","[H][C@](COC(=O)CCCCCCCCCCC)(COC(=O)CCCCCCCCCCCCCCCCCCCCC)OC(=O)CCCC\C=C/C\C=C/C\C=C/CCCCC","","TRUE",NA,NA,"No Match"
"1640","BMDB62915","TG(12:0/18:3(9Z,12Z,15Z)/20:0)[iso6]","CIKPTEOQBNTCBH-LCKSDJLGSA-N","[H][C@](COC(=O)CCCCCCCCCCC)(COC(=O)CCCCCCCCCCCCCCCCCCC)OC(=O)CCCCCCC\C=C/C\C=C/C\C=C/CC","","TRUE",NA,NA,"No Match"
"1641","BMDB62916","TG(12:0/18:3(9Z,12Z,15Z)/20:1(11Z))[iso6]","NSCKVCVXVJTRRP-YNJPTXPCSA-N","[H][C@](COC(=O)CCCCCCCCCCC)(COC(=O)CCCCCCCCC\C=C/CCCCCCCC)OC(=O)CCCCCCC\C=C/C\C=C/C\C=C/CC","","TRUE",NA,NA,"No Match"
"1642","BMDB62917","TG(12:0/18:3(9Z,12Z,15Z)/21:0)[iso6]","YARNUHXFWBMPGT-APHRHGFBSA-N","[H][C@](COC(=O)CCCCCCCCCCC)(COC(=O)CCCCCCCCCCCCCCCCCCCC)OC(=O)CCCCCCC\C=C/C\C=C/C\C=C/CC","","TRUE",NA,NA,"No Match"
"1643","BMDB62918","TG(12:0/18:3(9Z,12Z,15Z)/22:0)[iso6]","HKVSAJZAPYFKLS-QXPFBKBUSA-N","[H][C@](COC(=O)CCCCCCCCCCC)(COC(=O)CCCCCCCCCCCCCCCCCCCCC)OC(=O)CCCCCCC\C=C/C\C=C/C\C=C/CC","","TRUE",NA,NA,"No Match"
"1644","BMDB62919","TG(12:0/18:4(6Z,9Z,12Z,15Z)/20:0)[iso6]","SFAXDXHZHCYSMY-SGHYKFLCSA-N","[H][C@](COC(=O)CCCCCCCCCCC)(COC(=O)CCCCCCCCCCCCCCCCCCC)OC(=O)CCCC\C=C/C\C=C/C\C=C/C\C=C/CC","","TRUE",NA,NA,"No Match"
"1645","BMDB62920","TG(12:0/18:4(6Z,9Z,12Z,15Z)/21:0)[iso6]","MSYSVIDEPYGIPJ-YZEICNBISA-N","[H][C@](COC(=O)CCCCCCCCCCC)(COC(=O)CCCCCCCCCCCCCCCCCCCC)OC(=O)CCCC\C=C/C\C=C/C\C=C/C\C=C/CC","","TRUE",NA,NA,"No Match"
"1646","BMDB62921","TG(12:0/18:4(6Z,9Z,12Z,15Z)/22:0)[iso6]","RZXVPZVEHCHXOZ-VRSYIZCRSA-N","[H][C@](COC(=O)CCCCCCCCCCC)(COC(=O)CCCCCCCCCCCCCCCCCCCCC)OC(=O)CCCC\C=C/C\C=C/C\C=C/C\C=C/CC","","TRUE",NA,NA,"No Match"
"1647","BMDB62922","TG(12:0/19:0/20:1(11Z))[iso6]","ZJAMPDZFZUXTNF-NJWPGQOHSA-N","[H][C@](COC(=O)CCCCCCCCCCC)(COC(=O)CCCCCCCCC\C=C/CCCCCCCC)OC(=O)CCCCCCCCCCCCCCCCCC","","TRUE",NA,NA,"No Match"
"1648","BMDB62923","TG(12:0/19:0/20:2(11Z,14Z))[iso6]","DDWWNLPQVFVVHK-YSJPYITMSA-N","[H][C@](COC(=O)CCCCCCCCCCC)(COC(=O)CCCCCCCCC\C=C/C\C=C/CCCCC)OC(=O)CCCCCCCCCCCCCCCCCC","","TRUE",NA,NA,"No Match"
"1649","BMDB62924","TG(12:0/19:0/20:3(8Z,11Z,14Z))[iso6]","VYFUIGAABXGCHN-QYWOXNRNSA-N","[H][C@](COC(=O)CCCCCCCCCCC)(COC(=O)CCCCCC\C=C/C\C=C/C\C=C/CCCCC)OC(=O)CCCCCCCCCCCCCCCCCC","","TRUE",NA,NA,"No Match"
"1650","BMDB62925","TG(12:0/19:0/20:4(5Z,8Z,11Z,14Z))[iso6]","PRJVEYMTIMLMKT-ONASJJGOSA-N","[H][C@](COC(=O)CCCCCCCCCCC)(COC(=O)CCC\C=C/C\C=C/C\C=C/C\C=C/CCCCC)OC(=O)CCCCCCCCCCCCCCCCCC","","TRUE",NA,NA,"No Match"
"1651","BMDB62926","TG(12:0/19:0/20:5(5Z,8Z,11Z,14Z,17Z)) [iso6]","IBMHCOHGVKCHST-ZKNBRDMRSA-N","[H][C@](COC(=O)CCCCCCCCCCC)(COC(=O)CCC\C=C/C\C=C/C\C=C/C\C=C/C\C=C/CC)OC(=O)CCCCCCCCCCCCCCCCCC","","TRUE",NA,NA,"No Match"
"1652","BMDB62927","TG(12:0/19:0/22:4(7Z,10Z,13Z,16Z))[iso6]","HSPFBEZCZCSGHP-NMUXNFCESA-N","[H][C@](COC(=O)CCCCCCCCCCC)(COC(=O)CCCCC\C=C/C\C=C/C\C=C/C\C=C/CCCCC)OC(=O)CCCCCCCCCCCCCCCCCC","","TRUE",NA,NA,"No Match"
"1653","BMDB62928","TG(12:0/19:0/22:5(7Z,10Z,13Z,16Z,19Z))[iso6]","UZESERBCFQEOJN-BXOIIECBSA-N","[H][C@](COC(=O)CCCCCCCCCCC)(COC(=O)CCCCC\C=C/C\C=C/C\C=C/C\C=C/C\C=C/CC)OC(=O)CCCCCCCCCCCCCCCCCC","","TRUE",NA,NA,"No Match"
"1654","BMDB62929","TG(12:0/19:0/22:6(4Z,7Z,10Z,13Z,16Z,19Z))[iso6]","ZJMCMRBZPWIKOR-XZKKMAKASA-N","[H][C@](COC(=O)CCCCCCCCCCC)(COC(=O)CC\C=C/C\C=C/C\C=C/C\C=C/C\C=C/C\C=C/CC)OC(=O)CCCCCCCCCCCCCCCCCC","","TRUE",NA,NA,"No Match"
"1655","BMDB62930","TG(12:0/20:0/20:2(11Z,14Z))[iso6]","SVXLLGLOBZCVOX-UIYOKZBGSA-N","[H][C@](COC(=O)CCCCCCCCCCC)(COC(=O)CCCCCCCCC\C=C/C\C=C/CCCCC)OC(=O)CCCCCCCCCCCCCCCCCCC","","TRUE",NA,NA,"No Match"
"1656","BMDB62931","TG(12:0/20:0/20:3(8Z,11Z,14Z))[iso6]","WVVSIJRZVJIVCG-PRTZEJFKSA-N","[H][C@](COC(=O)CCCCCCCCCCC)(COC(=O)CCCCCC\C=C/C\C=C/C\C=C/CCCCC)OC(=O)CCCCCCCCCCCCCCCCCCC","","TRUE",NA,NA,"No Match"
"1657","BMDB62932","TG(12:0/20:0/20:4(5Z,8Z,11Z,14Z))[iso6]","JZPVBZYHZFOOSG-LQDJPJCFSA-N","[H][C@](COC(=O)CCCCCCCCCCC)(COC(=O)CCC\C=C/C\C=C/C\C=C/C\C=C/CCCCC)OC(=O)CCCCCCCCCCCCCCCCCCC","","TRUE",NA,NA,"No Match"
"1658","BMDB62933","TG(12:0/20:0/20:5(5Z,8Z,11Z,14Z,17Z))[iso6]","QXIJWHIKLQHJPN-VSIMMTCYSA-N","[H][C@](COC(=O)CCCCCCCCCCC)(COC(=O)CCC\C=C/C\C=C/C\C=C/C\C=C/C\C=C/CC)OC(=O)CCCCCCCCCCCCCCCCCCC","","TRUE",NA,NA,"No Match"
"1659","BMDB62934","TG(12:0/20:0/22:4(7Z,10Z,13Z,16Z))[iso6]","RKORFIGATZMSDF-CHLZEOOYSA-N","[H][C@](COC(=O)CCCCCCCCCCC)(COC(=O)CCCCC\C=C/C\C=C/C\C=C/C\C=C/CCCCC)OC(=O)CCCCCCCCCCCCCCCCCCC","","TRUE",NA,NA,"No Match"
"1660","BMDB62935","TG(12:0/20:0/22:5(7Z,10Z,13Z,16Z,19Z))[iso6]","XFSYXEGJYOCSNZ-RTENQHPDSA-N","[H][C@](COC(=O)CCCCCCCCCCC)(COC(=O)CCCCC\C=C/C\C=C/C\C=C/C\C=C/C\C=C/CC)OC(=O)CCCCCCCCCCCCCCCCCCC","","TRUE",NA,NA,"No Match"
"1661","BMDB62936","TG(12:0/20:0/22:6(4Z,7Z,10Z,13Z,16Z,19Z))[iso6]","XFUIHQAOPZPIMB-BKQITPRBSA-N","[H][C@](COC(=O)CCCCCCCCCCC)(COC(=O)CC\C=C/C\C=C/C\C=C/C\C=C/C\C=C/C\C=C/CC)OC(=O)CCCCCCCCCCCCCCCCCCC","","TRUE",NA,NA,"No Match"
"1662","BMDB62937","TG(12:0/20:1(11Z)/20:1(11Z))[iso3]","ITKPTVCPGKAUSR-AKGJDKGVSA-N","[H][C@](COC(=O)CCCCCCCCCCC)(COC(=O)CCCCCCCCC\C=C/CCCCCCCC)OC(=O)CCCCCCCCC\C=C/CCCCCCCC","","TRUE",NA,NA,"No Match"
"1663","BMDB62938","TG(12:0/20:1(11Z)/20:2(11Z,14Z))[iso6]","GQRHFSUEYMNFGP-RUMSBYJFSA-N","[H][C@](COC(=O)CCCCCCCCCCC)(COC(=O)CCCCCCCCC\C=C/C\C=C/CCCCC)OC(=O)CCCCCCCCC\C=C/CCCCCCCC","","TRUE",NA,NA,"No Match"
"1664","BMDB62939","TG(12:0/20:1(11Z)/20:3(8Z,11Z,14Z))[iso6]","SOLVSVVHDNLWGB-FVGJGBSGSA-N","[H][C@](COC(=O)CCCCCCCCCCC)(COC(=O)CCCCCC\C=C/C\C=C/C\C=C/CCCCC)OC(=O)CCCCCCCCC\C=C/CCCCCCCC","","TRUE",NA,NA,"No Match"
"1665","BMDB62940","TG(12:0/20:1(11Z)/20:4(5Z,8Z,11Z,14Z))[iso6]","SFNMQJOWSONERD-VIEMTFETSA-N","[H][C@](COC(=O)CCCCCCCCCCC)(COC(=O)CCC\C=C/C\C=C/C\C=C/C\C=C/CCCCC)OC(=O)CCCCCCCCC\C=C/CCCCCCCC","","TRUE",NA,NA,"No Match"
"1666","BMDB62941","TG(12:0/20:1(11Z)/22:4(7Z,10Z,13Z,16Z))[iso6]","IZOVEEZIPGFTHR-IOLOQNMFSA-N","[H][C@](COC(=O)CCCCCCCCCCC)(COC(=O)CCCCC\C=C/C\C=C/C\C=C/C\C=C/CCCCC)OC(=O)CCCCCCCCC\C=C/CCCCCCCC","","TRUE",NA,NA,"No Match"
"1667","BMDB62942","TG(12:0/20:1(11Z)/22:5(7Z,10Z,13Z,16Z,19Z))[iso6]","ISSDVCAZGDNZNW-XZZXKDSRSA-N","[H][C@](COC(=O)CCCCCCCCCCC)(COC(=O)CCCCC\C=C/C\C=C/C\C=C/C\C=C/C\C=C/CC)OC(=O)CCCCCCCCC\C=C/CCCCCCCC","","TRUE",NA,NA,"No Match"
"1668","BMDB62943","TG(12:0/20:2(11Z,14Z)/20:2(11Z,14Z))[iso3]","APQSFWXWFHPYLD-FQMGHLQGSA-N","[H][C@](COC(=O)CCCCCCCCCCC)(COC(=O)CCCCCCCCC\C=C/C\C=C/CCCCC)OC(=O)CCCCCCCCC\C=C/C\C=C/CCCCC","","TRUE",NA,NA,"No Match"
"1669","BMDB62944","TG(12:0/20:2(11Z,14Z)/20:3(8Z,11Z,14Z))[iso6]","CZWWDPZCCBALQM-JIOLMCDVSA-N","[H][C@](COC(=O)CCCCCCCCCCC)(COC(=O)CCCCCC\C=C/C\C=C/C\C=C/CCCCC)OC(=O)CCCCCCCCC\C=C/C\C=C/CCCCC","","TRUE",NA,NA,"No Match"
"1670","BMDB62945","TG(12:0/20:2(11Z,14Z)/22:0)[iso6]","ZYUCRKVOUJUNFA-IBLGBKHBSA-N","[H][C@](COC(=O)CCCCCCCCCCC)(COC(=O)CCCCCCCCCCCCCCCCCCCCC)OC(=O)CCCCCCCCC\C=C/C\C=C/CCCCC","","TRUE",NA,NA,"No Match"
"1671","BMDB62946","TG(12:0/20:2(11Z,14Z)/22:4(7Z,10Z,13Z,16Z))[iso6]","YPRWJPINHXHUPY-YSSDXILJSA-N","[H][C@](COC(=O)CCCCCCCCCCC)(COC(=O)CCCCC\C=C/C\C=C/C\C=C/C\C=C/CCCCC)OC(=O)CCCCCCCCC\C=C/C\C=C/CCCCC","","TRUE",NA,NA,"No Match"
"1672","BMDB62947","TG(12:0/20:3(8Z,11Z,14Z)/21:0)[iso6]","QKRBLQDGBRLIGM-ATRVMFSLSA-N","[H][C@](COC(=O)CCCCCCCCCCC)(COC(=O)CCCCCCCCCCCCCCCCCCCC)OC(=O)CCCCCC\C=C/C\C=C/C\C=C/CCCCC","","TRUE",NA,NA,"No Match"
"1673","BMDB62948","TG(12:0/20:3(8Z,11Z,14Z)/22:0)[iso6]","VLHYRMSJLUACJA-SWLNQUICSA-N","[H][C@](COC(=O)CCCCCCCCCCC)(COC(=O)CCCCCCCCCCCCCCCCCCCCC)OC(=O)CCCCCC\C=C/C\C=C/C\C=C/CCCCC","","TRUE",NA,NA,"No Match"
"1674","BMDB62949","TG(12:0/20:4(5Z,8Z,11Z,14Z)/21:0)[iso6]","MVCFRDRRHPCLEV-GTKMEANGSA-N","[H][C@](COC(=O)CCCCCCCCCCC)(COC(=O)CCCCCCCCCCCCCCCCCCCC)OC(=O)CCC\C=C/C\C=C/C\C=C/C\C=C/CCCCC","","TRUE",NA,NA,"No Match"
"1675","BMDB62950","TG(12:0/20:4(5Z,8Z,11Z,14Z)/22:0)[iso6]","MGQMGGUWTIFWOC-CVLVQIDISA-N","[H][C@](COC(=O)CCCCCCCCCCC)(COC(=O)CCCCCCCCCCCCCCCCCCCCC)OC(=O)CCC\C=C/C\C=C/C\C=C/C\C=C/CCCCC","","TRUE",NA,NA,"No Match"
"1676","BMDB62951","TG(12:0/20:5(5Z,8Z,11Z,14Z,17Z)/21:0)[iso6]","OZFGEFDUPOAJMN-NPTYWZOTSA-N","[H][C@](COC(=O)CCCCCCCCCCC)(COC(=O)CCCCCCCCCCCCCCCCCCCC)OC(=O)CCC\C=C/C\C=C/C\C=C/C\C=C/C\C=C/CC","","TRUE",NA,NA,"No Match"
"1677","BMDB62952","TG(12:0/20:5(5Z,8Z,11Z,14Z,17Z)/22:0)[iso6]","CVUCKDOPJGVEGC-VDXWIDMYSA-N","[H][C@](COC(=O)CCCCCCCCCCC)(COC(=O)CCCCCCCCCCCCCCCCCCCCC)OC(=O)CCC\C=C/C\C=C/C\C=C/C\C=C/C\C=C/CC","","TRUE",NA,NA,"No Match"
"1678","BMDB62953","TG(12:0/21:0/22:6(4Z,7Z,10Z,13Z,16Z,19Z))[iso6]","JHHGYOALRGWULX-OEMXPNGESA-N","[H][C@](COC(=O)CCCCCCCCCCC)(COC(=O)CC\C=C/C\C=C/C\C=C/C\C=C/C\C=C/C\C=C/CC)OC(=O)CCCCCCCCCCCCCCCCCCCC","","TRUE",NA,NA,"No Match"
"1679","BMDB62954","TG(12:0/22:0/22:6(4Z,7Z,10Z,13Z,16Z,19Z))[iso6]","DBVWYMAAALQYDW-IDWWUEHVSA-N","[H][C@](COC(=O)CCCCCCCCCCC)(COC(=O)CC\C=C/C\C=C/C\C=C/C\C=C/C\C=C/C\C=C/CC)OC(=O)CCCCCCCCCCCCCCCCCCCCC","","TRUE",NA,NA,"No Match"
"1680","BMDB62955","TG(13:0/13:0/18:1(9Z))[iso3]","GGVPEFFSCWJNIA-NLEOTPFDSA-N","[H][C@](COC(=O)CCCCCCCCCCCC)(COC(=O)CCCCCCC\C=C/CCCCCCCC)OC(=O)CCCCCCCCCCCC","","TRUE",NA,NA,"No Match"
"1681","BMDB62956","TG(13:0/13:0/18:2(9Z,12Z))[iso3]","WCSHVUBSHKREDG-OOFJJGFMSA-N","[H][C@](COC(=O)CCCCCCCCCCCC)(COC(=O)CCCCCCC\C=C/C\C=C/CCCCC)OC(=O)CCCCCCCCCCCC","","TRUE",NA,NA,"No Match"
"1682","BMDB62957","TG(13:0/13:0/18:4(6Z,9Z,12Z,15Z))[iso3]","ZDGQXLQHDMBLIA-IGVGVCPDSA-N","[H][C@](COC(=O)CCCCCCCCCCCC)(COC(=O)CCCC\C=C/C\C=C/C\C=C/C\C=C/CC)OC(=O)CCCCCCCCCCCC","","TRUE",NA,NA,"No Match"
"1683","BMDB62958","TG(13:0/13:0/20:2(11Z,14Z))[iso3]","CHIHFBRVSHTOGA-UZVIVRTPSA-N","[H][C@](COC(=O)CCCCCCCCCCCC)(COC(=O)CCCCCCCCC\C=C/C\C=C/CCCCC)OC(=O)CCCCCCCCCCCC","","TRUE",NA,NA,"No Match"
"1684","BMDB62959","TG(13:0/14:1(9Z)/17:0)[iso6]","NYTHUGZAKYLXQB-ABOJEUERSA-N","[H][C@](COC(=O)CCCCCCCCCCCC)(COC(=O)CCCCCCCCCCCCCCCC)OC(=O)CCCCCCC\C=C/CCCC","","TRUE",NA,NA,"No Match"
"1685","BMDB62960","TG(13:0/14:1(9Z)/22:0)[iso6]","HMIFSEWNIWVFIH-XYMFCUSKSA-N","[H][C@](COC(=O)CCCCCCCCCCCC)(COC(=O)CCCCCCCCCCCCCCCCCCCCC)OC(=O)CCCCCCC\C=C/CCCC","","TRUE",NA,NA,"No Match"
"1686","BMDB62961","TG(13:0/15:0/16:1(9Z))[iso6]","NWMBZDQXLSCPKA-ZJNAVBKXSA-N","[H][C@](COC(=O)CCCCCCCCCCCC)(COC(=O)CCCCCCC\C=C/CCCCCC)OC(=O)CCCCCCCCCCCCCC","","TRUE",NA,NA,"No Match"
"1687","BMDB62962","TG(13:0/15:0/18:2(9Z,12Z))[iso6]","IUDOKIABRZVDOI-WWNPDYEESA-N","[H][C@](COC(=O)CCCCCCCCCCCC)(COC(=O)CCCCCCC\C=C/C\C=C/CCCCC)OC(=O)CCCCCCCCCCCCCC","","TRUE",NA,NA,"No Match"
"1688","BMDB62963","TG(13:0/15:0/20:2(11Z,14Z))[iso6]","RASDPAORLPVSRI-RGFFXGESSA-N","[H][C@](COC(=O)CCCCCCCCCCCC)(COC(=O)CCCCCCCCC\C=C/C\C=C/CCCCC)OC(=O)CCCCCCCCCCCCCC","","TRUE",NA,NA,"No Match"
"1689","BMDB62964","TG(13:0/15:0/20:3(8Z,11Z,14Z))[iso6]","XTIXMOHKZTYZBK-RVMWUOHGSA-N","[H][C@](COC(=O)CCCCCCCCCCCC)(COC(=O)CCCCCC\C=C/C\C=C/C\C=C/CCCCC)OC(=O)CCCCCCCCCCCCCC","","TRUE",NA,NA,"No Match"
"1690","BMDB62965","TG(13:0/15:0/22:4(7Z,10Z,13Z,16Z))[iso6]","RJZNVPSSFBYEQG-VBONPLQXSA-N","[H][C@](COC(=O)CCCCCCCCCCCC)(COC(=O)CCCCC\C=C/C\C=C/C\C=C/C\C=C/CCCCC)OC(=O)CCCCCCCCCCCCCC","","TRUE",NA,NA,"No Match"
"1691","BMDB62966","TG(13:0/16:0/20:1(11Z))[iso6]","XVLAWFCHGNBVMP-AHTWSVOLSA-N","[H][C@](COC(=O)CCCCCCCCCCCC)(COC(=O)CCCCCCCCC\C=C/CCCCCCCC)OC(=O)CCCCCCCCCCCCCCC","","TRUE",NA,NA,"No Match"
"1692","BMDB62967","TG(13:0/16:0/20:2(11Z,14Z))[iso6]","OKUVFELQPOGWIP-ASUOMLQXSA-N","[H][C@](COC(=O)CCCCCCCCCCCC)(COC(=O)CCCCCCCCC\C=C/C\C=C/CCCCC)OC(=O)CCCCCCCCCCCCCCC","","TRUE",NA,NA,"No Match"
"1693","BMDB62968","TG(13:0/16:0/22:4(7Z,10Z,13Z,16Z))[iso6]","VYBIOIYDPQZXCL-CTMUKDPYSA-N","[H][C@](COC(=O)CCCCCCCCCCCC)(COC(=O)CCCCC\C=C/C\C=C/C\C=C/C\C=C/CCCCC)OC(=O)CCCCCCCCCCCCCCC","","TRUE",NA,NA,"No Match"
"1694","BMDB62969","TG(13:0/16:0/22:5(7Z,10Z,13Z,16Z,19Z)) [iso6]","PSZFRKPKXBAWCL-LRFBEJBQSA-N","[H][C@](COC(=O)CCCCCCCCCCCC)(COC(=O)CCCCC\C=C/C\C=C/C\C=C/C\C=C/C\C=C/CC)OC(=O)CCCCCCCCCCCCCCC","","TRUE",NA,NA,"No Match"
"1695","BMDB62970","TG(13:0/16:1(9Z)/20:0)[iso6]","RKHRZOFBRXROOF-ZCXHGMKPSA-N","[H][C@](COC(=O)CCCCCCCCCCCC)(COC(=O)CCCCCCCCCCCCCCCCCCC)OC(=O)CCCCCCC\C=C/CCCCCC","","TRUE",NA,NA,"No Match"
"1696","BMDB62971","TG(13:0/16:1(9Z)/20:1(11Z))[iso6]","HXLJROVZNRBAEI-NMVAYRARSA-N","[H][C@](COC(=O)CCCCCCCCCCCC)(COC(=O)CCCCCCCCC\C=C/CCCCCCCC)OC(=O)CCCCCCC\C=C/CCCCCC","","TRUE",NA,NA,"No Match"
"1697","BMDB62972","TG(13:0/16:1(9Z)/21:0)[iso6]","YBSVRQOYFXBGQD-YVMYVILJSA-N","[H][C@](COC(=O)CCCCCCCCCCCC)(COC(=O)CCCCCCCCCCCCCCCCCCCC)OC(=O)CCCCCCC\C=C/CCCCCC","","TRUE",NA,NA,"No Match"
"1698","BMDB62973","TG(13:0/16:1(9Z)/22:0)[iso6]","SVNKNRVTRHEZLT-KMIVGPLPSA-N","[H][C@](COC(=O)CCCCCCCCCCCC)(COC(=O)CCCCCCCCCCCCCCCCCCCCC)OC(=O)CCCCCCC\C=C/CCCCCC","","TRUE",NA,NA,"No Match"
"1699","BMDB62974","TG(13:0/16:1(9Z)/22:4(7Z,10Z,13Z,16Z)) [iso6]","FNTLKBBHGHNWDC-YWLNVRHBSA-N","[H][C@](COC(=O)CCCCCCCCCCCC)(COC(=O)CCCCC\C=C/C\C=C/C\C=C/C\C=C/CCCCC)OC(=O)CCCCCCC\C=C/CCCCCC","","TRUE",NA,NA,"No Match"
"1700","BMDB62975","TG(13:0/17:0/18:2(9Z,12Z))[iso6]","OZJYKACPBBLZSG-HNBCDQRFSA-N","[H][C@](COC(=O)CCCCCCCCCCCC)(COC(=O)CCCCCCC\C=C/C\C=C/CCCCC)OC(=O)CCCCCCCCCCCCCCCC","","TRUE",NA,NA,"No Match"
"1701","BMDB62976","TG(13:0/17:0/18:3(6Z,9Z,12Z))[iso6]","JQSYLJUKYGRJSK-BGJCZQFZSA-N","[H][C@](COC(=O)CCCCCCCCCCCC)(COC(=O)CCCC\C=C/C\C=C/C\C=C/CCCCC)OC(=O)CCCCCCCCCCCCCCCC","","TRUE",NA,NA,"No Match"
"1702","BMDB62977","TG(13:0/17:0/18:3(9Z,12Z,15Z))[iso6]","KAEPXNLYZDRZMB-APLCPMATSA-N","[H][C@](COC(=O)CCCCCCCCCCCC)(COC(=O)CCCCCCC\C=C/C\C=C/C\C=C/CC)OC(=O)CCCCCCCCCCCCCCCC","","TRUE",NA,NA,"No Match"
"1703","BMDB62978","TG(13:0/17:0/20:1(11Z))[iso6]","CVOIZWDZHGKEOI-YVUYSCDNSA-N","[H][C@](COC(=O)CCCCCCCCCCCC)(COC(=O)CCCCCCCCC\C=C/CCCCCCCC)OC(=O)CCCCCCCCCCCCCCCC","","TRUE",NA,NA,"No Match"
"1704","BMDB62979","TG(13:0/17:0/20:2(11Z,14Z))[iso6]","QPFDNHJFFVQVBS-TUVYQMNMSA-N","[H][C@](COC(=O)CCCCCCCCCCCC)(COC(=O)CCCCCCCCC\C=C/C\C=C/CCCCC)OC(=O)CCCCCCCCCCCCCCCC","","TRUE",NA,NA,"No Match"
"1705","BMDB62980","TG(13:0/17:0/20:3(8Z,11Z,14Z))[iso6]","ZKJGYVGAJPHYFC-ARXXLZDASA-N","[H][C@](COC(=O)CCCCCCCCCCCC)(COC(=O)CCCCCC\C=C/C\C=C/C\C=C/CCCCC)OC(=O)CCCCCCCCCCCCCCCC","","TRUE",NA,NA,"No Match"
"1706","BMDB62981","TG(13:0/17:0/20:4(5Z,8Z,11Z,14Z))[iso6]","LRPVSDFSGZQPBM-LBDKGULVSA-N","[H][C@](COC(=O)CCCCCCCCCCCC)(COC(=O)CCC\C=C/C\C=C/C\C=C/C\C=C/CCCCC)OC(=O)CCCCCCCCCCCCCCCC","","TRUE",NA,NA,"No Match"
"1707","BMDB62982","TG(13:0/17:0/22:4(7Z,10Z,13Z,16Z))[iso6]","QVKNIVNDYMBGDU-XVIRPOKRSA-N","[H][C@](COC(=O)CCCCCCCCCCCC)(COC(=O)CCCCC\C=C/C\C=C/C\C=C/C\C=C/CCCCC)OC(=O)CCCCCCCCCCCCCCCC","","TRUE",NA,NA,"No Match"
"1708","BMDB62983","TG(13:0/17:0/22:5(7Z,10Z,13Z,16Z,19Z))[iso6]","AHUWPHLEHINDNR-MLFBNNMUSA-N","[H][C@](COC(=O)CCCCCCCCCCCC)(COC(=O)CCCCC\C=C/C\C=C/C\C=C/C\C=C/C\C=C/CC)OC(=O)CCCCCCCCCCCCCCCC","","TRUE",NA,NA,"No Match"
"1709","BMDB62984","TG(13:0/18:0/18:1(9Z))[iso6]","QJWQMVKTAVFSDI-BECVICMGSA-N","[H][C@](COC(=O)CCCCCCCCCCCC)(COC(=O)CCCCCCC\C=C/CCCCCCCC)OC(=O)CCCCCCCCCCCCCCCCC","","TRUE",NA,NA,"No Match"
"1710","BMDB62985","TG(13:0/18:0/18:2(9Z,12Z))[iso6]","MPSZKUJKQLQTGL-GTOVTWMZSA-N","[H][C@](COC(=O)CCCCCCCCCCCC)(COC(=O)CCCCCCC\C=C/C\C=C/CCCCC)OC(=O)CCCCCCCCCCCCCCCCC","","TRUE",NA,NA,"No Match"
"1711","BMDB62986","TG(13:0/18:0/20:1(11Z))[iso6]","QUWUOGDVBVKMGQ-TUZFXVNVSA-N","[H][C@](COC(=O)CCCCCCCCCCCC)(COC(=O)CCCCCCCCC\C=C/CCCCCCCC)OC(=O)CCCCCCCCCCCCCCCCC","","TRUE",NA,NA,"No Match"
"1712","BMDB62987","TG(13:0/18:0/20:2(11Z,14Z))[iso6]","PWZURXUZDLYDSO-GZAKRJTLSA-N","[H][C@](COC(=O)CCCCCCCCCCCC)(COC(=O)CCCCCCCCC\C=C/C\C=C/CCCCC)OC(=O)CCCCCCCCCCCCCCCCC","","TRUE",NA,NA,"No Match"
"1713","BMDB62988","TG(13:0/18:0/20:3(8Z,11Z,14Z))[iso6]","ZFKDRSAWXWIDMM-QVHHXCRHSA-N","[H][C@](COC(=O)CCCCCCCCCCCC)(COC(=O)CCCCCC\C=C/C\C=C/C\C=C/CCCCC)OC(=O)CCCCCCCCCCCCCCCCC","","TRUE",NA,NA,"No Match"
"1714","BMDB62989","TG(13:0/18:0/20:4(5Z,8Z,11Z,14Z))[iso6]","WKJHFGHOTZEQSN-IBKOZDTASA-N","[H][C@](COC(=O)CCCCCCCCCCCC)(COC(=O)CCC\C=C/C\C=C/C\C=C/C\C=C/CCCCC)OC(=O)CCCCCCCCCCCCCCCCC","","TRUE",NA,NA,"No Match"
"1715","BMDB62990","TG(13:0/18:0/20:5(5Z,8Z,11Z,14Z,17Z)) [iso6]","UNZGAPDOGSJJPO-AMXGNSSDSA-N","[H][C@](COC(=O)CCCCCCCCCCCC)(COC(=O)CCC\C=C/C\C=C/C\C=C/C\C=C/C\C=C/CC)OC(=O)CCCCCCCCCCCCCCCCC","","TRUE",NA,NA,"No Match"
"1716","BMDB62991","TG(13:0/18:0/22:4(7Z,10Z,13Z,16Z))[iso6]","YGUMWAQSARLQFW-WQLIHNPWSA-N","[H][C@](COC(=O)CCCCCCCCCCCC)(COC(=O)CCCCC\C=C/C\C=C/C\C=C/C\C=C/CCCCC)OC(=O)CCCCCCCCCCCCCCCCC","","TRUE",NA,NA,"No Match"
"1717","BMDB62992","TG(13:0/18:0/22:5(7Z,10Z,13Z,16Z,19Z))[iso6]","HFVHAUAVZCIYCK-XQJAOTSNSA-N","[H][C@](COC(=O)CCCCCCCCCCCC)(COC(=O)CCCCC\C=C/C\C=C/C\C=C/C\C=C/C\C=C/CC)OC(=O)CCCCCCCCCCCCCCCCC","","TRUE",NA,NA,"No Match"
"1718","BMDB62993","TG(13:0/18:0/22:6(4Z,7Z,10Z,13Z,16Z,19Z))[iso6]","CZHDPIRCZCRMPL-OOHHMSMLSA-N","[H][C@](COC(=O)CCCCCCCCCCCC)(COC(=O)CC\C=C/C\C=C/C\C=C/C\C=C/C\C=C/C\C=C/CC)OC(=O)CCCCCCCCCCCCCCCCC","","TRUE",NA,NA,"No Match"
"1719","BMDB62994","TG(13:0/18:1(9Z)/18:1(9Z))[iso3]","CKCCBJSARYBDHM-PTXHZILLSA-N","[H][C@](COC(=O)CCCCCCCCCCCC)(COC(=O)CCCCCCC\C=C/CCCCCCCC)OC(=O)CCCCCCC\C=C/CCCCCCCC","","TRUE",NA,NA,"No Match"
"1720","BMDB62995","TG(13:0/18:1(9Z)/19:0)[iso6]","MRFSPTSAEVUAAE-QMQKRLOWSA-N","[H][C@](COC(=O)CCCCCCCCCCCC)(COC(=O)CCCCCCCCCCCCCCCCCC)OC(=O)CCCCCCC\C=C/CCCCCCCC","","TRUE",NA,NA,"No Match"
"1721","BMDB62996","TG(13:0/18:1(9Z)/20:0)[iso6]","ACQCATAWVAMHOW-XGJCFNBDSA-N","[H][C@](COC(=O)CCCCCCCCCCCC)(COC(=O)CCCCCCCCCCCCCCCCCCC)OC(=O)CCCCCCC\C=C/CCCCCCCC","","TRUE",NA,NA,"No Match"
"1722","BMDB62997","TG(13:0/18:1(9Z)/20:1(11Z))[iso6]","HLPHIWKXOMMFJW-POVVDDHSSA-N","[H][C@](COC(=O)CCCCCCCCCCCC)(COC(=O)CCCCCCCCC\C=C/CCCCCCCC)OC(=O)CCCCCCC\C=C/CCCCCCCC","","TRUE",NA,NA,"No Match"
"1723","BMDB62998","TG(13:0/18:1(9Z)/20:2(11Z,14Z))[iso6]","LQFDWCOUHOLIAZ-NDDJKLGGSA-N","[H][C@](COC(=O)CCCCCCCCCCCC)(COC(=O)CCCCCCCCC\C=C/C\C=C/CCCCC)OC(=O)CCCCCCC\C=C/CCCCCCCC","","TRUE",NA,NA,"No Match"
"1724","BMDB62999","TG(13:0/18:1(9Z)/20:3(8Z,11Z,14Z))[iso6]","FVIWAMDZIUQJFG-ISFQXSLXSA-N","[H][C@](COC(=O)CCCCCCCCCCCC)(COC(=O)CCCCCC\C=C/C\C=C/C\C=C/CCCCC)OC(=O)CCCCCCC\C=C/CCCCCCCC","","TRUE",NA,NA,"No Match"
"1725","BMDB63000","TG(13:0/18:1(9Z)/20:4(5Z,8Z,11Z,14Z)) [iso6]","FNUNSCUMSTXXAA-RIJYTWBGSA-N","[H][C@](COC(=O)CCCCCCCCCCCC)(COC(=O)CCC\C=C/C\C=C/C\C=C/C\C=C/CCCCC)OC(=O)CCCCCCC\C=C/CCCCCCCC","","TRUE",NA,NA,"No Match"
"1726","BMDB63001","TG(13:0/18:1(9Z)/22:4(7Z,10Z,13Z,16Z))[iso6]","SKGYSQPNOVMJNM-SYKPUWPCSA-N","[H][C@](COC(=O)CCCCCCCCCCCC)(COC(=O)CCCCC\C=C/C\C=C/C\C=C/C\C=C/CCCCC)OC(=O)CCCCCCC\C=C/CCCCCCCC","","TRUE",NA,NA,"No Match"
"1727","BMDB63002","TG(13:0/18:1(9Z)/22:5(7Z,10Z,13Z,16Z,19Z))[iso6]","RKIMJDOKUVKTAO-PSLXYLSISA-N","[H][C@](COC(=O)CCCCCCCCCCCC)(COC(=O)CCCCC\C=C/C\C=C/C\C=C/C\C=C/C\C=C/CC)OC(=O)CCCCCCC\C=C/CCCCCCCC","","TRUE",NA,NA,"No Match"
"1728","BMDB63003","TG(13:0/18:2(9Z,12Z)/19:0)[iso6]","PEAGXULBJKUAIC-KWTXMQEJSA-N","[H][C@](COC(=O)CCCCCCCCCCCC)(COC(=O)CCCCCCCCCCCCCCCCCC)OC(=O)CCCCCCC\C=C/C\C=C/CCCCC","","TRUE",NA,NA,"No Match"
"1729","BMDB63004","TG(13:0/18:2(9Z,12Z)/20:0)[iso6]","VLBFRGUWJIXFOW-MBRRCTAISA-N","[H][C@](COC(=O)CCCCCCCCCCCC)(COC(=O)CCCCCCCCCCCCCCCCCCC)OC(=O)CCCCCCC\C=C/C\C=C/CCCCC","","TRUE",NA,NA,"No Match"
"1730","BMDB63005","TG(13:0/18:2(9Z,12Z)/20:1(11Z))[iso6]","POBJFNDKDPKMRR-FMAWTZAGSA-N","[H][C@](COC(=O)CCCCCCCCCCCC)(COC(=O)CCCCCCCCC\C=C/CCCCCCCC)OC(=O)CCCCCCC\C=C/C\C=C/CCCCC","","TRUE",NA,NA,"No Match"
"1731","BMDB63006","TG(13:0/18:2(9Z,12Z)/20:2(11Z,14Z))[iso6]","YTKDKIKYOWJUBZ-VHDOBDHESA-N","[H][C@](COC(=O)CCCCCCCCCCCC)(COC(=O)CCCCCCCCC\C=C/C\C=C/CCCCC)OC(=O)CCCCCCC\C=C/C\C=C/CCCCC","","TRUE",NA,NA,"No Match"
"1732","BMDB63007","TG(13:0/18:2(9Z,12Z)/20:3(8Z,11Z,14Z)) [iso6]","RJDDQDDFVRXSER-FMIIDCPYSA-N","[H][C@](COC(=O)CCCCCCCCCCCC)(COC(=O)CCCCCC\C=C/C\C=C/C\C=C/CCCCC)OC(=O)CCCCCCC\C=C/C\C=C/CCCCC","","TRUE",NA,NA,"No Match"
"1733","BMDB63008","TG(13:0/18:2(9Z,12Z)/21:0)[iso6]","CNPYKTUWCNLZQA-SBNBWDRPSA-N","[H][C@](COC(=O)CCCCCCCCCCCC)(COC(=O)CCCCCCCCCCCCCCCCCCCC)OC(=O)CCCCCCC\C=C/C\C=C/CCCCC","","TRUE",NA,NA,"No Match"
"1734","BMDB63009","TG(13:0/18:2(9Z,12Z)/22:4(7Z,10Z,13Z,16Z))[iso6]","KBAFIDSGAZQARH-RVUZSCCQSA-N","[H][C@](COC(=O)CCCCCCCCCCCC)(COC(=O)CCCCC\C=C/C\C=C/C\C=C/C\C=C/CCCCC)OC(=O)CCCCCCC\C=C/C\C=C/CCCCC","","TRUE",NA,NA,"No Match"
"1735","BMDB63010","TG(13:0/18:3(6Z,9Z,12Z)/19:0)[iso6]","MKJAQODNPUUQJU-BSOQDWHRSA-N","[H][C@](COC(=O)CCCCCCCCCCCC)(COC(=O)CCCCCCCCCCCCCCCCCC)OC(=O)CCCC\C=C/C\C=C/C\C=C/CCCCC","","TRUE",NA,NA,"No Match"
"1736","BMDB63011","TG(13:0/18:3(6Z,9Z,12Z)/20:0)[iso6]","QXUCOIAXMVMJPL-AOWJAQEFSA-N","[H][C@](COC(=O)CCCCCCCCCCCC)(COC(=O)CCCCCCCCCCCCCCCCCCC)OC(=O)CCCC\C=C/C\C=C/C\C=C/CCCCC","","TRUE",NA,NA,"No Match"
"1737","BMDB63012","TG(13:0/18:3(6Z,9Z,12Z)/20:1(11Z))[iso6]","TYSISORFUUEKNA-FIOWJEAUSA-N","[H][C@](COC(=O)CCCCCCCCCCCC)(COC(=O)CCCCCCCCC\C=C/CCCCCCCC)OC(=O)CCCC\C=C/C\C=C/C\C=C/CCCCC","","TRUE",NA,NA,"No Match"
"1738","BMDB63013","TG(13:0/18:3(6Z,9Z,12Z)/20:2(11Z,14Z)) [iso6]","HIZLCDUBCWMXSQ-ZFRQISOWSA-N","[H][C@](COC(=O)CCCCCCCCCCCC)(COC(=O)CCCCCCCCC\C=C/C\C=C/CCCCC)OC(=O)CCCC\C=C/C\C=C/C\C=C/CCCCC","","TRUE",NA,NA,"No Match"
"1739","BMDB63014","TG(13:0/18:3(6Z,9Z,12Z)/21:0)[iso6]","KCSFDVNMTBKNRH-NXVOMUFBSA-N","[H][C@](COC(=O)CCCCCCCCCCCC)(COC(=O)CCCCCCCCCCCCCCCCCCCC)OC(=O)CCCC\C=C/C\C=C/C\C=C/CCCCC","","TRUE",NA,NA,"No Match"
"1740","BMDB63015","TG(13:0/18:3(6Z,9Z,12Z)/22:0)[iso6]","ZBMXEESYDQWCQB-WGAPNYSMSA-N","[H][C@](COC(=O)CCCCCCCCCCCC)(COC(=O)CCCCCCCCCCCCCCCCCCCCC)OC(=O)CCCC\C=C/C\C=C/C\C=C/CCCCC","","TRUE",NA,NA,"No Match"
"1741","BMDB63016","TG(13:0/18:3(9Z,12Z,15Z)/19:0)[iso6]","XCRVZQKOXHLKQX-VSCFVRSVSA-N","[H][C@](COC(=O)CCCCCCCCCCCC)(COC(=O)CCCCCCCCCCCCCCCCCC)OC(=O)CCCCCCC\C=C/C\C=C/C\C=C/CC","","TRUE",NA,NA,"No Match"
"1742","BMDB63017","TG(13:0/18:3(9Z,12Z,15Z)/20:0)[iso6]","WKYHJLWZNBYHAB-LZPDCDGMSA-N","[H][C@](COC(=O)CCCCCCCCCCCC)(COC(=O)CCCCCCCCCCCCCCCCCCC)OC(=O)CCCCCCC\C=C/C\C=C/C\C=C/CC","","TRUE",NA,NA,"No Match"
"1743","BMDB63018","TG(13:0/18:3(9Z,12Z,15Z)/20:1(11Z))[iso6]","XGAFWZHWPWRYRV-JPRXEINZSA-N","[H][C@](COC(=O)CCCCCCCCCCCC)(COC(=O)CCCCCCCCC\C=C/CCCCCCCC)OC(=O)CCCCCCC\C=C/C\C=C/C\C=C/CC","","TRUE",NA,NA,"No Match"
"1744","BMDB63019","TG(13:0/18:3(9Z,12Z,15Z)/20:2(11Z,14Z)) [iso6]","GITROKWKDRHGHQ-GZLVWJFZSA-N","[H][C@](COC(=O)CCCCCCCCCCCC)(COC(=O)CCCCCCCCC\C=C/C\C=C/CCCCC)OC(=O)CCCCCCC\C=C/C\C=C/C\C=C/CC","","TRUE",NA,NA,"No Match"
"1745","BMDB63020","TG(13:0/18:3(9Z,12Z,15Z)/21:0)[iso6]","FRHOLDLEYVPPSH-YHABEKHXSA-N","[H][C@](COC(=O)CCCCCCCCCCCC)(COC(=O)CCCCCCCCCCCCCCCCCCCC)OC(=O)CCCCCCC\C=C/C\C=C/C\C=C/CC","","TRUE",NA,NA,"No Match"
"1746","BMDB63021","TG(13:0/18:3(9Z,12Z,15Z)/22:0)[iso6]","WQADSUPBDNWBQM-SYYPBDLKSA-N","[H][C@](COC(=O)CCCCCCCCCCCC)(COC(=O)CCCCCCCCCCCCCCCCCCCCC)OC(=O)CCCCCCC\C=C/C\C=C/C\C=C/CC","","TRUE",NA,NA,"No Match"
"1747","BMDB63022","TG(13:0/18:4(6Z,9Z,12Z,15Z)/19:0)[iso6]","XECCMAXKFAAKSU-BNZGIGIVSA-N","[H][C@](COC(=O)CCCCCCCCCCCC)(COC(=O)CCCCCCCCCCCCCCCCCC)OC(=O)CCCC\C=C/C\C=C/C\C=C/C\C=C/CC","","TRUE",NA,NA,"No Match"
"1748","BMDB63023","TG(13:0/18:4(6Z,9Z,12Z,15Z)/20:0)[iso6]","CYGLTSNZHJSZCI-POICDLJVSA-N","[H][C@](COC(=O)CCCCCCCCCCCC)(COC(=O)CCCCCCCCCCCCCCCCCCC)OC(=O)CCCC\C=C/C\C=C/C\C=C/C\C=C/CC","","TRUE",NA,NA,"No Match"
"1749","BMDB63024","TG(13:0/18:4(6Z,9Z,12Z,15Z)/20:1(11Z)) [iso6]","QUNPQBBDPLOGIB-LOGXWNIASA-N","[H][C@](COC(=O)CCCCCCCCCCCC)(COC(=O)CCCCCCCCC\C=C/CCCCCCCC)OC(=O)CCCC\C=C/C\C=C/C\C=C/C\C=C/CC","","TRUE",NA,NA,"No Match"
"1750","BMDB63025","TG(13:0/18:4(6Z,9Z,12Z,15Z)/21:0)[iso6]","NUKNGHBZJMVIRF-NSQUIEEXSA-N","[H][C@](COC(=O)CCCCCCCCCCCC)(COC(=O)CCCCCCCCCCCCCCCCCCCC)OC(=O)CCCC\C=C/C\C=C/C\C=C/C\C=C/CC","","TRUE",NA,NA,"No Match"
"1751","BMDB63026","TG(13:0/18:4(6Z,9Z,12Z,15Z)/22:0)[iso6]","GUYIIRIEUDZMHW-XKMOIMIYSA-N","[H][C@](COC(=O)CCCCCCCCCCCC)(COC(=O)CCCCCCCCCCCCCCCCCCCCC)OC(=O)CCCC\C=C/C\C=C/C\C=C/C\C=C/CC","","TRUE",NA,NA,"No Match"
"1752","BMDB63027","TG(13:0/19:0/20:2(11Z,14Z))[iso6]","GGDFLPOOONJXKF-QZLSUQTPSA-N","[H][C@](COC(=O)CCCCCCCCCCCC)(COC(=O)CCCCCCCCC\C=C/C\C=C/CCCCC)OC(=O)CCCCCCCCCCCCCCCCCC","","TRUE",NA,NA,"No Match"
"1753","BMDB63028","TG(13:0/19:0/20:3(8Z,11Z,14Z))[iso6]","SKEHTPDBNRFSFP-FMWAWUPVSA-N","[H][C@](COC(=O)CCCCCCCCCCCC)(COC(=O)CCCCCC\C=C/C\C=C/C\C=C/CCCCC)OC(=O)CCCCCCCCCCCCCCCCCC","","TRUE",NA,NA,"No Match"
"1754","BMDB63029","TG(13:0/19:0/20:4(5Z,8Z,11Z,14Z))[iso6]","FBZFBASQMCMBJP-SWMLTYPISA-N","[H][C@](COC(=O)CCCCCCCCCCCC)(COC(=O)CCC\C=C/C\C=C/C\C=C/C\C=C/CCCCC)OC(=O)CCCCCCCCCCCCCCCCCC","","TRUE",NA,NA,"No Match"
"1755","BMDB63030","TG(13:0/19:0/20:5(5Z,8Z,11Z,14Z,17Z))[iso6]","KTDQXVPKYOJWOG-SUMWWSLLSA-N","[H][C@](COC(=O)CCCCCCCCCCCC)(COC(=O)CCC\C=C/C\C=C/C\C=C/C\C=C/C\C=C/CC)OC(=O)CCCCCCCCCCCCCCCCCC","","TRUE",NA,NA,"No Match"
"1756","BMDB63031","TG(13:0/19:0/22:4(7Z,10Z,13Z,16Z))[iso6]","XXRRJDZBDOTZKQ-IGKWMDJDSA-N","[H][C@](COC(=O)CCCCCCCCCCCC)(COC(=O)CCCCC\C=C/C\C=C/C\C=C/C\C=C/CCCCC)OC(=O)CCCCCCCCCCCCCCCCCC","","TRUE",NA,NA,"No Match"
"1757","BMDB63032","TG(13:0/19:0/22:5(7Z,10Z,13Z,16Z,19Z))","PCIGODHFXXZPQE-HDAQVNLFSA-N","[H][C@](COC(=O)CCCCCCCCCCCC)(COC(=O)CCCCC\C=C/C\C=C/C\C=C/C\C=C/C\C=C/CC)OC(=O)CCCCCCCCCCCCCCCCCC","","TRUE",NA,NA,"No Match"
"1758","BMDB63033","TG(13:0/19:0/22:6(4Z,7Z,10Z,13Z,16Z,19Z))[iso6]","RNYPYOLUVPCWFW-WXUCRGGPSA-N","[H][C@](COC(=O)CCCCCCCCCCCC)(COC(=O)CC\C=C/C\C=C/C\C=C/C\C=C/C\C=C/C\C=C/CC)OC(=O)CCCCCCCCCCCCCCCCCC","","TRUE",NA,NA,"No Match"
"1759","BMDB63034","TG(13:0/20:0/20:3(8Z,11Z,14Z))[iso6]","VRICKTNJSPGHHB-AIHUYUAHSA-N","[H][C@](COC(=O)CCCCCCCCCCCC)(COC(=O)CCCCCC\C=C/C\C=C/C\C=C/CCCCC)OC(=O)CCCCCCCCCCCCCCCCCCC","","TRUE",NA,NA,"No Match"
"1760","BMDB63035","TG(13:0/20:0/20:4(5Z,8Z,11Z,14Z))[iso6]","VSGSABBJUHCJEP-IAQABCMLSA-N","[H][C@](COC(=O)CCCCCCCCCCCC)(COC(=O)CCC\C=C/C\C=C/C\C=C/C\C=C/CCCCC)OC(=O)CCCCCCCCCCCCCCCCCCC","","TRUE",NA,NA,"No Match"
"1761","BMDB63036","TG(13:0/20:0/20:5(5Z,8Z,11Z,14Z,17Z))[iso6]","HXJUQDNTHUHKNC-OFXPJKAYSA-N","[H][C@](COC(=O)CCCCCCCCCCCC)(COC(=O)CCC\C=C/C\C=C/C\C=C/C\C=C/C\C=C/CC)OC(=O)CCCCCCCCCCCCCCCCCCC","","TRUE",NA,NA,"No Match"
"1762","BMDB63037","TG(13:0/20:0/22:6(4Z,7Z,10Z,13Z,16Z,19Z))[iso6]","QGVGATHFHMISPE-LTIXGWCISA-N","[H][C@](COC(=O)CCCCCCCCCCCC)(COC(=O)CC\C=C/C\C=C/C\C=C/C\C=C/C\C=C/C\C=C/CC)OC(=O)CCCCCCCCCCCCCCCCCCC","","TRUE",NA,NA,"No Match"
"1763","BMDB63038","TG(13:0/20:1(11Z)/20:2(11Z,14Z))[iso6]","RLYKBVXUOITRNC-DXTAPYRQSA-N","[H][C@](COC(=O)CCCCCCCCCCCC)(COC(=O)CCCCCCCCC\C=C/C\C=C/CCCCC)OC(=O)CCCCCCCCC\C=C/CCCCCCCC","","TRUE",NA,NA,"No Match"
"1764","BMDB63039","TG(13:0/20:1(11Z)/20:3(8Z,11Z,14Z))[iso6]","GVATYCQPFPPDCU-LJWDURGFSA-N","[H][C@](COC(=O)CCCCCCCCCCCC)(COC(=O)CCCCCC\C=C/C\C=C/C\C=C/CCCCC)OC(=O)CCCCCCCCC\C=C/CCCCCCCC","","TRUE",NA,NA,"No Match"
"1765","BMDB63040","TG(13:0/20:1(11Z)/20:4(5Z,8Z,11Z,14Z))[iso6]","WKMQXAWGDBGPLW-IFTWVINWSA-N","[H][C@](COC(=O)CCCCCCCCCCCC)(COC(=O)CCC\C=C/C\C=C/C\C=C/C\C=C/CCCCC)OC(=O)CCCCCCCCC\C=C/CCCCCCCC","","TRUE",NA,NA,"No Match"
"1766","BMDB63041","TG(13:0/20:1(11Z)/20:5(5Z,8Z,11Z,14Z,17Z))[iso6]","XYZTXZZQLIABPO-BQEAYBCPSA-N","[H][C@](COC(=O)CCCCCCCCCCCC)(COC(=O)CCC\C=C/C\C=C/C\C=C/C\C=C/C\C=C/CC)OC(=O)CCCCCCCCC\C=C/CCCCCCCC","","TRUE",NA,NA,"No Match"
"1767","BMDB63042","TG(13:0/20:1(11Z)/22:5(7Z,10Z,13Z,16Z,19Z))[iso6]","RAYBRQHFOJPEHD-GREWLWLBSA-N","[H][C@](COC(=O)CCCCCCCCCCCC)(COC(=O)CCCCC\C=C/C\C=C/C\C=C/C\C=C/C\C=C/CC)OC(=O)CCCCCCCCC\C=C/CCCCCCCC","","TRUE",NA,NA,"No Match"
"1768","BMDB63043","TG(13:0/20:1(11Z)/22:6(4Z,7Z,10Z,13Z,16Z,19Z))[iso6]","SNWAOGURWHHSCC-PRLLKOEJSA-N","[H][C@](COC(=O)CCCCCCCCCCCC)(COC(=O)CC\C=C/C\C=C/C\C=C/C\C=C/C\C=C/C\C=C/CC)OC(=O)CCCCCCCCC\C=C/CCCCCCCC","","TRUE",NA,NA,"No Match"
"1769","BMDB63044","TG(13:0/20:2(11Z,14Z)/20:2(11Z,14Z))[iso3]","WBAIDSIARPKCRG-GPVUURELSA-N","[H][C@](COC(=O)CCCCCCCCCCCC)(COC(=O)CCCCCCCCC\C=C/C\C=C/CCCCC)OC(=O)CCCCCCCCC\C=C/C\C=C/CCCCC","","TRUE",NA,NA,"No Match"
"1770","BMDB63045","TG(13:0/20:2(11Z,14Z)/20:3(8Z,11Z,14Z))[iso6]","WAUCVVAHGQIVSW-KMLWWYSMSA-N","[H][C@](COC(=O)CCCCCCCCCCCC)(COC(=O)CCCCCC\C=C/C\C=C/C\C=C/CCCCC)OC(=O)CCCCCCCCC\C=C/C\C=C/CCCCC","","TRUE",NA,NA,"No Match"
"1771","BMDB63046","TG(13:0/20:2(11Z,14Z)/20:4(5Z,8Z,11Z,14Z))[iso6]","XCXAOKOIHAJPDA-PCGFXVLCSA-N","[H][C@](COC(=O)CCCCCCCCCCCC)(COC(=O)CCC\C=C/C\C=C/C\C=C/C\C=C/CCCCC)OC(=O)CCCCCCCCC\C=C/C\C=C/CCCCC","","TRUE",NA,NA,"No Match"
"1772","BMDB63047","TG(13:0/20:2(11Z,14Z)/21:0)[iso6]","DVXHSMSOPLCBJA-FACXCSMHSA-N","[H][C@](COC(=O)CCCCCCCCCCCC)(COC(=O)CCCCCCCCCCCCCCCCCCCC)OC(=O)CCCCCCCCC\C=C/C\C=C/CCCCC","","TRUE",NA,NA,"No Match"
"1773","BMDB63048","TG(13:0/20:2(11Z,14Z)/22:4(7Z,10Z,13Z,16Z))[iso6]","HLYUUJHRBVGOGI-QBZOGZBBSA-N","[H][C@](COC(=O)CCCCCCCCCCCC)(COC(=O)CCCCC\C=C/C\C=C/C\C=C/C\C=C/CCCCC)OC(=O)CCCCCCCCC\C=C/C\C=C/CCCCC","","TRUE",NA,NA,"No Match"
"1774","BMDB63049","TG(13:0/20:2(11Z,14Z)/22:5(7Z,10Z,13Z,16Z,19Z))[iso6]","DOKKYCNIKZOORW-SAZGMFISSA-N","[H][C@](COC(=O)CCCCCCCCCCCC)(COC(=O)CCCCC\C=C/C\C=C/C\C=C/C\C=C/C\C=C/CC)OC(=O)CCCCCCCCC\C=C/C\C=C/CCCCC","","TRUE",NA,NA,"No Match"
"1775","BMDB63050","TG(13:0/20:2(11Z,14Z)/22:6(4Z,7Z,10Z,13Z,16Z,19Z))[iso6]","IJSODANHJUMVFP-VJVFEGNNSA-N","[H][C@](COC(=O)CCCCCCCCCCCC)(COC(=O)CC\C=C/C\C=C/C\C=C/C\C=C/C\C=C/C\C=C/CC)OC(=O)CCCCCCCCC\C=C/C\C=C/CCCCC","","TRUE",NA,NA,"No Match"
"1776","BMDB63051","TG(13:0/20:3(8Z,11Z,14Z)/21:0)[iso6]","MEKRZPGBUSDGMQ-VRGSIRCKSA-N","[H][C@](COC(=O)CCCCCCCCCCCC)(COC(=O)CCCCCCCCCCCCCCCCCCCC)OC(=O)CCCCCC\C=C/C\C=C/C\C=C/CCCCC","","TRUE",NA,NA,"No Match"
"1777","BMDB63052","TG(13:0/20:3(8Z,11Z,14Z)/22:4(7Z,10Z,13Z,16Z))[iso6]","JXFHTHDRVIFTMW-LTPWZERUSA-N","[H][C@](COC(=O)CCCCCCCCCCCC)(COC(=O)CCCCC\C=C/C\C=C/C\C=C/C\C=C/CCCCC)OC(=O)CCCCCC\C=C/C\C=C/C\C=C/CCCCC","","TRUE",NA,NA,"No Match"
"1778","BMDB63053","TG(13:0/20:3(8Z,11Z,14Z)/22:5(7Z,10Z,13Z,16Z,19Z))[iso6]","MYCVZNAVFHAUCQ-RDDZELNPSA-N","[H][C@](COC(=O)CCCCCCCCCCCC)(COC(=O)CCCCC\C=C/C\C=C/C\C=C/C\C=C/C\C=C/CC)OC(=O)CCCCCC\C=C/C\C=C/C\C=C/CCCCC","","TRUE",NA,NA,"No Match"
"1779","BMDB63054","TG(13:0/20:3(8Z,11Z,14Z)/22:6(4Z,7Z,10Z,13Z,16Z,19Z))[iso6]","MQJSRJLYYUXOOK-WHOYYDSSSA-N","[H][C@](COC(=O)CCCCCCCCCCCC)(COC(=O)CC\C=C/C\C=C/C\C=C/C\C=C/C\C=C/C\C=C/CC)OC(=O)CCCCCC\C=C/C\C=C/C\C=C/CCCCC","","TRUE",NA,NA,"No Match"
"1780","BMDB63055","TG(13:0/20:4(5Z,8Z,11Z,14Z)/21:0)[iso6]","KXKPOODGHPGHKT-JRXXFNMSSA-N","[H][C@](COC(=O)CCCCCCCCCCCC)(COC(=O)CCCCCCCCCCCCCCCCCCCC)OC(=O)CCC\C=C/C\C=C/C\C=C/C\C=C/CCCCC","","TRUE",NA,NA,"No Match"
"1781","BMDB63056","TG(13:0/20:4(5Z,8Z,11Z,14Z)/22:4(7Z,10Z,13Z,16Z))[iso6]","CIMIOMZMAPARFJ-LAAHYUTESA-N","[H][C@](COC(=O)CCCCCCCCCCCC)(COC(=O)CCCCC\C=C/C\C=C/C\C=C/C\C=C/CCCCC)OC(=O)CCC\C=C/C\C=C/C\C=C/C\C=C/CCCCC","","TRUE",NA,NA,"No Match"
"1782","BMDB63057","TG(13:0/20:4(5Z,8Z,11Z,14Z)/22:5(7Z,10Z,13Z,16Z,19Z))[iso6]","XXTMTWCTXAVQLO-NCFALMMPSA-N","[H][C@](COC(=O)CCCCCCCCCCCC)(COC(=O)CCCCC\C=C/C\C=C/C\C=C/C\C=C/C\C=C/CC)OC(=O)CCC\C=C/C\C=C/C\C=C/C\C=C/CCCCC","","TRUE",NA,NA,"No Match"
"1783","BMDB63058","TG(13:0/20:5(5Z,8Z,11Z,14Z,17Z)/21:0)[iso6]","OPHPJZGIMUCXFX-AIBKEQNHSA-N","[H][C@](COC(=O)CCCCCCCCCCCC)(COC(=O)CCCCCCCCCCCCCCCCCCCC)OC(=O)CCC\C=C/C\C=C/C\C=C/C\C=C/C\C=C/CC","","TRUE",NA,NA,"No Match"
"1784","BMDB63059","TG(13:0/20:5(5Z,8Z,11Z,14Z,17Z)/22:4(7Z,10Z,13Z,16Z))[iso6]","LMGZUEVEWZNGID-NXUMDMQGSA-N","[H][C@](COC(=O)CCCCCCCCCCCC)(COC(=O)CCCCC\C=C/C\C=C/C\C=C/C\C=C/CCCCC)OC(=O)CCC\C=C/C\C=C/C\C=C/C\C=C/C\C=C/CC","","TRUE",NA,NA,"No Match"
"1785","BMDB63060","TG(13:0/21:0/22:6(4Z,7Z,10Z,13Z,16Z,19Z))[iso6]","IDXHCFMUKBIJQY-HYHKMVTFSA-N","[H][C@](COC(=O)CCCCCCCCCCCC)(COC(=O)CC\C=C/C\C=C/C\C=C/C\C=C/C\C=C/C\C=C/CC)OC(=O)CCCCCCCCCCCCCCCCCCCC","","TRUE",NA,NA,"No Match"
"1786","BMDB63061","TG(14:0/14:0/16:1(9Z))[iso3]","UZLGGKDLJGDGEY-ZJNAVBKXSA-N","[H][C@](COC(=O)CCCCCCCCCCCCC)(COC(=O)CCCCCCC\C=C/CCCCCC)OC(=O)CCCCCCCCCCCCC","131753216","TRUE",NA,NA,"No Match"
"1787","BMDB63062","TG(14:0/14:0/18:2(9Z,12Z))[iso3]","PQNMFXNJDJFSAL-UZVIVRTPSA-N","[H][C@](COC(=O)CCCCCCCCCCCCC)(COC(=O)CCCCCCC\C=C/C\C=C/CCCCC)OC(=O)CCCCCCCCCCCCC","131753222","TRUE",NA,NA,"No Match"
"1788","BMDB63063","TG(14:0/14:0/20:2(11Z,14Z))[iso3]","ZBGYWUISVSKLJL-VPTBOMMUSA-N","[H][C@](COC(=O)CCCCCCCCCCCCC)(COC(=O)CCCCCCCCC\C=C/C\C=C/CCCCC)OC(=O)CCCCCCCCCCCCC","131753224","TRUE",NA,NA,"No Match"
"1789","BMDB63064","TG(14:0/14:0/20:3(8Z,11Z,14Z))[iso3]","PEEVPWLSIPWIPE-FZCZWOBLSA-N","[H][C@](COC(=O)CCCCCCCCCCCCC)(COC(=O)CCCCCC\C=C/C\C=C/C\C=C/CCCCC)OC(=O)CCCCCCCCCCCCC","131753225","TRUE",NA,NA,"No Match"
"1790","BMDB63065","TG(14:0/14:0/22:4(7Z,10Z,13Z,16Z))[iso3]","HPAQAIDULVVZHU-QOQDMXSDSA-N","[H][C@](COC(=O)CCCCCCCCCCCCC)(COC(=O)CCCCC\C=C/C\C=C/C\C=C/C\C=C/CCCCC)OC(=O)CCCCCCCCCCCCC","131753228","TRUE",NA,NA,"No Match"
"1791","BMDB63066","TG(14:0/14:1(9Z)/16:0)[iso6]","JRZPEKVQFIJQHH-CTJRCAHCSA-N","[H][C@](COC(=O)CCCCCCCCCCCCC)(COC(=O)CCCCCCCCCCCCCCC)OC(=O)CCCCCCC\C=C/CCCC","131753415","TRUE",NA,NA,"No Match"
"1792","BMDB63067","TG(14:0/14:1(9Z)/16:1(9Z))[iso6]","SGPSMGCUZQMTGS-CCRVATGYSA-N","[H][C@](COC(=O)CCCCCCCCCCCCC)(COC(=O)CCCCCCC\C=C/CCCCCC)OC(=O)CCCCCCC\C=C/CCCC","131753421","TRUE",NA,NA,"No Match"
"1793","BMDB63068","TG(14:0/14:1(9Z)/18:1(9Z))[iso6]","UVAHIOIFDNNSJD-KKDGLHMPSA-N","[H][C@](COC(=O)CCCCCCCCCCCCC)(COC(=O)CCCCCCC\C=C/CCCCCCCC)OC(=O)CCCCCCC\C=C/CCCC","131753423","TRUE",NA,NA,"No Match"
"1794","BMDB63069","TG(14:0/14:1(9Z)/20:1(11Z))[iso6]","CONMOUURRLRVRA-BTQICEKWSA-N","[H][C@](COC(=O)CCCCCCCCCCCCC)(COC(=O)CCCCCCCCC\C=C/CCCCCCCC)OC(=O)CCCCCCC\C=C/CCCC","131753424","TRUE",NA,NA,"No Match"
"1795","BMDB63070","TG(14:0/14:1(9Z)/20:2(11Z,14Z))[iso6]","WSNMQTIYKBFKOK-AZNZSXSESA-N","[H][C@](COC(=O)CCCCCCCCCCCCC)(COC(=O)CCCCCCCCC\C=C/C\C=C/CCCCC)OC(=O)CCCCCCC\C=C/CCCC","131753430","TRUE",NA,NA,"No Match"
"1796","BMDB63071","TG(14:0/14:1(9Z)/21:0)[iso6]","IKQVPNFZYICSKE-GFFYSNCTSA-N","[H][C@](COC(=O)CCCCCCCCCCCCC)(COC(=O)CCCCCCCCCCCCCCCCCCCC)OC(=O)CCCCCCC\C=C/CCCC","","TRUE",NA,NA,"No Match"
"1797","BMDB63072","TG(14:0/14:1(9Z)/22:0)[iso6]","CEYRSRJJGFUDSX-JDGSYGFWSA-N","[H][C@](COC(=O)CCCCCCCCCCCCC)(COC(=O)CCCCCCCCCCCCCCCCCCCCC)OC(=O)CCCCCCC\C=C/CCCC","131753418","TRUE",NA,NA,"No Match"
"1798","BMDB63073","TG(14:0/15:0/20:1(11Z))[iso6]","KGFYMRDBADNRFA-AHTWSVOLSA-N","[H][C@](COC(=O)CCCCCCCCCCCCC)(COC(=O)CCCCCCCCC\C=C/CCCCCCCC)OC(=O)CCCCCCCCCCCCCC","131753248","TRUE",NA,NA,"No Match"
"1799","BMDB63074","TG(14:0/15:0/20:2(11Z,14Z))[iso6]","BNMAVVCRFTYTND-ASUOMLQXSA-N","[H][C@](COC(=O)CCCCCCCCCCCCC)(COC(=O)CCCCCCCCC\C=C/C\C=C/CCCCC)OC(=O)CCCCCCCCCCCCCC","131753254","TRUE",NA,NA,"No Match"
"1800","BMDB63075","TG(14:0/15:0/22:4(7Z,10Z,13Z,16Z))[iso6]","RMSVDGYULQBZFR-SVIBBISDSA-N","[H][C@](COC(=O)CCCCCCCCCCCCC)(COC(=O)CCCCC\C=C/C\C=C/C\C=C/C\C=C/CCCCC)OC(=O)CCCCCCCCCCCCCC","131753258","TRUE",NA,NA,"No Match"
"1801","BMDB63076","TG(14:0/15:0/22:5(7Z,10Z,13Z,16Z,19Z)) [iso6]","OTBZLUUCZPBSNU-WKQINSMFSA-N","[H][C@](COC(=O)CCCCCCCCCCCCC)(COC(=O)CCCCC\C=C/C\C=C/C\C=C/C\C=C/C\C=C/CC)OC(=O)CCCCCCCCCCCCCC","131753264","TRUE",NA,NA,"No Match"
"1802","BMDB63077","TG(14:0/16:0/18:2(9Z,12Z))[iso6]","YUIIXXZIUIOJQY-RGFFXGESSA-N","[H][C@](COC(=O)CCCCCCCCCCCCC)(COC(=O)CCCCCCC\C=C/C\C=C/CCCCC)OC(=O)CCCCCCCCCCCCCCC","131753280","TRUE",NA,NA,"No Match"
"1803","BMDB63078","TG(14:0/16:0/18:3(6Z,9Z,12Z))[iso6]","ROOGPSPBLOJPPQ-MMNSDLEGSA-N","[H][C@](COC(=O)CCCCCCCCCCCCC)(COC(=O)CCCC\C=C/C\C=C/C\C=C/CCCCC)OC(=O)CCCCCCCCCCCCCCC","131753281","TRUE",NA,NA,"No Match"
"1804","BMDB63079","TG(14:0/16:0/18:3(9Z,12Z,15Z))[iso6]","IJXMVNJNIOUHCI-UFMXUTEYSA-N","[H][C@](COC(=O)CCCCCCCCCCCCC)(COC(=O)CCCCCCC\C=C/C\C=C/C\C=C/CC)OC(=O)CCCCCCCCCCCCCCC","131753288","TRUE",NA,NA,"No Match"
"1805","BMDB63080","TG(14:0/16:0/20:1(11Z))[iso6]","PHAZXJMIZJNKNN-WTDFYVPFSA-N","[H][C@](COC(=O)CCCCCCCCCCCCC)(COC(=O)CCCCCCCCC\C=C/CCCCCCCC)OC(=O)CCCCCCCCCCCCCCC","131753276","TRUE",NA,NA,"No Match"
"1806","BMDB63081","TG(14:0/16:0/20:2(11Z,14Z))[iso6]","JBDIRAWBRFQEGE-QHOVMSCMSA-N","[H][C@](COC(=O)CCCCCCCCCCCCC)(COC(=O)CCCCCCCCC\C=C/C\C=C/CCCCC)OC(=O)CCCCCCCCCCCCCCC","131753282","TRUE",NA,NA,"No Match"
"1807","BMDB63082","TG(14:0/16:0/20:3(8Z,11Z,14Z))[iso6]","FENAYUACXGWLFP-KOTGQKDPSA-N","[H][C@](COC(=O)CCCCCCCCCCCCC)(COC(=O)CCCCCC\C=C/C\C=C/C\C=C/CCCCC)OC(=O)CCCCCCCCCCCCCCC","131753283","TRUE",NA,NA,"No Match"
"1808","BMDB63083","TG(14:0/16:0/20:4(5Z,8Z,11Z,14Z))[iso6]","FKJNKIIHHYXTFQ-SUNRTHERSA-N","[H][C@](COC(=O)CCCCCCCCCCCCC)(COC(=O)CCC\C=C/C\C=C/C\C=C/C\C=C/CCCCC)OC(=O)CCCCCCCCCCCCCCC","131753284","TRUE",NA,NA,"No Match"
"1809","BMDB63084","TG(14:0/16:0/22:4(7Z,10Z,13Z,16Z))[iso6]","SNUZLEOJKMJJKW-AUCUUICSSA-N","[H][C@](COC(=O)CCCCCCCCCCCCC)(COC(=O)CCCCC\C=C/C\C=C/C\C=C/C\C=C/CCCCC)OC(=O)CCCCCCCCCCCCCCC","131753286","TRUE",NA,NA,"No Match"
"1810","BMDB63085","TG(14:0/16:0/22:5(7Z,10Z,13Z,16Z,19Z))[iso6]","PDOWBMFLISSQRT-BAWFBKEMSA-N","[H][C@](COC(=O)CCCCCCCCCCCCC)(COC(=O)CCCCC\C=C/C\C=C/C\C=C/C\C=C/C\C=C/CC)OC(=O)CCCCCCCCCCCCCCC","131753292","TRUE",NA,NA,"No Match"
"1811","BMDB63086","TG(14:0/16:1(9Z)/16:1(9Z))[iso3]","XUEMVUXNOCIHLG-ZTJIGJDTSA-N","[H][C@](COC(=O)CCCCCCCCCCCCC)(COC(=O)CCCCCCC\C=C/CCCCCC)OC(=O)CCCCCCC\C=C/CCCCCC","131753451","TRUE","DMD302464","DMD302464","Unique Match (by names only)"
"1812","BMDB63087","TG(14:0/16:1(9Z)/18:1(9Z))[iso6]","QABWZGMVIDDGGI-SWKFLNMBSA-N","[H][C@](COC(=O)CCCCCCCCCCCCC)(COC(=O)CCCCCCC\C=C/CCCCCCCC)OC(=O)CCCCCCC\C=C/CCCCCC","131753453","TRUE",NA,NA,"No Match"
"1813","BMDB63088","TG(14:0/16:1(9Z)/18:2(9Z,12Z))[iso6]","IWSNEFQVYNGXGZ-ZWSZJGPESA-N","[H][C@](COC(=O)CCCCCCCCCCCCC)(COC(=O)CCCCCCC\C=C/C\C=C/CCCCC)OC(=O)CCCCCCC\C=C/CCCCCC","131753458","TRUE",NA,NA,"No Match"
"1814","BMDB63089","TG(14:0/16:1(9Z)/19:0)[iso6]","WHNAHGSPJXSFHV-ZCXHGMKPSA-N","[H][C@](COC(=O)CCCCCCCCCCCCC)(COC(=O)CCCCCCCCCCCCCCCCCC)OC(=O)CCCCCCC\C=C/CCCCCC","","TRUE",NA,NA,"No Match"
"1815","BMDB63090","TG(14:0/16:1(9Z)/20:0)[iso6]","ALZSQWYLHHUOEG-YVMYVILJSA-N","[H][C@](COC(=O)CCCCCCCCCCCCC)(COC(=O)CCCCCCCCCCCCCCCCCCC)OC(=O)CCCCCCC\C=C/CCCCCC","131753447","TRUE",NA,NA,"No Match"
"1816","BMDB63091","TG(14:0/16:1(9Z)/20:1(11Z))[iso6]","FKZROTPCYKGHJU-HISZCDFUSA-N","[H][C@](COC(=O)CCCCCCCCCCCCC)(COC(=O)CCCCCCCCC\C=C/CCCCCCCC)OC(=O)CCCCCCC\C=C/CCCCCC","131753454","TRUE",NA,NA,"No Match"
"1817","BMDB63092","TG(14:0/16:1(9Z)/20:2(11Z,14Z))[iso6]","QCEMLZQSNJUFFH-YLFLZVBXSA-N","[H][C@](COC(=O)CCCCCCCCCCCCC)(COC(=O)CCCCCCCCC\C=C/C\C=C/CCCCC)OC(=O)CCCCCCC\C=C/CCCCCC","131753460","TRUE",NA,NA,"No Match"
"1818","BMDB63093","TG(14:0/16:1(9Z)/20:3(8Z,11Z,14Z))[iso6]","VZAVZRSRDZQJRY-YZRFHVQASA-N","[H][C@](COC(=O)CCCCCCCCCCCCC)(COC(=O)CCCCCC\C=C/C\C=C/C\C=C/CCCCC)OC(=O)CCCCCCC\C=C/CCCCCC","131753461","TRUE",NA,NA,"No Match"
"1819","BMDB63094","TG(14:0/16:1(9Z)/21:0)[iso6]","WJPVDXLBCPFXSS-KMIVGPLPSA-N","[H][C@](COC(=O)CCCCCCCCCCCCC)(COC(=O)CCCCCCCCCCCCCCCCCCCC)OC(=O)CCCCCCC\C=C/CCCCCC","","TRUE",NA,NA,"No Match"
"1820","BMDB63095","TG(14:0/16:1(9Z)/22:4(7Z,10Z,13Z,16Z))[iso6]","XOVZBEYRPDKHAL-OOBFHMLASA-N","[H][C@](COC(=O)CCCCCCCCCCCCC)(COC(=O)CCCCC\C=C/C\C=C/C\C=C/C\C=C/CCCCC)OC(=O)CCCCCCC\C=C/CCCCCC","131753464","TRUE",NA,NA,"No Match"
"1821","BMDB63096","TG(14:0/17:0/18:1(9Z))[iso6]","KJAOFVHLADOELN-BECVICMGSA-N","[H][C@](COC(=O)CCCCCCCCCCCCC)(COC(=O)CCCCCCC\C=C/CCCCCCCC)OC(=O)CCCCCCCCCCCCCCCC","","TRUE",NA,NA,"No Match"
"1822","BMDB63097","TG(14:0/17:0/18:2(9Z,12Z))[iso6]","PTMMGTLFYOOVNO-GTOVTWMZSA-N","[H][C@](COC(=O)CCCCCCCCCCCCC)(COC(=O)CCCCCCC\C=C/C\C=C/CCCCC)OC(=O)CCCCCCCCCCCCCCCC","","TRUE",NA,NA,"No Match"
"1823","BMDB63098","TG(14:0/17:0/20:1(11Z))[iso6]","CXSSLLNQUCRVGG-TUZFXVNVSA-N","[H][C@](COC(=O)CCCCCCCCCCCCC)(COC(=O)CCCCCCCCC\C=C/CCCCCCCC)OC(=O)CCCCCCCCCCCCCCCC","","TRUE",NA,NA,"No Match"
"1824","BMDB63099","TG(14:0/17:0/20:2(11Z,14Z))[iso6]","LBNIAXTWTCVEDE-GZAKRJTLSA-N","[H][C@](COC(=O)CCCCCCCCCCCCC)(COC(=O)CCCCCCCCC\C=C/C\C=C/CCCCC)OC(=O)CCCCCCCCCCCCCCCC","","TRUE",NA,NA,"No Match"
"1825","BMDB63100","TG(14:0/17:0/20:3(8Z,11Z,14Z))[iso6]","WMHOTLLMUILWBX-HBRJFACWSA-N","[H][C@](COC(=O)CCCCCCCCCCCCC)(COC(=O)CCCCCC\C=C/C\C=C/C\C=C/CCCCC)OC(=O)CCCCCCCCCCCCCCCC","","TRUE",NA,NA,"No Match"
"1826","BMDB63101","TG(14:0/17:0/20:4(5Z,8Z,11Z,14Z))[iso6]","ZCUUWDYUENHCLL-PUAHAFEASA-N","[H][C@](COC(=O)CCCCCCCCCCCCC)(COC(=O)CCC\C=C/C\C=C/C\C=C/C\C=C/CCCCC)OC(=O)CCCCCCCCCCCCCCCC","","TRUE",NA,NA,"No Match"
"1827","BMDB63102","TG(14:0/17:0/20:5(5Z,8Z,11Z,14Z,17Z)) [iso6]","DGXUSUPNUXPCCE-ARZFATDSSA-N","[H][C@](COC(=O)CCCCCCCCCCCCC)(COC(=O)CCC\C=C/C\C=C/C\C=C/C\C=C/C\C=C/CC)OC(=O)CCCCCCCCCCCCCCCC","","TRUE",NA,NA,"No Match"
"1828","BMDB63103","TG(14:0/17:0/22:4(7Z,10Z,13Z,16Z))[iso6]","VQRMNFIGFUTPML-WQLIHNPWSA-N","[H][C@](COC(=O)CCCCCCCCCCCCC)(COC(=O)CCCCC\C=C/C\C=C/C\C=C/C\C=C/CCCCC)OC(=O)CCCCCCCCCCCCCCCC","","TRUE",NA,NA,"No Match"
"1829","BMDB63104","TG(14:0/17:0/22:5(7Z,10Z,13Z,16Z,19Z))[iso6]","PTTOWKDHRZUPQZ-XQJAOTSNSA-N","[H][C@](COC(=O)CCCCCCCCCCCCC)(COC(=O)CCCCC\C=C/C\C=C/C\C=C/C\C=C/C\C=C/CC)OC(=O)CCCCCCCCCCCCCCCC","","TRUE",NA,NA,"No Match"
"1830","BMDB63105","TG(14:0/17:0/22:6(4Z,7Z,10Z,13Z,16Z,19Z))[iso6]","WQMFBEABMBKVCF-OOHHMSMLSA-N","[H][C@](COC(=O)CCCCCCCCCCCCC)(COC(=O)CC\C=C/C\C=C/C\C=C/C\C=C/C\C=C/C\C=C/CC)OC(=O)CCCCCCCCCCCCCCCC","","TRUE",NA,NA,"No Match"
"1831","BMDB63106","TG(14:0/18:0/18:1(9Z))[iso6]","STJWLLYLXYVNSF-YVUYSCDNSA-N","[H][C@](COC(=O)CCCCCCCCCCCCC)(COC(=O)CCCCCCC\C=C/CCCCCCCC)OC(=O)CCCCCCCCCCCCCCCCC","131753303","TRUE",NA,NA,"No Match"
"1832","BMDB63107","TG(14:0/18:0/18:2(9Z,12Z))[iso6]","PQNLYGDUOQNSNZ-TUVYQMNMSA-N","[H][C@](COC(=O)CCCCCCCCCCCCC)(COC(=O)CCCCCCC\C=C/C\C=C/CCCCC)OC(=O)CCCCCCCCCCCCCCCCC","131753308","TRUE",NA,NA,"No Match"
"1833","BMDB63108","TG(14:0/18:0/18:3(6Z,9Z,12Z))[iso6]","WPIXNLNRUFBFSX-STBBTERCSA-N","[H][C@](COC(=O)CCCCCCCCCCCCC)(COC(=O)CCCC\C=C/C\C=C/C\C=C/CCCCC)OC(=O)CCCCCCCCCCCCCCCCC","131753309","TRUE",NA,NA,"No Match"
"1834","BMDB63109","TG(14:0/18:0/18:3(9Z,12Z,15Z))[iso6]","HYCJEHMBNSROSN-ZITZSBPZSA-N","[H][C@](COC(=O)CCCCCCCCCCCCC)(COC(=O)CCCCCCC\C=C/C\C=C/C\C=C/CC)OC(=O)CCCCCCCCCCCCCCCCC","131753316","TRUE",NA,NA,"No Match"
"1835","BMDB63110","TG(14:0/18:0/18:4(6Z,9Z,12Z,15Z))[iso6]","HBXDNORVVBXTEO-ISUJQMKXSA-N","[H][C@](COC(=O)CCCCCCCCCCCCC)(COC(=O)CCCC\C=C/C\C=C/C\C=C/C\C=C/CC)OC(=O)CCCCCCCCCCCCCCCCC","131753317","TRUE",NA,NA,"No Match"
"1836","BMDB63111","TG(14:0/18:0/20:2(11Z,14Z))[iso6]","QXBLJSPUDMDKNU-QZLSUQTPSA-N","[H][C@](COC(=O)CCCCCCCCCCCCC)(COC(=O)CCCCCCCCC\C=C/C\C=C/CCCCC)OC(=O)CCCCCCCCCCCCCCCCC","131753310","TRUE",NA,NA,"No Match"
"1837","BMDB63112","TG(14:0/18:0/20:3(8Z,11Z,14Z))[iso6]","ZYFACDKCDVPZSE-DYFNGAEKSA-N","[H][C@](COC(=O)CCCCCCCCCCCCC)(COC(=O)CCCCCC\C=C/C\C=C/C\C=C/CCCCC)OC(=O)CCCCCCCCCCCCCCCCC","131753311","TRUE",NA,NA,"No Match"
"1838","BMDB63113","TG(14:0/18:0/20:4(5Z,8Z,11Z,14Z))[iso6]","NOCKWBKJMQWVLP-SCGARFMQSA-N","[H][C@](COC(=O)CCCCCCCCCCCCC)(COC(=O)CCC\C=C/C\C=C/C\C=C/C\C=C/CCCCC)OC(=O)CCCCCCCCCCCCCCCCC","131753312","TRUE",NA,NA,"No Match"
"1839","BMDB63114","TG(14:0/18:0/20:5(5Z,8Z,11Z,14Z,17Z))[iso6]","JYQXYTFYWDKLPT-JLHNSBSWSA-N","[H][C@](COC(=O)CCCCCCCCCCCCC)(COC(=O)CCC\C=C/C\C=C/C\C=C/C\C=C/C\C=C/CC)OC(=O)CCCCCCCCCCCCCCCCC","131753319","TRUE",NA,NA,"No Match"
"1840","BMDB63115","TG(14:0/18:0/22:4(7Z,10Z,13Z,16Z))[iso6]","XEOFILXSSITART-MCSSEQPZSA-N","[H][C@](COC(=O)CCCCCCCCCCCCC)(COC(=O)CCCCC\C=C/C\C=C/C\C=C/C\C=C/CCCCC)OC(=O)CCCCCCCCCCCCCCCCC","131753314","TRUE",NA,NA,"No Match"
"1841","BMDB63116","TG(14:0/18:0/22:5(7Z,10Z,13Z,16Z,19Z))[iso6]","IEIOCZLRHWBWAA-KWJYYFBQSA-N","[H][C@](COC(=O)CCCCCCCCCCCCC)(COC(=O)CCCCC\C=C/C\C=C/C\C=C/C\C=C/C\C=C/CC)OC(=O)CCCCCCCCCCCCCCCCC","131753320","TRUE",NA,NA,"No Match"
"1842","BMDB63117","TG(14:0/18:0/22:6(4Z,7Z,10Z,13Z,16Z,19Z))[iso6]","SRTYEBAWRUTXIT-VAODIREVSA-N","[H][C@](COC(=O)CCCCCCCCCCCCC)(COC(=O)CC\C=C/C\C=C/C\C=C/C\C=C/C\C=C/C\C=C/CC)OC(=O)CCCCCCCCCCCCCCCCC","131753321","TRUE","DMD302505","DMD302505","Unique Match (by names only)"
"1843","BMDB63118","TG(14:0/18:1(9Z)/18:1(9Z))[iso3]","AFLXUGKIZQFJJI-OQPNEMOVSA-N","[H][C@](COC(=O)CCCCCCCCCCCCC)(COC(=O)CCCCCCC\C=C/CCCCCCCC)OC(=O)CCCCCCC\C=C/CCCCCCCC","86289328","TRUE",NA,NA,"No Match"
"1844","BMDB63119","TG(14:0/18:1(9Z)/18:2(9Z,12Z))[iso6]","LVCDKQHOIIGWET-OUCITFGBSA-N","[H][C@](COC(=O)CCCCCCCCCCCCC)(COC(=O)CCCCCCC\C=C/C\C=C/CCCCC)OC(=O)CCCCCCC\C=C/CCCCCCCC","131753514","TRUE",NA,NA,"No Match"
"1845","BMDB63120","TG(14:0/18:1(9Z)/18:3(6Z,9Z,12Z))[iso6]","TYUYVOHLQUKDNN-MZFHOYHLSA-N","[H][C@](COC(=O)CCCCCCCCCCCCC)(COC(=O)CCCC\C=C/C\C=C/C\C=C/CCCCC)OC(=O)CCCCCCC\C=C/CCCCCCCC","131753515","TRUE",NA,NA,"No Match"
"1846","BMDB63121","TG(14:0/18:1(9Z)/18:3(9Z,12Z,15Z))[iso6]","GTOYFHSNXPGLKS-SQHISJNISA-N","[H][C@](COC(=O)CCCCCCCCCCCCC)(COC(=O)CCCCCCC\C=C/C\C=C/C\C=C/CC)OC(=O)CCCCCCC\C=C/CCCCCCCC","131753522","TRUE",NA,NA,"No Match"
"1847","BMDB63122","TG(14:0/18:1(9Z)/19:0)[iso6]","KGXWCBPHXXNMHZ-CBOCDEIPSA-N","[H][C@](COC(=O)CCCCCCCCCCCCC)(COC(=O)CCCCCCCCCCCCCCCCCC)OC(=O)CCCCCCC\C=C/CCCCCCCC","","TRUE",NA,NA,"No Match"
"1848","BMDB63123","TG(14:0/18:1(9Z)/20:1(11Z))[iso6]","PKXAVJXEGNYXLJ-DZEPMMRRSA-N","[H][C@](COC(=O)CCCCCCCCCCCCC)(COC(=O)CCCCCCCCC\C=C/CCCCCCCC)OC(=O)CCCCCCC\C=C/CCCCCCCC","131753510","TRUE",NA,NA,"No Match"
"1849","BMDB63124","TG(14:0/18:1(9Z)/20:2(11Z,14Z))[iso6]","HNKDMZBYGADBFP-LOUZIDRQSA-N","[H][C@](COC(=O)CCCCCCCCCCCCC)(COC(=O)CCCCCCCCC\C=C/C\C=C/CCCCC)OC(=O)CCCCCCC\C=C/CCCCCCCC","131753516","TRUE",NA,NA,"No Match"
"1850","BMDB63125","TG(14:0/18:1(9Z)/20:3(8Z,11Z,14Z))[iso6]","NUCVTMFYAFILJA-YGWJPMFMSA-N","[H][C@](COC(=O)CCCCCCCCCCCCC)(COC(=O)CCCCCC\C=C/C\C=C/C\C=C/CCCCC)OC(=O)CCCCCCC\C=C/CCCCCCCC","131753517","TRUE",NA,NA,"No Match"
"1851","BMDB63126","TG(14:0/18:1(9Z)/20:4(5Z,8Z,11Z,14Z))[iso6]","ITNUXAAETYEROX-ROWCXXIOSA-N","[H][C@](COC(=O)CCCCCCCCCCCCC)(COC(=O)CCC\C=C/C\C=C/C\C=C/C\C=C/CCCCC)OC(=O)CCCCCCC\C=C/CCCCCCCC","131753518","TRUE",NA,NA,"No Match"
"1852","BMDB63127","TG(14:0/18:1(9Z)/22:4(7Z,10Z,13Z,16Z))[iso6]","XSDZXQPLCUUMHQ-UVCLIKTKSA-N","[H][C@](COC(=O)CCCCCCCCCCCCC)(COC(=O)CCCCC\C=C/C\C=C/C\C=C/C\C=C/CCCCC)OC(=O)CCCCCCC\C=C/CCCCCCCC","131753520","TRUE",NA,NA,"No Match"
"1853","BMDB63128","TG(14:0/18:1(9Z)/22:5(7Z,10Z,13Z,16Z,19Z))[iso6]","HWQNUCDGDUFCMI-FMBVYJAUSA-N","[H][C@](COC(=O)CCCCCCCCCCCCC)(COC(=O)CCCCC\C=C/C\C=C/C\C=C/C\C=C/C\C=C/CC)OC(=O)CCCCCCC\C=C/CCCCCCCC","131753526","TRUE","DMD302505","DMD302505","Unique Match (by names only)"
"1854","BMDB63129","TG(14:0/18:2(9Z,12Z)/18:2(9Z,12Z))[iso3]","UVOGHPPAYFAQIT-AVIDDATOSA-N","[H][C@](COC(=O)CCCCCCCCCCCCC)(COC(=O)CCCCCCC\C=C/C\C=C/CCCCC)OC(=O)CCCCCCC\C=C/C\C=C/CCCCC","131753663","TRUE",NA,NA,"No Match"
"1855","BMDB63130","TG(14:0/18:2(9Z,12Z)/19:0)[iso6]","PBFVSBYKDKSDLA-ZZPLNQQVSA-N","[H][C@](COC(=O)CCCCCCCCCCCCC)(COC(=O)CCCCCCCCCCCCCCCCCC)OC(=O)CCCCCCC\C=C/C\C=C/CCCCC","","TRUE",NA,NA,"No Match"
"1856","BMDB63131","TG(14:0/18:2(9Z,12Z)/20:0)[iso6]","TXMWKTABZBAJCW-WTTMJSKZSA-N","[H][C@](COC(=O)CCCCCCCCCCCCC)(COC(=O)CCCCCCCCCCCCCCCCCCC)OC(=O)CCCCCCC\C=C/C\C=C/CCCCC","131753652","TRUE","DMD302488","DMD302488","Unique Match (by names only)"
"1857","BMDB63132","TG(14:0/18:2(9Z,12Z)/20:1(11Z))[iso6]","DQXQIWIQYYEGLG-GZAUDGQBSA-N","[H][C@](COC(=O)CCCCCCCCCCCCC)(COC(=O)CCCCCCCCC\C=C/CCCCCCCC)OC(=O)CCCCCCC\C=C/C\C=C/CCCCC","131753659","TRUE","DMD302489","DMD302489","Unique Match (by names only)"
"1858","BMDB63133","TG(14:0/18:2(9Z,12Z)/20:2(11Z,14Z))[iso6]","WROLOLWFWWANQZ-ULHNGCIUSA-N","[H][C@](COC(=O)CCCCCCCCCCCCC)(COC(=O)CCCCCCCCC\C=C/C\C=C/CCCCC)OC(=O)CCCCCCC\C=C/C\C=C/CCCCC","131753665","TRUE",NA,NA,"No Match"
"1859","BMDB63134","TG(14:0/18:2(9Z,12Z)/20:3(8Z,11Z,14Z))[iso6]","KRVDGBILMBJWGW-QEPIHLJKSA-N","[H][C@](COC(=O)CCCCCCCCCCCCC)(COC(=O)CCCCCC\C=C/C\C=C/C\C=C/CCCCC)OC(=O)CCCCCCC\C=C/C\C=C/CCCCC","131753666","TRUE",NA,NA,"No Match"
"1860","BMDB63135","TG(14:0/18:2(9Z,12Z)/22:0)[iso6]","WUUWGORPQFKFQN-VOGNSCLKSA-N","[H][C@](COC(=O)CCCCCCCCCCCCC)(COC(=O)CCCCCCCCCCCCCCCCCCCCC)OC(=O)CCCCCCC\C=C/C\C=C/CCCCC","131753653","TRUE",NA,NA,"No Match"
"1861","BMDB63136","TG(14:0/18:2(9Z,12Z)/22:4(7Z,10Z,13Z,16Z))[iso6]","TXTFQSNMOAFCQE-WDKHAEKISA-N","[H][C@](COC(=O)CCCCCCCCCCCCC)(COC(=O)CCCCC\C=C/C\C=C/C\C=C/C\C=C/CCCCC)OC(=O)CCCCCCC\C=C/C\C=C/CCCCC","131753669","TRUE","DMD302505","DMD302505","Unique Match (by names only)"
"1862","BMDB63137","TG(14:0/18:3(6Z,9Z,12Z)/19:0)[iso6]","MPIXKWXMBIWCTC-NJRQMPGXSA-N","[H][C@](COC(=O)CCCCCCCCCCCCC)(COC(=O)CCCCCCCCCCCCCCCCCC)OC(=O)CCCC\C=C/C\C=C/C\C=C/CCCCC","","TRUE",NA,NA,"No Match"
"1863","BMDB63138","TG(14:0/18:3(6Z,9Z,12Z)/20:0)[iso6]","XOUODEXYIDULFE-IFLWFWKYSA-N","[H][C@](COC(=O)CCCCCCCCCCCCC)(COC(=O)CCCCCCCCCCCCCCCCCCC)OC(=O)CCCC\C=C/C\C=C/C\C=C/CCCCC","131753682","TRUE",NA,NA,"No Match"
"1864","BMDB63139","TG(14:0/18:3(6Z,9Z,12Z)/20:1(11Z))[iso6]","JFGKZRHSXFSHMF-AJQWOHOBSA-N","[H][C@](COC(=O)CCCCCCCCCCCCC)(COC(=O)CCCCCCCCC\C=C/CCCCCCCC)OC(=O)CCCC\C=C/C\C=C/C\C=C/CCCCC","131753689","TRUE",NA,NA,"No Match"
"1865","BMDB63140","TG(14:0/18:3(6Z,9Z,12Z)/20:2(11Z,14Z))[iso6]","QQZZZCIYMICCKG-GHRAELQXSA-N","[H][C@](COC(=O)CCCCCCCCCCCCC)(COC(=O)CCCCCCCCC\C=C/C\C=C/CCCCC)OC(=O)CCCC\C=C/C\C=C/C\C=C/CCCCC","131753695","TRUE",NA,NA,"No Match"
"1866","BMDB63141","TG(14:0/18:3(6Z,9Z,12Z)/21:0)[iso6]","LCNKSLJADTTXQE-JTCUYNSOSA-N","[H][C@](COC(=O)CCCCCCCCCCCCC)(COC(=O)CCCCCCCCCCCCCCCCCCCC)OC(=O)CCCC\C=C/C\C=C/C\C=C/CCCCC","","TRUE",NA,NA,"No Match"
"1867","BMDB63142","TG(14:0/18:3(6Z,9Z,12Z)/22:0)[iso6]","IBKTWXVFMTZJMM-VYLKNDNKSA-N","[H][C@](COC(=O)CCCCCCCCCCCCC)(COC(=O)CCCCCCCCCCCCCCCCCCCCC)OC(=O)CCCC\C=C/C\C=C/C\C=C/CCCCC","131753683","TRUE",NA,NA,"No Match"
"1868","BMDB63143","TG(14:0/18:3(9Z,12Z,15Z)/19:0)[iso6]","QWAIIEGKHVQOLZ-LKQOCZCUSA-N","[H][C@](COC(=O)CCCCCCCCCCCCC)(COC(=O)CCCCCCCCCCCCCCCCCC)OC(=O)CCCCCCC\C=C/C\C=C/C\C=C/CC","","TRUE",NA,NA,"No Match"
"1869","BMDB63144","TG(14:0/18:3(9Z,12Z,15Z)/20:0)[iso6]","VHWNCJQPNDUBCY-JHHRBSFXSA-N","[H][C@](COC(=O)CCCCCCCCCCCCC)(COC(=O)CCCCCCCCCCCCCCCCCCC)OC(=O)CCCCCCC\C=C/C\C=C/C\C=C/CC","131753892","TRUE",NA,NA,"No Match"
"1870","BMDB63145","TG(14:0/18:3(9Z,12Z,15Z)/20:1(11Z))[iso6]","JHMJQPFJXDWUMJ-LNZFBCICSA-N","[H][C@](COC(=O)CCCCCCCCCCCCC)(COC(=O)CCCCCCCCC\C=C/CCCCCCCC)OC(=O)CCCCCCC\C=C/C\C=C/C\C=C/CC","131753899","TRUE",NA,NA,"No Match"
"1871","BMDB63146","TG(14:0/18:3(9Z,12Z,15Z)/20:2(11Z,14Z))[iso6]","WGTADRBQBBKAGF-HHYLQHKESA-N","[H][C@](COC(=O)CCCCCCCCCCCCC)(COC(=O)CCCCCCCCC\C=C/C\C=C/CCCCC)OC(=O)CCCCCCC\C=C/C\C=C/C\C=C/CC","131753905","TRUE",NA,NA,"No Match"
"1872","BMDB63147","TG(14:0/18:3(9Z,12Z,15Z)/21:0)[iso6]","WJMHAVUQVAENJS-MBAOVJQOSA-N","[H][C@](COC(=O)CCCCCCCCCCCCC)(COC(=O)CCCCCCCCCCCCCCCCCCCC)OC(=O)CCCCCCC\C=C/C\C=C/C\C=C/CC","","TRUE",NA,NA,"No Match"
"1873","BMDB63148","TG(14:0/18:3(9Z,12Z,15Z)/22:0)[iso6]","PZGMSWKRVOYKSW-SKOKRVOXSA-N","[H][C@](COC(=O)CCCCCCCCCCCCC)(COC(=O)CCCCCCCCCCCCCCCCCCCCC)OC(=O)CCCCCCC\C=C/C\C=C/C\C=C/CC","131753893","TRUE",NA,NA,"No Match"
"1874","BMDB63149","TG(14:0/18:4(6Z,9Z,12Z,15Z)/19:0)[iso6]","GGUIMLXFMCYCLU-BACKJHBGSA-N","[H][C@](COC(=O)CCCCCCCCCCCCC)(COC(=O)CCCCCCCCCCCCCCCCCC)OC(=O)CCCC\C=C/C\C=C/C\C=C/C\C=C/CC","","TRUE",NA,NA,"No Match"
"1875","BMDB63150","TG(14:0/18:4(6Z,9Z,12Z,15Z)/20:0)[iso6]","PTAWPTKMXDLFKO-PEHGPNEWSA-N","[H][C@](COC(=O)CCCCCCCCCCCCC)(COC(=O)CCCCCCCCCCCCCCCCCCC)OC(=O)CCCC\C=C/C\C=C/C\C=C/C\C=C/CC","131753922","TRUE",NA,NA,"No Match"
"1876","BMDB63151","TG(14:0/18:4(6Z,9Z,12Z,15Z)/20:1(11Z))[iso6]","HCFBZCCMOSAJDD-DFAZIVKCSA-N","[H][C@](COC(=O)CCCCCCCCCCCCC)(COC(=O)CCCCCCCCC\C=C/CCCCCCCC)OC(=O)CCCC\C=C/C\C=C/C\C=C/C\C=C/CC","131753929","TRUE",NA,NA,"No Match"
"1877","BMDB63152","TG(14:0/18:4(6Z,9Z,12Z,15Z)/21:0)[iso6]","ZJSNMLWXBPTYPP-VWEKHBBMSA-N","[H][C@](COC(=O)CCCCCCCCCCCCC)(COC(=O)CCCCCCCCCCCCCCCCCCCC)OC(=O)CCCC\C=C/C\C=C/C\C=C/C\C=C/CC","","TRUE",NA,NA,"No Match"
"1878","BMDB63153","TG(14:0/18:4(6Z,9Z,12Z,15Z)/22:0)[iso6]","ADDMBQHEJRQEPO-XJAZUKOCSA-N","[H][C@](COC(=O)CCCCCCCCCCCCC)(COC(=O)CCCCCCCCCCCCCCCCCCCCC)OC(=O)CCCC\C=C/C\C=C/C\C=C/C\C=C/CC","131753923","TRUE",NA,NA,"No Match"
"1879","BMDB63154","TG(14:0/19:0/20:3(8Z,11Z,14Z))[iso6]","JOILGOBKLGUCKD-FECVNHFMSA-N","[H][C@](COC(=O)CCCCCCCCCCCCC)(COC(=O)CCCCCC\C=C/C\C=C/C\C=C/CCCCC)OC(=O)CCCCCCCCCCCCCCCCCC","","TRUE",NA,NA,"No Match"
"1880","BMDB63155","TG(14:0/19:0/20:4(5Z,8Z,11Z,14Z))[iso6]","JMNRUCWECUAVCB-QGSZYMBNSA-N","[H][C@](COC(=O)CCCCCCCCCCCCC)(COC(=O)CCC\C=C/C\C=C/C\C=C/C\C=C/CCCCC)OC(=O)CCCCCCCCCCCCCCCCCC","","TRUE",NA,NA,"No Match"
"1881","BMDB63156","TG(14:0/19:0/20:5(5Z,8Z,11Z,14Z,17Z))[iso6]","KLVDYYKYMPXPCG-YSLHSZIMSA-N","[H][C@](COC(=O)CCCCCCCCCCCCC)(COC(=O)CCC\C=C/C\C=C/C\C=C/C\C=C/C\C=C/CC)OC(=O)CCCCCCCCCCCCCCCCCC","","TRUE",NA,NA,"No Match"
"1882","BMDB63157","TG(14:0/19:0/22:6(4Z,7Z,10Z,13Z,16Z,19Z))[iso6]","YVVGMRLYGMVCQC-ZXLHTTMRSA-N","[H][C@](COC(=O)CCCCCCCCCCCCC)(COC(=O)CC\C=C/C\C=C/C\C=C/C\C=C/C\C=C/C\C=C/CC)OC(=O)CCCCCCCCCCCCCCCCCC","","TRUE",NA,NA,"No Match"
"1883","BMDB63158","TG(14:0/20:0/20:2(11Z,14Z))[iso6]","OZJZLHIZXUGMED-CVPIKHQZSA-N","[H][C@](COC(=O)CCCCCCCCCCCCC)(COC(=O)CCCCCCCCC\C=C/C\C=C/CCCCC)OC(=O)CCCCCCCCCCCCCCCCCCC","131753340","TRUE",NA,NA,"No Match"
"1884","BMDB63159","TG(14:0/20:0/20:3(8Z,11Z,14Z))[iso6]","SENTUJWTPLLHAV-TVXYYDOCSA-N","[H][C@](COC(=O)CCCCCCCCCCCCC)(COC(=O)CCCCCC\C=C/C\C=C/C\C=C/CCCCC)OC(=O)CCCCCCCCCCCCCCCCCCC","131753341","TRUE",NA,NA,"No Match"
"1885","BMDB63160","TG(14:0/20:0/20:4(5Z,8Z,11Z,14Z))[iso6]","XJKXBTKTOXZQFL-OGCNKRQBSA-N","[H][C@](COC(=O)CCCCCCCCCCCCC)(COC(=O)CCC\C=C/C\C=C/C\C=C/C\C=C/CCCCC)OC(=O)CCCCCCCCCCCCCCCCCCC","131753342","TRUE",NA,NA,"No Match"
"1886","BMDB63161","TG(14:0/20:0/20:5(5Z,8Z,11Z,14Z,17Z))[iso6]","QVTBPCIHCQQWGM-XDWOALPCSA-N","[H][C@](COC(=O)CCCCCCCCCCCCC)(COC(=O)CCC\C=C/C\C=C/C\C=C/C\C=C/C\C=C/CC)OC(=O)CCCCCCCCCCCCCCCCCCC","131753349","TRUE",NA,NA,"No Match"
"1887","BMDB63162","TG(14:0/20:0/22:6(4Z,7Z,10Z,13Z,16Z,19Z))[iso6]","JCZVOJRQXOBKKH-OJEYETTMSA-N","[H][C@](COC(=O)CCCCCCCCCCCCC)(COC(=O)CC\C=C/C\C=C/C\C=C/C\C=C/C\C=C/C\C=C/CC)OC(=O)CCCCCCCCCCCCCCCCCCC","131753351","TRUE",NA,NA,"No Match"
"1888","BMDB63163","TG(14:0/20:1(11Z)/20:1(11Z))[iso3]","DQXHESFTNHULCI-ATDLBYGZSA-N","[H][C@](COC(=O)CCCCCCCCCCCCC)(COC(=O)CCCCCCCCC\C=C/CCCCCCCC)OC(=O)CCCCCCCCC\C=C/CCCCCCCC","131753539","TRUE",NA,NA,"No Match"
"1889","BMDB63164","TG(14:0/20:1(11Z)/20:2(11Z,14Z))[iso6]","BLFWZVXARGMXGK-BSXLTLLISA-N","[H][C@](COC(=O)CCCCCCCCCCCCC)(COC(=O)CCCCCCCCC\C=C/C\C=C/CCCCC)OC(=O)CCCCCCCCC\C=C/CCCCCCCC","131753545","TRUE",NA,NA,"No Match"
"1890","BMDB63165","TG(14:0/20:1(11Z)/20:3(8Z,11Z,14Z))[iso6]","PEGBVZIRKWFBAT-JRYSQXLCSA-N","[H][C@](COC(=O)CCCCCCCCCCCCC)(COC(=O)CCCCCC\C=C/C\C=C/C\C=C/CCCCC)OC(=O)CCCCCCCCC\C=C/CCCCCCCC","131753546","TRUE",NA,NA,"No Match"
"1891","BMDB63166","TG(14:0/20:1(11Z)/20:4(5Z,8Z,11Z,14Z))[iso6]","YJIQPDYUKSNQSN-HVVTZQISSA-N","[H][C@](COC(=O)CCCCCCCCCCCCC)(COC(=O)CCC\C=C/C\C=C/C\C=C/C\C=C/CCCCC)OC(=O)CCCCCCCCC\C=C/CCCCCCCC","131753547","TRUE",NA,NA,"No Match"
"1892","BMDB63167","TG(14:0/20:1(11Z)/20:5(5Z,8Z,11Z,14Z,17Z))[iso6]","GLOHBCHVPRPNOV-VBMABYCTSA-N","[H][C@](COC(=O)CCCCCCCCCCCCC)(COC(=O)CCC\C=C/C\C=C/C\C=C/C\C=C/C\C=C/CC)OC(=O)CCCCCCCCC\C=C/CCCCCCCC","131753554","TRUE","DMD302505","DMD302505","Unique Match (by names only)"
"1893","BMDB63168","TG(14:0/20:1(11Z)/22:5(7Z,10Z,13Z,16Z,19Z))[iso6]","LTDAYXRREDMQDW-SCRQPWOFSA-N","[H][C@](COC(=O)CCCCCCCCCCCCC)(COC(=O)CCCCC\C=C/C\C=C/C\C=C/C\C=C/C\C=C/CC)OC(=O)CCCCCCCCC\C=C/CCCCCCCC","131753555","TRUE",NA,NA,"No Match"
"1894","BMDB63169","TG(14:0/20:2(11Z,14Z)/20:2(11Z,14Z))[iso3]","NEUKLKKOFRWHDB-AUCIZUAGSA-N","[H][C@](COC(=O)CCCCCCCCCCCCC)(COC(=O)CCCCCCCCC\C=C/C\C=C/CCCCC)OC(=O)CCCCCCCCC\C=C/C\C=C/CCCCC","131753725","TRUE",NA,NA,"No Match"
"1895","BMDB63170","TG(14:0/20:2(11Z,14Z)/20:3(8Z,11Z,14Z))[iso6]","PCGADUJICVENFJ-GRKAFUCNSA-N","[H][C@](COC(=O)CCCCCCCCCCCCC)(COC(=O)CCCCCC\C=C/C\C=C/C\C=C/CCCCC)OC(=O)CCCCCCCCC\C=C/C\C=C/CCCCC","131753726","TRUE",NA,NA,"No Match"
"1896","BMDB63171","TG(14:0/20:2(11Z,14Z)/20:4(5Z,8Z,11Z,14Z))[iso6]","YFFIQOSQQILEOJ-AYUJWHRRSA-N","[H][C@](COC(=O)CCCCCCCCCCCCC)(COC(=O)CCC\C=C/C\C=C/C\C=C/C\C=C/CCCCC)OC(=O)CCCCCCCCC\C=C/C\C=C/CCCCC","131753727","TRUE","DMD302505","DMD302505","Unique Match (by names only)"
"1897","BMDB63172","TG(14:0/20:2(11Z,14Z)/22:4(7Z,10Z,13Z,16Z))[iso6]","GBRCKWHNYQTJKH-NXHCNWFISA-N","[H][C@](COC(=O)CCCCCCCCCCCCC)(COC(=O)CCCCC\C=C/C\C=C/C\C=C/C\C=C/CCCCC)OC(=O)CCCCCCCCC\C=C/C\C=C/CCCCC","131753729","TRUE",NA,NA,"No Match"
"1898","BMDB63173","TG(14:0/20:3(8Z,11Z,14Z)/20:3(8Z,11Z,14Z))[iso3]","QQJPBXBJVWFYAA-NJCIXMFPSA-N","[H][C@](COC(=O)CCCCCCCCCCCCC)(COC(=O)CCCCCC\C=C/C\C=C/C\C=C/CCCCC)OC(=O)CCCCCC\C=C/C\C=C/C\C=C/CCCCC","131753756","TRUE","DMD302505","DMD302505","Unique Match (by names only)"
"1899","BMDB63174","TG(14:1(9Z)/14:1(9Z)/16:0)[iso3]","MVWPGRQBICMGIE-ZKNZXEEGSA-N","[H][C@@](COC(=O)CCCCCCCCCCCCCCC)(COC(=O)CCCCCCC\C=C/CCCC)OC(=O)CCCCCCC\C=C/CCCC","","TRUE",NA,NA,"No Match"
"1900","BMDB63175","TG(14:1(9Z)/14:1(9Z)/18:0)[iso3]","ULZQTMTWRYWQLC-HABOWULSSA-N","[H][C@@](COC(=O)CCCCCCCCCCCCCCCCC)(COC(=O)CCCCCCC\C=C/CCCC)OC(=O)CCCCCCC\C=C/CCCC","","TRUE",NA,NA,"No Match"
"1901","BMDB63176","TG(14:1(9Z)/14:1(9Z)/20:0)[iso3]","MIFLTTTYYQVJLG-ZGJNALBQSA-N","[H][C@@](COC(=O)CCCCCCCCCCCCCCCCCCC)(COC(=O)CCCCCCC\C=C/CCCC)OC(=O)CCCCCCC\C=C/CCCC","","TRUE",NA,NA,"No Match"
"1902","BMDB63177","TG(14:1(9Z)/14:1(9Z)/20:1(11Z))[iso3]","BPVUUWFAICALOI-ZHROJFFSSA-N","[H][C@@](COC(=O)CCCCCCCCC\C=C/CCCCCCCC)(COC(=O)CCCCCCC\C=C/CCCC)OC(=O)CCCCCCC\C=C/CCCC","131758730","TRUE",NA,NA,"No Match"
"1903","BMDB63178","TG(14:1(9Z)/14:1(9Z)/21:0)[iso3]","LNPLTNXGGPIUPO-WTXPDSMUSA-N","[H][C@@](COC(=O)CCCCCCCCCCCCCCCCCCCC)(COC(=O)CCCCCCC\C=C/CCCC)OC(=O)CCCCCCC\C=C/CCCC","","TRUE",NA,NA,"No Match"
"1904","BMDB63179","TG(14:1(9Z)/14:1(9Z)/22:0)[iso3]","KUEBBDIGWKIOKM-PRRPUKSASA-N","[H][C@@](COC(=O)CCCCCCCCCCCCCCCCCCCCC)(COC(=O)CCCCCCC\C=C/CCCC)OC(=O)CCCCCCC\C=C/CCCC","","TRUE",NA,NA,"No Match"
"1905","BMDB63180","TG(14:1(9Z)/15:0/15:0)[iso3]","JLZYFORTRUGDQW-CTJRCAHCSA-N","[H][C@@](COC(=O)CCCCCCCCCCCCCC)(COC(=O)CCCCCCC\C=C/CCCC)OC(=O)CCCCCCCCCCCCCC","","TRUE",NA,NA,"No Match"
"1906","BMDB63181","TG(14:1(9Z)/15:0/20:0)[iso6]","XQGOBCMATVTNTB-GFFYSNCTSA-N","[H][C@@](COC(=O)CCCCCCCCCCCCCCCCCCC)(COC(=O)CCCCCCC\C=C/CCCC)OC(=O)CCCCCCCCCCCCCC","","TRUE",NA,NA,"No Match"
"1907","BMDB63182","TG(14:1(9Z)/15:0/20:1(11Z))[iso6]","MXMODTVYMFBFLH-WCPHBZGTSA-N","[H][C@@](COC(=O)CCCCCCCCC\C=C/CCCCCCCC)(COC(=O)CCCCCCC\C=C/CCCC)OC(=O)CCCCCCCCCCCCCC","131758593","TRUE",NA,NA,"No Match"
"1908","BMDB63183","TG(14:1(9Z)/15:0/21:0)[iso6]","JJYKEXXFKPUKOC-JDGSYGFWSA-N","[H][C@@](COC(=O)CCCCCCCCCCCCCCCCCCCC)(COC(=O)CCCCCCC\C=C/CCCC)OC(=O)CCCCCCCCCCCCCC","","TRUE",NA,NA,"No Match"
"1909","BMDB63184","TG(14:1(9Z)/15:0/22:0)[iso6]","DZWUIBOQQCZJFO-IALZTZDJSA-N","[H][C@@](COC(=O)CCCCCCCCCCCCCCCCCCCCC)(COC(=O)CCCCCCC\C=C/CCCC)OC(=O)CCCCCCCCCCCCCC","","TRUE",NA,NA,"No Match"
"1910","BMDB63185","TG(14:1(9Z)/15:0/22:4(7Z,10Z,13Z,16Z)) [iso6]","JPKNJGJLOIRIHE-MOXAXNAPSA-N","[H][C@](COC(=O)CCCCCCC\C=C/CCCC)(COC(=O)CCCCC\C=C/C\C=C/C\C=C/C\C=C/CCCCC)OC(=O)CCCCCCCCCCCCCC","131758603","TRUE",NA,NA,"No Match"
"1911","BMDB63186","TG(14:1(9Z)/16:0/16:1(9Z))[iso6]","XYYRUMPXVOZUGQ-SYWUTWTBSA-N","[H][C@](COC(=O)CCCCCCC\C=C/CCCC)(COC(=O)CCCCCCC\C=C/CCCCCC)OC(=O)CCCCCCCCCCCCCCC","131758613","TRUE",NA,NA,"No Match"
"1912","BMDB63187","TG(14:1(9Z)/16:0/18:1(9Z))[iso6]","IDORTGNLWFUSFB-HQOGPMNASA-N","[H][C@](COC(=O)CCCCCCC\C=C/CCCC)(COC(=O)CCCCCCC\C=C/CCCCCCCC)OC(=O)CCCCCCCCCCCCCCC","131758615","TRUE",NA,NA,"No Match"
"1913","BMDB63188","TG(14:1(9Z)/16:0/18:2(9Z,12Z))[iso6]","FHGXTKAXCVLEFT-CTPXHKNOSA-N","[H][C@](COC(=O)CCCCCCC\C=C/CCCC)(COC(=O)CCCCCCC\C=C/C\C=C/CCCCC)OC(=O)CCCCCCCCCCCCCCC","131758620","TRUE",NA,NA,"No Match"
"1914","BMDB63189","TG(14:1(9Z)/16:0/19:0)[iso6]","KLYQJSMEYVGMRD-GFFYSNCTSA-N","[H][C@@](COC(=O)CCCCCCCCCCCCCCCCCC)(COC(=O)CCCCCCC\C=C/CCCC)OC(=O)CCCCCCCCCCCCCCC","","TRUE",NA,NA,"No Match"
"1915","BMDB63190","TG(14:1(9Z)/16:0/20:0)[iso6]","AJWXNNCJHGLYAD-JDGSYGFWSA-N","[H][C@@](COC(=O)CCCCCCCCCCCCCCCCCCC)(COC(=O)CCCCCCC\C=C/CCCC)OC(=O)CCCCCCCCCCCCCCC","","TRUE",NA,NA,"No Match"
"1916","BMDB63191","TG(14:1(9Z)/16:0/20:1(11Z))[iso6]","AXGBRPSHYYTFMZ-NACWYWMMSA-N","[H][C@@](COC(=O)CCCCCCCCC\C=C/CCCCCCCC)(COC(=O)CCCCCCC\C=C/CCCC)OC(=O)CCCCCCCCCCCCCCC","131758616","TRUE",NA,NA,"No Match"
"1917","BMDB63192","TG(14:1(9Z)/16:0/20:2(11Z,14Z))[iso6]","FKRJLNNLXUZMAE-ANHIWIAZSA-N","[H][C@@](COC(=O)CCCCCCCCC\C=C/C\C=C/CCCCC)(COC(=O)CCCCCCC\C=C/CCCC)OC(=O)CCCCCCCCCCCCCCC","131758622","TRUE",NA,NA,"No Match"
"1918","BMDB63193","TG(14:1(9Z)/16:0/20:3(8Z,11Z,14Z))[iso6]","QNSGESMEDNONDQ-CFNYABJBSA-N","[H][C@](COC(=O)CCCCCCC\C=C/CCCC)(COC(=O)CCCCCC\C=C/C\C=C/C\C=C/CCCCC)OC(=O)CCCCCCCCCCCCCCC","131758623","TRUE",NA,NA,"No Match"
"1919","BMDB63194","TG(14:1(9Z)/16:0/21:0)[iso6]","XIRVPEQVOKTJKV-IALZTZDJSA-N","[H][C@@](COC(=O)CCCCCCCCCCCCCCCCCCCC)(COC(=O)CCCCCCC\C=C/CCCC)OC(=O)CCCCCCCCCCCCCCC","","TRUE",NA,NA,"No Match"
"1920","BMDB63195","TG(14:1(9Z)/16:0/22:4(7Z,10Z,13Z,16Z))[iso6]","DJBSAGJERMKCDN-PNPLQMKDSA-N","[H][C@](COC(=O)CCCCCCC\C=C/CCCC)(COC(=O)CCCCC\C=C/C\C=C/C\C=C/C\C=C/CCCCC)OC(=O)CCCCCCCCCCCCCCC","131758626","TRUE",NA,NA,"No Match"
"1921","BMDB63196","TG(14:1(9Z)/16:1(9Z)/18:0)[iso6]","NTJGBLKOLWZBGK-CMRLHVTFSA-N","[H][C@@](COC(=O)CCCCCCCCCCCCCCCCC)(COC(=O)CCCCCCC\C=C/CCCC)OC(=O)CCCCCCC\C=C/CCCCCC","","TRUE",NA,NA,"No Match"
"1922","BMDB63197","TG(14:1(9Z)/16:1(9Z)/18:1(9Z))[iso6]","ZIGMEVARAPDBLA-IFLRWYQZSA-N","[H][C@](COC(=O)CCCCCCC\C=C/CCCC)(COC(=O)CCCCCCC\C=C/CCCCCCCC)OC(=O)CCCCCCC\C=C/CCCCCC","131758752","TRUE",NA,NA,"No Match"
"1923","BMDB63198","TG(14:1(9Z)/16:1(9Z)/19:0)[iso6]","ROOMUDAYHJYWIB-UHVGCUFSSA-N","[H][C@@](COC(=O)CCCCCCCCCCCCCCCCCC)(COC(=O)CCCCCCC\C=C/CCCC)OC(=O)CCCCCCC\C=C/CCCCCC","","TRUE",NA,NA,"No Match"
"1924","BMDB63199","TG(14:1(9Z)/16:1(9Z)/20:0)[iso6]","HAHVPPVRPWNLPZ-WXVWIONGSA-N","[H][C@@](COC(=O)CCCCCCCCCCCCCCCCCCC)(COC(=O)CCCCCCC\C=C/CCCC)OC(=O)CCCCCCC\C=C/CCCCCC","","TRUE",NA,NA,"No Match"
"1925","BMDB63200","TG(14:1(9Z)/16:1(9Z)/20:1(11Z))[iso6]","YJHJUCJUUFLJKP-QAJHFFRHSA-N","[H][C@@](COC(=O)CCCCCCCCC\C=C/CCCCCCCC)(COC(=O)CCCCCCC\C=C/CCCC)OC(=O)CCCCCCC\C=C/CCCCCC","131758753","TRUE",NA,NA,"No Match"
"1926","BMDB63201","TG(14:1(9Z)/16:1(9Z)/20:2(11Z,14Z))[iso6]","BVEHBZABGSQPIA-PFHOFWFYSA-N","[H][C@@](COC(=O)CCCCCCCCC\C=C/C\C=C/CCCCC)(COC(=O)CCCCCCC\C=C/CCCC)OC(=O)CCCCCCC\C=C/CCCCCC","131758759","TRUE",NA,NA,"No Match"
"1927","BMDB63202","TG(14:1(9Z)/16:1(9Z)/21:0)[iso6]","BDILEAGHQOKCJP-CXFRYPCTSA-N","[H][C@@](COC(=O)CCCCCCCCCCCCCCCCCCCC)(COC(=O)CCCCCCC\C=C/CCCC)OC(=O)CCCCCCC\C=C/CCCCCC","","TRUE",NA,NA,"No Match"
"1928","BMDB63203","TG(14:1(9Z)/16:1(9Z)/22:0)[iso6]","KCBONYLTGYLSPQ-YKGLDBJZSA-N","[H][C@@](COC(=O)CCCCCCCCCCCCCCCCCCCCC)(COC(=O)CCCCCCC\C=C/CCCC)OC(=O)CCCCCCC\C=C/CCCCCC","","TRUE",NA,NA,"No Match"
"1929","BMDB63204","TG(14:1(9Z)/17:0/18:0)[iso6]","VQFDARFASMNDPO-GFFYSNCTSA-N","[H][C@@](COC(=O)CCCCCCCCCCCCCCCCC)(COC(=O)CCCCCCC\C=C/CCCC)OC(=O)CCCCCCCCCCCCCCCC","","TRUE",NA,NA,"No Match"
"1930","BMDB63205","TG(14:1(9Z)/17:0/18:1(9Z))[iso6]","HNZHNRBGKOGSAN-FOWUOZPUSA-N","[H][C@](COC(=O)CCCCCCC\C=C/CCCC)(COC(=O)CCCCCCC\C=C/CCCCCCCC)OC(=O)CCCCCCCCCCCCCCCC","","TRUE",NA,NA,"No Match"
"1931","BMDB63206","TG(14:1(9Z)/17:0/19:0)[iso6]","APHPZTPJTCOKDQ-JDGSYGFWSA-N","[H][C@@](COC(=O)CCCCCCCCCCCCCCCCCC)(COC(=O)CCCCCCC\C=C/CCCC)OC(=O)CCCCCCCCCCCCCCCC","","TRUE",NA,NA,"No Match"
"1932","BMDB63207","TG(14:1(9Z)/17:0/20:0)[iso6]","SCKSTQYDKBQNEH-IALZTZDJSA-N","[H][C@@](COC(=O)CCCCCCCCCCCCCCCCCCC)(COC(=O)CCCCCCC\C=C/CCCC)OC(=O)CCCCCCCCCCCCCCCC","","TRUE",NA,NA,"No Match"
"1933","BMDB63208","TG(14:1(9Z)/17:0/20:1(11Z))[iso6]","QRHYOFNHJQTTSH-KIHIKYGNSA-N","[H][C@@](COC(=O)CCCCCCCCC\C=C/CCCCCCCC)(COC(=O)CCCCCCC\C=C/CCCC)OC(=O)CCCCCCCCCCCCCCCC","","TRUE",NA,NA,"No Match"
"1934","BMDB63209","TG(14:1(9Z)/17:0/20:2(11Z,14Z))[iso6]","UDGLXVGUNBGHQK-BAXXZNPMSA-N","[H][C@@](COC(=O)CCCCCCCCC\C=C/C\C=C/CCCCC)(COC(=O)CCCCCCC\C=C/CCCC)OC(=O)CCCCCCCCCCCCCCCC","","TRUE",NA,NA,"No Match"
"1935","BMDB63210","TG(14:1(9Z)/17:0/20:3(8Z,11Z,14Z))[iso6]","PDUURVFFFQOEDI-DNEIAMHTSA-N","[H][C@](COC(=O)CCCCCCC\C=C/CCCC)(COC(=O)CCCCCC\C=C/C\C=C/C\C=C/CCCCC)OC(=O)CCCCCCCCCCCCCCCC","","TRUE",NA,NA,"No Match"
"1936","BMDB63211","TG(14:1(9Z)/17:0/20:4(5Z,8Z,11Z,14Z)) [iso6]","AXGLIVAXBTUIEL-XEQKVWJTSA-N","[H][C@](COC(=O)CCCCCCC\C=C/CCCC)(COC(=O)CCC\C=C/C\C=C/C\C=C/C\C=C/CCCCC)OC(=O)CCCCCCCCCCCCCCCC","","TRUE",NA,NA,"No Match"
"1937","BMDB63212","TG(14:1(9Z)/17:0/22:4(7Z,10Z,13Z,16Z))[iso6]","UULXTJKQOCFMPP-CZCHVHMDSA-N","[H][C@](COC(=O)CCCCCCC\C=C/CCCC)(COC(=O)CCCCC\C=C/C\C=C/C\C=C/C\C=C/CCCCC)OC(=O)CCCCCCCCCCCCCCCC","","TRUE",NA,NA,"No Match"
"1938","BMDB63213","TG(14:1(9Z)/17:0/22:5(7Z,10Z,13Z,16Z,19Z))[iso6]","UZMFTVFOAGQKNA-XUEWGCFOSA-N","[H][C@](COC(=O)CCCCCCC\C=C/CCCC)(COC(=O)CCCCC\C=C/C\C=C/C\C=C/C\C=C/C\C=C/CC)OC(=O)CCCCCCCCCCCCCCCC","","TRUE",NA,NA,"No Match"
"1939","BMDB63214","TG(14:1(9Z)/18:0/18:0)[iso3]","BUBDIXSZFBSPDV-JDGSYGFWSA-N","[H][C@@](COC(=O)CCCCCCCCCCCCCCCCC)(COC(=O)CCCCCCC\C=C/CCCC)OC(=O)CCCCCCCCCCCCCCCCC","","TRUE",NA,NA,"No Match"
"1940","BMDB63215","TG(14:1(9Z)/18:0/18:1(9Z))[iso6]","BWIZOVWGSXRELH-LJGGRZDASA-N","[H][C@](COC(=O)CCCCCCC\C=C/CCCC)(COC(=O)CCCCCCC\C=C/CCCCCCCC)OC(=O)CCCCCCCCCCCCCCCCC","131758638","TRUE",NA,NA,"No Match"
"1941","BMDB63216","TG(14:1(9Z)/18:0/18:2(9Z,12Z))[iso6]","YZIMSURFZCBEPK-URNGJYJMSA-N","[H][C@](COC(=O)CCCCCCC\C=C/CCCC)(COC(=O)CCCCCCC\C=C/C\C=C/CCCCC)OC(=O)CCCCCCCCCCCCCCCCC","131758643","TRUE",NA,NA,"No Match"
"1942","BMDB63217","TG(14:1(9Z)/18:0/18:3(6Z,9Z,12Z))[iso6]","JJJFPSASDJDBAA-IKCLBYGGSA-N","[H][C@](COC(=O)CCCCCCC\C=C/CCCC)(COC(=O)CCCC\C=C/C\C=C/C\C=C/CCCCC)OC(=O)CCCCCCCCCCCCCCCCC","131758644","TRUE",NA,NA,"No Match"
"1943","BMDB63218","TG(14:1(9Z)/18:0/18:3(9Z,12Z,15Z))[iso6]","AHFFBXZSVOKSCA-SJQHUTKESA-N","[H][C@](COC(=O)CCCCCCC\C=C/CCCC)(COC(=O)CCCCCCC\C=C/C\C=C/C\C=C/CC)OC(=O)CCCCCCCCCCCCCCCCC","131758651","TRUE",NA,NA,"No Match"
"1944","BMDB63219","TG(14:1(9Z)/18:0/19:0)[iso6]","HVZCGYSSADENBO-IALZTZDJSA-N","[H][C@@](COC(=O)CCCCCCCCCCCCCCCCCC)(COC(=O)CCCCCCC\C=C/CCCC)OC(=O)CCCCCCCCCCCCCCCCC","","TRUE",NA,NA,"No Match"
"1945","BMDB63220","TG(14:1(9Z)/18:0/20:1(11Z))[iso6]","SJZMAXZPHJKFLA-NQDJKTSESA-N","[H][C@@](COC(=O)CCCCCCCCC\C=C/CCCCCCCC)(COC(=O)CCCCCCC\C=C/CCCC)OC(=O)CCCCCCCCCCCCCCCCC","131758639","TRUE",NA,NA,"No Match"
"1946","BMDB63221","TG(14:1(9Z)/18:0/20:2(11Z,14Z))[iso6]","FSTDLLFKLQLNCY-LPLBOQDCSA-N","[H][C@@](COC(=O)CCCCCCCCC\C=C/C\C=C/CCCCC)(COC(=O)CCCCCCC\C=C/CCCC)OC(=O)CCCCCCCCCCCCCCCCC","131758645","TRUE",NA,NA,"No Match"
"1947","BMDB63222","TG(14:1(9Z)/18:0/20:3(8Z,11Z,14Z))[iso6]","FRRFYNPAOJOMTG-XMHUXDSYSA-N","[H][C@](COC(=O)CCCCCCC\C=C/CCCC)(COC(=O)CCCCCC\C=C/C\C=C/C\C=C/CCCCC)OC(=O)CCCCCCCCCCCCCCCCC","131758646","TRUE",NA,NA,"No Match"
"1948","BMDB63223","TG(14:1(9Z)/18:0/20:4(5Z,8Z,11Z,14Z))[iso6]","LMDMXKYAEKPMRJ-XKMHHYLWSA-N","[H][C@](COC(=O)CCCCCCC\C=C/CCCC)(COC(=O)CCC\C=C/C\C=C/C\C=C/C\C=C/CCCCC)OC(=O)CCCCCCCCCCCCCCCCC","131758647","TRUE",NA,NA,"No Match"
"1949","BMDB63224","TG(14:1(9Z)/18:0/22:4(7Z,10Z,13Z,16Z))[iso6]","FAEIJJBFHNTKST-FCJLYCLESA-N","[H][C@](COC(=O)CCCCCCC\C=C/CCCC)(COC(=O)CCCCC\C=C/C\C=C/C\C=C/C\C=C/CCCCC)OC(=O)CCCCCCCCCCCCCCCCC","131758649","TRUE",NA,NA,"No Match"
"1950","BMDB63225","TG(14:1(9Z)/18:0/22:5(7Z,10Z,13Z,16Z,19Z))[iso6]","XEMKEHAWVGNINA-PNPDBVDCSA-N","[H][C@](COC(=O)CCCCCCC\C=C/CCCC)(COC(=O)CCCCC\C=C/C\C=C/C\C=C/C\C=C/C\C=C/CC)OC(=O)CCCCCCCCCCCCCCCCC","131758655","TRUE","DMD302505","DMD302505","Unique Match (by names only)"
"1951","BMDB63226","TG(14:1(9Z)/18:1(9Z)/18:1(9Z))[iso3]","LSIWIEMBUWTAAQ-KSDZLZACSA-N","[H][C@](COC(=O)CCCCCCC\C=C/CCCC)(COC(=O)CCCCCCC\C=C/CCCCCCCC)OC(=O)CCCCCCC\C=C/CCCCCCCC","131758798","TRUE",NA,NA,"No Match"
"1952","BMDB63227","TG(14:1(9Z)/18:1(9Z)/18:2(9Z,12Z))[iso6]","OXTWVCYSQAJXLY-VAHUBCMFSA-N","[H][C@](COC(=O)CCCCCCC\C=C/CCCC)(COC(=O)CCCCCCC\C=C/C\C=C/CCCCC)OC(=O)CCCCCCC\C=C/CCCCCCCC","131758803","TRUE",NA,NA,"No Match"
"1953","BMDB63228","TG(14:1(9Z)/18:1(9Z)/19:0)[iso6]","ZIELCAYILYZIOC-QLNJNHAESA-N","[H][C@@](COC(=O)CCCCCCCCCCCCCCCCCC)(COC(=O)CCCCCCC\C=C/CCCC)OC(=O)CCCCCCC\C=C/CCCCCCCC","","TRUE",NA,NA,"No Match"
"1954","BMDB63229","TG(14:1(9Z)/18:1(9Z)/20:0)[iso6]","QGSLOGGZIMGOJQ-GUPVLIFQSA-N","[H][C@@](COC(=O)CCCCCCCCCCCCCCCCCCC)(COC(=O)CCCCCCC\C=C/CCCC)OC(=O)CCCCCCC\C=C/CCCCCCCC","","TRUE",NA,NA,"No Match"
"1955","BMDB63230","TG(14:1(9Z)/18:1(9Z)/20:1(11Z))[iso6]","RYWWBXHDEGSCOG-GAAGLFOXSA-N","[H][C@@](COC(=O)CCCCCCCCC\C=C/CCCCCCCC)(COC(=O)CCCCCCC\C=C/CCCC)OC(=O)CCCCCCC\C=C/CCCCCCCC","131758799","TRUE",NA,NA,"No Match"
"1956","BMDB63231","TG(14:1(9Z)/18:1(9Z)/20:2(11Z,14Z))[iso6]","YWEWSQJHNNUANW-CUCXGRSDSA-N","[H][C@@](COC(=O)CCCCCCCCC\C=C/C\C=C/CCCCC)(COC(=O)CCCCCCC\C=C/CCCC)OC(=O)CCCCCCC\C=C/CCCCCCCC","131758805","TRUE",NA,NA,"No Match"
"1957","BMDB63232","TG(14:1(9Z)/18:1(9Z)/20:3(8Z,11Z,14Z))[iso6]","CGPMDMDZQFZLHH-JOBYQNAZSA-N","[H][C@](COC(=O)CCCCCCC\C=C/CCCC)(COC(=O)CCCCCC\C=C/C\C=C/C\C=C/CCCCC)OC(=O)CCCCCCC\C=C/CCCCCCCC","131758806","TRUE",NA,NA,"No Match"
"1958","BMDB63233","TG(14:1(9Z)/18:1(9Z)/22:0)[iso6]","XQGOXUBPPLKVPV-WTGKFRADSA-N","[H][C@@](COC(=O)CCCCCCCCCCCCCCCCCCCCC)(COC(=O)CCCCCCC\C=C/CCCC)OC(=O)CCCCCCC\C=C/CCCCCCCC","","TRUE",NA,NA,"No Match"
"1959","BMDB63234","TG(14:1(9Z)/18:1(9Z)/22:4(7Z,10Z,13Z,16Z))[iso6]","PSXVDMHVIJTXKU-GZHFRLJBSA-N","[H][C@](COC(=O)CCCCCCC\C=C/CCCC)(COC(=O)CCCCC\C=C/C\C=C/C\C=C/C\C=C/CCCCC)OC(=O)CCCCCCC\C=C/CCCCCCCC","131758809","TRUE","DMD302505","DMD302505","Unique Match (by names only)"
"1960","BMDB63235","TG(14:1(9Z)/18:2(9Z,12Z)/19:0)[iso6]","PMWHTYYQOBMMGG-FHDIKIECSA-N","[H][C@@](COC(=O)CCCCCCCCCCCCCCCCCC)(COC(=O)CCCCCCC\C=C/CCCC)OC(=O)CCCCCCC\C=C/C\C=C/CCCCC","","TRUE",NA,NA,"No Match"
"1961","BMDB63236","TG(14:1(9Z)/18:2(9Z,12Z)/20:0)[iso6]","SESIDPZYQNXGDB-HLUBQEQQSA-N","[H][C@@](COC(=O)CCCCCCCCCCCCCCCCCCC)(COC(=O)CCCCCCC\C=C/CCCC)OC(=O)CCCCCCC\C=C/C\C=C/CCCCC","","TRUE",NA,NA,"No Match"
"1962","BMDB63237","TG(14:1(9Z)/18:2(9Z,12Z)/20:1(11Z))[iso6]","RXDPGFFVSMSLTG-VUQJOJETSA-N","[H][C@@](COC(=O)CCCCCCCCC\C=C/CCCCCCCC)(COC(=O)CCCCCCC\C=C/CCCC)OC(=O)CCCCCCC\C=C/C\C=C/CCCCC","131758914","TRUE",NA,NA,"No Match"
"1963","BMDB63238","TG(14:1(9Z)/18:2(9Z,12Z)/20:2(11Z,14Z))[iso6]","FHMSYFQZXWGGAR-OKEXGHLUSA-N","[H][C@@](COC(=O)CCCCCCCCC\C=C/C\C=C/CCCCC)(COC(=O)CCCCCCC\C=C/CCCC)OC(=O)CCCCCCC\C=C/C\C=C/CCCCC","131758920","TRUE",NA,NA,"No Match"
"1964","BMDB63239","TG(14:1(9Z)/18:2(9Z,12Z)/21:0)[iso6]","MFKVUWLZFLRRSL-GEJTYJMASA-N","[H][C@@](COC(=O)CCCCCCCCCCCCCCCCCCCC)(COC(=O)CCCCCCC\C=C/CCCC)OC(=O)CCCCCCC\C=C/C\C=C/CCCCC","","TRUE",NA,NA,"No Match"
"1965","BMDB63240","TG(14:1(9Z)/18:2(9Z,12Z)/22:0)[iso6]","FYOAFNBAIZJVFT-ZTIYBWLLSA-N","[H][C@@](COC(=O)CCCCCCCCCCCCCCCCCCCCC)(COC(=O)CCCCCCC\C=C/CCCC)OC(=O)CCCCCCC\C=C/C\C=C/CCCCC","","TRUE",NA,NA,"No Match"
"1966","BMDB63241","TG(14:1(9Z)/18:3(6Z,9Z,12Z)/19:0)[iso6]","FXJDGSNNOJGERK-JPEOXRGFSA-N","[H][C@@](COC(=O)CCCCCCCCCCCCCCCCCC)(COC(=O)CCCCCCC\C=C/CCCC)OC(=O)CCCC\C=C/C\C=C/C\C=C/CCCCC","","TRUE",NA,NA,"No Match"
"1967","BMDB63242","TG(14:1(9Z)/18:3(6Z,9Z,12Z)/20:0)[iso6]","MGSBTOPMZSCVHO-ROKBNZNKSA-N","[H][C@@](COC(=O)CCCCCCCCCCCCCCCCCCC)(COC(=O)CCCCCCC\C=C/CCCC)OC(=O)CCCC\C=C/C\C=C/C\C=C/CCCCC","","TRUE",NA,NA,"No Match"
"1968","BMDB63243","TG(14:1(9Z)/18:3(6Z,9Z,12Z)/20:1(11Z))[iso6]","PHSOZYZQNQNQAK-CVHNYEHWSA-N","[H][C@@](COC(=O)CCCCCCCCC\C=C/CCCCCCCC)(COC(=O)CCCCCCC\C=C/CCCC)OC(=O)CCCC\C=C/C\C=C/C\C=C/CCCCC","131758937","TRUE",NA,NA,"No Match"
"1969","BMDB63244","TG(14:1(9Z)/18:3(6Z,9Z,12Z)/21:0)[iso6]","HJALBBWEPPAQQG-AAINFDRGSA-N","[H][C@@](COC(=O)CCCCCCCCCCCCCCCCCCCC)(COC(=O)CCCCCCC\C=C/CCCC)OC(=O)CCCC\C=C/C\C=C/C\C=C/CCCCC","","TRUE",NA,NA,"No Match"
"1970","BMDB63245","TG(14:1(9Z)/18:3(6Z,9Z,12Z)/22:0)[iso6]","OOXHPYMTHPKODA-LIENHTAXSA-N","[H][C@@](COC(=O)CCCCCCCCCCCCCCCCCCCCC)(COC(=O)CCCCCCC\C=C/CCCC)OC(=O)CCCC\C=C/C\C=C/C\C=C/CCCCC","","TRUE",NA,NA,"No Match"
"1971","BMDB63246","TG(14:1(9Z)/18:3(9Z,12Z,15Z)/19:0)[iso6]","SJQMHIAHRCGOFO-JMCXUACXSA-N","[H][C@@](COC(=O)CCCCCCCCCCCCCCCCCC)(COC(=O)CCCCCCC\C=C/CCCC)OC(=O)CCCCCCC\C=C/C\C=C/C\C=C/CC","","TRUE",NA,NA,"No Match"
"1972","BMDB63247","TG(14:1(9Z)/18:3(9Z,12Z,15Z)/20:0)[iso6]","WZFPPHDQBDNLNK-QOMXRBJQSA-N","[H][C@@](COC(=O)CCCCCCCCCCCCCCCCCCC)(COC(=O)CCCCCCC\C=C/CCCC)OC(=O)CCCCCCC\C=C/C\C=C/C\C=C/CC","","TRUE",NA,NA,"No Match"
"1973","BMDB63248","TG(14:1(9Z)/18:3(9Z,12Z,15Z)/20:1(11Z))[iso6]","DSZMYGQJZQQSEL-XDBIBJELSA-N","[H][C@@](COC(=O)CCCCCCCCC\C=C/CCCCCCCC)(COC(=O)CCCCCCC\C=C/CCCC)OC(=O)CCCCCCC\C=C/C\C=C/C\C=C/CC","131759098","TRUE",NA,NA,"No Match"
"1974","BMDB63249","TG(14:1(9Z)/18:3(9Z,12Z,15Z)/21:0)[iso6]","YCBCZIKALKDHRL-ZLSCYYNLSA-N","[H][C@@](COC(=O)CCCCCCCCCCCCCCCCCCCC)(COC(=O)CCCCCCC\C=C/CCCC)OC(=O)CCCCCCC\C=C/C\C=C/C\C=C/CC","","TRUE",NA,NA,"No Match"
"1975","BMDB63250","TG(14:1(9Z)/18:3(9Z,12Z,15Z)/22:0)[iso6]","QEYIHHBEALJAPR-QJGMYCCBSA-N","[H][C@@](COC(=O)CCCCCCCCCCCCCCCCCCCCC)(COC(=O)CCCCCCC\C=C/CCCC)OC(=O)CCCCCCC\C=C/C\C=C/C\C=C/CC","","TRUE",NA,NA,"No Match"
"1976","BMDB63251","TG(14:1(9Z)/18:4(6Z,9Z,12Z,15Z)/19:0) [iso6]","OJQOQQTYZNUQEO-LRSUTHQFSA-N","[H][C@@](COC(=O)CCCCCCCCCCCCCCCCCC)(COC(=O)CCCCCCC\C=C/CCCC)OC(=O)CCCC\C=C/C\C=C/C\C=C/C\C=C/CC","","TRUE",NA,NA,"No Match"
"1977","BMDB63252","TG(14:1(9Z)/18:4(6Z,9Z,12Z,15Z)/20:0)[iso6]","AYBNKZOBZIRMHJ-BOYFPWPJSA-N","[H][C@@](COC(=O)CCCCCCCCCCCCCCCCCCC)(COC(=O)CCCCCCC\C=C/CCCC)OC(=O)CCCC\C=C/C\C=C/C\C=C/C\C=C/CC","","TRUE",NA,NA,"No Match"
"1978","BMDB63253","TG(14:1(9Z)/18:4(6Z,9Z,12Z,15Z)/21:0)[iso6]","OPTAVPDYKMZZIU-QLDCQHGWSA-N","[H][C@@](COC(=O)CCCCCCCCCCCCCCCCCCCC)(COC(=O)CCCCCCC\C=C/CCCC)OC(=O)CCCC\C=C/C\C=C/C\C=C/C\C=C/CC","","TRUE",NA,NA,"No Match"
"1979","BMDB63254","TG(14:1(9Z)/18:4(6Z,9Z,12Z,15Z)/22:0)[iso6]","IHSDKTOLZNRUIJ-XGIAECFBSA-N","[H][C@@](COC(=O)CCCCCCCCCCCCCCCCCCCCC)(COC(=O)CCCCCCC\C=C/CCCC)OC(=O)CCCC\C=C/C\C=C/C\C=C/C\C=C/CC","","TRUE",NA,NA,"No Match"
"1980","BMDB63255","TG(14:1(9Z)/19:0/20:2(11Z,14Z))[iso6]","DWRFRVMLGKZEFL-PWMLTBMOSA-N","[H][C@@](COC(=O)CCCCCCCCC\C=C/C\C=C/CCCCC)(COC(=O)CCCCCCC\C=C/CCCC)OC(=O)CCCCCCCCCCCCCCCCCC","","TRUE",NA,NA,"No Match"
"1981","BMDB63256","TG(14:1(9Z)/19:0/20:3(8Z,11Z,14Z))[iso6]","AGGMHSIJPOCJNC-RBDZZQPWSA-N","[H][C@](COC(=O)CCCCCCC\C=C/CCCC)(COC(=O)CCCCCC\C=C/C\C=C/C\C=C/CCCCC)OC(=O)CCCCCCCCCCCCCCCCCC","","TRUE",NA,NA,"No Match"
"1982","BMDB63257","TG(14:1(9Z)/19:0/20:4(5Z,8Z,11Z,14Z))[iso6]","UIRMRFWTYIILMR-JRGCGUAFSA-N","[H][C@](COC(=O)CCCCCCC\C=C/CCCC)(COC(=O)CCC\C=C/C\C=C/C\C=C/C\C=C/CCCCC)OC(=O)CCCCCCCCCCCCCCCCCC","","TRUE",NA,NA,"No Match"
"1983","BMDB63258","TG(14:1(9Z)/19:0/20:5(5Z,8Z,11Z,14Z,17Z))[iso6]","BNZDKHVWOHULBW-MQRWCIIWSA-N","[H][C@](COC(=O)CCCCCCC\C=C/CCCC)(COC(=O)CCC\C=C/C\C=C/C\C=C/C\C=C/C\C=C/CC)OC(=O)CCCCCCCCCCCCCCCCCC","","TRUE",NA,NA,"No Match"
"1984","BMDB63259","TG(14:1(9Z)/19:0/22:5(7Z,10Z,13Z,16Z,19Z))[iso6]","PEFALGWSGDTGFP-WRMFWARJSA-N","[H][C@](COC(=O)CCCCCCC\C=C/CCCC)(COC(=O)CCCCC\C=C/C\C=C/C\C=C/C\C=C/C\C=C/CC)OC(=O)CCCCCCCCCCCCCCCCCC","","TRUE",NA,NA,"No Match"
"1985","BMDB63260","TG(14:1(9Z)/19:0/22:6(4Z,7Z,10Z,13Z,16Z,19Z))[iso6]","HPIZLBYYGOCKAC-VJTFIWRRSA-N","[H][C@](COC(=O)CCCCCCC\C=C/CCCC)(COC(=O)CC\C=C/C\C=C/C\C=C/C\C=C/C\C=C/C\C=C/CC)OC(=O)CCCCCCCCCCCCCCCCCC","","TRUE",NA,NA,"No Match"
"1986","BMDB63261","TG(14:1(9Z)/20:0/20:1(11Z))[iso6]","SSHQULTWICGVDD-JWCKISPSSA-N","[H][C@@](COC(=O)CCCCCCCCC\C=C/CCCCCCCC)(COC(=O)CCCCCCC\C=C/CCCC)OC(=O)CCCCCCCCCCCCCCCCCCC","131758662","TRUE",NA,NA,"No Match"
"1987","BMDB63262","TG(14:1(9Z)/20:0/20:2(11Z,14Z))[iso6]","NUYRINJQOPQTKC-YXBKKIBYSA-N","[H][C@@](COC(=O)CCCCCCCCC\C=C/C\C=C/CCCCC)(COC(=O)CCCCCCC\C=C/CCCC)OC(=O)CCCCCCCCCCCCCCCCCCC","131758668","TRUE",NA,NA,"No Match"
"1988","BMDB63263","TG(14:1(9Z)/20:0/20:3(8Z,11Z,14Z))[iso6]","AUEYCFPJLUPBLD-VBAODHEZSA-N","[H][C@](COC(=O)CCCCCCC\C=C/CCCC)(COC(=O)CCCCCC\C=C/C\C=C/C\C=C/CCCCC)OC(=O)CCCCCCCCCCCCCCCCCCC","131758669","TRUE",NA,NA,"No Match"
"1989","BMDB63264","TG(14:1(9Z)/20:0/20:4(5Z,8Z,11Z,14Z))[iso6]","FCJIOGHLJHBKRR-KTSHDULSSA-N","[H][C@](COC(=O)CCCCCCC\C=C/CCCC)(COC(=O)CCC\C=C/C\C=C/C\C=C/C\C=C/CCCCC)OC(=O)CCCCCCCCCCCCCCCCCCC","131758670","TRUE",NA,NA,"No Match"
"1990","BMDB63265","TG(14:1(9Z)/20:0/20:5(5Z,8Z,11Z,14Z,17Z))[iso6]","MRADHNGGQNMBIT-TWVHKIFASA-N","[H][C@](COC(=O)CCCCCCC\C=C/CCCC)(COC(=O)CCC\C=C/C\C=C/C\C=C/C\C=C/C\C=C/CC)OC(=O)CCCCCCCCCCCCCCCCCCC","131758677","TRUE","DMD302505","DMD302505","Unique Match (by names only)"
"1991","BMDB63266","TG(14:1(9Z)/20:0/22:5(7Z,10Z,13Z,16Z,19Z))[iso6]","HHOXMNWYACDQOZ-OOMJFVRLSA-N","[H][C@](COC(=O)CCCCCCC\C=C/CCCC)(COC(=O)CCCCC\C=C/C\C=C/C\C=C/C\C=C/C\C=C/CC)OC(=O)CCCCCCCCCCCCCCCCCCC","131758678","TRUE",NA,NA,"No Match"
"1992","BMDB63267","TG(14:1(9Z)/20:1(11Z)/20:1(11Z))[iso3]","OPZBOXKFTDVAOR-JXQORKFYSA-N","[H][C@@](COC(=O)CCCCCCCCC\C=C/CCCCCCCC)(COC(=O)CCCCCCC\C=C/CCCC)OC(=O)CCCCCCCCC\C=C/CCCCCCCC","131758822","TRUE",NA,NA,"No Match"
"1993","BMDB63268","TG(14:1(9Z)/20:1(11Z)/20:2(11Z,14Z))[iso6]","BGODCVGWEBYLGN-UTXPKRQLSA-N","[H][C@@](COC(=O)CCCCCCCCC\C=C/C\C=C/CCCCC)(COC(=O)CCCCCCC\C=C/CCCC)OC(=O)CCCCCCCCC\C=C/CCCCCCCC","131758828","TRUE",NA,NA,"No Match"
"1994","BMDB63269","TG(14:1(9Z)/20:1(11Z)/20:3(8Z,11Z,14Z))[iso6]","BCMHHAAVHIRHKO-XLWYRELXSA-N","[H][C@](COC(=O)CCCCCCC\C=C/CCCC)(COC(=O)CCCCCC\C=C/C\C=C/C\C=C/CCCCC)OC(=O)CCCCCCCCC\C=C/CCCCCCCC","131758829","TRUE",NA,NA,"No Match"
"1995","BMDB63270","TG(14:1(9Z)/20:1(11Z)/20:4(5Z,8Z,11Z,14Z))[iso6]","FWEYWBCVKNAPDM-KVTHUSLPSA-N","[H][C@](COC(=O)CCCCCCC\C=C/CCCC)(COC(=O)CCC\C=C/C\C=C/C\C=C/C\C=C/CCCCC)OC(=O)CCCCCCCCC\C=C/CCCCCCCC","131758830","TRUE","DMD302505","DMD302505","Unique Match (by names only)"
"1996","BMDB63271","TG(14:1(9Z)/20:1(11Z)/22:4(7Z,10Z,13Z,16Z))[iso6]","OVLIJZSOJQWFEB-MWFGLFJZSA-N","[H][C@](COC(=O)CCCCCCC\C=C/CCCC)(COC(=O)CCCCC\C=C/C\C=C/C\C=C/C\C=C/CCCCC)OC(=O)CCCCCCCCC\C=C/CCCCCCCC","131758832","TRUE",NA,NA,"No Match"
"1997","BMDB63272","TG(14:1(9Z)/20:2(11Z,14Z)/20:2(11Z,14Z))[iso3]","GGESIZJOLUZGHM-DGZLZUMGSA-N","[H][C@@](COC(=O)CCCCCCCCC\C=C/C\C=C/CCCCC)(COC(=O)CCCCCCC\C=C/CCCC)OC(=O)CCCCCCCCC\C=C/C\C=C/CCCCC","131758966","TRUE",NA,NA,"No Match"
"1998","BMDB63273","TG(14:1(9Z)/20:2(11Z,14Z)/20:3(8Z,11Z,14Z))[iso6]","GTWVWZVUHRQRBY-AWQMEVMMSA-N","[H][C@](COC(=O)CCCCCCC\C=C/CCCC)(COC(=O)CCCCCC\C=C/C\C=C/C\C=C/CCCCC)OC(=O)CCCCCCCCC\C=C/C\C=C/CCCCC","131758967","TRUE","DMD302505","DMD302505","Unique Match (by names only)"
"1999","BMDB63274","TG(14:1(9Z)/20:5(5Z,8Z,11Z,14Z,17Z)/21:0)[iso6]","TXGHWDWVTGGXMQ-NVWWXIKFSA-N","[H][C@@](COC(=O)CCCCCCCCCCCCCCCCCCCC)(COC(=O)CCCCCCC\C=C/CCCC)OC(=O)CCC\C=C/C\C=C/C\C=C/C\C=C/C\C=C/CC","","TRUE",NA,NA,"No Match"
"2000","BMDB63275","TG(14:1(9Z)/20:5(5Z,8Z,11Z,14Z,17Z)/22:0)[iso6]","WYXOGHYUVBJXHY-RCYNUGSISA-N","[H][C@@](COC(=O)CCCCCCCCCCCCCCCCCCCCC)(COC(=O)CCCCCCC\C=C/CCCC)OC(=O)CCC\C=C/C\C=C/C\C=C/C\C=C/C\C=C/CC","","TRUE",NA,NA,"No Match"
"2001","BMDB63276","TG(15:0/15:0/18:2(9Z,12Z))[iso3]","QMWRBKDPURNASG-UDWYXPPSSA-N","[H][C@](COC(=O)CCCCCCCCCCCCCC)(COC(=O)CCCCCCC\C=C/C\C=C/CCCCC)OC(=O)CCCCCCCCCCCCCC","131754137","TRUE",NA,NA,"No Match"
"2002","BMDB63277","TG(15:0/15:0/18:3(6Z,9Z,12Z))[iso3]","METHLKWLLGWOAR-BERYFDQLSA-N","[H][C@](COC(=O)CCCCCCCCCCCCCC)(COC(=O)CCCC\C=C/C\C=C/C\C=C/CCCCC)OC(=O)CCCCCCCCCCCCCC","131754138","TRUE",NA,NA,"No Match"
"2003","BMDB63278","TG(15:0/15:0/18:3(9Z,12Z,15Z))[iso3]","IMUJVKCHSCPLJO-OBOOCMDCSA-N","[H][C@](COC(=O)CCCCCCCCCCCCCC)(COC(=O)CCCCCCC\C=C/C\C=C/C\C=C/CC)OC(=O)CCCCCCCCCCCCCC","131754145","TRUE",NA,NA,"No Match"
"2004","BMDB63279","TG(15:0/15:0/20:1(11Z))[iso3]","CTTGQUYMPWGUTF-OIVKDUIRSA-N","[H][C@](COC(=O)CCCCCCCCCCCCCC)(COC(=O)CCCCCCCCC\C=C/CCCCCCCC)OC(=O)CCCCCCCCCCCCCC","131754133","TRUE",NA,NA,"No Match"
"2005","BMDB63280","TG(15:0/15:0/20:2(11Z,14Z))[iso3]","OEGSGUSCNRLRFO-SOEJSTAXSA-N","[H][C@](COC(=O)CCCCCCCCCCCCCC)(COC(=O)CCCCCCCCC\C=C/C\C=C/CCCCC)OC(=O)CCCCCCCCCCCCCC","131754139","TRUE",NA,NA,"No Match"
"2006","BMDB63281","TG(15:0/15:0/20:3(8Z,11Z,14Z))[iso3]","USKOQXWFTGKIJK-AHIKAAPSSA-N","[H][C@](COC(=O)CCCCCCCCCCCCCC)(COC(=O)CCCCCC\C=C/C\C=C/C\C=C/CCCCC)OC(=O)CCCCCCCCCCCCCC","131754140","TRUE",NA,NA,"No Match"
"2007","BMDB63282","TG(15:0/15:0/20:4(5Z,8Z,11Z,14Z))[iso3]","GOBILVAUGMTLQK-OWXLDOLFSA-N","[H][C@](COC(=O)CCCCCCCCCCCCCC)(COC(=O)CCC\C=C/C\C=C/C\C=C/C\C=C/CCCCC)OC(=O)CCCCCCCCCCCCCC","131754141","TRUE",NA,NA,"No Match"
"2008","BMDB63283","TG(15:0/15:0/22:4(7Z,10Z,13Z,16Z))[iso3]","OHCSUIXLCHKFFY-UJKPDYKISA-N","[H][C@](COC(=O)CCCCCCCCCCCCCC)(COC(=O)CCCCC\C=C/C\C=C/C\C=C/C\C=C/CCCCC)OC(=O)CCCCCCCCCCCCCC","131754143","TRUE",NA,NA,"No Match"
"2009","BMDB63284","TG(15:0/15:0/22:5(7Z,10Z,13Z,16Z,19Z))[iso3]","CKJFKCABBRYLMR-ZDKRBGOHSA-N","[H][C@](COC(=O)CCCCCCCCCCCCCC)(COC(=O)CCCCC\C=C/C\C=C/C\C=C/C\C=C/C\C=C/CC)OC(=O)CCCCCCCCCCCCCC","131754149","TRUE",NA,NA,"No Match"
"2010","BMDB63285","TG(15:0/16:0/18:1(9Z))[iso6]","IVRUJYRTYXTTIH-PVPKLLLRSA-N","[H][C@](COC(=O)CCCCCCCCCCCCCC)(COC(=O)CCCCCCC\C=C/CCCCCCCC)OC(=O)CCCCCCCCCCCCCCC","131754161","TRUE",NA,NA,"No Match"
"2011","BMDB63286","TG(15:0/16:0/18:2(9Z,12Z))[iso6]","DDWAXVHDVUVXSQ-ZDFZEWNHSA-N","[H][C@](COC(=O)CCCCCCCCCCCCCC)(COC(=O)CCCCCCC\C=C/C\C=C/CCCCC)OC(=O)CCCCCCCCCCCCCCC","131754166","TRUE",NA,NA,"No Match"
"2012","BMDB63287","TG(15:0/16:0/20:1(11Z))[iso6]","SUYGGHGLHBZSPT-HGUUATKKSA-N","[H][C@](COC(=O)CCCCCCCCCCCCCC)(COC(=O)CCCCCCCCC\C=C/CCCCCCCC)OC(=O)CCCCCCCCCCCCCCC","131754162","TRUE",NA,NA,"No Match"
"2013","BMDB63288","TG(15:0/16:0/20:5(5Z,8Z,11Z,14Z,17Z)) [iso6]","AMXXNFGRYHWAIZ-OVPMLGPNSA-N","[H][C@](COC(=O)CCCCCCCCCCCCCC)(COC(=O)CCC\C=C/C\C=C/C\C=C/C\C=C/C\C=C/CC)OC(=O)CCCCCCCCCCCCCCC","131754174","TRUE",NA,NA,"No Match"
"2014","BMDB63289","TG(15:0/16:0/22:4(7Z,10Z,13Z,16Z))[iso6]","AHARKWTZAVEXCY-ULVWXFASSA-N","[H][C@](COC(=O)CCCCCCCCCCCCCC)(COC(=O)CCCCC\C=C/C\C=C/C\C=C/C\C=C/CCCCC)OC(=O)CCCCCCCCCCCCCCC","131754169","TRUE",NA,NA,"No Match"
"2015","BMDB63290","TG(15:0/16:0/22:5(7Z,10Z,13Z,16Z,19Z))[iso6]","QBWWHOKPBJFJMT-YXUBROBDSA-N","[H][C@](COC(=O)CCCCCCCCCCCCCC)(COC(=O)CCCCC\C=C/C\C=C/C\C=C/C\C=C/C\C=C/CC)OC(=O)CCCCCCCCCCCCCCC","131754175","TRUE",NA,NA,"No Match"
"2016","BMDB63291","TG(15:0/16:0/22:6(4Z,7Z,10Z,13Z,16Z,19Z))[iso6]","LDWHFXYROBXTCC-BKUFMLQHSA-N","[H][C@](COC(=O)CCCCCCCCCCCCCC)(COC(=O)CC\C=C/C\C=C/C\C=C/C\C=C/C\C=C/C\C=C/CC)OC(=O)CCCCCCCCCCCCCCC","131754176","TRUE",NA,NA,"No Match"
"2017","BMDB63292","TG(15:0/16:1(9Z)/18:0)[iso6]","IPTNYCRHJMJCQE-ZCXHGMKPSA-N","[H][C@](COC(=O)CCCCCCCCCCCCCC)(COC(=O)CCCCCCCCCCCCCCCCC)OC(=O)CCCCCCC\C=C/CCCCCC","131754321","TRUE",NA,NA,"No Match"
"2018","BMDB63293","TG(15:0/16:1(9Z)/18:1(9Z))[iso6]","ZSHVDBVWHRXKEV-OPRAGXQSSA-N","[H][C@](COC(=O)CCCCCCCCCCCCCC)(COC(=O)CCCCCCC\C=C/CCCCCCCC)OC(=O)CCCCCCC\C=C/CCCCCC","131754328","TRUE",NA,NA,"No Match"
"2019","BMDB63294","TG(15:0/16:1(9Z)/19:0)[iso6]","LWRQEQMKDSSHAL-YVMYVILJSA-N","[H][C@](COC(=O)CCCCCCCCCCCCCC)(COC(=O)CCCCCCCCCCCCCCCCCC)OC(=O)CCCCCCC\C=C/CCCCCC","","TRUE",NA,NA,"No Match"
"2020","BMDB63295","TG(15:0/16:1(9Z)/20:0)[iso6]","VCVDKBBECJTNHK-KMIVGPLPSA-N","[H][C@](COC(=O)CCCCCCCCCCCCCC)(COC(=O)CCCCCCCCCCCCCCCCCCC)OC(=O)CCCCCCC\C=C/CCCCCC","131754322","TRUE",NA,NA,"No Match"
"2021","BMDB63296","TG(15:0/16:1(9Z)/20:1(11Z))[iso6]","XJHCUGZLVVQPLJ-KYBOZFGKSA-N","[H][C@](COC(=O)CCCCCCCCCCCCCC)(COC(=O)CCCCCCCCC\C=C/CCCCCCCC)OC(=O)CCCCCCC\C=C/CCCCCC","131754329","TRUE",NA,NA,"No Match"
"2022","BMDB63297","TG(15:0/16:1(9Z)/20:2(11Z,14Z))[iso6]","NAFMESDUMVNTKX-QJWNQIOASA-N","[H][C@](COC(=O)CCCCCCCCCCCCCC)(COC(=O)CCCCCCCCC\C=C/C\C=C/CCCCC)OC(=O)CCCCCCC\C=C/CCCCCC","131754335","TRUE",NA,NA,"No Match"
"2023","BMDB63298","TG(15:0/16:1(9Z)/20:3(8Z,11Z,14Z))[iso6]","ZBLICBPFGHXTDO-FDPZATRVSA-N","[H][C@](COC(=O)CCCCCCCCCCCCCC)(COC(=O)CCCCCC\C=C/C\C=C/C\C=C/CCCCC)OC(=O)CCCCCCC\C=C/CCCCCC","131754336","TRUE",NA,NA,"No Match"
"2024","BMDB63299","TG(15:0/16:1(9Z)/20:4(5Z,8Z,11Z,14Z)) [iso6]","HVWSSTSBNGXYBJ-QTZAFHSXSA-N","[H][C@](COC(=O)CCCCCCCCCCCCCC)(COC(=O)CCC\C=C/C\C=C/C\C=C/C\C=C/CCCCC)OC(=O)CCCCCCC\C=C/CCCCCC","131754337","TRUE",NA,NA,"No Match"
"2025","BMDB63300","TG(15:0/16:1(9Z)/22:4(7Z,10Z,13Z,16Z))[iso6]","PZJGYRZVYVHCDI-JSXQKDERSA-N","[H][C@](COC(=O)CCCCCCCCCCCCCC)(COC(=O)CCCCC\C=C/C\C=C/C\C=C/C\C=C/CCCCC)OC(=O)CCCCCCC\C=C/CCCCCC","131754339","TRUE",NA,NA,"No Match"
"2026","BMDB63301","TG(15:0/16:1(9Z)/22:5(7Z,10Z,13Z,16Z,19Z))[iso6]","LQWIUBUSZHRBMR-CWKOBHQXSA-N","[H][C@](COC(=O)CCCCCCCCCCCCCC)(COC(=O)CCCCC\C=C/C\C=C/C\C=C/C\C=C/C\C=C/CC)OC(=O)CCCCCCC\C=C/CCCCCC","131754345","TRUE",NA,NA,"No Match"
"2027","BMDB63302","TG(15:0/17:0/18:1(9Z))[iso6]","DRKYQWMKUPUUSK-QMQKRLOWSA-N","[H][C@](COC(=O)CCCCCCCCCCCCCC)(COC(=O)CCCCCCC\C=C/CCCCCCCC)OC(=O)CCCCCCCCCCCCCCCC","","TRUE",NA,NA,"No Match"
"2028","BMDB63303","TG(15:0/17:0/18:2(9Z,12Z))[iso6]","LXTHWHPSRIYNDA-QOFJNYBJSA-N","[H][C@](COC(=O)CCCCCCCCCCCCCC)(COC(=O)CCCCCCC\C=C/C\C=C/CCCCC)OC(=O)CCCCCCCCCCCCCCCC","","TRUE",NA,NA,"No Match"
"2029","BMDB63304","TG(15:0/17:0/18:3(6Z,9Z,12Z))[iso6]","NSCSMJBBZBCZPA-QDYVDFAZSA-N","[H][C@](COC(=O)CCCCCCCCCCCCCC)(COC(=O)CCCC\C=C/C\C=C/C\C=C/CCCCC)OC(=O)CCCCCCCCCCCCCCCC","","TRUE",NA,NA,"No Match"
"2030","BMDB63305","TG(15:0/17:0/18:3(9Z,12Z,15Z))[iso6]","BVNVQKCUSUQOBS-OEGDCTKOSA-N","[H][C@](COC(=O)CCCCCCCCCCCCCC)(COC(=O)CCCCCCC\C=C/C\C=C/C\C=C/CC)OC(=O)CCCCCCCCCCCCCCCC","","TRUE",NA,NA,"No Match"
"2031","BMDB63306","TG(15:0/17:0/18:4(6Z,9Z,12Z,15Z))[iso6]","ODQQQBWNNQQHDC-TVTNHJDCSA-N","[H][C@](COC(=O)CCCCCCCCCCCCCC)(COC(=O)CCCC\C=C/C\C=C/C\C=C/C\C=C/CC)OC(=O)CCCCCCCCCCCCCCCC","","TRUE",NA,NA,"No Match"
"2032","BMDB63307","TG(15:0/17:0/20:2(11Z,14Z))[iso6]","HLKXUQWBLARRKN-NXNLMSDJSA-N","[H][C@](COC(=O)CCCCCCCCCCCCCC)(COC(=O)CCCCCCCCC\C=C/C\C=C/CCCCC)OC(=O)CCCCCCCCCCCCCCCC","","TRUE",NA,NA,"No Match"
"2033","BMDB63308","TG(15:0/17:0/20:3(8Z,11Z,14Z))[iso6]","YVOALKUYMOCTRZ-MWDRVQIJSA-N","[H][C@](COC(=O)CCCCCCCCCCCCCC)(COC(=O)CCCCCC\C=C/C\C=C/C\C=C/CCCCC)OC(=O)CCCCCCCCCCCCCCCC","","TRUE",NA,NA,"No Match"
"2034","BMDB63309","TG(15:0/17:0/20:4(5Z,8Z,11Z,14Z))[iso6]","BRONEPJOIBPQAU-KBAMBTGPSA-N","[H][C@](COC(=O)CCCCCCCCCCCCCC)(COC(=O)CCC\C=C/C\C=C/C\C=C/C\C=C/CCCCC)OC(=O)CCCCCCCCCCCCCCCC","","TRUE",NA,NA,"No Match"
"2035","BMDB63310","TG(15:0/17:0/20:5(5Z,8Z,11Z,14Z,17Z))[iso6]","GXKIOFVYMGPCNW-LFPCHPDQSA-N","[H][C@](COC(=O)CCCCCCCCCCCCCC)(COC(=O)CCC\C=C/C\C=C/C\C=C/C\C=C/C\C=C/CC)OC(=O)CCCCCCCCCCCCCCCC","","TRUE",NA,NA,"No Match"
"2036","BMDB63311","TG(15:0/17:0/22:4(7Z,10Z,13Z,16Z))[iso6]","WIYNEVGMEDLXJC-WHZMSXKPSA-N","[H][C@](COC(=O)CCCCCCCCCCCCCC)(COC(=O)CCCCC\C=C/C\C=C/C\C=C/C\C=C/CCCCC)OC(=O)CCCCCCCCCCCCCCCC","","TRUE",NA,NA,"No Match"
"2037","BMDB63312","TG(15:0/17:0/22:5(7Z,10Z,13Z,16Z,19Z))[iso6]","QGPKJIDZWXVWHS-AQRUSLIHSA-N","[H][C@](COC(=O)CCCCCCCCCCCCCC)(COC(=O)CCCCC\C=C/C\C=C/C\C=C/C\C=C/C\C=C/CC)OC(=O)CCCCCCCCCCCCCCCC","","TRUE",NA,NA,"No Match"
"2038","BMDB63313","TG(15:0/17:0/22:6(4Z,7Z,10Z,13Z,16Z,19Z))[iso6]","AGRWQVDHBRTOBQ-VAFHPCRSSA-N","[H][C@](COC(=O)CCCCCCCCCCCCCC)(COC(=O)CC\C=C/C\C=C/C\C=C/C\C=C/C\C=C/C\C=C/CC)OC(=O)CCCCCCCCCCCCCCCC","","TRUE",NA,NA,"No Match"
"2039","BMDB63314","TG(15:0/18:0/18:1(9Z))[iso6]","NTCKBJDZYIUTCZ-CBOCDEIPSA-N","[H][C@](COC(=O)CCCCCCCCCCCCCC)(COC(=O)CCCCCCC\C=C/CCCCCCCC)OC(=O)CCCCCCCCCCCCCCCCC","131754187","TRUE",NA,NA,"No Match"
"2040","BMDB63315","TG(15:0/18:0/18:3(6Z,9Z,12Z))[iso6]","OGNCECWXMXWFGY-HXWQFKQRSA-N","[H][C@](COC(=O)CCCCCCCCCCCCCC)(COC(=O)CCCC\C=C/C\C=C/C\C=C/CCCCC)OC(=O)CCCCCCCCCCCCCCCCC","131754192","TRUE",NA,NA,"No Match"
"2041","BMDB63316","TG(15:0/18:0/18:4(6Z,9Z,12Z,15Z))[iso6]","IVTXWAOVGPUCRC-MVLKVFCTSA-N","[H][C@](COC(=O)CCCCCCCCCCCCCC)(COC(=O)CCCC\C=C/C\C=C/C\C=C/C\C=C/CC)OC(=O)CCCCCCCCCCCCCCCCC","131754199","TRUE",NA,NA,"No Match"
"2042","BMDB63317","TG(15:0/18:0/20:3(8Z,11Z,14Z))[iso6]","ALQRRLJPYXJUQJ-AZVIUHJVSA-N","[H][C@](COC(=O)CCCCCCCCCCCCCC)(COC(=O)CCCCCC\C=C/C\C=C/C\C=C/CCCCC)OC(=O)CCCCCCCCCCCCCCCCC","131754194","TRUE",NA,NA,"No Match"
"2043","BMDB63318","TG(15:0/18:0/20:4(5Z,8Z,11Z,14Z))[iso6]","YNBYDMOKHWTIOZ-JERLNIQVSA-N","[H][C@](COC(=O)CCCCCCCCCCCCCC)(COC(=O)CCC\C=C/C\C=C/C\C=C/C\C=C/CCCCC)OC(=O)CCCCCCCCCCCCCCCCC","131754195","TRUE",NA,NA,"No Match"
"2044","BMDB63319","TG(15:0/18:0/20:5(5Z,8Z,11Z,14Z,17Z))[iso6]","ZXBWNEVRFREORM-SBVJPQMBSA-N","[H][C@](COC(=O)CCCCCCCCCCCCCC)(COC(=O)CCC\C=C/C\C=C/C\C=C/C\C=C/C\C=C/CC)OC(=O)CCCCCCCCCCCCCCCCC","131754201","TRUE",NA,NA,"No Match"
"2045","BMDB63320","TG(15:0/18:0/22:6(4Z,7Z,10Z,13Z,16Z,19Z))[iso6]","XLKRJIDQNKJANA-IHACKXFGSA-N","[H][C@](COC(=O)CCCCCCCCCCCCCC)(COC(=O)CC\C=C/C\C=C/C\C=C/C\C=C/C\C=C/C\C=C/CC)OC(=O)CCCCCCCCCCCCCCCCC","131754203","TRUE",NA,NA,"No Match"
"2046","BMDB63321","TG(15:0/18:1(9Z)/18:3(6Z,9Z,12Z))[iso6]","IJTQTIQOHKQXGY-OKAMOMJESA-N","[H][C@](COC(=O)CCCCCCCCCCCCCC)(COC(=O)CCCC\C=C/C\C=C/C\C=C/CCCCC)OC(=O)CCCCCCC\C=C/CCCCCCCC","131754388","TRUE",NA,NA,"No Match"
"2047","BMDB63322","TG(15:0/18:1(9Z)/18:4(6Z,9Z,12Z,15Z)) [iso6]","ZTMUXDIXBIPXGU-ZNBYWWMRSA-N","[H][C@](COC(=O)CCCCCCCCCCCCCC)(COC(=O)CCCC\C=C/C\C=C/C\C=C/C\C=C/CC)OC(=O)CCCCCCC\C=C/CCCCCCCC","131754395","TRUE",NA,NA,"No Match"
"2048","BMDB63323","TG(15:0/18:1(9Z)/20:2(11Z,14Z))[iso6]","ANIZQXYZMABPHZ-SNRVFDCWSA-N","[H][C@](COC(=O)CCCCCCCCCCCCCC)(COC(=O)CCCCCCCCC\C=C/C\C=C/CCCCC)OC(=O)CCCCCCC\C=C/CCCCCCCC","131754389","TRUE",NA,NA,"No Match"
"2049","BMDB63324","TG(15:0/18:1(9Z)/20:3(8Z,11Z,14Z))[iso6]","AVNIVQNKHXFYSN-YOTBZMSPSA-N","[H][C@](COC(=O)CCCCCCCCCCCCCC)(COC(=O)CCCCCC\C=C/C\C=C/C\C=C/CCCCC)OC(=O)CCCCCCC\C=C/CCCCCCCC","131754390","TRUE",NA,NA,"No Match"
"2050","BMDB63325","TG(15:0/18:1(9Z)/20:4(5Z,8Z,11Z,14Z))[iso6]","HEBGSKDYZDHLCX-RFXGUNFDSA-N","[H][C@](COC(=O)CCCCCCCCCCCCCC)(COC(=O)CCC\C=C/C\C=C/C\C=C/C\C=C/CCCCC)OC(=O)CCCCCCC\C=C/CCCCCCCC","131754391","TRUE",NA,NA,"No Match"
"2051","BMDB63326","TG(15:0/18:1(9Z)/20:5(5Z,8Z,11Z,14Z,17Z))[iso6]","OCLMKYADRKWPHX-AMPJCPHESA-N","[H][C@](COC(=O)CCCCCCCCCCCCCC)(COC(=O)CCC\C=C/C\C=C/C\C=C/C\C=C/C\C=C/CC)OC(=O)CCCCCCC\C=C/CCCCCCCC","131754397","TRUE",NA,NA,"No Match"
"2052","BMDB63327","TG(15:0/18:1(9Z)/22:5(7Z,10Z,13Z,16Z,19Z))[iso6]","GQEDWGPIIPNXKK-OVQMYLKTSA-N","[H][C@](COC(=O)CCCCCCCCCCCCCC)(COC(=O)CCCCC\C=C/C\C=C/C\C=C/C\C=C/C\C=C/CC)OC(=O)CCCCCCC\C=C/CCCCCCCC","131754398","TRUE",NA,NA,"No Match"
"2053","BMDB63328","TG(15:0/18:1(9Z)/22:6(4Z,7Z,10Z,13Z,16Z,19Z))[iso6]","NJBABWLQKGRDHS-BUCODOIISA-N","[H][C@](COC(=O)CCCCCCCCCCCCCC)(COC(=O)CC\C=C/C\C=C/C\C=C/C\C=C/C\C=C/C\C=C/CC)OC(=O)CCCCCCC\C=C/CCCCCCCC","131754399","TRUE",NA,NA,"No Match"
"2054","BMDB63329","TG(15:0/18:2(9Z,12Z)/18:3(6Z,9Z,12Z)) [iso6]","KPOZERFMPPBKLU-YKBMHYAESA-N","[H][C@](COC(=O)CCCCCCCCCCCCCC)(COC(=O)CCCC\C=C/C\C=C/C\C=C/CCCCC)OC(=O)CCCCCCC\C=C/C\C=C/CCCCC","131754530","TRUE",NA,NA,"No Match"
"2055","BMDB63330","TG(15:0/18:2(9Z,12Z)/18:3(9Z,12Z,15Z)) [iso6]","VEGWTLAYXMHOLL-HHBBQONFSA-N","[H][C@](COC(=O)CCCCCCCCCCCCCC)(COC(=O)CCCCCCC\C=C/C\C=C/C\C=C/CC)OC(=O)CCCCCCC\C=C/C\C=C/CCCCC","131754537","TRUE",NA,NA,"No Match"
"2056","BMDB63331","TG(15:0/18:2(9Z,12Z)/19:0)[iso6]","FWKDGRXQEDHKNC-BEGHFLLBSA-N","[H][C@](COC(=O)CCCCCCCCCCCCCC)(COC(=O)CCCCCCCCCCCCCCCCCC)OC(=O)CCCCCCC\C=C/C\C=C/CCCCC","","TRUE",NA,NA,"No Match"
"2057","BMDB63332","TG(15:0/18:2(9Z,12Z)/20:1(11Z))[iso6]","RHODOWWOHRDFEP-ULHRXQEYSA-N","[H][C@](COC(=O)CCCCCCCCCCCCCC)(COC(=O)CCCCCCCCC\C=C/CCCCCCCC)OC(=O)CCCCCCC\C=C/C\C=C/CCCCC","131754526","TRUE",NA,NA,"No Match"
"2058","BMDB63333","TG(15:0/18:2(9Z,12Z)/20:2(11Z,14Z))[iso6]","BLQBYZAEDJFOQJ-IJJKIVKYSA-N","[H][C@](COC(=O)CCCCCCCCCCCCCC)(COC(=O)CCCCCCCCC\C=C/C\C=C/CCCCC)OC(=O)CCCCCCC\C=C/C\C=C/CCCCC","131754531","TRUE",NA,NA,"No Match"
"2059","BMDB63334","TG(15:0/18:2(9Z,12Z)/20:3(8Z,11Z,14Z))[iso6]","CKBVNPDRXAQXPC-YQRZAKOQSA-N","[H][C@](COC(=O)CCCCCCCCCCCCCC)(COC(=O)CCCCCC\C=C/C\C=C/C\C=C/CCCCC)OC(=O)CCCCCCC\C=C/C\C=C/CCCCC","131754532","TRUE",NA,NA,"No Match"
"2060","BMDB63335","TG(15:0/18:2(9Z,12Z)/20:4(5Z,8Z,11Z,14Z))[iso6]","XVHLGBHSAWAQOP-LMRDAZGFSA-N","[H][C@](COC(=O)CCCCCCCCCCCCCC)(COC(=O)CCC\C=C/C\C=C/C\C=C/C\C=C/CCCCC)OC(=O)CCCCCCC\C=C/C\C=C/CCCCC","131754533","TRUE",NA,NA,"No Match"
"2061","BMDB63336","TG(15:0/18:2(9Z,12Z)/21:0)[iso6]","PZCDMYGPUPHCML-JGHPHDIUSA-N","[H][C@](COC(=O)CCCCCCCCCCCCCC)(COC(=O)CCCCCCCCCCCCCCCCCCCC)OC(=O)CCCCCCC\C=C/C\C=C/CCCCC","","TRUE",NA,NA,"No Match"
"2062","BMDB63337","TG(15:0/18:2(9Z,12Z)/22:4(7Z,10Z,13Z,16Z))[iso6]","RLUPWQZSNHDVDN-AMXALFAESA-N","[H][C@](COC(=O)CCCCCCCCCCCCCC)(COC(=O)CCCCC\C=C/C\C=C/C\C=C/C\C=C/CCCCC)OC(=O)CCCCCCC\C=C/C\C=C/CCCCC","131754535","TRUE",NA,NA,"No Match"
"2063","BMDB63338","TG(15:0/18:2(9Z,12Z)/22:5(7Z,10Z,13Z,16Z,19Z))[iso6]","DBLWBMOGRRODGG-GQYLRULLSA-N","[H][C@](COC(=O)CCCCCCCCCCCCCC)(COC(=O)CCCCC\C=C/C\C=C/C\C=C/C\C=C/C\C=C/CC)OC(=O)CCCCCCC\C=C/C\C=C/CCCCC","131754541","TRUE",NA,NA,"No Match"
"2064","BMDB63339","TG(15:0/18:2(9Z,12Z)/22:6(4Z,7Z,10Z,13Z,16Z,19Z))[iso6]","CCWZMJPDSMVFGX-XYEMWKPRSA-N","[H][C@](COC(=O)CCCCCCCCCCCCCC)(COC(=O)CC\C=C/C\C=C/C\C=C/C\C=C/C\C=C/C\C=C/CC)OC(=O)CCCCCCC\C=C/C\C=C/CCCCC","131754542","TRUE",NA,NA,"No Match"
"2065","BMDB63340","TG(15:0/18:3(6Z,9Z,12Z)/19:0)[iso6]","HUJICKOFNHWLNH-MLWHVYFWSA-N","[H][C@](COC(=O)CCCCCCCCCCCCCC)(COC(=O)CCCCCCCCCCCCCCCCCC)OC(=O)CCCC\C=C/C\C=C/C\C=C/CCCCC","","TRUE",NA,NA,"No Match"
"2066","BMDB63341","TG(15:0/18:3(6Z,9Z,12Z)/20:0)[iso6]","SFXPGNOTVPCLGV-VMQZNSKASA-N","[H][C@](COC(=O)CCCCCCCCCCCCCC)(COC(=O)CCCCCCCCCCCCCCCCCCC)OC(=O)CCCC\C=C/C\C=C/C\C=C/CCCCC","131754547","TRUE",NA,NA,"No Match"
"2067","BMDB63342","TG(15:0/18:3(6Z,9Z,12Z)/20:1(11Z))[iso6]","NVPVWAAYLOXLNU-GHNITSCOSA-N","[H][C@](COC(=O)CCCCCCCCCCCCCC)(COC(=O)CCCCCCCCC\C=C/CCCCCCCC)OC(=O)CCCC\C=C/C\C=C/C\C=C/CCCCC","131754554","TRUE",NA,NA,"No Match"
"2068","BMDB63343","TG(15:0/18:3(6Z,9Z,12Z)/20:2(11Z,14Z))[iso6]","QHZCBHXUZKDICC-KDWPHALWSA-N","[H][C@](COC(=O)CCCCCCCCCCCCCC)(COC(=O)CCCCCCCCC\C=C/C\C=C/CCCCC)OC(=O)CCCC\C=C/C\C=C/C\C=C/CCCCC","131754560","TRUE",NA,NA,"No Match"
"2069","BMDB63344","TG(15:0/18:3(6Z,9Z,12Z)/20:3(8Z,11Z,14Z))[iso6]","FZRSKGVAJUEIMB-JPIVSCSWSA-N","[H][C@](COC(=O)CCCCCCCCCCCCCC)(COC(=O)CCCCCC\C=C/C\C=C/C\C=C/CCCCC)OC(=O)CCCC\C=C/C\C=C/C\C=C/CCCCC","131754561","TRUE",NA,NA,"No Match"
"2070","BMDB63345","TG(15:0/18:3(6Z,9Z,12Z)/21:0)[iso6]","KWVJBVNSQMDXOA-KMVPFFQHSA-N","[H][C@](COC(=O)CCCCCCCCCCCCCC)(COC(=O)CCCCCCCCCCCCCCCCCCCC)OC(=O)CCCC\C=C/C\C=C/C\C=C/CCCCC","","TRUE",NA,NA,"No Match"
"2071","BMDB63346","TG(15:0/18:3(6Z,9Z,12Z)/22:4(7Z,10Z,13Z,16Z))[iso6]","LBVQZZXEQAQWJE-KMSXFNBOSA-N","[H][C@](COC(=O)CCCCCCCCCCCCCC)(COC(=O)CCCCC\C=C/C\C=C/C\C=C/C\C=C/CCCCC)OC(=O)CCCC\C=C/C\C=C/C\C=C/CCCCC","131754564","TRUE",NA,NA,"No Match"
"2072","BMDB63347","TG(15:0/18:3(6Z,9Z,12Z)/22:5(7Z,10Z,13Z,16Z,19Z))[iso6]","WBENTTBFGOYZBK-PAMKYMAQSA-N","[H][C@](COC(=O)CCCCCCCCCCCCCC)(COC(=O)CCCCC\C=C/C\C=C/C\C=C/C\C=C/C\C=C/CC)OC(=O)CCCC\C=C/C\C=C/C\C=C/CCCCC","131754570","TRUE",NA,NA,"No Match"
"2073","BMDB63348","TG(15:0/18:3(6Z,9Z,12Z)/22:6(4Z,7Z,10Z,13Z,16Z,19Z))[iso6]","SNFNQOYAAAMVDM-DTVXOFBBSA-N","[H][C@](COC(=O)CCCCCCCCCCCCCC)(COC(=O)CC\C=C/C\C=C/C\C=C/C\C=C/C\C=C/C\C=C/CC)OC(=O)CCCC\C=C/C\C=C/C\C=C/CCCCC","131754571","TRUE",NA,NA,"No Match"
"2074","BMDB63349","TG(15:0/18:3(9Z,12Z,15Z)/19:0)[iso6]","NZUFUYUQOXNGHK-MRNHURRUSA-N","[H][C@](COC(=O)CCCCCCCCCCCCCC)(COC(=O)CCCCCCCCCCCCCCCCCC)OC(=O)CCCCCCC\C=C/C\C=C/C\C=C/CC","","TRUE",NA,NA,"No Match"
"2075","BMDB63350","TG(15:0/18:3(9Z,12Z,15Z)/20:0)[iso6]","AWTWWJICEHSIQB-MEPHXIHJSA-N","[H][C@](COC(=O)CCCCCCCCCCCCCC)(COC(=O)CCCCCCCCCCCCCCCCCCC)OC(=O)CCCCCCC\C=C/C\C=C/C\C=C/CC","131754750","TRUE",NA,NA,"No Match"
"2076","BMDB63351","TG(15:0/18:3(9Z,12Z,15Z)/20:1(11Z))[iso6]","SSECMEVMCYXEDX-AOANHIBASA-N","[H][C@](COC(=O)CCCCCCCCCCCCCC)(COC(=O)CCCCCCCCC\C=C/CCCCCCCC)OC(=O)CCCCCCC\C=C/C\C=C/C\C=C/CC","131754757","TRUE",NA,NA,"No Match"
"2077","BMDB63352","TG(15:0/18:3(9Z,12Z,15Z)/20:2(11Z,14Z))[iso6]","SXJDBDBUWNMJQG-GCNIVINMSA-N","[H][C@](COC(=O)CCCCCCCCCCCCCC)(COC(=O)CCCCCCCCC\C=C/C\C=C/CCCCC)OC(=O)CCCCCCC\C=C/C\C=C/C\C=C/CC","131754763","TRUE",NA,NA,"No Match"
"2078","BMDB63353","TG(15:0/18:3(9Z,12Z,15Z)/20:3(8Z,11Z,14Z))[iso6]","SXYZPDVKPZSYBB-IVSNEYFNSA-N","[H][C@](COC(=O)CCCCCCCCCCCCCC)(COC(=O)CCCCCC\C=C/C\C=C/C\C=C/CCCCC)OC(=O)CCCCCCC\C=C/C\C=C/C\C=C/CC","131754764","TRUE",NA,NA,"No Match"
"2079","BMDB63354","TG(15:0/18:3(9Z,12Z,15Z)/21:0)[iso6]","HKYKVKLJKOMEFB-WITDKNJDSA-N","[H][C@](COC(=O)CCCCCCCCCCCCCC)(COC(=O)CCCCCCCCCCCCCCCCCCCC)OC(=O)CCCCCCC\C=C/C\C=C/C\C=C/CC","","TRUE",NA,NA,"No Match"
"2080","BMDB63355","TG(15:0/18:3(9Z,12Z,15Z)/22:4(7Z,10Z,13Z,16Z))[iso6]","RXWNEDBINLPSKT-JUDPDLTISA-N","[H][C@](COC(=O)CCCCCCCCCCCCCC)(COC(=O)CCCCC\C=C/C\C=C/C\C=C/C\C=C/CCCCC)OC(=O)CCCCCCC\C=C/C\C=C/C\C=C/CC","131754767","TRUE",NA,NA,"No Match"
"2081","BMDB63356","TG(15:0/18:3(9Z,12Z,15Z)/22:5(7Z,10Z,13Z,16Z,19Z))[iso6]","XSNULRLGLPOPAW-WYHQKTJLSA-N","[H][C@](COC(=O)CCCCCCCCCCCCCC)(COC(=O)CCCCC\C=C/C\C=C/C\C=C/C\C=C/C\C=C/CC)OC(=O)CCCCCCC\C=C/C\C=C/C\C=C/CC","131754773","TRUE",NA,NA,"No Match"
"2082","BMDB63357","TG(15:0/18:3(9Z,12Z,15Z)/22:6(4Z,7Z,10Z,13Z,16Z,19Z))[iso6]","ZSHNGOFHXDJETR-JJCDIEFESA-N","[H][C@](COC(=O)CCCCCCCCCCCCCC)(COC(=O)CC\C=C/C\C=C/C\C=C/C\C=C/C\C=C/C\C=C/CC)OC(=O)CCCCCCC\C=C/C\C=C/C\C=C/CC","131754774","TRUE",NA,NA,"No Match"
"2083","BMDB63358","TG(15:0/18:4(6Z,9Z,12Z,15Z)/19:0)[iso6]","SCNIQPJMPXCRBL-OMWZPAGISA-N","[H][C@](COC(=O)CCCCCCCCCCCCCC)(COC(=O)CCCCCCCCCCCCCCCCCC)OC(=O)CCCC\C=C/C\C=C/C\C=C/C\C=C/CC","","TRUE",NA,NA,"No Match"
"2084","BMDB63359","TG(15:0/18:4(6Z,9Z,12Z,15Z)/20:0)[iso6]","XHGPJDAXTQRYRX-DEBANMDBSA-N","[H][C@](COC(=O)CCCCCCCCCCCCCC)(COC(=O)CCCCCCCCCCCCCCCCCCC)OC(=O)CCCC\C=C/C\C=C/C\C=C/C\C=C/CC","131754779","TRUE",NA,NA,"No Match"
"2085","BMDB63360","TG(15:0/18:4(6Z,9Z,12Z,15Z)/20:1(11Z))[iso6]","ILVHTHLVGOKSIS-QRFNQKOMSA-N","[H][C@](COC(=O)CCCCCCCCCCCCCC)(COC(=O)CCCCCCCCC\C=C/CCCCCCCC)OC(=O)CCCC\C=C/C\C=C/C\C=C/C\C=C/CC","131754786","TRUE",NA,NA,"No Match"
"2086","BMDB63361","TG(15:0/18:4(6Z,9Z,12Z,15Z)/20:2(11Z,14Z))[iso6]","WOGKPIGFDQNJSC-WACZYAAUSA-N","[H][C@](COC(=O)CCCCCCCCCCCCCC)(COC(=O)CCCCCCCCC\C=C/C\C=C/CCCCC)OC(=O)CCCC\C=C/C\C=C/C\C=C/C\C=C/CC","131754792","TRUE",NA,NA,"No Match"
"2087","BMDB63362","TG(15:0/18:4(6Z,9Z,12Z,15Z)/21:0)[iso6]","LNPZFXQJIKGHQU-OVJPCRMRSA-N","[H][C@](COC(=O)CCCCCCCCCCCCCC)(COC(=O)CCCCCCCCCCCCCCCCCCCC)OC(=O)CCCC\C=C/C\C=C/C\C=C/C\C=C/CC","","TRUE",NA,NA,"No Match"
"2088","BMDB63363","TG(15:0/18:4(6Z,9Z,12Z,15Z)/22:4(7Z,10Z,13Z,16Z))[iso6]","QCBQGJYOLYSRFB-NSNRQTMLSA-N","[H][C@](COC(=O)CCCCCCCCCCCCCC)(COC(=O)CCCCC\C=C/C\C=C/C\C=C/C\C=C/CCCCC)OC(=O)CCCC\C=C/C\C=C/C\C=C/C\C=C/CC","131754796","TRUE",NA,NA,"No Match"
"2089","BMDB63364","TG(15:0/18:4(6Z,9Z,12Z,15Z)/22:5(7Z,10Z,13Z,16Z,19Z))[iso6]","UQPZYNPQGAQLOZ-OPBYBQNCSA-N","[H][C@](COC(=O)CCCCCCCCCCCCCC)(COC(=O)CCCCC\C=C/C\C=C/C\C=C/C\C=C/C\C=C/CC)OC(=O)CCCC\C=C/C\C=C/C\C=C/C\C=C/CC","131754802","TRUE",NA,NA,"No Match"
"2090","BMDB63365","TG(15:0/19:0/20:2(11Z,14Z))[iso6]","DIEUHKAOXWVENP-LFLBGDHZSA-N","[H][C@](COC(=O)CCCCCCCCCCCCCC)(COC(=O)CCCCCCCCC\C=C/C\C=C/CCCCC)OC(=O)CCCCCCCCCCCCCCCCCC","","TRUE",NA,NA,"No Match"
"2091","BMDB63366","TG(15:0/19:0/20:3(8Z,11Z,14Z))[iso6]","HFLBNRZGYPBDNR-YGDZEVSASA-N","[H][C@](COC(=O)CCCCCCCCCCCCCC)(COC(=O)CCCCCC\C=C/C\C=C/C\C=C/CCCCC)OC(=O)CCCCCCCCCCCCCCCCCC","","TRUE",NA,NA,"No Match"
"2092","BMDB63367","TG(15:0/19:0/20:4(5Z,8Z,11Z,14Z))[iso6]","RFIMOUDBNYZGQQ-FKWRCISPSA-N","[H][C@](COC(=O)CCCCCCCCCCCCCC)(COC(=O)CCC\C=C/C\C=C/C\C=C/C\C=C/CCCCC)OC(=O)CCCCCCCCCCCCCCCCCC","","TRUE",NA,NA,"No Match"
"2093","BMDB63368","TG(15:0/19:0/20:5(5Z,8Z,11Z,14Z,17Z))[iso6]","IAIXCANGXJKPPC-WDLJAUEPSA-N","[H][C@](COC(=O)CCCCCCCCCCCCCC)(COC(=O)CCC\C=C/C\C=C/C\C=C/C\C=C/C\C=C/CC)OC(=O)CCCCCCCCCCCCCCCCCC","","TRUE",NA,NA,"No Match"
"2094","BMDB63369","TG(15:0/19:0/22:6(4Z,7Z,10Z,13Z,16Z,19Z))[iso6]","AOHKDMQJILOQIT-ZYLISFBFSA-N","[H][C@](COC(=O)CCCCCCCCCCCCCC)(COC(=O)CC\C=C/C\C=C/C\C=C/C\C=C/C\C=C/C\C=C/CC)OC(=O)CCCCCCCCCCCCCCCCCC","","TRUE",NA,NA,"No Match"
"2095","BMDB63370","TG(15:0/20:1(11Z)/20:5(5Z,8Z,11Z,14Z,17Z))[iso6]","YYJJTSKFEAOXSI-OIOHYYDTSA-N","[H][C@](COC(=O)CCCCCCCCCCCCCC)(COC(=O)CCC\C=C/C\C=C/C\C=C/C\C=C/C\C=C/CC)OC(=O)CCCCCCCCC\C=C/CCCCCCCC","131754426","TRUE",NA,NA,"No Match"
"2096","BMDB63371","TG(15:0/20:2(11Z,14Z)/20:4(5Z,8Z,11Z,14Z))[iso6]","YRIVSXDJQGUUPE-OWIPWKCVSA-N","[H][C@](COC(=O)CCCCCCCCCCCCCC)(COC(=O)CCC\C=C/C\C=C/C\C=C/C\C=C/CCCCC)OC(=O)CCCCCCCCC\C=C/C\C=C/CCCCC","131754591","TRUE",NA,NA,"No Match"
"2097","BMDB63372","TG(15:0/20:2(11Z,14Z)/20:5(5Z,8Z,11Z,14Z,17Z))[iso6]","NOZRDRCGJNYJAG-GZWUGFJVSA-N","[H][C@](COC(=O)CCCCCCCCCCCCCC)(COC(=O)CCC\C=C/C\C=C/C\C=C/C\C=C/C\C=C/CC)OC(=O)CCCCCCCCC\C=C/C\C=C/CCCCC","131754598","TRUE",NA,NA,"No Match"
"2098","BMDB63373","TG(15:0/20:3(8Z,11Z,14Z)/20:3(8Z,11Z,14Z))[iso3]","VNKFJQDGOLFDBJ-XHRMCXLPSA-N","[H][C@](COC(=O)CCCCCCCCCCCCCC)(COC(=O)CCCCCC\C=C/C\C=C/C\C=C/CCCCC)OC(=O)CCCCCC\C=C/C\C=C/C\C=C/CCCCC","131754619","TRUE",NA,NA,"No Match"
"2099","BMDB63374","TG(15:0/20:3(8Z,11Z,14Z)/20:4(5Z,8Z,11Z,14Z))[iso6]","FNKJYZHOCLKKOQ-FNRGDDTPSA-N","[H][C@](COC(=O)CCCCCCCCCCCCCC)(COC(=O)CCC\C=C/C\C=C/C\C=C/C\C=C/CCCCC)OC(=O)CCCCCC\C=C/C\C=C/C\C=C/CCCCC","131754620","TRUE",NA,NA,"No Match"
"2100","BMDB63375","TG(15:0/20:3(8Z,11Z,14Z)/20:5(5Z,8Z,11Z,14Z,17Z))[iso6]","ZYYQFIVTVYQHRI-HKMYSPONSA-N","[H][C@](COC(=O)CCCCCCCCCCCCCC)(COC(=O)CCC\C=C/C\C=C/C\C=C/C\C=C/C\C=C/CC)OC(=O)CCCCCC\C=C/C\C=C/C\C=C/CCCCC","131754627","TRUE",NA,NA,"No Match"
"2101","BMDB63376","TG(15:0/20:4(5Z,8Z,11Z,14Z)/20:4(5Z,8Z,11Z,14Z))[iso3]","WGBLYIVQHHBSJP-ZQSDUADASA-N","[H][C@](COC(=O)CCCCCCCCCCCCCC)(COC(=O)CCC\C=C/C\C=C/C\C=C/C\C=C/CCCCC)OC(=O)CCC\C=C/C\C=C/C\C=C/C\C=C/CCCCC","131754649","TRUE",NA,NA,"No Match"
"2102","BMDB63377","TG(15:0/20:4(5Z,8Z,11Z,14Z)/20:5(5Z,8Z,11Z,14Z,17Z))[iso6]","MZMDWTSJLXIFQW-USPACTRKSA-N","[H][C@](COC(=O)CCCCCCCCCCCCCC)(COC(=O)CCC\C=C/C\C=C/C\C=C/C\C=C/C\C=C/CC)OC(=O)CCC\C=C/C\C=C/C\C=C/C\C=C/CCCCC","131754656","TRUE",NA,NA,"No Match"
"2103","BMDB63378","TG(16:0/16:0/18:1(11E))","ZKEWGTVAIGJNBK-ZMSSUMMHSA-N","[H][C@](COC(=O)CCCCCCCCCCCCCCC)(COC(=O)CCCCCCCCC\C=C/CCCCCC)OC(=O)CCCCCCCCCCCCCCC","53480483","TRUE",NA,NA,"No Match"
"2104","BMDB63379","TG(16:0/16:0/18:1(9Z))","YHMDGPZOSGBQRH-OIVKDUIRSA-N","[H][C@](COC(=O)CCCCCCCCCCCCCCC)(COC(=O)CCCCCCC\C=C/CCCCCCCC)OC(=O)CCCCCCCCCCCCCCC","99649113","TRUE","DMD302475","DMD302475","Unique Match (by names only)"
"2105","BMDB63380","TG(16:0/16:0/18:3(6Z,9Z,12Z))[iso3]","SDAWBYTVEHZEOC-DONRBAFGSA-N","[H][C@](COC(=O)CCCCCCCCCCCCCCC)(COC(=O)CCCC\C=C/C\C=C/C\C=C/CCCCC)OC(=O)CCCCCCCCCCCCCCC","131755002","TRUE",NA,NA,"No Match"
"2106","BMDB63381","TG(16:0/16:0/18:4(6Z,9Z,12Z,15Z))[iso3]","BKTGCNHANLSVFZ-ZTSMWHBGSA-N","[H][C@](COC(=O)CCCCCCCCCCCCCCC)(COC(=O)CCCC\C=C/C\C=C/C\C=C/C\C=C/CC)OC(=O)CCCCCCCCCCCCCCC","131755008","TRUE",NA,NA,"No Match"
"2107","BMDB63382","TG(16:0/16:0/20:2(11Z,14Z))[iso3]","LYMKCBJXTOVQAA-STCNFZRESA-N","[H][C@](COC(=O)CCCCCCCCCCCCCCC)(COC(=O)CCCCCCCCC\C=C/C\C=C/CCCCC)OC(=O)CCCCCCCCCCCCCCC","131755003","TRUE",NA,NA,"No Match"
"2108","BMDB63383","TG(16:0/16:0/20:3(8Z,11Z,14Z))[iso3]","QREQPUUUIPJTAA-DLBIATTASA-N","[H][C@](COC(=O)CCCCCCCCCCCCCCC)(COC(=O)CCCCCC\C=C/C\C=C/C\C=C/CCCCC)OC(=O)CCCCCCCCCCCCCCC","131755004","TRUE",NA,NA,"No Match"
"2109","BMDB63384","TG(16:0/16:0/20:5(5Z,8Z,11Z,14Z,17Z))[iso3]","MKRZSXAKFYWUAW-HWCRKSJOSA-N","[H][C@](COC(=O)CCCCCCCCCCCCCCC)(COC(=O)CCC\C=C/C\C=C/C\C=C/C\C=C/C\C=C/CC)OC(=O)CCCCCCCCCCCCCCC","101706281","TRUE",NA,NA,"No Match"
"2110","BMDB63385","TG(16:0/16:0/22:4(7Z,10Z,13Z,16Z))[iso3]","MZUGAQXXWDXZIR-XDJJUZNHSA-N","[H][C@](COC(=O)CCCCCCCCCCCCCCC)(COC(=O)CCCCC\C=C/C\C=C/C\C=C/C\C=C/CCCCC)OC(=O)CCCCCCCCCCCCCCC","131755006","TRUE",NA,NA,"No Match"
"2111","BMDB63386","TG(16:0/16:0/22:5(7Z,10Z,13Z,16Z,19Z))[iso3]","JKYPCWURBUPJMX-FXKNXVKBSA-N","[H][C@](COC(=O)CCCCCCCCCCCCCCC)(COC(=O)CCCCC\C=C/C\C=C/C\C=C/C\C=C/C\C=C/CC)OC(=O)CCCCCCCCCCCCCCC","131755010","TRUE",NA,NA,"No Match"
"2112","BMDB63387","TG(16:0/16:1(9Z)/17:0)[iso6]","YIGDTOYHCVNXSG-ODVMZZAYSA-N","[H][C@](COC(=O)CCCCCCCCCCCCCCC)(COC(=O)CCCCCCCCCCCCCCCC)OC(=O)CCCCCCC\C=C/CCCCCC","","TRUE",NA,NA,"No Match"
"2113","BMDB63388","TG(16:0/16:1(9Z)/18:3(6Z,9Z,12Z))[iso6]","SWRIYMPOMOLLBH-CYLRSRHKSA-N","[H][C@](COC(=O)CCCCCCCCCCCCCCC)(COC(=O)CCCC\C=C/C\C=C/C\C=C/CCCCC)OC(=O)CCCCCCC\C=C/CCCCCC","131755147","TRUE",NA,NA,"No Match"
"2114","BMDB63389","TG(16:0/16:1(9Z)/18:3(9Z,12Z,15Z))[iso6]","RHUJINIOQZVHBP-YLUVELIWSA-N","[H][C@](COC(=O)CCCCCCCCCCCCCCC)(COC(=O)CCCCCCC\C=C/C\C=C/C\C=C/CC)OC(=O)CCCCCCC\C=C/CCCCCC","131755153","TRUE",NA,NA,"No Match"
"2115","BMDB63390","TG(16:0/16:1(9Z)/19:0)[iso6]","FSMDNWIRUAZATF-YMJSPMHCSA-N","[H][C@](COC(=O)CCCCCCCCCCCCCCC)(COC(=O)CCCCCCCCCCCCCCCCCC)OC(=O)CCCCCCC\C=C/CCCCCC","","TRUE",NA,NA,"No Match"
"2116","BMDB63391","TG(16:0/16:1(9Z)/20:2(11Z,14Z))[iso6]","QDDBVRCUCSETRT-DXUJUDPQSA-N","[H][C@](COC(=O)CCCCCCCCCCCCCCC)(COC(=O)CCCCCCCCC\C=C/C\C=C/CCCCC)OC(=O)CCCCCCC\C=C/CCCCCC","131755148","TRUE",NA,NA,"No Match"
"2117","BMDB63392","TG(16:0/16:1(9Z)/20:3(8Z,11Z,14Z))[iso6]","SUSIMFZQHRKHPM-MVJDSKMJSA-N","[H][C@](COC(=O)CCCCCCCCCCCCCCC)(COC(=O)CCCCCC\C=C/C\C=C/C\C=C/CCCCC)OC(=O)CCCCCCC\C=C/CCCCCC","131755149","TRUE",NA,NA,"No Match"
"2118","BMDB63393","TG(16:0/16:1(9Z)/22:1(13Z))[iso6]","FNTIMIABTDJKKH-KMHUGEJYSA-N","[H][C@](COC(=O)CCCCCCCCCCCCCCC)(COC(=O)CCCCCCCCCCC\C=C/CCCCCCCC)OC(=O)CCCCCCC\C=C/CCCCCC","131755145","TRUE",NA,NA,"No Match"
"2119","BMDB63394","TG(16:0/16:1(9Z)/22:4(7Z,10Z,13Z,16Z))[iso6]","JULWPANCJCTRDN-KFYGFTBTSA-N","[H][C@](COC(=O)CCCCCCCCCCCCCCC)(COC(=O)CCCCC\C=C/C\C=C/C\C=C/C\C=C/CCCCC)OC(=O)CCCCCCC\C=C/CCCCCC","131755151","TRUE",NA,NA,"No Match"
"2120","BMDB63395","TG(16:0/16:1(9Z)/22:5(7Z,10Z,13Z,16Z,19Z))[iso6]","VKAYDSJZVUXKJK-CUJLVQAOSA-N","[H][C@](COC(=O)CCCCCCCCCCCCCCC)(COC(=O)CCCCC\C=C/C\C=C/C\C=C/C\C=C/C\C=C/CC)OC(=O)CCCCCCC\C=C/CCCCCC","131755157","TRUE","DMD302505","DMD302505","Unique Match (by names only)"
"2121","BMDB63396","TG(16:0/17:0/18:1(9Z))[iso6]","RHDRMOUSDQDVCE-CBOCDEIPSA-N","[H][C@](COC(=O)CCCCCCCCCCCCCCC)(COC(=O)CCCCCCC\C=C/CCCCCCCC)OC(=O)CCCCCCCCCCCCCCCC","","TRUE",NA,NA,"No Match"
"2122","BMDB63397","TG(16:0/17:0/18:2(9Z,12Z))[iso6]","YQTVDFFNLVLBEJ-RAOHQLCGSA-N","[H][C@](COC(=O)CCCCCCCCCCCCCCC)(COC(=O)CCCCCCC\C=C/C\C=C/CCCCC)OC(=O)CCCCCCCCCCCCCCCC","","TRUE",NA,NA,"No Match"
"2123","BMDB63398","TG(16:0/17:0/18:3(6Z,9Z,12Z))[iso6]","ZVSBVHDDAXBCMJ-HXWQFKQRSA-N","[H][C@](COC(=O)CCCCCCCCCCCCCCC)(COC(=O)CCCC\C=C/C\C=C/C\C=C/CCCCC)OC(=O)CCCCCCCCCCCCCCCC","","TRUE",NA,NA,"No Match"
"2124","BMDB63399","TG(16:0/17:0/18:3(9Z,12Z,15Z))[iso6]","STMGIZUULVJEFT-DSCMALIJSA-N","[H][C@](COC(=O)CCCCCCCCCCCCCCC)(COC(=O)CCCCCCC\C=C/C\C=C/C\C=C/CC)OC(=O)CCCCCCCCCCCCCCCC","","TRUE",NA,NA,"No Match"
"2125","BMDB63400","TG(16:0/17:0/18:4(6Z,9Z,12Z,15Z))[iso6]","LBKSXTMDJCVOMT-MVLKVFCTSA-N","[H][C@](COC(=O)CCCCCCCCCCCCCCC)(COC(=O)CCCC\C=C/C\C=C/C\C=C/C\C=C/CC)OC(=O)CCCCCCCCCCCCCCCC","","TRUE",NA,NA,"No Match"
"2126","BMDB63401","TG(16:0/17:0/20:3(8Z,11Z,14Z))[iso6]","RRXRQXCJWQRGHZ-WMPLFGHBSA-N","[H][C@](COC(=O)CCCCCCCCCCCCCCC)(COC(=O)CCCCCC\C=C/C\C=C/C\C=C/CCCCC)OC(=O)CCCCCCCCCCCCCCCC","","TRUE",NA,NA,"No Match"
"2127","BMDB63402","TG(16:0/17:0/20:4(5Z,8Z,11Z,14Z))[iso6]","WQFNYIJLJYJWKK-TWSLZTEYSA-N","[H][C@](COC(=O)CCCCCCCCCCCCCCC)(COC(=O)CCC\C=C/C\C=C/C\C=C/C\C=C/CCCCC)OC(=O)CCCCCCCCCCCCCCCC","","TRUE",NA,NA,"No Match"
"2128","BMDB63403","TG(16:0/17:0/20:5(5Z,8Z,11Z,14Z,17Z))[iso6]","LDZJXIQSQMRKGI-PRUYPTHKSA-N","[H][C@](COC(=O)CCCCCCCCCCCCCCC)(COC(=O)CCC\C=C/C\C=C/C\C=C/C\C=C/C\C=C/CC)OC(=O)CCCCCCCCCCCCCCCC","","TRUE",NA,NA,"No Match"
"2129","BMDB63404","TG(16:0/17:0/22:6(4Z,7Z,10Z,13Z,16Z,19Z))[iso6]","AFOLAZWOEZYEBM-GEBSKTNXSA-N","[H][C@](COC(=O)CCCCCCCCCCCCCCC)(COC(=O)CC\C=C/C\C=C/C\C=C/C\C=C/C\C=C/C\C=C/CC)OC(=O)CCCCCCCCCCCCCCCC","","TRUE",NA,NA,"No Match"
"2130","BMDB63405","TG(16:0/18:0/18:3(6Z,9Z,12Z))[iso6]","SHZPWJWHCSZOEX-IKMPBALGSA-N","[H][C@](COC(=O)CCCCCCCCCCCCCCC)(COC(=O)CCCC\C=C/C\C=C/C\C=C/CCCCC)OC(=O)CCCCCCCCCCCCCCCCC","131755020","TRUE",NA,NA,"No Match"
"2131","BMDB63406","TG(16:0/18:0/18:3(9Z,12Z,15Z))[iso6]","QRLNWUKVSNTXQG-VWMLCLGZSA-N","[H][C@](COC(=O)CCCCCCCCCCCCCCC)(COC(=O)CCCCCCC\C=C/C\C=C/C\C=C/CC)OC(=O)CCCCCCCCCCCCCCCCC","131755026","TRUE",NA,NA,"No Match"
"2132","BMDB63407","TG(16:0/18:0/18:4(6Z,9Z,12Z,15Z))[iso6]","DKOLNIRGGQSZQS-QUUCDMAYSA-N","[H][C@](COC(=O)CCCCCCCCCCCCCCC)(COC(=O)CCCC\C=C/C\C=C/C\C=C/C\C=C/CC)OC(=O)CCCCCCCCCCCCCCCCC","131755027","TRUE",NA,NA,"No Match"
"2133","BMDB63408","TG(16:0/18:0/20:2(11Z,14Z))[iso6]","IVNMDNGRUSIGST-LFLBGDHZSA-N","[H][C@](COC(=O)CCCCCCCCCCCCCCC)(COC(=O)CCCCCCCCC\C=C/C\C=C/CCCCC)OC(=O)CCCCCCCCCCCCCCCCC","131755021","TRUE",NA,NA,"No Match"
"2134","BMDB63409","TG(16:0/18:0/20:3(8Z,11Z,14Z))[iso6]","FAWROKQWRPDLOA-OSWQCXTLSA-N","[H][C@](COC(=O)CCCCCCCCCCCCCCC)(COC(=O)CCCCCC\C=C/C\C=C/C\C=C/CCCCC)OC(=O)CCCCCCCCCCCCCCCCC","131755022","TRUE",NA,NA,"No Match"
"2135","BMDB63410","TG(16:0/18:0/20:5(5Z,8Z,11Z,14Z,17Z))[iso6]","WGKBXGXZUVULLG-VPMAWHITSA-N","[H][C@](COC(=O)CCCCCCCCCCCCCCC)(COC(=O)CCC\C=C/C\C=C/C\C=C/C\C=C/C\C=C/CC)OC(=O)CCCCCCCCCCCCCCCCC","131755029","TRUE",NA,NA,"No Match"
"2136","BMDB63411","TG(16:0/18:0/22:6(4Z,7Z,10Z,13Z,16Z,19Z))[iso6]","FXRPCDPGZXCYFO-BNXCHFSWSA-N","[H][C@](COC(=O)CCCCCCCCCCCCCCC)(COC(=O)CC\C=C/C\C=C/C\C=C/C\C=C/C\C=C/C\C=C/CC)OC(=O)CCCCCCCCCCCCCCCCC","131755031","TRUE",NA,NA,"No Match"
"2137","BMDB63412","TG(16:0/18:1(9Z)/18:3(6Z,9Z,12Z))[iso6]","ZZYGNXBDVZTTTC-IPOYGSLFSA-N","[H][C@](COC(=O)CCCCCCCCCCCCCCC)(COC(=O)CCCC\C=C/C\C=C/C\C=C/CCCCC)OC(=O)CCCCCCC\C=C/CCCCCCCC","131755195","TRUE",NA,NA,"No Match"
"2138","BMDB63413","TG(16:0/18:1(9Z)/18:3(9Z,12Z,15Z))[iso6]","HMIFBOVAIYAEFO-DMVFSZKGSA-N","[H][C@](COC(=O)CCCCCCCCCCCCCCC)(COC(=O)CCCCCCC\C=C/C\C=C/C\C=C/CC)OC(=O)CCCCCCC\C=C/CCCCCCCC","100926274","TRUE",NA,NA,"No Match"
"2139","BMDB63414","TG(16:0/18:1(9Z)/18:4(6Z,9Z,12Z,15Z))[iso6]","WZPQAQGIOSQQKF-XVLKUSPHSA-N","[H][C@](COC(=O)CCCCCCCCCCCCCCC)(COC(=O)CCCC\C=C/C\C=C/C\C=C/C\C=C/CC)OC(=O)CCCCCCC\C=C/CCCCCCCC","131755201","TRUE",NA,NA,"No Match"
"2140","BMDB63415","TG(16:0/18:1(9Z)/20:2(11Z,14Z))[iso6]","JQSCFVCYBPEHML-HLYOSYIHSA-N","[H][C@](COC(=O)CCCCCCCCCCCCCCC)(COC(=O)CCCCCCCCC\C=C/C\C=C/CCCCC)OC(=O)CCCCCCC\C=C/CCCCCCCC","131755196","TRUE",NA,NA,"No Match"
"2141","BMDB63416","TG(16:0/18:1(9Z)/20:3(8Z,11Z,14Z))[iso6]","XSESJUIKHHMUIV-VOWGSZCXSA-N","[H][C@](COC(=O)CCCCCCCCCCCCCCC)(COC(=O)CCCCCC\C=C/C\C=C/C\C=C/CCCCC)OC(=O)CCCCCCC\C=C/CCCCCCCC","131755197","TRUE",NA,NA,"No Match"
"2142","BMDB63417","TG(16:0/18:1(9Z)/20:5(5Z,8Z,11Z,14Z,17Z))[iso6]","UWGNMVQVXFWGDQ-CZJFOSJLSA-N","[H][C@](COC(=O)CCCCCCCCCCCCCCC)(COC(=O)CCC\C=C/C\C=C/C\C=C/C\C=C/C\C=C/CC)OC(=O)CCCCCCC\C=C/CCCCCCCC","131755203","TRUE","DMD302505","DMD302505","Unique Match (by names only)"
"2143","BMDB63418","TG(16:0/18:1(9Z)/22:5(7Z,10Z,13Z,16Z,19Z))[iso6]","PIUUVQYTIKPYIJ-VVULBONNSA-N","[H][C@](COC(=O)CCCCCCCCCCCCCCC)(COC(=O)CCCCC\C=C/C\C=C/C\C=C/C\C=C/C\C=C/CC)OC(=O)CCCCCCC\C=C/CCCCCCCC","131755204","TRUE",NA,NA,"No Match"
"2144","BMDB63419","TG(16:0/18:2(9Z,12Z)/18:3(6Z,9Z,12Z))[iso6]","PWAOXOJAJJJACV-MSFNIHOKSA-N","[H][C@](COC(=O)CCCCCCCCCCCCCCC)(COC(=O)CCCC\C=C/C\C=C/C\C=C/CCCCC)OC(=O)CCCCCCC\C=C/C\C=C/CCCCC","131755325","TRUE",NA,NA,"No Match"
"2145","BMDB63420","TG(16:0/18:2(9Z,12Z)/18:3(9Z,12Z,15Z))[iso6]","MVAGPZSVOSGBMR-BZMDPMQBSA-N","[H][C@](COC(=O)CCCCCCCCCCCCCCC)(COC(=O)CCCCCCC\C=C/C\C=C/C\C=C/CC)OC(=O)CCCCCCC\C=C/C\C=C/CCCCC","100921659","TRUE",NA,NA,"No Match"
"2146","BMDB63421","TG(16:0/18:2(9Z,12Z)/20:2(11Z,14Z))[iso6]","BAJHYMHNWFZWKC-BIBJHKLQSA-N","[H][C@](COC(=O)CCCCCCCCCCCCCCC)(COC(=O)CCCCCCCCC\C=C/C\C=C/CCCCC)OC(=O)CCCCCCC\C=C/C\C=C/CCCCC","131755326","TRUE",NA,NA,"No Match"
"2147","BMDB63422","TG(16:0/18:2(9Z,12Z)/20:3(8Z,11Z,14Z))[iso6]","UWIJLBUWLZZSBQ-GTMGOGLWSA-N","[H][C@](COC(=O)CCCCCCCCCCCCCCC)(COC(=O)CCCCCC\C=C/C\C=C/C\C=C/CCCCC)OC(=O)CCCCCCC\C=C/C\C=C/CCCCC","131755327","TRUE",NA,NA,"No Match"
"2148","BMDB63423","TG(16:0/18:2(9Z,12Z)/22:4(7Z,10Z,13Z,16Z))[iso6]","AHWNOAGNHSGYCM-XBMWPHDXSA-N","[H][C@](COC(=O)CCCCCCCCCCCCCCC)(COC(=O)CCCCC\C=C/C\C=C/C\C=C/C\C=C/CCCCC)OC(=O)CCCCCCC\C=C/C\C=C/CCCCC","131755329","TRUE",NA,NA,"No Match"
"2149","BMDB63424","TG(16:0/18:3(6Z,9Z,12Z)/19:0)[iso6]","MMIUAFXTHLIRFK-IUAGPMOASA-N","[H][C@](COC(=O)CCCCCCCCCCCCCCC)(COC(=O)CCCCCCCCCCCCCCCCCC)OC(=O)CCCC\C=C/C\C=C/C\C=C/CCCCC","","TRUE",NA,NA,"No Match"
"2150","BMDB63425","TG(16:0/18:3(6Z,9Z,12Z)/20:0)[iso6]","SAKURFWWZUPUGR-DVWKUQODSA-N","[H][C@](COC(=O)CCCCCCCCCCCCCCC)(COC(=O)CCCCCCCCCCCCCCCCCCC)OC(=O)CCCC\C=C/C\C=C/C\C=C/CCCCC","131755338","TRUE",NA,NA,"No Match"
"2151","BMDB63426","TG(16:0/18:3(6Z,9Z,12Z)/20:1(11Z))[iso6]","ATZQIXHEMLCJGM-UNBNYWLFSA-N","[H][C@](COC(=O)CCCCCCCCCCCCCCC)(COC(=O)CCCCCCCCC\C=C/CCCCCCCC)OC(=O)CCCC\C=C/C\C=C/C\C=C/CCCCC","131755345","TRUE",NA,NA,"No Match"
"2152","BMDB63427","TG(16:0/18:3(6Z,9Z,12Z)/20:2(11Z,14Z))[iso6]","OLDVVLPHLVANLD-WPBMEDNOSA-N","[H][C@](COC(=O)CCCCCCCCCCCCCCC)(COC(=O)CCCCCCCCC\C=C/C\C=C/CCCCC)OC(=O)CCCC\C=C/C\C=C/C\C=C/CCCCC","131755350","TRUE",NA,NA,"No Match"
"2153","BMDB63428","TG(16:0/18:3(6Z,9Z,12Z)/20:3(8Z,11Z,14Z))[iso6]","GPWKFLDDTKOSOY-IONMDZBYSA-N","[H][C@](COC(=O)CCCCCCCCCCCCCCC)(COC(=O)CCCCCC\C=C/C\C=C/C\C=C/CCCCC)OC(=O)CCCC\C=C/C\C=C/C\C=C/CCCCC","131755351","TRUE","DMD302505","DMD302505","Unique Match (by names only)"
"2154","BMDB63429","TG(16:0/18:3(9Z,12Z,15Z)/19:0)[iso6]","BEMBZEMYDNQORJ-LEHRLSSESA-N","[H][C@](COC(=O)CCCCCCCCCCCCCCC)(COC(=O)CCCCCCCCCCCCCCCCCC)OC(=O)CCCCCCC\C=C/C\C=C/C\C=C/CC","","TRUE",NA,NA,"No Match"
"2155","BMDB63430","TG(16:0/18:3(9Z,12Z,15Z)/20:0)[iso6]","QMOIIDCAFLCLKL-ZBQQGBJQSA-N","[H][C@](COC(=O)CCCCCCCCCCCCCCC)(COC(=O)CCCCCCCCCCCCCCCCCCC)OC(=O)CCCCCCC\C=C/C\C=C/C\C=C/CC","131755531","TRUE",NA,NA,"No Match"
"2156","BMDB63431","TG(16:0/18:3(9Z,12Z,15Z)/20:1(11Z))[iso6]","PDTAQKYFJJGDCD-KKELCOOUSA-N","[H][C@](COC(=O)CCCCCCCCCCCCCCC)(COC(=O)CCCCCCCCC\C=C/CCCCCCCC)OC(=O)CCCCCCC\C=C/C\C=C/C\C=C/CC","131755537","TRUE",NA,NA,"No Match"
"2157","BMDB63432","TG(16:0/18:3(9Z,12Z,15Z)/20:2(11Z,14Z))[iso6]","QUFRRPUAEDKDEW-CGEWGDRRSA-N","[H][C@](COC(=O)CCCCCCCCCCCCCCC)(COC(=O)CCCCCCCCC\C=C/C\C=C/CCCCC)OC(=O)CCCCCCC\C=C/C\C=C/C\C=C/CC","131755542","TRUE",NA,NA,"No Match"
"2158","BMDB63433","TG(16:0/18:3(9Z,12Z,15Z)/20:3(8Z,11Z,14Z))[iso6]","RCTFSXXAFDXOOG-NCVMYHKWSA-N","[H][C@](COC(=O)CCCCCCCCCCCCCCC)(COC(=O)CCCCCC\C=C/C\C=C/C\C=C/CCCCC)OC(=O)CCCCCCC\C=C/C\C=C/C\C=C/CC","131755543","TRUE","DMD302505","DMD302505","Unique Match (by names only)"
"2159","BMDB63434","TG(16:0/18:4(6Z,9Z,12Z,15Z)/19:0)[iso6]","JLEBZIDXBSPVEI-JILJDNAASA-N","[H][C@](COC(=O)CCCCCCCCCCCCCCC)(COC(=O)CCCCCCCCCCCCCCCCCC)OC(=O)CCCC\C=C/C\C=C/C\C=C/C\C=C/CC","","TRUE",NA,NA,"No Match"
"2160","BMDB63435","TG(16:0/18:4(6Z,9Z,12Z,15Z)/20:0)[iso6]","PDFFYHNLAKMFAW-DBLJNIQDSA-N","[H][C@](COC(=O)CCCCCCCCCCCCCCC)(COC(=O)CCCCCCCCCCCCCCCCCCC)OC(=O)CCCC\C=C/C\C=C/C\C=C/C\C=C/CC","131755556","TRUE",NA,NA,"No Match"
"2161","BMDB63436","TG(16:0/18:4(6Z,9Z,12Z,15Z)/20:1(11Z))[iso6]","VWRXQZKIYNYMGG-ZGFNYXQRSA-N","[H][C@](COC(=O)CCCCCCCCCCCCCCC)(COC(=O)CCCCCCCCC\C=C/CCCCCCCC)OC(=O)CCCC\C=C/C\C=C/C\C=C/C\C=C/CC","131755563","TRUE",NA,NA,"No Match"
"2162","BMDB63437","TG(16:0/18:4(6Z,9Z,12Z,15Z)/20:2(11Z,14Z))[iso6]","QUYHARLNKAANBC-ZVPNJICISA-N","[H][C@](COC(=O)CCCCCCCCCCCCCCC)(COC(=O)CCCCCCCCC\C=C/C\C=C/CCCCC)OC(=O)CCCC\C=C/C\C=C/C\C=C/C\C=C/CC","131755569","TRUE","DMD302505","DMD302505","Unique Match (by names only)"
"2163","BMDB63438","TG(16:0/20:1(11Z)/20:5(5Z,8Z,11Z,14Z,17Z))[iso6]","SSGHUNZCTBPNHZ-MVFWDCOXSA-N","[H][C@](COC(=O)CCCCCCCCCCCCCCC)(COC(=O)CCC\C=C/C\C=C/C\C=C/C\C=C/C\C=C/CC)OC(=O)CCCCCCCCC\C=C/CCCCCCCC","131755229","TRUE",NA,NA,"No Match"
"2164","BMDB63439","TG(16:0/20:2(11Z,14Z)/20:4(5Z,8Z,11Z,14Z))[iso6]","KOKYYOZUDSMORZ-ZZWYBQJBSA-N","[H][C@](COC(=O)CCCCCCCCCCCCCCC)(COC(=O)CCC\C=C/C\C=C/C\C=C/C\C=C/CCCCC)OC(=O)CCCCCCCCC\C=C/C\C=C/CCCCC","131755380","TRUE",NA,NA,"No Match"
"2165","BMDB63440","TG(16:0/20:3(8Z,11Z,14Z)/20:3(8Z,11Z,14Z))[iso3]","IEFYSGXZIYBWNF-OTICDNTFSA-N","[H][C@](COC(=O)CCCCCCCCCCCCCCC)(COC(=O)CCCCCC\C=C/C\C=C/C\C=C/CCCCC)OC(=O)CCCCCC\C=C/C\C=C/C\C=C/CCCCC","131755407","TRUE",NA,NA,"No Match"
"2166","BMDB63441","TG(16:1(9Z)/16:1(9Z)/17:0)[iso3]","QZYSUBAQYSVFNX-CXXCMLATSA-N","[H][C@@](COC(=O)CCCCCCCCCCCCCCCC)(COC(=O)CCCCCCC\C=C/CCCCCC)OC(=O)CCCCCCC\C=C/CCCCCC","","TRUE","DMD302472","DMD302472","Unique Match (by names only)"
"2167","BMDB63442","TG(16:1(9Z)/16:1(9Z)/19:0)[iso3]","RCTFXDPMSHIQTH-YDIVVKOTSA-N","[H][C@@](COC(=O)CCCCCCCCCCCCCCCCCC)(COC(=O)CCCCCCC\C=C/CCCCCC)OC(=O)CCCCCCC\C=C/CCCCCC","","TRUE",NA,NA,"No Match"
"2168","BMDB63443","TG(16:1(9Z)/16:1(9Z)/20:2(11Z,14Z))[iso3]","TZRLBGSETAVVDN-FIPRSGIASA-N","[H][C@@](COC(=O)CCCCCCCCC\C=C/C\C=C/CCCCC)(COC(=O)CCCCCCC\C=C/CCCCCC)OC(=O)CCCCCCC\C=C/CCCCCC","131759421","TRUE",NA,NA,"No Match"
"2169","BMDB63444","TG(16:1(9Z)/16:1(9Z)/20:3(8Z,11Z,14Z))[iso3]","YLSQMGKHEUFXMJ-SXILZFAHSA-N","[H][C@](COC(=O)CCCCCCC\C=C/CCCCCC)(COC(=O)CCCCCC\C=C/C\C=C/C\C=C/CCCCC)OC(=O)CCCCCCC\C=C/CCCCCC","131759422","TRUE",NA,NA,"No Match"
"2170","BMDB63445","TG(16:1(9Z)/16:1(9Z)/22:0)[iso3]","GOLXXQRKCMOJGT-ZJNVQPEOSA-N","[H][C@@](COC(=O)CCCCCCCCCCCCCCCCCCCCC)(COC(=O)CCCCCCC\C=C/CCCCCC)OC(=O)CCCCCCC\C=C/CCCCCC","","TRUE",NA,NA,"No Match"
"2171","BMDB63446","TG(16:1(9Z)/16:1(9Z)/22:1(13Z))[iso3]","HJRVVCOWJQUKTM-GWYBQCJYSA-N","[H][C@@](COC(=O)CCCCCCCCCCC\C=C/CCCCCCCC)(COC(=O)CCCCCCC\C=C/CCCCCC)OC(=O)CCCCCCC\C=C/CCCCCC","131759418","TRUE",NA,NA,"No Match"
"2172","BMDB63447","TG(16:1(9Z)/16:1(9Z)/22:4(7Z,10Z,13Z,16Z))[iso3]","ULPAJHKZIZPHLP-UYUXKAJOSA-N","[H][C@](COC(=O)CCCCCCC\C=C/CCCCCC)(COC(=O)CCCCC\C=C/C\C=C/C\C=C/C\C=C/CCCCC)OC(=O)CCCCCCC\C=C/CCCCCC","131759424","TRUE","DMD302505","DMD302505","Unique Match (by names only)"
"2173","BMDB63448","TG(16:1(9Z)/17:0/17:0)[iso3]","DSPFGQOCKPWWTL-SMYBAFMESA-N","[H][C@@](COC(=O)CCCCCCCCCCCCCCCC)(COC(=O)CCCCCCC\C=C/CCCCCC)OC(=O)CCCCCCCCCCCCCCCC","","TRUE",NA,NA,"No Match"
"2174","BMDB63449","TG(16:1(9Z)/17:0/18:0)[iso6]","VJOGKQKBWBCRFS-YMJSPMHCSA-N","[H][C@@](COC(=O)CCCCCCCCCCCCCCCCC)(COC(=O)CCCCCCC\C=C/CCCCCC)OC(=O)CCCCCCCCCCCCCCCC","","TRUE",NA,NA,"No Match"
"2175","BMDB63450","TG(16:1(9Z)/17:0/18:1(9Z))[iso6]","IYMPJAZCIWGTJL-AFKPIBGNSA-N","[H][C@](COC(=O)CCCCCCC\C=C/CCCCCC)(COC(=O)CCCCCCC\C=C/CCCCCCCC)OC(=O)CCCCCCCCCCCCCCCC","","TRUE",NA,NA,"No Match"
"2176","BMDB63451","TG(16:1(9Z)/17:0/18:2(9Z,12Z))[iso6]","JZOHEVWPVBMMRQ-FJEKWJMVSA-N","[H][C@](COC(=O)CCCCCCC\C=C/CCCCCC)(COC(=O)CCCCCCC\C=C/C\C=C/CCCCC)OC(=O)CCCCCCCCCCCCCCCC","","TRUE",NA,NA,"No Match"
"2177","BMDB63452","TG(16:1(9Z)/17:0/18:3(6Z,9Z,12Z))[iso6]","ZWZOQPNBFJCOLV-LVURLZITSA-N","[H][C@](COC(=O)CCCCCCC\C=C/CCCCCC)(COC(=O)CCCC\C=C/C\C=C/C\C=C/CCCCC)OC(=O)CCCCCCCCCCCCCCCC","","TRUE",NA,NA,"No Match"
"2178","BMDB63453","TG(16:1(9Z)/17:0/18:3(9Z,12Z,15Z))[iso6]","UQVNCTOQWNCEKB-WPEWBBDFSA-N","[H][C@](COC(=O)CCCCCCC\C=C/CCCCCC)(COC(=O)CCCCCCC\C=C/C\C=C/C\C=C/CC)OC(=O)CCCCCCCCCCCCCCCC","","TRUE",NA,NA,"No Match"
"2179","BMDB63454","TG(16:1(9Z)/17:0/18:4(6Z,9Z,12Z,15Z)) [iso6]","RQWKOTDBFFRFCB-QKBBFDGGSA-N","[H][C@](COC(=O)CCCCCCC\C=C/CCCCCC)(COC(=O)CCCC\C=C/C\C=C/C\C=C/C\C=C/CC)OC(=O)CCCCCCCCCCCCCCCC","","TRUE",NA,NA,"No Match"
"2180","BMDB63455","TG(16:1(9Z)/17:0/20:2(11Z,14Z))[iso6]","UCRNOYAYVANCJQ-MXIXTBEMSA-N","[H][C@@](COC(=O)CCCCCCCCC\C=C/C\C=C/CCCCC)(COC(=O)CCCCCCC\C=C/CCCCCC)OC(=O)CCCCCCCCCCCCCCCC","","TRUE",NA,NA,"No Match"
"2181","BMDB63456","TG(16:1(9Z)/17:0/20:3(8Z,11Z,14Z))[iso6]","NYSVRQLIUIHBAY-DVKANEJHSA-N","[H][C@](COC(=O)CCCCCCC\C=C/CCCCCC)(COC(=O)CCCCCC\C=C/C\C=C/C\C=C/CCCCC)OC(=O)CCCCCCCCCCCCCCCC","","TRUE",NA,NA,"No Match"
"2182","BMDB63457","TG(16:1(9Z)/17:0/20:4(5Z,8Z,11Z,14Z))[iso6]","YXSZUNCJXFSKTR-FELTXSDUSA-N","[H][C@](COC(=O)CCCCCCC\C=C/CCCCCC)(COC(=O)CCC\C=C/C\C=C/C\C=C/C\C=C/CCCCC)OC(=O)CCCCCCCCCCCCCCCC","","TRUE",NA,NA,"No Match"
"2183","BMDB63458","TG(16:1(9Z)/17:0/20:5(5Z,8Z,11Z,14Z,17Z))[iso6]","AKDVWAHETIXOFY-FUAFPHNJSA-N","[H][C@](COC(=O)CCCCCCC\C=C/CCCCCC)(COC(=O)CCC\C=C/C\C=C/C\C=C/C\C=C/C\C=C/CC)OC(=O)CCCCCCCCCCCCCCCC","","TRUE",NA,NA,"No Match"
"2184","BMDB63459","TG(16:1(9Z)/17:0/22:5(7Z,10Z,13Z,16Z,19Z))[iso6]","JSIAWLQCIPHHEG-DJNSEGILSA-N","[H][C@](COC(=O)CCCCCCC\C=C/CCCCCC)(COC(=O)CCCCC\C=C/C\C=C/C\C=C/C\C=C/C\C=C/CC)OC(=O)CCCCCCCCCCCCCCCC","","TRUE",NA,NA,"No Match"
"2185","BMDB63460","TG(16:1(9Z)/17:0/22:6(4Z,7Z,10Z,13Z,16Z,19Z))[iso6]","ALULOWZNTGURIV-XYHHWXJLSA-N","[H][C@](COC(=O)CCCCCCC\C=C/CCCCCC)(COC(=O)CC\C=C/C\C=C/C\C=C/C\C=C/C\C=C/C\C=C/CC)OC(=O)CCCCCCCCCCCCCCCC","","TRUE",NA,NA,"No Match"
"2186","BMDB63461","TG(16:1(9Z)/18:0/18:3(6Z,9Z,12Z))[iso6]","DJFHIFMJEYKBGL-YVUOSQQLSA-N","[H][C@](COC(=O)CCCCCCC\C=C/CCCCCC)(COC(=O)CCCC\C=C/C\C=C/C\C=C/CCCCC)OC(=O)CCCCCCCCCCCCCCCCC","131759317","TRUE",NA,NA,"No Match"
"2187","BMDB63462","TG(16:1(9Z)/18:0/18:3(9Z,12Z,15Z))[iso6]","GEKZYIPUAKKNKE-VNVALVBESA-N","[H][C@](COC(=O)CCCCCCC\C=C/CCCCCC)(COC(=O)CCCCCCC\C=C/C\C=C/C\C=C/CC)OC(=O)CCCCCCCCCCCCCCCCC","131759323","TRUE",NA,NA,"No Match"
"2188","BMDB63463","TG(16:1(9Z)/18:0/18:4(6Z,9Z,12Z,15Z))[iso6]","JLEMYYGTXQHVFE-NYKUUUQXSA-N","[H][C@](COC(=O)CCCCCCC\C=C/CCCCCC)(COC(=O)CCCC\C=C/C\C=C/C\C=C/C\C=C/CC)OC(=O)CCCCCCCCCCCCCCCCC","131759324","TRUE",NA,NA,"No Match"
"2189","BMDB63464","TG(16:1(9Z)/18:0/20:2(11Z,14Z))[iso6]","WACLWOAQCVZQHO-XXQKTQNQSA-N","[H][C@@](COC(=O)CCCCCCCCC\C=C/C\C=C/CCCCC)(COC(=O)CCCCCCC\C=C/CCCCCC)OC(=O)CCCCCCCCCCCCCCCCC","131759318","TRUE",NA,NA,"No Match"
"2190","BMDB63465","TG(16:1(9Z)/18:0/20:3(8Z,11Z,14Z))[iso6]","WXMJAPVKXZKBEF-XBICQSHKSA-N","[H][C@](COC(=O)CCCCCCC\C=C/CCCCCC)(COC(=O)CCCCCC\C=C/C\C=C/C\C=C/CCCCC)OC(=O)CCCCCCCCCCCCCCCCC","131759319","TRUE",NA,NA,"No Match"
"2191","BMDB63466","TG(16:1(9Z)/18:0/20:5(5Z,8Z,11Z,14Z,17Z))[iso6]","QRUQSCZKIVNCMK-UZJCIMHESA-N","[H][C@](COC(=O)CCCCCCC\C=C/CCCCCC)(COC(=O)CCC\C=C/C\C=C/C\C=C/C\C=C/C\C=C/CC)OC(=O)CCCCCCCCCCCCCCCCC","131759326","TRUE","DMD302505","DMD302505","Unique Match (by names only)"
"2192","BMDB63467","TG(16:1(9Z)/18:0/22:5(7Z,10Z,13Z,16Z,19Z))[iso6]","BLQLNWGWKYGWQK-WGDLBXKPSA-N","[H][C@](COC(=O)CCCCCCC\C=C/CCCCCC)(COC(=O)CCCCC\C=C/C\C=C/C\C=C/C\C=C/C\C=C/CC)OC(=O)CCCCCCCCCCCCCCCCC","131759327","TRUE",NA,NA,"No Match"
"2193","BMDB63468","TG(16:1(9Z)/18:1(9Z)/18:3(6Z,9Z,12Z))[iso6]","BTLLBFZSJPKPDE-MXDHFGQXSA-N","[H][C@](COC(=O)CCCCCCC\C=C/CCCCCC)(COC(=O)CCCC\C=C/C\C=C/C\C=C/CCCCC)OC(=O)CCCCCCC\C=C/CCCCCCCC","131759460","TRUE",NA,NA,"No Match"
"2194","BMDB63469","TG(16:1(9Z)/18:1(9Z)/18:3(9Z,12Z,15Z))[iso6]","CDPGTJRMESRMBM-HREIPWLJSA-N","[H][C@](COC(=O)CCCCCCC\C=C/CCCCCC)(COC(=O)CCCCCCC\C=C/C\C=C/C\C=C/CC)OC(=O)CCCCCCC\C=C/CCCCCCCC","131759466","TRUE",NA,NA,"No Match"
"2195","BMDB63470","TG(16:1(9Z)/18:1(9Z)/20:2(11Z,14Z))[iso6]","ONYOXARKNBCDOW-UDEYGTCASA-N","[H][C@@](COC(=O)CCCCCCCCC\C=C/C\C=C/CCCCC)(COC(=O)CCCCCCC\C=C/CCCCCC)OC(=O)CCCCCCC\C=C/CCCCCCCC","131759461","TRUE",NA,NA,"No Match"
"2196","BMDB63471","TG(16:1(9Z)/18:1(9Z)/20:3(8Z,11Z,14Z))[iso6]","QXRVJZIWSZYNFE-XAAVOVOVSA-N","[H][C@](COC(=O)CCCCCCC\C=C/CCCCCC)(COC(=O)CCCCCC\C=C/C\C=C/C\C=C/CCCCC)OC(=O)CCCCCCC\C=C/CCCCCCCC","131759462","TRUE",NA,NA,"No Match"
"2197","BMDB63472","TG(16:1(9Z)/18:1(9Z)/22:4(7Z,10Z,13Z,16Z))[iso6]","ZTSJYJYYBZBVKX-QKTZMTTOSA-N","[H][C@](COC(=O)CCCCCCC\C=C/CCCCCC)(COC(=O)CCCCC\C=C/C\C=C/C\C=C/C\C=C/CCCCC)OC(=O)CCCCCCC\C=C/CCCCCCCC","131759464","TRUE",NA,NA,"No Match"
"2198","BMDB63473","TG(16:1(9Z)/18:2(9Z,12Z)/19:0)[iso6]","HJQWIRUYVPQAFR-UWFRZUFNSA-N","[H][C@@](COC(=O)CCCCCCCCCCCCCCCCCC)(COC(=O)CCCCCCC\C=C/CCCCCC)OC(=O)CCCCCCC\C=C/C\C=C/CCCCC","","TRUE",NA,NA,"No Match"
"2199","BMDB63474","TG(16:1(9Z)/18:2(9Z,12Z)/20:2(11Z,14Z))[iso6]","PASRUCZTFLIYBM-VHWXVXHCSA-N","[H][C@@](COC(=O)CCCCCCCCC\C=C/C\C=C/CCCCC)(COC(=O)CCCCCCC\C=C/CCCCCC)OC(=O)CCCCCCC\C=C/C\C=C/CCCCC","131759566","TRUE",NA,NA,"No Match"
"2200","BMDB63475","TG(16:1(9Z)/18:2(9Z,12Z)/20:3(8Z,11Z,14Z))[iso6]","FMRKXOSKBRKVCM-HRAJTIBLSA-N","[H][C@](COC(=O)CCCCCCC\C=C/CCCCCC)(COC(=O)CCCCCC\C=C/C\C=C/C\C=C/CCCCC)OC(=O)CCCCCCC\C=C/C\C=C/CCCCC","131759567","TRUE","DMD302505","DMD302505","Unique Match (by names only)"
"2201","BMDB63476","TG(16:1(9Z)/18:3(6Z,9Z,12Z)/19:0)[iso6]","HFYCOLQPBBJXJA-ZQBUHCQOSA-N","[H][C@@](COC(=O)CCCCCCCCCCCCCCCCCC)(COC(=O)CCCCCCC\C=C/CCCCCC)OC(=O)CCCC\C=C/C\C=C/C\C=C/CCCCC","","TRUE",NA,NA,"No Match"
"2202","BMDB63477","TG(16:1(9Z)/18:3(6Z,9Z,12Z)/20:0)[iso6]","CDDMLDFHOOIDDR-LHXFVJKQSA-N","[H][C@@](COC(=O)CCCCCCCCCCCCCCCCCCC)(COC(=O)CCCCCCC\C=C/CCCCCC)OC(=O)CCCC\C=C/C\C=C/C\C=C/CCCCC","","TRUE",NA,NA,"No Match"
"2203","BMDB63478","TG(16:1(9Z)/18:3(6Z,9Z,12Z)/20:1(11Z))[iso6]","WXMOURHYAWKCON-SQKVJRQFSA-N","[H][C@@](COC(=O)CCCCCCCCC\C=C/CCCCCCCC)(COC(=O)CCCCCCC\C=C/CCCCCC)OC(=O)CCCC\C=C/C\C=C/C\C=C/CCCCC","131759581","TRUE",NA,NA,"No Match"
"2204","BMDB63479","TG(16:1(9Z)/18:3(6Z,9Z,12Z)/20:2(11Z,14Z))[iso6]","XZYPNCDNAQJUNT-NAXLMZSYSA-N","[H][C@@](COC(=O)CCCCCCCCC\C=C/C\C=C/CCCCC)(COC(=O)CCCCCCC\C=C/CCCCCC)OC(=O)CCCC\C=C/C\C=C/C\C=C/CCCCC","131759587","TRUE","DMD302505","DMD302505","Unique Match (by names only)"
"2205","BMDB63480","TG(16:1(9Z)/18:3(9Z,12Z,15Z)/19:0)[iso6]","SQAMASKSVQRATP-CEZMLZNASA-N","[H][C@@](COC(=O)CCCCCCCCCCCCCCCCCC)(COC(=O)CCCCCCC\C=C/CCCCCC)OC(=O)CCCCCCC\C=C/C\C=C/C\C=C/CC","","TRUE",NA,NA,"No Match"
"2206","BMDB63481","TG(16:1(9Z)/18:3(9Z,12Z,15Z)/20:0)[iso6]","HLTSKBNGPCVUQB-KQCMVNHWSA-N","[H][C@@](COC(=O)CCCCCCCCCCCCCCCCCCC)(COC(=O)CCCCCCC\C=C/CCCCCC)OC(=O)CCCCCCC\C=C/C\C=C/C\C=C/CC","","TRUE",NA,NA,"No Match"
"2207","BMDB63482","TG(16:1(9Z)/18:3(9Z,12Z,15Z)/20:1(11Z))[iso6]","ITVZPSFYQXIRPA-DYGHEFCSSA-N","[H][C@@](COC(=O)CCCCCCCCC\C=C/CCCCCCCC)(COC(=O)CCCCCCC\C=C/CCCCCC)OC(=O)CCCCCCC\C=C/C\C=C/C\C=C/CC","131759734","TRUE",NA,NA,"No Match"
"2208","BMDB63483","TG(16:1(9Z)/18:3(9Z,12Z,15Z)/20:2(11Z,14Z))[iso6]","IQYIGUDLVCVSII-KZIJMVTKSA-N","[H][C@@](COC(=O)CCCCCCCCC\C=C/C\C=C/CCCCC)(COC(=O)CCCCCCC\C=C/CCCCCC)OC(=O)CCCCCCC\C=C/C\C=C/C\C=C/CC","131759740","TRUE","DMD302505","DMD302505","Unique Match (by names only)"
"2209","BMDB63484","TG(16:1(9Z)/18:4(6Z,9Z,12Z,15Z)/19:0)[iso6]","XMWDGKXOZBJHSI-VEEKSODISA-N","[H][C@@](COC(=O)CCCCCCCCCCCCCCCCCC)(COC(=O)CCCCCCC\C=C/CCCCCC)OC(=O)CCCC\C=C/C\C=C/C\C=C/C\C=C/CC","","TRUE",NA,NA,"No Match"
"2210","BMDB63485","TG(16:1(9Z)/18:4(6Z,9Z,12Z,15Z)/20:0)[iso6]","ZTNCEOWHIGXJAM-AKHKHUJKSA-N","[H][C@@](COC(=O)CCCCCCCCCCCCCCCCCCC)(COC(=O)CCCCCCC\C=C/CCCCCC)OC(=O)CCCC\C=C/C\C=C/C\C=C/C\C=C/CC","","TRUE",NA,NA,"No Match"
"2211","BMDB63486","TG(16:1(9Z)/18:4(6Z,9Z,12Z,15Z)/20:1(11Z))[iso6]","UFZAMUNCCQBRIA-JVKCEIKTSA-N","[H][C@@](COC(=O)CCCCCCCCC\C=C/CCCCCCCC)(COC(=O)CCCCCCC\C=C/CCCCCC)OC(=O)CCCC\C=C/C\C=C/C\C=C/C\C=C/CC","131759756","TRUE","DMD302505","DMD302505","Unique Match (by names only)"
"2212","BMDB63487","TG(16:1(9Z)/19:0/20:5(5Z,8Z,11Z,14Z,17Z))[iso6]","JCHWIDWIRCEUSB-PGMMRJOXSA-N","[H][C@](COC(=O)CCCCCCC\C=C/CCCCCC)(COC(=O)CCC\C=C/C\C=C/C\C=C/C\C=C/C\C=C/CC)OC(=O)CCCCCCCCCCCCCCCCCC","","TRUE",NA,NA,"No Match"
"2213","BMDB63488","TG(16:1(9Z)/20:0/20:5(5Z,8Z,11Z,14Z,17Z))[iso6]","MEAHLQMABQGZDE-DYGMHXHRSA-N","[H][C@](COC(=O)CCCCCCC\C=C/CCCCCC)(COC(=O)CCC\C=C/C\C=C/C\C=C/C\C=C/C\C=C/CC)OC(=O)CCCCCCCCCCCCCCCCCCC","131759346","TRUE",NA,NA,"No Match"
"2214","BMDB63489","TG(16:1(9Z)/20:2(11Z,14Z)/20:3(8Z,11Z,14Z))[iso6]","CLIHEBNFPBZHNL-SWXSVVMVSA-N","[H][C@](COC(=O)CCCCCCC\C=C/CCCCCC)(COC(=O)CCCCCC\C=C/C\C=C/C\C=C/CCCCC)OC(=O)CCCCCCCCC\C=C/C\C=C/CCCCC","131759610","TRUE",NA,NA,"No Match"
"2215","BMDB63490","TG(17:0/17:0/18:2(9Z,12Z))[iso3]","ZGSLFWOGQIOBFL-YHJANGELSA-N","[H][C@](COC(=O)CCCCCCCCCCCCCCCC)(COC(=O)CCCCCCC\C=C/C\C=C/CCCCC)OC(=O)CCCCCCCCCCCCCCCC","","TRUE",NA,NA,"No Match"
"2216","BMDB63491","TG(17:0/17:0/18:3(6Z,9Z,12Z))[iso3]","VRPYQTOQXLDFMX-GJQMWMOCSA-N","[H][C@](COC(=O)CCCCCCCCCCCCCCCC)(COC(=O)CCCC\C=C/C\C=C/C\C=C/CCCCC)OC(=O)CCCCCCCCCCCCCCCC","","TRUE",NA,NA,"No Match"
"2217","BMDB63492","TG(17:0/17:0/18:3(9Z,12Z,15Z))[iso3]","NKZUGKBNYDSITN-LFAFJQJESA-N","[H][C@](COC(=O)CCCCCCCCCCCCCCCC)(COC(=O)CCCCCCC\C=C/C\C=C/C\C=C/CC)OC(=O)CCCCCCCCCCCCCCCC","","TRUE",NA,NA,"No Match"
"2218","BMDB63493","TG(17:0/17:0/18:4(6Z,9Z,12Z,15Z))[iso3]","YTTQBWQDYUFCSA-DAYQMWRKSA-N","[H][C@](COC(=O)CCCCCCCCCCCCCCCC)(COC(=O)CCCC\C=C/C\C=C/C\C=C/C\C=C/CC)OC(=O)CCCCCCCCCCCCCCCC","","TRUE",NA,NA,"No Match"
"2219","BMDB63494","TG(17:0/17:0/20:2(11Z,14Z))[iso3]","YTVHAAFNMKPYPC-JKFVOKSPSA-N","[H][C@](COC(=O)CCCCCCCCCCCCCCCC)(COC(=O)CCCCCCCCC\C=C/C\C=C/CCCCC)OC(=O)CCCCCCCCCCCCCCCC","","TRUE",NA,NA,"No Match"
"2220","BMDB63495","TG(17:0/17:0/20:3(8Z,11Z,14Z))[iso3]","YNILOPAJJGLMFA-WZMITLMHSA-N","[H][C@](COC(=O)CCCCCCCCCCCCCCCC)(COC(=O)CCCCCC\C=C/C\C=C/C\C=C/CCCCC)OC(=O)CCCCCCCCCCCCCCCC","","TRUE",NA,NA,"No Match"
"2221","BMDB63496","TG(17:0/17:0/20:4(5Z,8Z,11Z,14Z))[iso3]","HFMQRBDGAXXEPX-NJHZOTQGSA-N","[H][C@](COC(=O)CCCCCCCCCCCCCCCC)(COC(=O)CCC\C=C/C\C=C/C\C=C/C\C=C/CCCCC)OC(=O)CCCCCCCCCCCCCCCC","","TRUE",NA,NA,"No Match"
"2222","BMDB63497","TG(17:0/17:0/20:5(5Z,8Z,11Z,14Z,17Z))[iso3]","CZNAEULIOKMPIT-GFWVFCJXSA-N","[H][C@](COC(=O)CCCCCCCCCCCCCCCC)(COC(=O)CCC\C=C/C\C=C/C\C=C/C\C=C/C\C=C/CC)OC(=O)CCCCCCCCCCCCCCCC","","TRUE",NA,NA,"No Match"
"2223","BMDB63498","TG(17:0/17:0/22:6(4Z,7Z,10Z,13Z,16Z,19Z))[iso3]","VUUDLKGZZONILP-IAONHBMLSA-N","[H][C@](COC(=O)CCCCCCCCCCCCCCCC)(COC(=O)CC\C=C/C\C=C/C\C=C/C\C=C/C\C=C/C\C=C/CC)OC(=O)CCCCCCCCCCCCCCCC","","TRUE",NA,NA,"No Match"
"2224","BMDB63499","TG(17:0/18:0/18:3(6Z,9Z,12Z))[iso6]","XGSYVNUYOAPADT-WHGNMWGASA-N","[H][C@](COC(=O)CCCCCCCCCCCCCCCC)(COC(=O)CCCC\C=C/C\C=C/C\C=C/CCCCC)OC(=O)CCCCCCCCCCCCCCCCC","","TRUE",NA,NA,"No Match"
"2225","BMDB63500","TG(17:0/18:0/18:3(9Z,12Z,15Z))[iso6]","FHGCKCMUAGEPBN-ZBHATOODSA-N","[H][C@](COC(=O)CCCCCCCCCCCCCCCC)(COC(=O)CCCCCCC\C=C/C\C=C/C\C=C/CC)OC(=O)CCCCCCCCCCCCCCCCC","","TRUE",NA,NA,"No Match"
"2226","BMDB63501","TG(17:0/18:0/18:4(6Z,9Z,12Z,15Z))[iso6]","WHQHLXXVJFGIHA-PVLXMUPPSA-N","[H][C@](COC(=O)CCCCCCCCCCCCCCCC)(COC(=O)CCCC\C=C/C\C=C/C\C=C/C\C=C/CC)OC(=O)CCCCCCCCCCCCCCCCC","","TRUE",NA,NA,"No Match"
"2227","BMDB63502","TG(17:0/18:1(9Z)/18:2(9Z,12Z))[iso6]","NIBMDPFMDDQNNX-YITIFRDOSA-N","[H][C@](COC(=O)CCCCCCCCCCCCCCCC)(COC(=O)CCCCCCC\C=C/C\C=C/CCCCC)OC(=O)CCCCCCC\C=C/CCCCCCCC","","TRUE",NA,NA,"No Match"
"2228","BMDB63503","TG(17:0/18:1(9Z)/18:3(6Z,9Z,12Z))[iso6]","WGTFIXDSYLYPIO-PTLOOBMGSA-N","[H][C@](COC(=O)CCCCCCCCCCCCCCCC)(COC(=O)CCCC\C=C/C\C=C/C\C=C/CCCCC)OC(=O)CCCCCCC\C=C/CCCCCCCC","","TRUE",NA,NA,"No Match"
"2229","BMDB63504","TG(17:0/18:1(9Z)/18:3(9Z,12Z,15Z))[iso6]","RLDKFJHHHPZZSZ-IVRKAJJPSA-N","[H][C@](COC(=O)CCCCCCCCCCCCCCCC)(COC(=O)CCCCCCC\C=C/C\C=C/C\C=C/CC)OC(=O)CCCCCCC\C=C/CCCCCCCC","","TRUE",NA,NA,"No Match"
"2230","BMDB63505","TG(17:0/18:1(9Z)/18:4(6Z,9Z,12Z,15Z))[iso6]","PMGHPLURWDJYIA-DQOIDCTISA-N","[H][C@](COC(=O)CCCCCCCCCCCCCCCC)(COC(=O)CCCC\C=C/C\C=C/C\C=C/C\C=C/CC)OC(=O)CCCCCCC\C=C/CCCCCCCC","","TRUE",NA,NA,"No Match"
"2231","BMDB63506","TG(17:0/18:1(9Z)/20:5(5Z,8Z,11Z,14Z,17Z))[iso6]","IZABRXOLKZSJQE-GHPYTDKUSA-N","[H][C@](COC(=O)CCCCCCCCCCCCCCCC)(COC(=O)CCC\C=C/C\C=C/C\C=C/C\C=C/C\C=C/CC)OC(=O)CCCCCCC\C=C/CCCCCCCC","","TRUE",NA,NA,"No Match"
"2232","BMDB63507","TG(17:0/18:2(9Z,12Z)/18:2(9Z,12Z))[iso3]","KDMIHSMAUYYFRT-MBMRKEAESA-N","[H][C@](COC(=O)CCCCCCCCCCCCCCCC)(COC(=O)CCCCCCC\C=C/C\C=C/CCCCC)OC(=O)CCCCCCC\C=C/C\C=C/CCCCC","","TRUE",NA,NA,"No Match"
"2233","BMDB63508","TG(17:0/18:2(9Z,12Z)/18:3(6Z,9Z,12Z))[iso6]","DFXCMORZVKLRKD-ZEDVYKOSSA-N","[H][C@](COC(=O)CCCCCCCCCCCCCCCC)(COC(=O)CCCC\C=C/C\C=C/C\C=C/CCCCC)OC(=O)CCCCCCC\C=C/C\C=C/CCCCC","","TRUE",NA,NA,"No Match"
"2234","BMDB63509","TG(17:0/18:2(9Z,12Z)/18:3(9Z,12Z,15Z))[iso6]","YKYBJYBGJSSOPS-QVYCUENWSA-N","[H][C@](COC(=O)CCCCCCCCCCCCCCCC)(COC(=O)CCCCCCC\C=C/C\C=C/C\C=C/CC)OC(=O)CCCCCCC\C=C/C\C=C/CCCCC","","TRUE",NA,NA,"No Match"
"2235","BMDB63510","TG(17:0/18:2(9Z,12Z)/18:4(6Z,9Z,12Z,15Z))[iso6]","QYXDPUCJKHASSS-AOEVAMBVSA-N","[H][C@](COC(=O)CCCCCCCCCCCCCCCC)(COC(=O)CCCC\C=C/C\C=C/C\C=C/C\C=C/CC)OC(=O)CCCCCCC\C=C/C\C=C/CCCCC","","TRUE",NA,NA,"No Match"
"2236","BMDB63511","TG(17:0/18:2(9Z,12Z)/19:0)[iso6]","ODVIBCXVHRRTPD-DSBSTBFVSA-N","[H][C@](COC(=O)CCCCCCCCCCCCCCCC)(COC(=O)CCCCCCCCCCCCCCCCCC)OC(=O)CCCCCCC\C=C/C\C=C/CCCCC","","TRUE",NA,NA,"No Match"
"2237","BMDB63512","TG(17:0/18:2(9Z,12Z)/20:4(5Z,8Z,11Z,14Z))[iso6]","BXAPIWIPIAIOFJ-PTMWDLBKSA-N","[H][C@](COC(=O)CCCCCCCCCCCCCCCC)(COC(=O)CCC\C=C/C\C=C/C\C=C/C\C=C/CCCCC)OC(=O)CCCCCCC\C=C/C\C=C/CCCCC","","TRUE",NA,NA,"No Match"
"2238","BMDB63513","TG(17:0/18:2(9Z,12Z)/20:5(5Z,8Z,11Z,14Z,17Z))[iso6]","ROGWRURLPSZEGG-ICVRNUHXSA-N","[H][C@](COC(=O)CCCCCCCCCCCCCCCC)(COC(=O)CCC\C=C/C\C=C/C\C=C/C\C=C/C\C=C/CC)OC(=O)CCCCCCC\C=C/C\C=C/CCCCC","","TRUE",NA,NA,"No Match"
"2239","BMDB63514","TG(17:0/18:3(6Z,9Z,12Z)/18:3(6Z,9Z,12Z))[iso3]","PGKDOVRUFMWBJF-JHJGUYMUSA-N","[H][C@](COC(=O)CCCCCCCCCCCCCCCC)(COC(=O)CCCC\C=C/C\C=C/C\C=C/CCCCC)OC(=O)CCCC\C=C/C\C=C/C\C=C/CCCCC","","TRUE",NA,NA,"No Match"
"2240","BMDB63515","TG(17:0/18:3(6Z,9Z,12Z)/18:3(9Z,12Z,15Z))[iso6]","CKBRAQLYLBQRIX-LQPAJEIWSA-N","[H][C@](COC(=O)CCCCCCCCCCCCCCCC)(COC(=O)CCCCCCC\C=C/C\C=C/C\C=C/CC)OC(=O)CCCC\C=C/C\C=C/C\C=C/CCCCC","","TRUE",NA,NA,"No Match"
"2241","BMDB63516","TG(17:0/18:3(6Z,9Z,12Z)/19:0)[iso6]","ZPZYLUILMNHVJP-DVWKUQODSA-N","[H][C@](COC(=O)CCCCCCCCCCCCCCCC)(COC(=O)CCCCCCCCCCCCCCCCCC)OC(=O)CCCC\C=C/C\C=C/C\C=C/CCCCC","","TRUE",NA,NA,"No Match"
"2242","BMDB63517","TG(17:0/18:3(6Z,9Z,12Z)/20:3(8Z,11Z,14Z))[iso6]","SQYGFAHCJUUPQR-RIISSYHOSA-N","[H][C@](COC(=O)CCCCCCCCCCCCCCCC)(COC(=O)CCCCCC\C=C/C\C=C/C\C=C/CCCCC)OC(=O)CCCC\C=C/C\C=C/C\C=C/CCCCC","","TRUE",NA,NA,"No Match"
"2243","BMDB63518","TG(17:0/18:3(6Z,9Z,12Z)/20:4(5Z,8Z,11Z,14Z))[iso6]","DLPMNSVMPLSBDG-VNFMTVPSSA-N","[H][C@](COC(=O)CCCCCCCCCCCCCCCC)(COC(=O)CCC\C=C/C\C=C/C\C=C/C\C=C/CCCCC)OC(=O)CCCC\C=C/C\C=C/C\C=C/CCCCC","","TRUE",NA,NA,"No Match"
"2244","BMDB63519","TG(17:0/18:3(6Z,9Z,12Z)/20:5(5Z,8Z,11Z,14Z,17Z))[iso6]","LSJAABCNVHPDCI-FBAVSNKQSA-N","[H][C@](COC(=O)CCCCCCCCCCCCCCCC)(COC(=O)CCC\C=C/C\C=C/C\C=C/C\C=C/C\C=C/CC)OC(=O)CCCC\C=C/C\C=C/C\C=C/CCCCC","","TRUE",NA,NA,"No Match"
"2245","BMDB63520","TG(17:0/18:3(9Z,12Z,15Z)/18:3(9Z,12Z,15Z))[iso3]","IYGOQYAYRRPIQZ-BSEZVYHISA-N","[H][C@](COC(=O)CCCCCCCCCCCCCCCC)(COC(=O)CCCCCCC\C=C/C\C=C/C\C=C/CC)OC(=O)CCCCCCC\C=C/C\C=C/C\C=C/CC","","TRUE",NA,NA,"No Match"
"2246","BMDB63521","TG(17:0/18:3(9Z,12Z,15Z)/19:0)[iso6]","MPTJQWHQNGQSMW-ZBQQGBJQSA-N","[H][C@](COC(=O)CCCCCCCCCCCCCCCC)(COC(=O)CCCCCCCCCCCCCCCCCC)OC(=O)CCCCCCC\C=C/C\C=C/C\C=C/CC","","TRUE",NA,NA,"No Match"
"2247","BMDB63522","TG(17:0/18:3(9Z,12Z,15Z)/20:3(8Z,11Z,14Z))[iso6]","LEMUJBJDTUDJMD-NJPMGGSISA-N","[H][C@](COC(=O)CCCCCCCCCCCCCCCC)(COC(=O)CCCCCC\C=C/C\C=C/C\C=C/CCCCC)OC(=O)CCCCCCC\C=C/C\C=C/C\C=C/CC","","TRUE",NA,NA,"No Match"
"2248","BMDB63523","TG(17:0/18:3(9Z,12Z,15Z)/20:4(5Z,8Z,11Z,14Z))[iso6]","YRLWGWBRSRAFBX-XPQBRDJSSA-N","[H][C@](COC(=O)CCCCCCCCCCCCCCCC)(COC(=O)CCC\C=C/C\C=C/C\C=C/C\C=C/CCCCC)OC(=O)CCCCCCC\C=C/C\C=C/C\C=C/CC","","TRUE",NA,NA,"No Match"
"2249","BMDB63524","TG(17:0/18:3(9Z,12Z,15Z)/20:5(5Z,8Z,11Z,14Z,17Z))[iso6]","OWYKVBJUHHPYNY-ZFZYZFKWSA-N","[H][C@](COC(=O)CCCCCCCCCCCCCCCC)(COC(=O)CCC\C=C/C\C=C/C\C=C/C\C=C/C\C=C/CC)OC(=O)CCCCCCC\C=C/C\C=C/C\C=C/CC","","TRUE",NA,NA,"No Match"
"2250","BMDB63525","TG(17:0/18:4(6Z,9Z,12Z,15Z)/19:0)[iso6]","FPVCQWQOFRSFDA-DBLJNIQDSA-N","[H][C@](COC(=O)CCCCCCCCCCCCCCCC)(COC(=O)CCCCCCCCCCCCCCCCCC)OC(=O)CCCC\C=C/C\C=C/C\C=C/C\C=C/CC","","TRUE",NA,NA,"No Match"
"2251","BMDB63526","TG(17:0/18:4(6Z,9Z,12Z,15Z)/20:2(11Z,14Z))[iso6]","RUIGDQLAZOLYQB-BNQAUGHOSA-N","[H][C@](COC(=O)CCCCCCCCCCCCCCCC)(COC(=O)CCCCCCCCC\C=C/C\C=C/CCCCC)OC(=O)CCCC\C=C/C\C=C/C\C=C/C\C=C/CC","","TRUE",NA,NA,"No Match"
"2252","BMDB63527","TG(17:0/18:4(6Z,9Z,12Z,15Z)/20:3(8Z,11Z,14Z))[iso6]","HIKCIZUSEJHKHD-ZLHRZVMYSA-N","[H][C@](COC(=O)CCCCCCCCCCCCCCCC)(COC(=O)CCCCCC\C=C/C\C=C/C\C=C/CCCCC)OC(=O)CCCC\C=C/C\C=C/C\C=C/C\C=C/CC","","TRUE",NA,NA,"No Match"
"2253","BMDB63528","TG(17:0/18:4(6Z,9Z,12Z,15Z)/20:4(5Z,8Z,11Z,14Z))[iso6]","OOKGPTVMPAIFEM-KEBIZTTKSA-N","[H][C@](COC(=O)CCCCCCCCCCCCCCCC)(COC(=O)CCC\C=C/C\C=C/C\C=C/C\C=C/CCCCC)OC(=O)CCCC\C=C/C\C=C/C\C=C/C\C=C/CC","","TRUE",NA,NA,"No Match"
"2254","BMDB63529","TG(17:0/18:4(6Z,9Z,12Z,15Z)/20:5(5Z,8Z,11Z,14Z,17Z))[iso6]","JQODABMELXPSIL-BYMAKJALSA-N","[H][C@](COC(=O)CCCCCCCCCCCCCCCC)(COC(=O)CCC\C=C/C\C=C/C\C=C/C\C=C/C\C=C/CC)OC(=O)CCCC\C=C/C\C=C/C\C=C/C\C=C/CC","","TRUE",NA,NA,"No Match"
"2255","BMDB63530","TG(18:0/18:0/18:3(6Z,9Z,12Z))[iso3]","KQKXUUFGXDXTLP-QOHXHYQGSA-N","[H][C@](COC(=O)CCCCCCCCCCCCCCCCC)(COC(=O)CCCC\C=C/C\C=C/C\C=C/CCCCC)OC(=O)CCCCCCCCCCCCCCCCC","131755791","TRUE",NA,NA,"No Match"
"2256","BMDB63531","TG(18:0/18:0/18:3(9Z,12Z,15Z))[iso3]","UFGXGACWXCNPJD-DYJODZIASA-N","[H][C@](COC(=O)CCCCCCCCCCCCCCCCC)(COC(=O)CCCCCCC\C=C/C\C=C/C\C=C/CC)OC(=O)CCCCCCCCCCCCCCCCC","131755797","TRUE",NA,NA,"No Match"
"2257","BMDB63532","TG(18:0/18:0/18:4(6Z,9Z,12Z,15Z))[iso3]","QDQDETHJEUGTEX-DBKGETMJSA-N","[H][C@](COC(=O)CCCCCCCCCCCCCCCCC)(COC(=O)CCCC\C=C/C\C=C/C\C=C/C\C=C/CC)OC(=O)CCCCCCCCCCCCCCCCC","131755798","TRUE",NA,NA,"No Match"
"2258","BMDB63533","TG(18:0/18:1(9Z)/18:3(6Z,9Z,12Z))[iso6]","JOJVDNJANFYSHZ-BEWFDITGSA-N","[H][C@](COC(=O)CCCCCCCCCCCCCCCCC)(COC(=O)CCCC\C=C/C\C=C/C\C=C/CCCCC)OC(=O)CCCCCCC\C=C/CCCCCCCC","131755965","TRUE",NA,NA,"No Match"
"2259","BMDB63534","TG(18:0/18:1(9Z)/18:3(9Z,12Z,15Z))[iso6]","BRLGHZXETDWABO-FCTLATDHSA-N","[H][C@](COC(=O)CCCCCCCCCCCCCCCCC)(COC(=O)CCCCCCC\C=C/C\C=C/C\C=C/CC)OC(=O)CCCCCCC\C=C/CCCCCCCC","131755971","TRUE","DMD302501","DMD302501","Unique Match (by names only)"
"2260","BMDB63535","TG(18:0/18:1(9Z)/18:4(6Z,9Z,12Z,15Z))[iso6]","IXDYCTWELIBSSO-OULNBDFMSA-N","[H][C@](COC(=O)CCCCCCCCCCCCCCCCC)(COC(=O)CCCC\C=C/C\C=C/C\C=C/C\C=C/CC)OC(=O)CCCCCCC\C=C/CCCCCCCC","131755972","TRUE",NA,NA,"No Match"
"2261","BMDB63536","TG(18:0/18:1(9Z)/20:5(5Z,8Z,11Z,14Z,17Z))[iso6]","BLNSKVFNUJRUQY-NUJVEXSKSA-N","[H][C@](COC(=O)CCCCCCCCCCCCCCCCC)(COC(=O)CCC\C=C/C\C=C/C\C=C/C\C=C/C\C=C/CC)OC(=O)CCCCCCC\C=C/CCCCCCCC","131755974","TRUE",NA,NA,"No Match"
"2262","BMDB63537","TG(18:0/18:2(9Z,12Z)/18:3(6Z,9Z,12Z))[iso6]","FOOVNYMOCOZYCS-FEJMAITCSA-N","[H][C@](COC(=O)CCCCCCCCCCCCCCCCC)(COC(=O)CCCC\C=C/C\C=C/C\C=C/CCCCC)OC(=O)CCCCCCC\C=C/C\C=C/CCCCC","131756093","TRUE",NA,NA,"No Match"
"2263","BMDB63538","TG(18:0/18:2(9Z,12Z)/18:3(9Z,12Z,15Z))[iso6]","CFIAQJQGPHURGU-YRSSWLJYSA-N","[H][C@](COC(=O)CCCCCCCCCCCCCCCCC)(COC(=O)CCCCCCC\C=C/C\C=C/C\C=C/CC)OC(=O)CCCCCCC\C=C/C\C=C/CCCCC","131756099","TRUE",NA,NA,"No Match"
"2264","BMDB63539","TG(18:0/18:2(9Z,12Z)/18:4(6Z,9Z,12Z,15Z))[iso6]","DQBBVSOYDVFHHR-HWJVNGORSA-N","[H][C@](COC(=O)CCCCCCCCCCCCCCCCC)(COC(=O)CCCC\C=C/C\C=C/C\C=C/C\C=C/CC)OC(=O)CCCCCCC\C=C/C\C=C/CCCCC","131756100","TRUE","DMD302505","DMD302505","Unique Match (by names only)"
"2265","BMDB63540","TG(18:0/18:3(6Z,9Z,12Z)/18:3(6Z,9Z,12Z))[iso3]","YFSUXBREMFQRTA-SDAZPXIRSA-N","[H][C@](COC(=O)CCCCCCCCCCCCCCCCC)(COC(=O)CCCC\C=C/C\C=C/C\C=C/CCCCC)OC(=O)CCCC\C=C/C\C=C/C\C=C/CCCCC","131756118","TRUE","DMD302505","DMD302505","Unique Match (by names only)"
"2266","BMDB63541","TG(18:0/18:3(6Z,9Z,12Z)/18:3(9Z,12Z,15Z))[iso6]","NSVZZMLKVNWYJQ-BAIVTEKASA-N","[H][C@](COC(=O)CCCCCCCCCCCCCCCCC)(COC(=O)CCCCCCC\C=C/C\C=C/C\C=C/CC)OC(=O)CCCC\C=C/C\C=C/C\C=C/CCCCC","131756125","TRUE","DMD302505","DMD302505","Unique Match (by names only)"
"2267","BMDB63542","TG(18:0/18:3(6Z,9Z,12Z)/20:3(8Z,11Z,14Z))[iso6]","DTZRWGXUFSGPFR-PRRODSMOSA-N","[H][C@](COC(=O)CCCCCCCCCCCCCCCCC)(COC(=O)CCCCCC\C=C/C\C=C/C\C=C/CCCCC)OC(=O)CCCC\C=C/C\C=C/C\C=C/CCCCC","131756120","TRUE",NA,NA,"No Match"
"2268","BMDB63543","TG(18:0/18:3(9Z,12Z,15Z)/18:3(9Z,12Z,15Z))[iso3]","DKDIPDJHNARQPL-DWVOMCLWSA-N","[H][C@](COC(=O)CCCCCCCCCCCCCCCCC)(COC(=O)CCCCCCC\C=C/C\C=C/C\C=C/CC)OC(=O)CCCCCCC\C=C/C\C=C/C\C=C/CC","131756312","TRUE","DMD302505","DMD302505","Unique Match (by names only)"
"2269","BMDB63544","TG(18:0/18:3(9Z,12Z,15Z)/20:3(8Z,11Z,14Z))[iso6]","BLUDAFKQGMJGEC-FYTZIZRASA-N","[H][C@](COC(=O)CCCCCCCCCCCCCCCCC)(COC(=O)CCCCCC\C=C/C\C=C/C\C=C/CCCCC)OC(=O)CCCCCCC\C=C/C\C=C/C\C=C/CC","131756307","TRUE",NA,NA,"No Match"
"2270","BMDB63545","TG(18:0/18:4(6Z,9Z,12Z,15Z)/20:2(11Z,14Z))[iso6]","NXJJDBZGHIYKEZ-AHMPWZEQSA-N","[H][C@](COC(=O)CCCCCCCCCCCCCCCCC)(COC(=O)CCCCCCCCC\C=C/C\C=C/CCCCC)OC(=O)CCCC\C=C/C\C=C/C\C=C/C\C=C/CC","131756333","TRUE",NA,NA,"No Match"
"2271","BMDB63546","TG(18:1(9Z)/18:1(9Z)/18:3(6Z,9Z,12Z))[iso3]","GOEUQPTVSLNGLY-BFAXNOOESA-N","[H][C@](COC(=O)CCCCCCC\C=C/CCCCCCCC)(COC(=O)CCCC\C=C/C\C=C/C\C=C/CCCCC)OC(=O)CCCCCCC\C=C/CCCCCCCC","53480523","TRUE",NA,NA,"No Match"
"2272","BMDB63547","TG(18:1(9Z)/18:1(9Z)/18:4(6Z,9Z,12Z,15Z))[iso3]","LXSVMCLLFGNHGU-JTWCGTILSA-N","[H][C@](COC(=O)CCCCCCC\C=C/CCCCCCCC)(COC(=O)CCCC\C=C/C\C=C/C\C=C/C\C=C/CC)OC(=O)CCCCCCC\C=C/CCCCCCCC","131760683","TRUE","DMD302505","DMD302505","Unique Match (by names only)"
"2273","BMDB63548","TG(18:1(9Z)/18:2(9Z,12Z)/18:3(6Z,9Z,12Z))[iso6]","IXLZJCDOWKHYDW-BEZBGMBTSA-N","[H][C@](COC(=O)CCCCCCC\C=C/CCCCCCCC)(COC(=O)CCCC\C=C/C\C=C/C\C=C/CCCCC)OC(=O)CCCCCCC\C=C/C\C=C/CCCCC","131760766","TRUE","DMD302505","DMD302505","Unique Match (by names only)"
"2274","BMDB63549","TG(18:1(9Z)/18:2(9Z,12Z)/18:3(9Z,12Z,15Z))[iso6]","OTUIORVXGJUHBH-JBQDKWDBSA-N","[H][C@](COC(=O)CCCCCCC\C=C/CCCCCCCC)(COC(=O)CCCCCCC\C=C/C\C=C/C\C=C/CC)OC(=O)CCCCCCC\C=C/C\C=C/CCCCC","100921577","TRUE","DMD302505","DMD302505","Unique Match (by names only)"
"2275","BMDB63550","TG(18:1(9Z)/18:2(9Z,12Z)/20:3(8Z,11Z,14Z))[iso6]","QVHPQMFZIADWSB-XDTGSNFWSA-N","[H][C@](COC(=O)CCCCCCC\C=C/CCCCCCCC)(COC(=O)CCCCCC\C=C/C\C=C/C\C=C/CCCCC)OC(=O)CCCCCCC\C=C/C\C=C/CCCCC","131760768","TRUE",NA,NA,"No Match"
"2276","BMDB63551","TG(18:1(9Z)/18:3(6Z,9Z,12Z)/20:2(11Z,14Z))[iso6]","AQAMVFXGOIAPNB-XRTDIYHUSA-N","[H][C@@](COC(=O)CCCCCCCCC\C=C/C\C=C/CCCCC)(COC(=O)CCCCCCC\C=C/CCCCCCCC)OC(=O)CCCC\C=C/C\C=C/C\C=C/CCCCC","131760784","TRUE",NA,NA,"No Match"
"2277","BMDB63552","TG(18:1(9Z)/18:3(9Z,12Z,15Z)/20:2(11Z,14Z))[iso6]","XKXXQSRUTFKWEA-QPCPTRNPSA-N","[H][C@@](COC(=O)CCCCCCCCC\C=C/C\C=C/CCCCC)(COC(=O)CCCCCCC\C=C/CCCCCCCC)OC(=O)CCCCCCC\C=C/C\C=C/C\C=C/CC","131760922","TRUE",NA,NA,"No Match"
"2278","BMDB63553","TG(18:1(9Z)/18:4(6Z,9Z,12Z,15Z)/20:1(11Z))[iso6]","NEZJLYSHWRBTKF-OHTCJYEASA-N","[H][C@@](COC(=O)CCCCCCCCC\C=C/CCCCCCCC)(COC(=O)CCCCCCC\C=C/CCCCCCCC)OC(=O)CCCC\C=C/C\C=C/C\C=C/C\C=C/CC","131760935","TRUE",NA,NA,"No Match"
"2279","BMDB63554","TG(18:2(9Z,12Z)/18:3(6Z,9Z,12Z)/20:1(11Z))[iso6]","PYHHMOTVUBGCGU-WKODOCSZSA-N","[H][C@@](COC(=O)CCCCCCCCC\C=C/CCCCCCCC)(COC(=O)CCCCCCC\C=C/C\C=C/CCCCC)OC(=O)CCCC\C=C/C\C=C/C\C=C/CCCCC","","TRUE",NA,NA,"No Match"
"2280","BMDB63555","TG(18:2(9Z,12Z)/18:3(9Z,12Z,15Z)/20:1(11Z))[iso6]","OPAZFAIACILRAX-SMAKBUGMSA-N","[H][C@@](COC(=O)CCCCCCCCC\C=C/CCCCCCCC)(COC(=O)CCCCCCC\C=C/C\C=C/CCCCC)OC(=O)CCCCCCC\C=C/C\C=C/C\C=C/CC","","TRUE",NA,NA,"No Match"
"2281","BMDB63556","TG(18:2(9Z,12Z)/18:4(6Z,9Z,12Z,15Z)/19:0)[iso6]","IWSIQFSLWTWZBM-UOBNKIAUSA-N","[H][C@@](COC(=O)CCCCCCCCCCCCCCCCCC)(COC(=O)CCCCCCC\C=C/C\C=C/CCCCC)OC(=O)CCCC\C=C/C\C=C/C\C=C/C\C=C/CC","","TRUE",NA,NA,"No Match"
"2282","BMDB63557","TG(18:2(9Z,12Z)/18:4(6Z,9Z,12Z,15Z)/20:0)[iso6]","OUDDBCROTIJNID-WZJWWGNTSA-N","[H][C@@](COC(=O)CCCCCCCCCCCCCCCCCCC)(COC(=O)CCCCCCC\C=C/C\C=C/CCCCC)OC(=O)CCCC\C=C/C\C=C/C\C=C/C\C=C/CC","","TRUE",NA,NA,"No Match"
"2283","BMDB63558","TG(18:3(6Z,9Z,12Z)/18:3(6Z,9Z,12Z)/19:0)[iso3]","SHFNNWWHRVJQLJ-VDBDLQHSSA-N","[H][C@@](COC(=O)CCCCCCCCCCCCCCCCCC)(COC(=O)CCCC\C=C/C\C=C/C\C=C/CCCCC)OC(=O)CCCC\C=C/C\C=C/C\C=C/CCCCC","","TRUE",NA,NA,"No Match"
"2284","BMDB63559","TG(18:3(6Z,9Z,12Z)/18:3(6Z,9Z,12Z)/20:0)[iso3]","WTJCHFNBXDEBKO-YYRPUYCZSA-N","[H][C@@](COC(=O)CCCCCCCCCCCCCCCCCCC)(COC(=O)CCCC\C=C/C\C=C/C\C=C/CCCCC)OC(=O)CCCC\C=C/C\C=C/C\C=C/CCCCC","","TRUE",NA,NA,"No Match"
"2285","BMDB63560","TG(18:3(6Z,9Z,12Z)/18:3(9Z,12Z,15Z)/19:0)[iso6]","NUGPJMHUHWYFBO-UEERRUJVSA-N","[H][C@@](COC(=O)CCCCCCCCCCCCCCCCCC)(COC(=O)CCCC\C=C/C\C=C/C\C=C/CCCCC)OC(=O)CCCCCCC\C=C/C\C=C/C\C=C/CC","","TRUE",NA,NA,"No Match"
"2286","BMDB63561","TG(18:3(6Z,9Z,12Z)/18:3(9Z,12Z,15Z)/20:0)[iso6]","FTCKBISNHQAXOS-RQZKWGGQSA-N","[H][C@@](COC(=O)CCCCCCCCCCCCCCCCCCC)(COC(=O)CCCC\C=C/C\C=C/C\C=C/CCCCC)OC(=O)CCCCCCC\C=C/C\C=C/C\C=C/CC","","TRUE",NA,NA,"No Match"
"2287","BMDB63562","TG(18:3(6Z,9Z,12Z)/18:4(6Z,9Z,12Z,15Z)/19:0)[iso6]","NIQMENRTBFBVFB-KLZNNFKOSA-N","[H][C@@](COC(=O)CCCCCCCCCCCCCCCCCC)(COC(=O)CCCC\C=C/C\C=C/C\C=C/CCCCC)OC(=O)CCCC\C=C/C\C=C/C\C=C/C\C=C/CC","","TRUE",NA,NA,"No Match"
"2288","BMDB63563","TG(18:3(9Z,12Z,15Z)/18:3(9Z,12Z,15Z)/19:0)[iso3]","KBAPIIQCFAUULH-XXSZJBMPSA-N","[H][C@@](COC(=O)CCCCCCCCCCCCCCCCCC)(COC(=O)CCCCCCC\C=C/C\C=C/C\C=C/CC)OC(=O)CCCCCCC\C=C/C\C=C/C\C=C/CC","","TRUE",NA,NA,"No Match"
"2289","BMDB63564","TG(18:3(9Z,12Z,15Z)/18:3(9Z,12Z,15Z)/20:0)[iso3]","JAWLPRKTMXIDRD-MMNVLISFSA-N","[H][C@@](COC(=O)CCCCCCCCCCCCCCCCCCC)(COC(=O)CCCCCCC\C=C/C\C=C/C\C=C/CC)OC(=O)CCCCCCC\C=C/C\C=C/C\C=C/CC","","TRUE",NA,NA,"No Match"
"2290","BMDB63565","TG(18:3(9Z,12Z,15Z)/18:4(6Z,9Z,12Z,15Z)/19:0)[iso6]","OOGDYJZDYDFBBH-MOFHKOJPSA-N","[H][C@@](COC(=O)CCCCCCCCCCCCCCCCCC)(COC(=O)CCCCCCC\C=C/C\C=C/C\C=C/CC)OC(=O)CCCC\C=C/C\C=C/C\C=C/C\C=C/CC","","TRUE",NA,NA,"No Match"
"2291","BMDB63566","TG(18:4(6Z,9Z,12Z,15Z)/18:4(6Z,9Z,12Z,15Z)/19:0)[iso3]","PDSFPTSIGNJEQL-HHBJAZNTSA-N","[H][C@@](COC(=O)CCCCCCCCCCCCCCCCCC)(COC(=O)CCCC\C=C/C\C=C/C\C=C/C\C=C/CC)OC(=O)CCCC\C=C/C\C=C/C\C=C/C\C=C/CC","","TRUE",NA,NA,"No Match"
"2292","BMDB63567","SM(d18:0/18:2(9Z,12Z))","LOHIJJRFCAEEGY-VVMYNMSXSA-N","CCCCCCCCCCCCCCCC(O)[C@H](COP([O-])(=O)OCC[N+](C)(C)C)NC(=O)CCCCCCC\C=C/C\C=C/CCCCC","","TRUE",NA,NA,"No Match"
"2293","BMDB63568","SM(d19:0/24:1(15Z))","LXMARZYBSFYVSY-COIKPJQISA-N","CCCCCCCCCCCCCCCCC(O)[C@H](COP([O-])(=O)OCC[N+](C)(C)C)NC(=O)CCCCCCCCCCCCC\C=C/CCCCCCCC","","TRUE",NA,NA,"No Match"
"2294","BMDB63569","SM(d18:0/24:1(15Z))","XZBDYCJQWJNNJB-JQQHYHDESA-N","CCCCCCCCCCCCCCCC(O)[C@H](COP([O-])(=O)OCC[N+](C)(C)C)NC(=O)CCCCCCCCCCCCC\C=C/CCCCCCCC","","TRUE",NA,NA,"No Match"
"2295","BMDB63570","SM(d20:0/24:1(15Z))","JWKOQODXKXAOQW-KBYGLLGRSA-N","CCCCCCCCCCCCCCCCCC(O)[C@H](COP([O-])(=O)OCC[N+](C)(C)C)NC(=O)CCCCCCCCCCCCC\C=C/CCCCCCCC","","TRUE",NA,NA,"No Match"
"2296","BMDB63571","10Z-Pentadecenoic acid","APXSAEQXOXTDAM-WAYWQWQTSA-N","CCCC\C=C/CCCCCCCCC(O)=O","5312411","FALSE",NA,NA,"No Match"
"2297","BMDB63572","6E-Octadecenoic acid","CNVZJPUDSLNTQU-OUKQBFOZSA-N","CCCCCCCCCCC\C=C\CCCCC(O)=O","5282754","FALSE",NA,NA,"No Match"
"2298","BMDB63573","7E-Octadecenoic acid","RVUCYJXFCAVHNC-VAWYXSNFSA-N","CCCCCCCCCC\C=C\CCCCCC(O)=O","5282756","FALSE",NA,NA,"No Match"
"2299","BMDB63574","trans-8-Elaidic acid","WRIDQFICGBMAFQ-ZHACJKMWSA-N","CCCCCCCCC\C=C\CCCCCCC(O)=O","5282758","FALSE",NA,NA,"No Match"
"2300","BMDB63575","9E-Octadecenoic acid","ZQPPMHVWECSIRJ-MDZDMXLPSA-N","CCCCCCCC\C=C\CCCCCCCC(O)=O","637517","FALSE","DMD302266;DMD302653","DMD302653","Unique Match (by names and pubchem)"
"2301","BMDB63576","10E-Octadecenoic acid","QXJSBBXBKPUZAA-CMDGGOBGSA-N","CCCCCCC\C=C\CCCCCCCCC(O)=O","5282760","FALSE",NA,NA,"No Match"
"2302","BMDB63577","trans-12-Elaidic acid","OXEDXHIBHVMDST-VOTSOKGWSA-N","CCCCC\C=C\CCCCCCCCCCC(O)=O","5282762","FALSE",NA,NA,"No Match"
"2303","BMDB63578","5Z,13Z-Docosadienoic acid","ILJOFPXBYTXXCP-PWTUJKELSA-N","CCCCCCCC\C=C/CCCCC\C=C/CCCCC(O)=O","","FALSE",NA,NA,"No Match"
"2304","BMDB63579","4Z,7Z,10Z,13Z,16Z,19Z-Docosahexaenoic acid","MBMBGCFOFBJSGT-KUBAVDMBSA-N","CC\C=C/C\C=C/C\C=C/C\C=C/C\C=C/C\C=C/CCC(O)=O","445580","FALSE","DMD302287","DMD302287","Unique Match (by names and pubchem)"
"2305","BMDB63580","SM(d16:0/17:1(10Z))","QOSMOMBZMDUVOZ-NBIQTFKDSA-N","CCCCCCCCCCCCCC(O)[C@H](COP([O-])(=O)OCC[N+](C)(C)C)NC(=O)CCCCCCCC\C=C/CCCCCC","","TRUE",NA,NA,"No Match"
"2306","BMDB63581","SM(d16:0/18:1(11E))","WDAUKOGYPMQBKW-HSGLGRKRSA-N","CCCCCCCCCCCCCC(O)[C@H](COP([O-])(=O)OCC[N+](C)(C)C)NC(=O)CCCCCCCCC\C=C/CCCCCC","","TRUE",NA,NA,"No Match"
"2307","BMDB63582","SM(d16:0/18:2(9Z,11E))","WQYTWRYAMVCKRS-SBVGDHRDSA-N","CCCCCCCCCCCCCC(O)[C@H](COP([O-])(=O)OCC[N+](C)(C)C)NC(=O)CCCCCCC\C=C/C=C\CCCCCC","","TRUE",NA,NA,"No Match"
"2308","BMDB63583","SM(d17:0/18:1(11E))","SAJYVTZMFRSMRT-BZDMLBKISA-N","CCCCCCCCCCCCCCC(O)[C@H](COP([O-])(=O)OCC[N+](C)(C)C)NC(=O)CCCCCCCCC\C=C/CCCCCC","","TRUE",NA,NA,"No Match"
"2309","BMDB63584","SM(d16:0/20:1(11Z))","BKNKZCNLFUCVAK-KDQAINTMSA-N","CCCCCCCCCCCCCC(O)[C@H](COP([O-])(=O)OCC[N+](C)(C)C)NC(=O)CCCCCCCCC\C=C/CCCCCCCC","","TRUE",NA,NA,"No Match"
"2310","BMDB63585","SM(d18:0/18:2(9E,12E))","LOHIJJRFCAEEGY-VVMYNMSXSA-N","CCCCCCCCCCCCCCCC(O)[C@H](COP([O-])(=O)OCC[N+](C)(C)C)NC(=O)CCCCCCC\C=C/C\C=C/CCCCC","","TRUE",NA,NA,"No Match"
"2311","BMDB63586","SM(d18:0/20:1(11Z))","ACLFOVVHBPFNAN-SPTSQDNOSA-N","CCCCCCCCCCCCCCCC(O)[C@H](COP([O-])(=O)OCC[N+](C)(C)C)NC(=O)CCCCCCCCC\C=C/CCCCCCCC","","TRUE",NA,NA,"No Match"
"2312","BMDB63588","SM(d17:0/22:1(13Z))","LCZQLDVNZNVGEB-RJGKOGLASA-N","CCCCCCCCCCCCCCC(O)[C@H](COP([O-])(=O)OCC[N+](C)(C)C)NC(=O)CCCCCCCCCCC\C=C/CCCCCCCC","","TRUE",NA,NA,"No Match"
"2313","BMDB63589","SM(d20:0/20:1(13Z))","ORTROJBLSFPVKY-SOORQTKRSA-N","CCCCCCCCCCCCCCCCCC(O)[C@H](COP([O-])(=O)OCC[N+](C)(C)C)NC(=O)CCCCCCCCCCC\C=C/CCCCCC","","TRUE",NA,NA,"No Match"
"2314","BMDB63590","SM(d18:0/22:2(6Z,13Z))","UYMOGCCYOHQJRV-FZGDRLFLSA-N","CCCCCCCCCCCCCCCC(O)[C@H](COP([O-])(=O)OCC[N+](C)(C)C)NC(=O)CCCC\C=C/CCCCC\C=C/CCCCCCCC","","TRUE",NA,NA,"No Match"
"2315","BMDB63591","SM(d17:0/24:1(15Z))","JFXLTWUGQPEOST-XXPMHQFPSA-N","CCCCCCCCCCCCCCC(O)[C@H](COP([O-])(=O)OCC[N+](C)(C)C)NC(=O)CCCCCCCCCCCCC\C=C/CCCCCCCC","","TRUE",NA,NA,"No Match"
"2316","BMDB63592","SM(d19:0/22:2(6Z,13Z))","ZJBDWVUXTXBWRQ-RGYUUGGPSA-N","CCCCCCCCCCCCCCCCC(O)[C@H](COP([O-])(=O)OCC[N+](C)(C)C)NC(=O)CCCC\C=C/CCCCC\C=C/CCCCCCCC","","TRUE",NA,NA,"No Match"
"2317","BMDB63593","SM(d20:0/22:1(13Z))","DSJNRKAJUHAPSG-KPDYEXDUSA-N","CCCCCCCCCCCCCCCCCC(O)[C@H](COP([O-])(=O)OCC[N+](C)(C)C)NC(=O)CCCCCCCCCCC\C=C/CCCCCCCC","","TRUE",NA,NA,"No Match"
"2318","BMDB63594","SM(d20:0/22:2(6Z,13Z))","SOZUURQUAGHPJR-PMQUDSPUSA-N","CCCCCCCCCCCCCCCCCC(O)[C@H](COP([O-])(=O)OCC[N+](C)(C)C)NC(=O)CCCC\C=C/CCCCC\C=C/CCCCCCCC","","TRUE",NA,NA,"No Match"
"2319","BMDB63595","SM(d21:0/22:1(13Z))","KTEAUTJWGSEPJT-COIKPJQISA-N","CCCCCCCCCCCCCCCCCCC(O)[C@H](COP([O-])(=O)OCC[N+](C)(C)C)NC(=O)CCCCCCCCCCC\C=C/CCCCCCCC",NA,"TRUE",NA,NA,"No Match"
"2320","BMDB63596","SM(d22:0/22:1(13Z))","NCTRKBJQASRARJ-KBYGLLGRSA-N","CCCCCCCCCCCCCCCCCCCC(O)[C@H](COP([O-])(=O)OCC[N+](C)(C)C)NC(=O)CCCCCCCCCCC\C=C/CCCCCCCC",NA,"TRUE",NA,NA,"No Match"
"2321","BMDB63598","DG(O-16:0/20:4(8E,11E,14E,17E)/0:0)","ZOQPRIBCWWPWEH-SCBZKDMTSA-N","[H][C@@](CO)(COCCCCCCCCCCCCCCCC)OC(=O)CCCCCC\C=C/C\C=C/C\C=C/C\C=C/CC","","TRUE",NA,NA,"No Match"
"2322","BMDB63599","DG(24:0/20:3(8Z,11Z,14Z)","VOJMKRSTEQMACO-SNGWNOJZSA-N","[H][C@](CO)(COC(=O)CCCCCCCCCCCCCCCCCCCCCCC)OC(=O)CCCCCC\C=C/C\C=C/C\C=C/CCCCC","53478557","TRUE",NA,NA,"No Match"
"2323","BMDB63600","gallic acid","LNTHITQWFMADLM-UHFFFAOYSA-N","OC(=O)C1=CC(O)=C(O)C(O)=C1","370","TRUE",NA,NA,"No Match"
"2324","BMDB63601","Aldrin","QBYJBZPUGVGKQQ-SJJAEHHWSA-N","[H][C@]12C[C@]([H])(C=C1)[C@]1([H])[C@@]2([H])[C@]2(Cl)C(Cl)=C(Cl)[C@@]1(Cl)C2(Cl)Cl","12310947","TRUE",NA,NA,"No Match"
"2325","BMDB63602","alpha-Hexachlorocyclohexane(HCH)","JLYXXMFPNIAWKQ-LKPKBOIGSA-N","[H][C@]1(Cl)[C@@]([H])(Cl)[C@]([H])(Cl)[C@]([H])(Cl)[C@@]([H])(Cl)[C@]1([H])Cl","","TRUE",NA,NA,"No Match"
"2326","BMDB63604","atrazine ","MXWJVTOOROXGIU-UHFFFAOYSA-N","CCN=C1NC(NC(Cl)=N1)=NC(C)C","2256","TRUE",NA,NA,"No Match"
"2327","BMDB63605","beta-Hexachlorocyclohexane(HCH)","JLYXXMFPNIAWKQ-CDRYSYESSA-N","[H][C@]1(Cl)[C@]([H])(Cl)[C@@]([H])(Cl)[C@]([H])(Cl)[C@@]([H])(Cl)[C@]1([H])Cl","0","TRUE",NA,NA,"No Match"
"2328","BMDB63606","delta-Hexachlorocyclohexane","JLYXXMFPNIAWKQ-GPIVLXJGSA-N","[H][C@]1(Cl)[C@]([H])(Cl)[C@@]([H])(Cl)[C@]([H])(Cl)[C@]([H])(Cl)[C@]1([H])Cl","","TRUE",NA,NA,"No Match"
"2329","BMDB63609","gamma-Hexachlorocyclohexane(HCH)","JLYXXMFPNIAWKQ-GNIYUCBRSA-N","[H][C@]1(Cl)[C@]([H])(Cl)[C@@]([H])(Cl)[C@@]([H])(Cl)[C@]([H])(Cl)[C@@]1([H])Cl","","TRUE",NA,NA,"No Match"
"2330","BMDB63610","o,p′-DDD","JWBOIMRXGHLCPP-UHFFFAOYSA-N","ClC(Cl)C(C1=CC=C(Cl)C=C1)C1=CC=CC=C1Cl","4211","TRUE",NA,NA,"No Match"
"2331","BMDB63611","o,p′-DDE","ZDYJWDIWLRZXDB-UHFFFAOYSA-N","ClC(Cl)=C(C1=CC=C(Cl)C=C1)C1=CC=CC=C1Cl","246598","TRUE",NA,NA,"No Match"
"2332","BMDB63612","o,p′-DDT","CVUGPAFCQJIYDT-UHFFFAOYSA-N","ClC1=CC=C(C=C1)C(C1=CC=CC=C1Cl)C(Cl)(Cl)Cl","13089","TRUE",NA,NA,"No Match"
"2333","BMDB63613","Oxolinic Acid ","KYGZCKSPAKDVKC-UHFFFAOYSA-N","CCN1C=C(C(O)=O)C(=O)C2=CC3=C(OCO3)C=C12","4628","TRUE",NA,NA,"No Match"
"2334","BMDB63614","p,p′-DDD","AHJKRLASYNVKDZ-UHFFFAOYSA-N","ClC(Cl)C(C1=CC=C(Cl)C=C1)C1=CC=C(Cl)C=C1","6294","TRUE",NA,NA,"No Match"
"2335","BMDB63615","p,p′-DDE","UCNVFOCBFJOQAL-UHFFFAOYSA-N","ClC(Cl)=C(C1=CC=C(Cl)C=C1)C1=CC=C(Cl)C=C1","3035","TRUE",NA,NA,"No Match"
"2336","BMDB63616","p,p′-DDT","YVGGHNCTFXOJCH-UHFFFAOYSA-N","ClC1=CC=C(C=C1)C(C1=CC=C(Cl)C=C1)C(Cl)(Cl)Cl","3036","TRUE",NA,NA,"No Match"
"2337","BMDB63619","beta-endosulfan","RDYMFSUJUZBWLH-FYHLGZKHSA-N","[H][C@]12CO[S@](=O)OC[C@@]1([H])[C@]1(Cl)C(Cl)=C(Cl)[C@@]2(Cl)C1(Cl)Cl","","TRUE",NA,NA,"No Match"
"2338","BMDB63620","alpha-endosulfan","RDYMFSUJUZBWLH-AMHWMVONSA-N","[H][C@]12COS(=O)OC[C@@]1([H])[C@@]1(Cl)C(Cl)=C(Cl)[C@@]2(Cl)C1(Cl)Cl","12309464","TRUE",NA,NA,"No Match"
"2339","BMDB63621","Cer(d18:0/16:1(11Z))","CNOVLYHRDNYVLT-DRRKUCBYSA-N","CCCCCCCCCCCCCCCC(O)[C@H](CO)NC(=O)CCCCCCCCC\C=C/CCCC","","TRUE",NA,NA,"No Match"
"2340","BMDB63622","Cer(d18:0/20:1(11Z))","PULBITQLTXYVQX-VQNGLQQLSA-N","CCCCCCCCCCCCCCCC(O)[C@H](CO)NC(=O)CCCCCCCCC\C=C/CCCCCCCC","89054488","TRUE",NA,NA,"No Match"
"2341","BMDB63623","Cer(d17:0/24:1(15Z))","ILZGEVUWFUWJOI-FXBZXWIPSA-N","CCCCCCCCCCCCCCC(O)[C@H](CO)NC(=O)CCCCCCCCCCCCC\C=C/CCCCCCCC","","TRUE",NA,NA,"No Match"
"2342","BMDB63624","Cer(d20:0/22:2(6Z,13Z))","ABZIJOKCYYZWFJ-QWKKJKGWSA-N","CCCCCCCCCCCCCCCCCC(O)[C@H](CO)NC(=O)CCCC\C=C/CCCCC\C=C/CCCCCCCC","","TRUE",NA,NA,"No Match"
"2343","BMDB63625","3-Cresotinic acid","WHSXTWFYRGOBGO-UHFFFAOYSA-N","CC1=C(O)C(=CC=C1)C(O)=O","6738","FALSE",NA,NA,"No Match"
"2344","BMDB63626","Glycyl-Isoleucine","KGVHCTWYMPWEGN-UHFFFAOYSA-N","CCC(C)C(N=C(O)CN)C(O)=O","259613","FALSE",NA,NA,"No Match"
"2345","BMDB63627","Histidinyl-Alanine","FRJIAZKQGSCKPQ-UHFFFAOYSA-N","CC(N=C(O)C(N)CC1=CN=CN1)C(O)=O","351667","FALSE",NA,NA,"No Match"
"2346","BMDB63628","Phenyl-Leucine","GUKOKXKMWGOHJJ-NSHDSACASA-N","[H][C@@](CC(C)C)(NC1=CC=CC=C1)C(O)=O","16071693","FALSE",NA,NA,"No Match"
"2347","BMDB63629","Tyrosyl-Glycine","HPYDSVWYXXKHRD-UHFFFAOYSA-N","NC(CC1=CC=C(O)C=C1)C(O)=NCC(O)=O","259323","FALSE",NA,NA,"No Match"
"2348","BMDB63630","PC(24:0/22:2(6Z,13Z))","QYVKBNMHUYGIRK-IHXGGWPCSA-N","[H][C@@](COC(=O)CCCCCCCCCCCCCCCCCCCCCCC)(COP([O-])(=O)OCC[N+](C)(C)C)OC(=O)CCCC\C=C/CCCCC\C=C/CCCCCCCC","","TRUE",NA,NA,"No Match"
"2349","BMDB63631","PC(O-22:0/22:5(7Z,10Z,13Z,16Z,19Z))","VNNPAAOAYXMMKU-JCWXPRBNSA-N","[H][C@@](COCCCCCCCCCCCCCCCCCCCCCC)(COP([O-])(=O)OCC[N+](C)(C)C)OC(=O)CCCCC\C=C/C\C=C/C\C=C/C\C=C/C\C=C/CC","","TRUE",NA,NA,"No Match"
"2350","BMDB63632","Cyanazine","MZZBPDKVEFVLFF-UHFFFAOYSA-N","CCN=C1NC(NC(C)(C)C#N)=NC(Cl)=N1","30773","TRUE",NA,NA,"No Match"
"2351","BMDB63633","Prometryn","AAEVYOVXGOFMJO-UHFFFAOYSA-N","CSC1=NC(NC(N1)=NC(C)C)=NC(C)C","4929","TRUE",NA,NA,"No Match"
"2352","BMDB63634","Simazine","ODCWYMIRDDJXKW-UHFFFAOYSA-N","CCN=C1NC(Cl)=NC(N1)=NCC","5216","TRUE",NA,NA,"No Match"
"2353","BMDB63635","Terbutryn","IROINLKCQGIITA-UHFFFAOYSA-N","CCN=C1N=C(NC(C)(C)C)NC(SC)=N1","13450","TRUE",NA,NA,"No Match"
"2354","BMDB63636","Penicillin G","JGSARLDLIJGVTE-MBNYWOFBSA-N","[H][C@]12SC(C)(C)[C@@H](N1C(=O)[C@H]2NC(=O)CC1=CC=CC=C1)C(O)=O","5904","TRUE","DMD305317","DMD305317","Unique Match (by names and pubchem)"
"2355","BMDB63637","Amoxicillin","LSQZJLSUYDQPKJ-NJBDSQKTSA-N","[H][C@]12SC(C)(C)[C@@H](N1C(=O)[C@H]2NC(=O)[C@H](N)C1=CC=C(O)C=C1)C(O)=O","33613","TRUE",NA,NA,"No Match"
"2356","BMDB63638","Lincomycin","OJMMVQQUTAEWLP-ISVUEQNNSA-N","[H][C@@]1(O[C@]([H])([C@H](NC(=O)C2C[C@@H](CCC)CN2C)[C@@H](C)O)[C@H](O)[C@H](O)[C@H]1O)SC","656509","TRUE",NA,NA,"No Match"
"2357","BMDB63639","Tylosin","WBPYTXDJUQJLPQ-LLMNDNAOSA-N","CCC1OC(=O)CC(O)C(C)C(OC2OC(C)C(OC3CC(C)(O)C(O)C(C)O3)C(C2O)N(C)C)C(CC=O)CC(C)C(=O)\C=C\C(\C)=C\C1COC1OC(C)C(O)C(OC)C1OC","6260974","TRUE",NA,NA,"No Match"
"2358","BMDB63640","Tetracycline","OFVLGDICTFRJMM-WESIUVDSSA-N","[H][C@@]12C[C@@]3([H])C(=C(O)[C@]1(O)C(=O)C(C(N)=O)=C(O)[C@H]2N(C)C)C(=O)C1=C(O)C=CC=C1[C@@]3(C)O","","TRUE",NA,NA,"No Match"
